0.000000000000000000e+00 0.000000000000000000e+00 0.000000000000000000e+00 0.000000000000000000e+00 0.000000000000000000e+00
1.000000000000000000e+00 0.000000000000000000e+00 0.000000000000000000e+00 0.000000000000000000e+00 0.000000000000000000e+00
2.000000000000000000e+00 9.524744893926173290e+02 3.115158173924349738e-02 1.415078216796822081e-06 2.596374516098059360e+00
3.000000000000000000e+00 9.057114278539268071e+02 4.363132259210039665e-02 2.830587892681988333e-06 2.997754159354746317e+00
4.000000000000000000e+00 8.589887878925460427e+02 4.163744662687821757e-02 4.718601631765108457e-06 2.892944450550528401e+00
5.000000000000000000e+00 8.234742697436164462e+02 3.079929240629343187e-02 7.079684566903750568e-06 2.535272481980805459e+00
6.000000000000000000e+00 7.988504430710156612e+02 1.884447303702544915e-02 9.914534422418869056e-06 2.098253010815276376e+00
7.000000000000000000e+00 7.830539381204590654e+02 1.038523879788208135e-02 1.322397581718597009e-05 1.683273729619959136e+00
8.000000000000000000e+00 7.735134968984549459e+02 6.108670681521725411e-03 1.700895357639529954e-05 1.341078722151837654e+00
9.000000000000000000e+00 7.689479248964501039e+02 4.514428246096091439e-03 2.127052504954890405e-05 1.088710514183739209e+00
1.000000000000000000e+01 7.680523029967520188e+02 3.919252009194871232e-03 2.600985149283098464e-05 9.275203458126375367e-01
1.100000000000000000e+01 7.695825201807641633e+02 3.445098790028280813e-03 3.122818874773377809e-05 8.469037224441682277e-01
1.200000000000000000e+01 7.742594068041870514e+02 2.979944688249287852e-03 3.692687703593280885e-05 8.316166175239939617e-01
1.300000000000000000e+01 7.800715583942887861e+02 2.688436832707650440e-03 4.310733019372517828e-05 8.578020452649252059e-01
1.400000000000000000e+01 7.869818653922118301e+02 2.657261394988609700e-03 4.977102429727728593e-05 9.040741055187108133e-01
1.500000000000000000e+01 7.939967155819213076e+02 2.821607291128429371e-03 5.691948588114825128e-05 9.610485286067441679e-01
1.600000000000000000e+01 8.028055500553374486e+02 3.067882908981374186e-03 6.455427974357455631e-05 1.024263571070297862e+00
1.700000000000000000e+01 8.132582227133179913e+02 3.384224111174792375e-03 7.267699654746999913e-05 1.087752609060669506e+00
1.800000000000000000e+01 8.242382763333814637e+02 3.794097358532470821e-03 8.128924029646873164e-05 1.148327538127480452e+00
1.900000000000000000e+01 8.365106647075782575e+02 4.354321063022519034e-03 9.039261561359884616e-05 1.209465649780731678e+00
2.000000000000000000e+01 8.484671996933888067e+02 5.098061584391825815e-03 9.998871543054982326e-05 1.267218106768436714e+00
2.100000000000000000e+01 8.608161642783057914e+02 6.010959548946872948e-03 1.100791084985109307e-04 1.328183615036797383e+00
2.200000000000000000e+01 8.735964167273909879e+02 7.084210277217736253e-03 1.206653275028942947e-04 1.394606641556701332e+00
2.300000000000000000e+01 8.864210805151100203e+02 8.306468674058186882e-03 1.317488572683154168e-04 1.464292725934562833e+00
2.400000000000000000e+01 8.996064346244402259e+02 9.675062789584595521e-03 1.433311236356579592e-04 1.534244699259903699e+00
2.500000000000000000e+01 9.132826447112443020e+02 1.119364475610457738e-02 1.554134832344967673e-04 1.598236454692291808e+00
2.600000000000000000e+01 9.269581639345175290e+02 1.287047855370272720e-02 1.679972133185232436e-04 1.660772022971649831e+00
2.700000000000000000e+01 9.410497549547742437e+02 1.470131961319123999e-02 1.810835027509200923e-04 1.719548185636472271e+00
2.800000000000000000e+01 9.553980704469475995e+02 1.666691918251006488e-02 1.946734436873785831e-04 1.766607839942695213e+00
2.900000000000000000e+01 9.699366279654906293e+02 1.879924375055736993e-02 2.087680245799374413e-04 1.807423546119477420e+00
3.000000000000000000e+01 9.848685320392154381e+02 2.113397876144580342e-02 2.233681235136210906e-04 1.836127309072467906e+00
3.100000000000000000e+01 9.995772792554431589e+02 2.366133410845250654e-02 2.384745028414733149e-04 1.862045575514835960e+00
3.200000000000000000e+01 1.014855591945659967e+03 2.639387329397680643e-02 2.540878053207370254e-04 1.878831065480350615e+00
3.300000000000000000e+01 1.030175218579556486e+03 2.931161561830392115e-02 2.702085509021784479e-04 1.886633160730005754e+00
3.400000000000000000e+01 1.045520784022942735e+03 3.246027230290469967e-02 2.868371346256528751e-04 1.888974410507121782e+00
3.500000000000000000e+01 1.061486044105369501e+03 3.584362025287778086e-02 3.039738256872414235e-04 1.879399537853072566e+00
3.600000000000000000e+01 1.077179844357792945e+03 3.947635415630115774e-02 3.216187677488037910e-04 1.869747909416477283e+00
3.700000000000000000e+01 1.093118019061613722e+03 4.334950407665434657e-02 3.397719808520888911e-04 1.851085185326594607e+00
3.800000000000000000e+01 1.109396721783866951e+03 4.742474558500048981e-02 3.584333634864416990e-04 1.821907245620859372e+00
3.900000000000000000e+01 1.125923448953910793e+03 5.171738038269903248e-02 3.776026968317981497e-04 1.781597970850272494e+00
4.000000000000000000e+01 1.142627245669914828e+03 5.625873480659251274e-02 3.972796488629032970e-04 1.728741868270143867e+00
4.100000000000000000e+01 1.159429994913456994e+03 6.107467432855829409e-02 4.174637812854302020e-04 1.662530780771878991e+00
4.200000000000000000e+01 1.176336353662369675e+03 6.616870254885673375e-02 4.381545547527968746e-04 1.584518939134654358e+00
4.300000000000000000e+01 1.193358673323092034e+03 7.153856506635014600e-02 4.593513376844407265e-04 1.496451922925689182e+00
4.400000000000000000e+01 1.210546447712280724e+03 7.717985273300888294e-02 4.810534152247708029e-04 1.398470822343404141e+00
4.500000000000000000e+01 1.227964027905780085e+03 8.308533310839484598e-02 5.032599971212031384e-04 1.290412199595824205e+00
4.600000000000000000e+01 1.245577638678711082e+03 8.924815486777701312e-02 5.259702292015896270e-04 1.172373384237616722e+00
4.700000000000000000e+01 1.263369557399975292e+03 9.567472949473156130e-02 5.491832026558615644e-04 1.043637584488041226e+00
4.800000000000000000e+01 1.281313075107020268e+03 1.023679125845847887e-01 5.728979666908710694e-04 9.032659327363854462e-01
4.900000000000000000e+01 1.299396339631178535e+03 1.093298164216463669e-01 5.971135389059069060e-04 7.503938784289160280e-01
5.000000000000000000e+01 1.317674353922398268e+03 1.165736953568794476e-01 6.218289174134148181e-04 5.842958142369787389e-01
5.100000000000000000e+01 1.336206113328882338e+03 1.241115200308584160e-01 6.470430942030686635e-04 4.045737122227553995e-01
5.200000000000000000e+01 1.354940301195710617e+03 1.319456705767081961e-01 6.727550653738826637e-04 2.119377127242194347e-01
5.300000000000000000e+01 1.373807307956138402e+03 1.400727864562706093e-01 6.989638445121967554e-04 7.165096053545360992e-03
5.400000000000000000e+01 1.392789521945235265e+03 1.484902496041520525e-01 7.256684747765775956e-04 -2.098259902960438184e-01
5.500000000000000000e+01 1.411884187523367245e+03 1.571969272936024620e-01 7.528680408855807984e-04 -4.394870043188230380e-01
5.600000000000000000e+01 1.431204391592585125e+03 1.661857247452718234e-01 7.805616807985297839e-04 -6.827876627487146077e-01
5.700000000000000000e+01 1.450851179079106942e+03 1.754524419601821150e-01 8.087485969466116920e-04 -9.402059421818743656e-01
5.800000000000000000e+01 1.470781444964984303e+03 1.849958309817122393e-01 8.374280672656250150e-04 -1.211417616689502763e+00
5.900000000000000000e+01 1.490907513003402073e+03 1.948153865060255063e-01 8.665994556627669735e-04 -1.495810958507938659e+00
6.000000000000000000e+01 1.511208560876706997e+03 2.049031747412522475e-01 8.962622208472220122e-04 -1.792358228872479087e+00
6.100000000000000000e+01 1.531691446575858208e+03 2.152523469991787508e-01 9.264159277632020781e-04 -2.100211573484052074e+00
6.200000000000000000e+01 1.552362327925277214e+03 2.258603953401641662e-01 9.570602528888649341e-04 -2.419599304235348303e+00
6.300000000000000000e+01 1.573240186212784238e+03 2.367266398630357149e-01 9.881949936119736964e-04 -2.751033617214581284e+00
6.400000000000000000e+01 1.594329144514464360e+03 2.478496578902441849e-01 1.019820074341782137e-03 -3.095019262415198202e+00
6.500000000000000000e+01 1.615655609400778758e+03 2.592302553621630978e-01 1.051935552667890338e-03 -3.452120400390664923e+00
6.600000000000000000e+01 1.637257735671244063e+03 2.708620969326938632e-01 1.084541623415343501e-03 -3.822840207026001025e+00
6.700000000000000000e+01 1.659116678886085083e+03 2.827370237176660694e-01 1.117638623491529464e-03 -4.206598561643494882e+00
6.800000000000000000e+01 1.681195629402889381e+03 2.948434498400430703e-01 1.151227033822568120e-03 -4.602538939863782375e+00
6.900000000000000000e+01 1.703450347611496909e+03 3.071720182770357743e-01 1.185307482471212965e-03 -5.009834520706791139e+00
7.000000000000000000e+01 1.725851448999981358e+03 3.197141152538844344e-01 1.219880744969289174e-03 -5.427851611895373019e+00
7.100000000000000000e+01 1.748376898785741105e+03 3.324638926579108200e-01 1.254947744552675770e-03 -5.856285031193886326e+00
7.200000000000000000e+01 1.771138062770981151e+03 3.454169068028865031e-01 1.290509551563416915e-03 -6.295972806480156336e+00
7.300000000000000000e+01 1.794246228226774747e+03 3.585677656218738685e-01 1.326567381620291858e-03 -6.747821486643229782e+00
7.400000000000000000e+01 1.817708684097206515e+03 3.719051350448108195e-01 1.363122593345410163e-03 -7.211667936185080841e+00
7.500000000000000000e+01 1.841525289624779816e+03 3.854169389128067058e-01 1.400176684361301507e-03 -7.687014743512496473e+00
7.600000000000000000e+01 1.865650671848734419e+03 3.990891661754560893e-01 1.437731289256365423e-03 -8.173299396629637670e+00
7.700000000000000000e+01 1.889962529797867091e+03 4.129119492088375587e-01 1.475788172532338906e-03 -8.669164138480246251e+00
7.800000000000000000e+01 1.914449325843515453e+03 4.268742284727728431e-01 1.514349224756813108e-03 -9.174278082314987870e+00
7.900000000000000000e+01 1.939158948187117403e+03 4.409656882856340943e-01 1.553416456660215890e-03 -9.688607481505151497e+00
8.000000000000000000e+01 1.964116999120851688e+03 4.551760140595439430e-01 1.592991992605426871e-03 -1.021226716414022739e+01
8.100000000000000000e+01 1.989350185703786337e+03 4.694945039896894490e-01 1.633078064656300760e-03 -1.074511474821629697e+01
8.200000000000000000e+01 2.014867351353988852e+03 4.839103896550730477e-01 1.673677005094668761e-03 -1.128672182004004654e+01
8.300000000000000000e+01 2.040641302755395600e+03 4.984110298861062494e-01 1.714791239893932858e-03 -1.183677417652687325e+01
8.400000000000000000e+01 2.066667131282485116e+03 5.129845277174632789e-01 1.756423281784584610e-03 -1.239466049467605302e+01
8.500000000000000000e+01 2.092932499729668052e+03 5.276182447859566471e-01 1.798575722545665834e-03 -1.296014088468449010e+01
8.600000000000000000e+01 2.119430339599335639e+03 5.423018044229871437e-01 1.841251226216843563e-03 -1.353257962984350726e+01
8.700000000000000000e+01 2.146130087551751785e+03 5.570219869326166195e-01 1.884452522957023824e-03 -1.411146617614235410e+01
8.800000000000000000e+01 2.173013877562405014e+03 5.717663487725208604e-01 1.928182401550307184e-03 -1.469626556336611145e+01
8.900000000000000000e+01 2.200093557289801083e+03 5.865224480946620300e-01 1.972443703416904958e-03 -1.528651713686769220e+01
9.000000000000000000e+01 2.227373546444401654e+03 6.012733877956815132e-01 2.017239316786568863e-03 -1.588190883267492204e+01
9.100000000000000000e+01 2.254864908591653602e+03 6.160061731440015231e-01 2.062572171308568823e-03 -1.648191077056431908e+01
9.200000000000000000e+01 2.282568139522916681e+03 6.307063283055814873e-01 2.108445233239441240e-03 -1.708631026712312817e+01
9.300000000000000000e+01 2.310497807445896342e+03 6.453595657546280506e-01 2.154861500891051395e-03 -1.769460254242790853e+01
9.400000000000000000e+01 2.338646196340322149e+03 6.599538284475026106e-01 2.201824001384726330e-03 -1.830657998072290482e+01
9.500000000000000000e+01 2.367027876145442860e+03 6.744740900279377893e-01 2.249335787158952913e-03 -1.892173786404311286e+01
9.600000000000000000e+01 2.395635132735490970e+03 6.889068118841078503e-01 2.297399934061319926e-03 -1.953964579137905844e+01
9.700000000000000000e+01 2.424467681388074197e+03 7.032377146881958474e-01 2.346019539715149278e-03 -2.015987339683588786e+01
9.800000000000000000e+01 2.453532666841558694e+03 7.174517784380595176e-01 2.395197722734752205e-03 -2.078199035130402805e+01
9.900000000000000000e+01 2.482807521590857959e+03 7.315354710009246419e-01 2.444937622729763914e-03 -2.140549208063579201e+01
1.000000000000000000e+02 2.512306821076135293e+03 7.454774909839674280e-01 2.495242400982759963e-03 -2.202987405083466044e+01
1.010000000000000000e+02 2.542022856906522975e+03 7.592635679215997691e-01 2.546115241695070044e-03 -2.265463176974854420e+01
1.020000000000000000e+02 2.571955350276105492e+03 7.728720052937915197e-01 2.597559354550049195e-03 -2.327948363927555420e+01
1.030000000000000000e+02 2.602089166917468901e+03 7.863033939524729510e-01 2.649577977531290904e-03 -2.390362812204043763e+01
1.040000000000000000e+02 2.632424030496514661e+03 7.995286136917204578e-01 2.702174380240805751e-03 -2.452670942862953751e+01
1.050000000000000000e+02 2.662952237545305252e+03 8.125408317173357098e-01 2.755351868204777236e-03 -2.514814896776928421e+01
1.060000000000000000e+02 2.693666085786092026e+03 8.253257892602022805e-01 2.809113787379506014e-03 -2.576729391502790634e+01
1.070000000000000000e+02 2.724557874095749867e+03 8.378766582866077339e-01 2.863463529759170678e-03 -2.638371434851465835e+01
1.080000000000000000e+02 2.755612474111179381e+03 8.501717564542690120e-01 2.918404538443930378e-03 -2.699683183304574996e+01
1.090000000000000000e+02 2.786837043577854729e+03 8.622042605153136252e-01 2.973940313752556925e-03 -2.760599370531051377e+01
1.100000000000000000e+02 2.818216456188488337e+03 8.739524929131952113e-01 3.030074419498686878e-03 -2.821077020952650116e+01
1.110000000000000000e+02 2.849742959600503582e+03 8.854096743119789226e-01 3.086810489420622680e-03 -2.881065500671530089e+01
1.120000000000000000e+02 2.881416009412559561e+03 8.965691842892803409e-01 3.144152233416964461e-03 -2.940490953428333398e+01
1.130000000000000000e+02 2.913227578338589410e+03 9.074095872170412358e-01 3.202103444056537615e-03 -2.999316435061315289e+01
1.140000000000000000e+02 2.945169639794557042e+03 9.179168781582410785e-01 3.260668003065314482e-03 -3.057475294340257932e+01
1.150000000000000000e+02 2.977234167815072851e+03 9.280919111937044885e-01 3.319849887146386885e-03 -3.114915743216296562e+01
1.160000000000000000e+02 3.009420565318557692e+03 9.379206859927294859e-01 3.379653173939500214e-03 -3.171586000265013539e+01
1.170000000000000000e+02 3.041720807321013126e+03 9.473817761305713958e-01 3.440082047454269369e-03 -3.227426862474532498e+01
1.180000000000000000e+02 3.074119440850723549e+03 9.564760424522406046e-01 3.501140802898929875e-03 -3.282379133728336029e+01
1.190000000000000000e+02 3.106615869915226085e+03 9.651894912794218850e-01 3.562833850984579304e-03 -3.336398481632024016e+01
1.200000000000000000e+02 3.139202070369346529e+03 9.735155594146518432e-01 3.625165721716123134e-03 -3.389425724231740844e+01
1.210000000000000000e+02 3.171870018187854839e+03 9.814402573901984672e-01 3.688141066883773075e-03 -3.441401686826760198e+01
1.220000000000000000e+02 3.204604261042246435e+03 9.889570261125396611e-01 3.751764662528344566e-03 -3.492282058774204501e+01
1.230000000000000000e+02 3.237404203284111190e+03 9.960593084524684837e-01 3.816041409534475393e-03 -3.542007680183937168e+01
1.240000000000000000e+02 3.270261820833520687e+03 1.002733120829851776e+00 3.880976334020187334e-03 -3.590519398706106813e+01
1.250000000000000000e+02 3.303161661125530372e+03 1.008979338195250763e+00 3.946574586269931476e-03 -3.637772926309445864e+01
1.260000000000000000e+02 3.336103128115587424e+03 1.014783980555141296e+00 4.012841438699354252e-03 -3.683716554298597856e+01
1.270000000000000000e+02 3.369070768842072539e+03 1.020147926294871388e+00 4.079782282446928372e-03 -3.728291153372108369e+01
1.280000000000000000e+02 3.402056558450079592e+03 1.025057198694802496e+00 4.147402623149595846e-03 -3.771452458720687417e+01
1.290000000000000000e+02 3.435059900174508130e+03 1.029512679244375173e+00 4.215708075178747211e-03 -3.813148785013175512e+01
1.300000000000000000e+02 3.468065340282890247e+03 1.033500394149709622e+00 4.284704354756072031e-03 -3.853321026422156592e+01
1.310000000000000000e+02 3.501057578956466386e+03 1.037021375023627456e+00 4.354397271985307842e-03 -3.891925514095224514e+01
1.320000000000000000e+02 3.534044217884896625e+03 1.040077244239929533e+00 4.424792721403314130e-03 -3.928913448325701552e+01
1.330000000000000000e+02 3.567003299312806575e+03 1.042654915973943330e+00 4.495896671619238616e-03 -3.964244038025248784e+01
1.340000000000000000e+02 3.599935150353374411e+03 1.044771018810827679e+00 4.567715153641647118e-03 -3.997861643245857266e+01
1.350000000000000000e+02 3.632825241286280743e+03 1.046405040481334092e+00 4.640254247679570336e-03 -4.029740345248377764e+01
1.360000000000000000e+02 3.665673899018888278e+03 1.047566182897249343e+00 4.713520069692673196e-03 -4.059817091305263403e+01
1.370000000000000000e+02 3.698466593756145812e+03 1.048248791929962564e+00 4.787518756126732562e-03 -4.088051121445527514e+01
1.380000000000000000e+02 3.731196224132546376e+03 1.048462070687133929e+00 4.862256448270061392e-03 -4.114409111685211684e+01
1.390000000000000000e+02 3.763848260602655500e+03 1.048200365984228943e+00 4.937739275118220757e-03 -4.138850317245945121e+01
1.400000000000000000e+02 3.796430458942365476e+03 1.047465453263522361e+00 5.013973336076662721e-03 -4.161334000812475864e+01
1.410000000000000000e+02 3.828920861905920901e+03 1.046273964809348866e+00 5.090964682656032303e-03 -4.181826860778593158e+01
1.420000000000000000e+02 3.861312369443961416e+03 1.044612819508467627e+00 5.168719299242396925e-03 -4.200280746080657934e+01
1.430000000000000000e+02 3.893605310476708382e+03 1.042491221159486336e+00 5.247243084206161534e-03 -4.216669797821982968e+01
1.440000000000000000e+02 3.925777729622379411e+03 1.039918373277489483e+00 5.326541829665034332e-03 -4.230953307383851580e+01
1.450000000000000000e+02 3.957829957433073105e+03 1.036888622245083713e+00 5.406621201668413215e-03 -4.243083144627491521e+01
1.460000000000000000e+02 3.989732612081346360e+03 1.033418598912453579e+00 5.487486719933161450e-03 -4.253040899486864390e+01
1.470000000000000000e+02 4.021478597953109329e+03 1.029517505042127468e+00 5.569143737671187512e-03 -4.260771026648122728e+01
1.480000000000000000e+02 4.053053392389476357e+03 1.025187113151937002e+00 5.651597421517483635e-03 -4.266247700524167641e+01
1.490000000000000000e+02 4.084442474180400495e+03 1.020436623056154568e+00 5.734852731310504693e-03 -4.269430244966468280e+01
1.500000000000000000e+02 4.115631323707416414e+03 1.015275233352650019e+00 5.818914400886081827e-03 -4.270277989770319493e+01
1.510000000000000000e+02 4.146597916564388470e+03 1.009712065674914561e+00 5.903786918715033145e-03 -4.268764971457810731e+01
1.520000000000000000e+02 4.177349630936935682e+03 1.003755937773491480e+00 5.989474510270908700e-03 -4.264864609223734959e+01
1.530000000000000000e+02 4.207871483794147025e+03 9.974230184491774676e-01 6.075981118814272053e-03 -4.258550171860134981e+01
1.540000000000000000e+02 4.238163350938147232e+03 9.907294746142084607e-01 6.163310389319252153e-03 -4.249809789946257865e+01
1.550000000000000000e+02 4.268217682075352059e+03 9.836766144186774863e-01 6.251465652365967123e-03 -4.238609313866343342e+01
1.560000000000000000e+02 4.298041785981711655e+03 9.762880288269468743e-01 6.340449909035053566e-03 -4.224936883674448040e+01
1.570000000000000000e+02 4.327613260507244377e+03 9.685650213396119756e-01 6.430265816989236792e-03 -4.208765787101278022e+01
1.580000000000000000e+02 4.356939419474617353e+03 9.605386062672557346e-01 6.520915677725898363e-03 -4.190076744358205474e+01
1.590000000000000000e+02 4.386005294313695231e+03 9.522100817490802838e-01 6.612401425146491318e-03 -4.168850479535954889e+01
1.600000000000000000e+02 4.414803347537755144e+03 9.436030280241658463e-01 6.704724615405399830e-03 -4.145075148699844902e+01
1.610000000000000000e+02 4.443311187756151412e+03 9.347335938488631202e-01 6.797886418245239169e-03 -4.118724054580523841e+01
1.620000000000000000e+02 4.471521283126360686e+03 9.256179246646846215e-01 6.891887609657794921e-03 -4.089792788063552820e+01
1.630000000000000000e+02 4.499426104691619912e+03 9.162870191158635214e-01 6.986728565900052722e-03 -4.058247229473219875e+01
1.640000000000000000e+02 4.527003269705274761e+03 9.067421587641132374e-01 7.082409259271451978e-03 -4.024090403457898191e+01
1.650000000000000000e+02 4.554252683393298867e+03 8.970069063564098943e-01 7.178929255259662058e-03 -3.987295623568763148e+01
1.660000000000000000e+02 4.581159397200537569e+03 8.871048205903024897e-01 7.276287710981131814e-03 -3.947858490440641077e+01
1.670000000000000000e+02 4.607715893825135026e+03 8.770594559298532378e-01 7.374483375222117519e-03 -3.905767178118474448e+01
1.680000000000000000e+02 4.633914658838168179e+03 8.668943624213790722e-01 7.473514590327483623e-03 -3.861032147184363339e+01
1.690000000000000000e+02 4.659748180639922793e+03 8.566330855107171516e-01 7.573379294359789023e-03 -3.813641574380884691e+01
1.700000000000000000e+02 4.685208950402822666e+03 8.462917375093220729e-01 7.674075026121768631e-03 -3.763591065735790409e+01
1.710000000000000000e+02 4.710282033651160418e+03 8.359012824633649252e-01 7.775598930258299964e-03 -3.710876227934500093e+01
1.720000000000000000e+02 4.734974783579609721e+03 8.254852509217762702e-01 7.877947764133325786e-03 -3.655500096392178477e+01
1.730000000000000000e+02 4.759264842507139292e+03 8.150671681067027663e-01 7.981117905634846008e-03 -3.597458278274228149e+01
1.740000000000000000e+02 4.783144711873002052e+03 8.046705537348635140e-01 8.085105362304124618e-03 -3.536753808916952124e+01
1.750000000000000000e+02 4.806614323770617375e+03 7.943337785413074892e-01 8.189905781150346592e-03 -3.473404579897143662e+01
1.760000000000000000e+02 4.829658884139332258e+03 7.840728867499162646e-01 8.295514459498515986e-03 -3.407406496179648769e+01
1.770000000000000000e+02 4.852271542784962548e+03 7.739260591926803157e-01 8.401926356271769564e-03 -3.338764086776935613e+01
1.780000000000000000e+02 4.874438151434156680e+03 7.639165781971539726e-01 8.509136104374833906e-03 -3.267489606924684153e+01
1.790000000000000000e+02 4.896159420269390466e+03 7.540677197222386274e-01 8.617138023184563525e-03 -3.193587881916459281e+01
1.800000000000000000e+02 4.917428632725052012e+03 7.444176098933169561e-01 8.725926131674457964e-03 -3.117078591868786575e+01
1.810000000000000000e+02 4.938231645330167339e+03 7.349969397893683087e-01 8.835494161590091294e-03 -3.037981414733665986e+01
1.820000000000000000e+02 4.958569172598964542e+03 7.258363936341932776e-01 8.945835570911584572e-03 -2.956308597659909054e+01
1.830000000000000000e+02 4.978434501818262106e+03 7.169592202906819312e-01 9.056943557295100283e-03 -2.872079813403646398e+01
1.840000000000000000e+02 4.997813492885175037e+03 7.084035181598817843e-01 9.168811071357526460e-03 -2.785322160036633932e+01
1.850000000000000000e+02 5.016706863196366612e+03 7.002073783328699452e-01 9.281430829681362044e-03 -2.696033018901465539e+01
1.860000000000000000e+02 5.035100474087586008e+03 6.923940277468666471e-01 9.394795327488438333e-03 -2.604254337818558795e+01
1.870000000000000000e+02 5.052995044078435967e+03 6.849948569319606051e-01 9.508896851026175934e-03 -2.509998347286042630e+01
1.880000000000000000e+02 5.070383863669794664e+03 6.780509055472344615e-01 9.623727489028380613e-03 -2.413299558631687702e+01
1.890000000000000000e+02 5.087252795197517116e+03 6.715942913758456978e-01 9.739279143898582278e-03 -2.314177621959530384e+01
1.900000000000000000e+02 5.103602557743490252e+03 6.656600955618009463e-01 9.855543541742867175e-03 -2.212667039246365874e+01
1.910000000000000000e+02 5.119426441952795358e+03 6.602811626467239847e-01 9.972512241522023951e-03 -2.108802307334300252e+01
1.920000000000000000e+02 5.134710309910160504e+03 6.554933003021752302e-01 1.009017664387078239e-02 -2.002595632570579554e+01
1.930000000000000000e+02 5.149447451726327017e+03 6.513308222136442449e-01 1.020852799797589659e-02 -1.894081500597195955e+01
1.940000000000000000e+02 5.163646013784315073e+03 6.478302621552486373e-01 1.032755740827691511e-02 -1.783309247686295151e+01
1.950000000000000000e+02 5.177291856895033561e+03 6.450281453914932239e-01 1.044725583936838113e-02 -1.670305918672183765e+01
1.960000000000000000e+02 5.190385697966793487e+03 6.429609885903615485e-01 1.056761412031702492e-02 -1.555120836733792977e+01
1.970000000000000000e+02 5.202928253234935255e+03 6.416667854139752603e-01 1.068862294736295897e-02 -1.437788461322207922e+01
1.980000000000000000e+02 5.214920238204170346e+03 6.411820351060705248e-01 1.081027288578033894e-02 -1.318350672888193031e+01
1.990000000000000000e+02 5.226340082552635067e+03 6.415432280974389112e-01 1.093255437029178566e-02 -1.196841915856651184e+01
2.000000000000000000e+02 5.237203356901255574e+03 6.427868459488413899e-01 1.105545770457565247e-02 -1.073318911701019296e+01
2.010000000000000000e+02 5.247495923727571608e+03 6.449509646736899526e-01 1.117897306045388499e-02 -9.478080664845409231e+00
2.020000000000000000e+02 5.257211097367759976e+03 6.480689222936263372e-01 1.130309047110330742e-02 -8.203705446464210738e+00
2.030000000000000000e+02 5.266327340712158730e+03 6.521749083726813279e-01 1.142779983328289992e-02 -6.910297662070732372e+00
2.040000000000000000e+02 5.274852829237174774e+03 6.573023606251635620e-01 1.155309089830410321e-02 -5.598388552697461940e+00
2.050000000000000000e+02 5.282758595880985013e+03 6.634854505696712312e-01 1.167895326743176657e-02 -4.268434979397881968e+00
2.060000000000000000e+02 5.290052814584848420e+03 6.707568550180974531e-01 1.180537638535525576e-02 -2.920819419958395446e+00
2.070000000000000000e+02 5.296721373540118293e+03 6.791514702542352788e-01 1.193234953271888645e-02 -1.555931677474890140e+00
2.080000000000000000e+02 5.302757588647675220e+03 6.887026978712126324e-01 1.205986181829897530e-02 -1.743842992508828904e-01
2.090000000000000000e+02 5.308191916985940225e+03 6.994431876286542060e-01 1.218790217059746717e-02 1.223277132098517850e+00
2.100000000000000000e+02 5.313010245032768580e+03 7.114078088246535980e-01 1.231645932895637612e-02 2.636484861651272382e+00
2.110000000000000000e+02 5.317220743898982619e+03 7.246306789973928630e-01 1.244552183433746129e-02 4.064680164422356690e+00
2.120000000000000000e+02 5.320839012714687669e+03 7.391436783065102878e-01 1.257507802016764181e-02 5.507291063444804458e+00
2.130000000000000000e+02 5.323865793669769118e+03 7.549816494400792832e-01 1.270511600280226777e-02 6.963754617904712063e+00
2.140000000000000000e+02 5.326309257159125991e+03 7.721786835110590053e-01 1.283562367245802242e-02 8.433502069470776519e+00
2.150000000000000000e+02 5.328170145178683924e+03 7.907614346241668146e-01 1.296658868408037332e-02 9.915936560212712081e+00
2.160000000000000000e+02 5.329434343072452066e+03 8.107721478538921778e-01 1.309799844874113064e-02 1.141045393488343862e+01
2.170000000000000000e+02 5.330102593030384014e+03 8.322374602761442031e-01 1.322984012544067660e-02 1.291642788704559841e+01
2.180000000000000000e+02 5.330175637483021092e+03 8.551840006167467090e-01 1.336210061368145810e-02 1.443334367212191083e+01
2.190000000000000000e+02 5.329646790843454255e+03 8.796532460757264804e-01 1.349476654643187896e-02 1.596050840439331608e+01
2.200000000000000000e+02 5.328509367945619488e+03 9.056718090601432181e-01 1.362782428440123192e-02 1.749739276367391483e+01
2.210000000000000000e+02 5.326771540827493482e+03 9.332662940293178222e-01 1.376125991089671013e-02 1.904324472356045561e+01
2.220000000000000000e+02 5.324419197056045050e+03 9.624781543501751413e-01 1.389505922815434912e-02 2.059760953830510744e+01
2.230000000000000000e+02 5.321460509897353404e+03 9.933265507117617910e-01 1.402920775441732909e-02 2.215966119353499053e+01
2.240000000000000000e+02 5.317903653325869527e+03 1.025845493052294888e+00 1.416369072272191665e-02 2.372887095989770501e+01
2.250000000000000000e+02 5.313749373724594079e+03 1.060054127344751018e+00 1.429849308067232538e-02 2.530441312703984025e+01
2.260000000000000000e+02 5.308990989925091526e+03 1.095993877544799266e+00 1.443359949192172566e-02 2.688575927349576844e+01
2.270000000000000000e+02 5.303636678287005452e+03 1.133691304046699821e+00 1.456899433898103599e-02 2.847215828390451975e+01
2.280000000000000000e+02 5.297687187664171688e+03 1.173165532251028154e+00 1.470466172746765290e-02 3.006293348461519344e+01
2.290000000000000000e+02 5.291150696109503770e+03 1.214450537842704847e+00 1.484058549225938939e-02 3.165740836163694993e+01
2.300000000000000000e+02 5.284020525815623841e+03 1.257572861977840795e+00 1.497674920497446549e-02 3.325490656194499905e+01
2.310000000000000000e+02 5.276304856493947227e+03 1.302544183180996518e+00 1.511313618306362599e-02 3.485467761113444851e+01
2.320000000000000000e+02 5.268011868638680426e+03 1.349398459353729374e+00 1.524972950052892913e-02 3.645604548142921431e+01
2.330000000000000000e+02 5.259134886777119391e+03 1.398162214640565892e+00 1.538651200022535422e-02 3.805826002552649356e+01
2.340000000000000000e+02 5.249674664457512336e+03 1.448854539705316524e+00 1.552346630790678479e-02 3.966057126079245876e+01
2.350000000000000000e+02 5.239646812522822074e+03 1.501501948717701262e+00 1.566057484735103658e-02 4.126237793680277122e+01
2.360000000000000000e+02 5.229037228919427434e+03 1.556130951298079879e+00 1.579781985730982496e-02 4.286285611820764530e+01
2.370000000000000000e+02 5.217868953746580701e+03 1.612745767770795258e+00 1.593518340977391132e-02 4.446125631896047281e+01
2.380000000000000000e+02 5.206135313988868802e+03 1.671372899578761784e+00 1.607264742942656269e-02 4.605690350237847497e+01
2.390000000000000000e+02 5.193844493490531022e+03 1.732023987853948510e+00 1.621019371434532369e-02 4.764904851404048003e+01
2.400000000000000000e+02 5.180997247766301371e+03 1.794732955498730131e+00 1.634780395794089777e-02 4.923679379803064649e+01
2.410000000000000000e+02 5.167594332202862461e+03 1.859511437422912250e+00 1.648545977175900831e-02 5.081961338104731141e+01
2.420000000000000000e+02 5.153651358601042375e+03 1.926371065941018035e+00 1.662314270922915505e-02 5.239661003681615625e+01
2.430000000000000000e+02 5.139169081607989938e+03 1.995330899476937425e+00 1.676083429016812093e-02 5.396703526989527688e+01
2.440000000000000000e+02 5.124148255243408130e+03 2.066402566225370219e+00 1.689851602599825448e-02 5.553028931481475894e+01
2.450000000000000000e+02 5.108604489419476522e+03 2.139605121221853423e+00 1.703616944527282934e-02 5.708554971755878427e+01
2.460000000000000000e+02 5.092545964704427206e+03 2.214935333318307276e+00 1.717377611970012999e-02 5.863214275193121239e+01
2.470000000000000000e+02 5.075966003782754342e+03 2.292419684018344839e+00 1.731131769027962133e-02 6.016932056776314397e+01
2.480000000000000000e+02 5.058887641364626688e+03 2.372069797765994359e+00 1.744877589351331512e-02 6.169626118949388172e+01
2.490000000000000000e+02 5.041304197190572268e+03 2.453882442342204762e+00 1.758613258767275506e-02 6.321236564863188079e+01
2.500000000000000000e+02 5.023231274290014881e+03 2.537884099369457580e+00 1.772336977839620090e-02 6.471681228106469064e+01
2.510000000000000000e+02 5.004662113723478797e+03 2.624056247134028741e+00 1.786046964446868016e-02 6.620871710263337206e+01
2.520000000000000000e+02 4.985604511251242002e+03 2.712415770602187859e+00 1.799741456263811296e-02 6.768746637232668206e+01
2.530000000000000000e+02 4.966058756991458722e+03 2.802956837289271252e+00 1.813418713174754990e-02 6.915230974164435906e+01
2.540000000000000000e+02 4.946039995256092880e+03 2.895688473519343109e+00 1.827077019645330716e-02 7.060242272559905530e+01
2.550000000000000000e+02 4.925533654276794550e+03 2.990597423103993346e+00 1.840714686952661661e-02 7.203720383448806786e+01
2.560000000000000000e+02 4.904554872842170880e+03 3.087692717878149917e+00 1.854330055342414199e-02 7.345590315404284354e+01
2.570000000000000000e+02 4.883111358390910937e+03 3.186968536387673190e+00 1.867921496047639240e-02 7.485799376050837850e+01
2.580000000000000000e+02 4.861218243566808269e+03 3.288411632682388230e+00 1.881487413189370655e-02 7.624250316659663440e+01
2.590000000000000000e+02 4.838883229383976868e+03 3.392031050163541561e+00 1.895026245550070557e-02 7.760994468993993678e+01
2.600000000000000000e+02 4.816128870155396726e+03 3.497813551932541287e+00 1.908536468170162967e-02 7.895815757425633308e+01
2.610000000000000000e+02 4.792955431632385626e+03 3.605753334644905994e+00 1.922016593841539833e-02 8.028795253276466326e+01
2.620000000000000000e+02 4.769385461010462677e+03 3.715844600616461602e+00 1.935465174382796499e-02 8.159791190015826601e+01
2.630000000000000000e+02 4.745426645096707034e+03 3.828081558281808849e+00 1.948880801811770508e-02 8.288810380480470030e+01
2.640000000000000000e+02 4.721086666943611817e+03 3.942450994305258583e+00 1.962262109312140970e-02 8.415711082564962453e+01
2.650000000000000000e+02 4.696365777447334949e+03 4.058932274043933752e+00 1.975607772042928603e-02 8.540574416427691062e+01
2.660000000000000000e+02 4.671271652012070263e+03 4.177512198712948432e+00 1.988916507793708419e-02 8.663184379660242485e+01
2.670000000000000000e+02 4.645819390529442899e+03 4.298170149151194330e+00 2.002187077454446740e-02 8.783473547982760010e+01
2.680000000000000000e+02 4.620009232322690877e+03 4.420892942989003593e+00 2.015418285342904930e-02 8.901523074917983536e+01
2.690000000000000000e+02 4.593841412857500472e+03 4.545667406766250807e+00 2.028608979332438209e-02 9.017116990444039004e+01
2.700000000000000000e+02 4.567323592117773842e+03 4.672465519700097047e+00 2.041758050881176817e-02 9.130336468676058814e+01
2.710000000000000000e+02 4.540478282996202324e+03 4.801274127554949089e+00 2.054864434857421943e-02 9.240965559501685789e+01
2.720000000000000000e+02 4.513298281247421073e+03 4.932072658060175918e+00 2.067927109254079354e-02 9.349085456250450932e+01
2.730000000000000000e+02 4.485813520708653414e+03 5.064818264677730220e+00 2.080945094755750485e-02 9.454554510819504287e+01
2.740000000000000000e+02 4.458016789878632153e+03 5.199505253871364197e+00 2.093917454188471555e-02 9.557453934325673117e+01
2.750000000000000000e+02 4.429923158813249756e+03 5.336098230420495803e+00 2.106843291850547459e-02 9.657567812218732684e+01
2.760000000000000000e+02 4.401555122530026892e+03 5.474576667986162271e+00 2.119721752756133573e-02 9.754977371925824059e+01
2.770000000000000000e+02 4.372912887722413871e+03 5.614912624523197060e+00 2.132552021757954872e-02 9.849540997951848453e+01
2.780000000000000000e+02 4.344004086285355697e+03 5.757078171091024821e+00 2.145333322608599519e-02 9.941191365500752397e+01
2.790000000000000000e+02 4.314843775447971893e+03 5.901030535611025307e+00 2.158064916972787448e-02 1.003000972358248788e+02
2.800000000000000000e+02 4.285447009562911262e+03 6.046734388372424718e+00 2.170746103367655194e-02 1.011585447709800576e+02
2.810000000000000000e+02 4.255813983551129240e+03 6.194169270834430030e+00 2.183376216066109862e-02 1.019873260394208643e+02
2.820000000000000000e+02 4.225959746452542277e+03 6.343285025972727809e+00 2.195954623999599870e-02 1.027857680407882555e+02
2.830000000000000000e+02 4.195899344878253942e+03 6.494053797175574516e+00 2.208480729616923641e-02 1.035531978261956993e+02
2.840000000000000000e+02 4.165632966464522724e+03 6.646440315282371003e+00 2.220953967784190450e-02 1.042889424939061200e+02
2.850000000000000000e+02 4.135175653428620535e+03 6.800401899018632790e+00 2.233373804685615666e-02 1.049930720199547522e+02
2.860000000000000000e+02 4.104535017672026697e+03 6.955903312126331173e+00 2.245739736751851956e-02 1.056656564186407650e+02
2.870000000000000000e+02 4.073733525982873743e+03 7.112887050386932586e+00 2.258051289655569824e-02 1.063060229029362347e+02
2.880000000000000000e+02 4.042771358432898978e+03 7.271325340491403111e+00 2.270308017348105986e-02 1.069127558798357427e+02
2.890000000000000000e+02 4.011656121921872909e+03 7.431168142000221799e+00 2.282509501174255495e-02 1.074874111207456195e+02
2.900000000000000000e+02 3.980410278665368423e+03 7.592372861149385699e+00 2.294655349065376215e-02 1.080278302414362770e+02
2.910000000000000000e+02 3.949041432924206674e+03 7.754911779598312904e+00 2.306745194837936733e-02 1.085348262123567764e+02
2.920000000000000000e+02 3.917549759477064072e+03 7.918645772865929189e+00 2.318778697559664356e-02 1.090077263434868087e+02
2.930000000000000000e+02 3.885950288784497388e+03 8.083643729773202224e+00 2.330755541073772572e-02 1.094466007843246871e+02
2.940000000000000000e+02 3.854258050391775214e+03 8.249825992004829800e+00 2.342675433600447873e-02 1.098500340136374120e+02
2.950000000000000000e+02 3.822473216320994197e+03 8.417038637976316906e+00 2.354538107477397238e-02 1.102188390093228776e+02
2.960000000000000000e+02 3.790610814553273030e+03 8.585350617199203782e+00 2.366343319027075856e-02 1.105523430679348849e+02
2.970000000000000000e+02 3.758671015697003895e+03 8.754608049611587006e+00 2.378090848542571689e-02 1.108491306342726119e+02
2.980000000000000000e+02 3.726676274795918289e+03 8.924805643425630208e+00 2.389780500433940150e-02 1.111100146359609369e+02
2.990000000000000000e+02 3.694634189621923724e+03 9.095863844944886978e+00 2.401412103456286584e-02 1.113350651377490266e+02
3.000000000000000000e+02 3.662552357406727879e+03 9.267703122379701952e+00 2.412985511149720250e-02 1.115236093358291214e+02
3.010000000000000000e+02 3.630445629296285460e+03 9.440393455080217322e+00 2.424500602280533351e-02 1.116757201717673098e+02
3.020000000000000000e+02 3.598328160263947666e+03 9.613711398585865098e+00 2.435957281637032498e-02 1.117914823405622968e+02
3.030000000000000000e+02 3.566206502494158940e+03 9.787731587148305934e+00 2.447355480620415705e-02 1.118709834358317607e+02
3.040000000000000000e+02 3.534094635976550308e+03 9.962380111054299547e+00 2.458695158244718695e-02 1.119143109942104957e+02
3.050000000000000000e+02 3.502006540123259128e+03 1.013758308388214324e+01 2.469976302095269402e-02 1.119208096543012800e+02
3.060000000000000000e+02 3.469941337024363293e+03 1.031334092624143928e+01 2.481198929425329838e-02 1.118905668206458301e+02
3.070000000000000000e+02 3.437920433144084654e+03 1.048950551548860233e+01 2.492363088347533326e-02 1.118236698225717305e+02
3.080000000000000000e+02 3.405950377504235803e+03 1.066607731994537112e+01 2.503468859089451326e-02 1.117202059080210148e+02
3.090000000000000000e+02 3.374037718310012679e+03 1.084298254858467025e+01 2.514516355326993496e-02 1.115802622373415574e+02
3.100000000000000000e+02 3.342181574516545425e+03 1.102007315120844311e+01 2.525505725575038357e-02 1.114039258770485361e+02
3.110000000000000000e+02 3.310410777489496468e+03 1.119742395261966372e+01 2.536437154614468864e-02 1.111897981235120483e+02
3.120000000000000000e+02 3.278717015755762532e+03 1.137488695175298936e+01 2.547310864951227855e-02 1.109394515068287745e+02
3.130000000000000000e+02 3.247121690053466864e+03 1.155246273931614986e+01 2.558127118298115371e-02 1.106522299393601543e+02
3.140000000000000000e+02 3.215631343124173327e+03 1.173000336389181975e+01 2.568886217046007989e-02 1.103282200495440293e+02
3.150000000000000000e+02 3.184245087954092924e+03 1.190743518253943911e+01 2.579588505728436232e-02 1.099675083405886795e+02
3.160000000000000000e+02 3.152984321064565393e+03 1.208483314437417278e+01 2.590234372458783546e-02 1.095701811842062767e+02
3.170000000000000000e+02 3.121855580650109459e+03 1.226197508961019267e+01 2.600824250318141753e-02 1.091370676493946235e+02
3.180000000000000000e+02 3.090872831519636748e+03 1.243886173411785201e+01 2.611358618689803984e-02 1.086675109911497827e+02
3.190000000000000000e+02 3.060035179938617603e+03 1.261541953543438943e+01 2.621838004527320826e-02 1.081615971493680064e+02
3.200000000000000000e+02 3.029349158576526406e+03 1.279164925977054246e+01 2.632262983521386004e-02 1.076201547427203167e+02
3.210000000000000000e+02 2.998843583109078281e+03 1.296740313148499268e+01 2.642634181183053238e-02 1.070432693925324514e+02
3.220000000000000000e+02 2.968502696974011997e+03 1.314260768355403819e+01 2.652952273802121341e-02 1.064302837167787885e+02
3.230000000000000000e+02 2.938355311489608994e+03 1.331718947401105346e+01 2.663217989296877419e-02 1.057820258292225333e+02
3.240000000000000000e+02 2.908393093926094934e+03 1.349107508586811655e+01 2.673432107919766418e-02 1.050993236635104608e+02
3.250000000000000000e+02 2.878637422591740233e+03 1.366426541051969856e+01 2.683595462800033790e-02 1.043815192973545436e+02
3.260000000000000000e+02 2.849087388325654501e+03 1.383668708061748198e+01 2.693708940382712191e-02 1.036294402869578022e+02
3.270000000000000000e+02 2.819756936205192687e+03 1.400819246992971046e+01 2.703773480644746513e-02 1.028424283213417425e+02
3.280000000000000000e+02 2.790652580463773575e+03 1.417870826018391739e+01 2.713790077181500379e-02 1.020213105569817316e+02
3.290000000000000000e+02 2.761780832822844332e+03 1.434823544088321334e+01 2.723759777112965894e-02 1.011676567774324269e+02
3.300000000000000000e+02 2.733155630837579338e+03 1.451662645859372347e+01 2.733683680796297755e-02 1.002800652129740513e+02
3.310000000000000000e+02 2.704776052855823764e+03 1.468388235072748138e+01 2.743562941382498774e-02 9.935936238068543958e+01
3.320000000000000000e+02 2.676656031443394113e+03 1.484992989478637604e+01 2.753398764157980252e-02 9.840563173937464114e+01
3.330000000000000000e+02 2.648794640022257681e+03 1.501462160809135149e+01 2.763192405735620527e-02 9.742044218982192660e+01
3.340000000000000000e+02 2.621205806325704998e+03 1.517795859799735858e+01 2.772945173042638822e-02 9.640313389496499497e+01
3.350000000000000000e+02 2.593903455767038395e+03 1.533979342756872377e+01 2.782658422134958939e-02 9.535453245048095994e+01
3.360000000000000000e+02 2.566886654823158096e+03 1.550012724925239382e+01 2.792333556849867574e-02 9.427472037531887850e+01
3.370000000000000000e+02 2.540161896184045418e+03 1.565888695401183561e+01 2.801972027270861754e-02 9.316526561253667182e+01
3.380000000000000000e+02 2.513735670515540278e+03 1.581599945444889777e+01 2.811575328036116858e-02 9.202550735009539551e+01
3.390000000000000000e+02 2.487621894936425633e+03 1.597139168440111057e+01 2.821144996502559371e-02 9.085701302708885407e+01
3.400000000000000000e+02 2.461827056457975232e+03 1.612506488201971422e+01 2.830682610762765006e-02 8.965986415486108285e+01
3.410000000000000000e+02 2.436350212136505888e+03 1.627679745531357369e+01 2.840189787510105299e-02 8.843414198346367527e+01
3.420000000000000000e+02 2.411197845938119826e+03 1.642659068269627554e+01 2.849668179802265430e-02 8.717992749822980159e+01
3.430000000000000000e+02 2.386376440563482902e+03 1.657437157848692166e+01 2.859119474698911326e-02 8.589878708656640072e+01
3.440000000000000000e+02 2.361885049282385808e+03 1.671999289239942499e+01 2.868545390824256761e-02 8.459005835974065235e+01
3.450000000000000000e+02 2.337730152827766233e+03 1.686345595951862109e+01 2.877947675805085648e-02 8.325456432508657656e+01
3.460000000000000000e+02 2.313918231246525465e+03 1.700461356573770288e+01 2.887328103677700916e-02 8.189238487818245460e+01
3.470000000000000000e+02 2.290448335756691449e+03 1.714346708119519747e+01 2.896688472223488825e-02 8.050434247032421808e+01
3.480000000000000000e+02 2.267326945660397541e+03 1.727979504216916240e+01 2.906030600267774447e-02 7.909051643607028836e+01
3.490000000000000000e+02 2.244567968560133522e+03 1.741374741848387231e+01 2.915356324952154965e-02 7.765321433110756288e+01
3.500000000000000000e+02 2.222170455526662863e+03 1.754517706135441202e+01 2.924667498999827461e-02 7.619177208501353959e+01
3.510000000000000000e+02 2.200148269883870398e+03 1.767408709850318971e+01 2.933965987980314757e-02 7.470774156847585346e+01
3.520000000000000000e+02 2.178507667869747820e+03 1.780041316724238243e+01 2.943253667618465561e-02 7.320188242328067929e+01
3.530000000000000000e+02 2.157247433361898402e+03 1.792409261302562484e+01 2.952532421114159936e-02 7.167419888895071267e+01
3.540000000000000000e+02 2.136373779628726425e+03 1.804513707748894902e+01 2.961804136530779910e-02 7.012692341752610048e+01
3.550000000000000000e+02 2.115900349539913805e+03 1.816340964721792872e+01 2.971070704240927687e-02 6.855931682717580600e+01
3.560000000000000000e+02 2.095818502370300848e+03 1.827892198701502124e+01 2.980334014457456868e-02 6.697212531130249147e+01
3.570000000000000000e+02 2.076134455749187055e+03 1.839161148863276907e+01 2.989595954858587784e-02 6.536609476761515225e+01
3.580000000000000000e+02 2.056854429149885163e+03 1.850141555350094791e+01 2.998858408301410816e-02 6.374197079741940541e+01
3.590000000000000000e+02 2.037977215720423828e+03 1.860819730843282827e+01 3.008123250673726615e-02 6.209975587004986863e+01
3.600000000000000000e+02 2.019501610804624988e+03 1.871196845532652375e+01 3.017392348851228451e-02 6.044093782756947775e+01
3.610000000000000000e+02 2.001433840452115419e+03 1.881266641983673793e+01 3.026667558792181870e-02 5.876447857542571285e+01
3.620000000000000000e+02 1.983772704865690230e+03 1.891022863404247900e+01 3.035950723780406202e-02 5.707223677809115969e+01
3.630000000000000000e+02 1.966531863587269754e+03 1.900459253559893114e+01 3.045243672810818425e-02 5.536480798304856421e+01
3.640000000000000000e+02 1.949695265518329734e+03 1.909576985037913488e+01 3.054548219117846769e-02 5.364286172412849396e+01
3.650000000000000000e+02 1.933284004180275815e+03 1.918369802459575979e+01 3.063866158885270030e-02 5.190721580547211289e+01
3.660000000000000000e+02 1.917289462656109436e+03 1.926831450741924812e+01 3.073199270075399614e-02 5.015868773515524737e+01
3.670000000000000000e+02 1.901717883771349534e+03 1.934963103358471059e+01 3.082549311444865783e-02 4.839794615898167507e+01
3.680000000000000000e+02 1.886568085108042169e+03 1.942751077197869236e+01 3.091918021720376983e-02 4.662588227896440429e+01
3.690000000000000000e+02 1.871838887405075184e+03 1.950211402573899022e+01 3.101307118902784515e-02 4.484323843695347023e+01
3.700000000000000000e+02 1.857543971294119274e+03 1.957315539630533152e+01 3.110718299754915150e-02 4.305068239945160258e+01
3.710000000000000000e+02 1.843667307219157919e+03 1.964086946801947420e+01 3.120153239413746976e-02 4.124910449311168747e+01
3.720000000000000000e+02 1.830222582245421108e+03 1.970497083815005013e+01 3.129613591165780057e-02 3.943917190538530804e+01
3.730000000000000000e+02 1.817201201600913691e+03 1.976561980147813102e+01 3.139100986340579574e-02 3.762170010387612251e+01
3.740000000000000000e+02 1.804609430407842638e+03 1.982275379782156222e+01 3.148617034331747250e-02 3.579750427135549273e+01
3.750000000000000000e+02 1.792438680249340678e+03 1.987631026158358338e+01 3.158163322750705965e-02 3.396717645745673053e+01
3.760000000000000000e+02 1.780695222526505859e+03 1.992622662078918339e+01 3.167741417674095616e-02 3.213160556557762959e+01
3.770000000000000000e+02 1.769385331703095289e+03 1.997251457961970189e+01 3.177352863988976844e-02 3.029145737093320534e+01
3.780000000000000000e+02 1.758493000190070916e+03 2.001511155043638368e+01 3.186999185826046299e-02 2.844747165732317740e+01
3.790000000000000000e+02 1.748031936723753688e+03 2.005395493630852854e+01 3.196681887057845062e-02 2.660046222007849792e+01
3.800000000000000000e+02 1.738000996182923927e+03 2.008905641353933191e+01 3.206402451871175063e-02 2.475116830219392128e+01
3.810000000000000000e+02 1.728391607851003528e+03 2.012042764718521681e+01 3.216162345367945541e-02 2.290025459765841731e+01
3.820000000000000000e+02 1.719210060373261740e+03 2.014785743956928599e+01 3.225963014198131307e-02 2.104853410548755477e+01
3.830000000000000000e+02 1.710455216608270803e+03 2.017158028082434029e+01 3.235805887214349141e-02 1.919681956643953313e+01
3.840000000000000000e+02 1.702118513527113464e+03 2.019145922938608706e+01 3.245692376144389962e-02 1.734599775043617598e+01
3.850000000000000000e+02 1.694198818811360525e+03 2.020750589553263055e+01 3.255623876217443591e-02 1.549680661017251992e+01
3.860000000000000000e+02 1.686702430750087387e+03 2.021980615690521788e+01 3.265601766789733018e-02 1.365020670294607719e+01
3.870000000000000000e+02 1.679628221437205639e+03 2.022829730702607876e+01 3.275627411933472455e-02 1.180693549415888199e+01
3.880000000000000000e+02 1.672960208321090022e+03 2.023306518833668832e+01 3.285702160951798484e-02 9.967878779547781676e+00
3.890000000000000000e+02 1.666704695858982177e+03 2.023404705721895880e+01 3.295827348861465195e-02 8.133847839595512497e+00
3.900000000000000000e+02 1.660860562023590546e+03 2.023125443353812969e+01 3.306004296763320749e-02 6.305653728152436521e+00
3.910000000000000000e+02 1.655426686566514718e+03 2.022469881617968568e+01 3.316234312153920616e-02 4.484107277755698284e+00
3.920000000000000000e+02 1.650387094237557903e+03 2.021431739859137622e+01 3.326518689121022582e-02 2.670019105147519944e+00
3.930000000000000000e+02 1.645755524813680722e+03 2.020019591834053685e+01 3.336858708444007116e-02 8.641253334886308535e-01
3.940000000000000000e+02 1.641516006233000780e+03 2.018227152215992959e+01 3.347255637559522906e-02 -9.328381182273604022e-01
3.950000000000000000e+02 1.637667424641681009e+03 2.016048133201483950e+01 3.357710730431747587e-02 -2.719986962063303260e+00
3.960000000000000000e+02 1.634208667648933215e+03 2.013498529467964815e+01 3.368225227274330297e-02 -4.496593097201976974e+00
3.970000000000000000e+02 1.631131195943029070e+03 2.010564619629682426e+01 3.378800354137748846e-02 -6.261861752953670646e+00
3.980000000000000000e+02 1.628441328319593367e+03 2.007254964597858660e+01 3.389437322375240397e-02 -8.015050335690599326e+00
3.990000000000000000e+02 1.626130528269849265e+03 2.003563265738698718e+01 3.400137327950148586e-02 -9.755379281793588930e+00
4.000000000000000000e+02 1.624197689032623202e+03 1.999505506534753607e+01 3.410901550622893325e-02 -1.148208850608722109e+01
4.010000000000000000e+02 1.622641825023802994e+03 1.995067959120759937e+01 3.421731152980254931e-02 -1.319444139983527720e+01
4.020000000000000000e+02 1.621455002810587985e+03 1.990259197876995501e+01 3.432627279345687454e-02 -1.489175912400816593e+01
4.030000000000000000e+02 1.620636838551115261e+03 1.985087799061911085e+01 3.443591054531572326e-02 -1.657340858617540746e+01
4.040000000000000000e+02 1.620186949927900741e+03 1.979547478949096018e+01 3.454623582497298034e-02 -1.823870928742786646e+01
4.050000000000000000e+02 1.620090099509048741e+03 1.973639378793153654e+01 3.465725944848594559e-02 -1.988702542609121693e+01
4.060000000000000000e+02 1.620345908222309390e+03 1.967379493096188980e+01 3.476899199229586263e-02 -2.151778817480501260e+01
4.070000000000000000e+02 1.620953998738473501e+03 1.960761527773939505e+01 3.488144377623207670e-02 -2.313022825180681252e+01
4.080000000000000000e+02 1.621906567215224186e+03 1.953779185125122453e+01 3.499462484542590485e-02 -2.472372504515919189e+01
4.090000000000000000e+02 1.623188383400737621e+03 1.946455877152273573e+01 3.510854495127493230e-02 -2.629765803738963470e+01
4.100000000000000000e+02 1.624813932497201449e+03 1.938785298680875613e+01 3.522321353166956576e-02 -2.785133251352015549e+01
4.110000000000000000e+02 1.626753131778348234e+03 1.930768569033049076e+01 3.533863969054559795e-02 -2.938435097000722251e+01
4.120000000000000000e+02 1.629020470919271929e+03 1.922414231951353258e+01 3.545483217712586815e-02 -3.089601883805234905e+01
4.130000000000000000e+02 1.631608156976712735e+03 1.913723398823519872e+01 3.557179936438698009e-02 -3.238593874286424068e+01
4.140000000000000000e+02 1.634508399576940974e+03 1.904704605309606791e+01 3.568954922765547183e-02 -3.385349051030306811e+01
4.150000000000000000e+02 1.637705982706071154e+03 1.895366382919919346e+01 3.580808932283467000e-02 -3.529820257548280438e+01
4.160000000000000000e+02 1.641215406604081409e+03 1.885702402244208642e+01 3.592742676479415698e-02 -3.671960340679240176e+01
4.170000000000000000e+02 1.645014032756295592e+03 1.875728614634204661e+01 3.604756820593360556e-02 -3.811699864635906465e+01
4.180000000000000000e+02 1.649108939189055945e+03 1.865446110385283873e+01 3.616851981505155023e-02 -3.948999108548932924e+01
4.190000000000000000e+02 1.653484922159808320e+03 1.854855975371553001e+01 3.629028725680231993e-02 -4.083796067103613581e+01
4.200000000000000000e+02 1.658149066397566230e+03 1.843959290982185095e+01 3.641287567159753186e-02 -4.216043591376483590e+01
4.210000000000000000e+02 1.663086175136241081e+03 1.832771990760006631e+01 3.653628965644563353e-02 -4.345687102867586304e+01
4.220000000000000000e+02 1.668288483645090764e+03 1.821287718590186344e+01 3.666053324661085883e-02 -4.472664592581926968e+01
4.230000000000000000e+02 1.673763087701825725e+03 1.809507542043049710e+01 3.678560989830306077e-02 -4.596928905160842049e+01
4.240000000000000000e+02 1.679494801956455603e+03 1.797447380668073080e+01 3.691152247265848396e-02 -4.718432881262000933e+01
4.250000000000000000e+02 1.685475873438515691e+03 1.785108292538648200e+01 3.703827322075864403e-02 -4.837129356640463129e+01
4.260000000000000000e+02 1.691705981653368099e+03 1.772498759250622058e+01 3.716586377029594546e-02 -4.953000874631946715e+01
4.270000000000000000e+02 1.698162525266605599e+03 1.759634685872231330e+01 3.729429511343574505e-02 -5.066007686785169994e+01
4.280000000000000000e+02 1.704860048979662679e+03 1.746524544195672135e+01 3.742356759661838450e-02 -5.176117465349356905e+01
4.290000000000000000e+02 1.711768531738071033e+03 1.733169372691450150e+01 3.755368091156064542e-02 -5.283305302363690714e+01
4.300000000000000000e+02 1.718887670281656483e+03 1.719577633165502561e+01 3.768463408829444278e-02 -5.387523995349231853e+01
4.310000000000000000e+02 1.726217165777311493e+03 1.705772639068442942e+01 3.781642548985384572e-02 -5.488756044857518646e+01
4.320000000000000000e+02 1.733741867137842974e+03 1.691747985355495132e+01 3.794905280868954289e-02 -5.586969083470280140e+01
4.330000000000000000e+02 1.741468912777755122e+03 1.677512118551921816e+01 3.808251306497354577e-02 -5.682115874905409214e+01
4.340000000000000000e+02 1.749375732150941076e+03 1.663080908369270006e+01 3.821680260672898066e-02 -5.774178883229555481e+01
4.350000000000000000e+02 1.757469472526869140e+03 1.648447934273507443e+01 3.835191711174065765e-02 -5.863110845172640495e+01
4.360000000000000000e+02 1.765742428847981500e+03 1.633629055558365906e+01 3.848785159126599797e-02 -5.948886767701851852e+01
4.370000000000000000e+02 1.774186900373872504e+03 1.618625269568702407e+01 3.862460039564080683e-02 -6.031474213748840185e+01
4.380000000000000000e+02 1.782795190609951305e+03 1.603452425078975097e+01 3.876215722142582754e-02 -6.110840729694360363e+01
4.390000000000000000e+02 1.791567035571642464e+03 1.588111508872623645e+01 3.890051512037361048e-02 -6.186953844509006473e+01
4.400000000000000000e+02 1.800487318633304312e+03 1.572610930776188631e+01 3.903966650995815274e-02 -6.259803353951237881e+01
4.410000000000000000e+02 1.809548355464900851e+03 1.556966523645737865e+01 3.917960318551668569e-02 -6.329364177970045091e+01
4.420000000000000000e+02 1.818735037204312221e+03 1.541179258305682787e+01 3.932031633364992812e-02 -6.395618644916368822e+01
4.430000000000000000e+02 1.828047115368529148e+03 1.525264956942517358e+01 3.946179654717665158e-02 -6.458534205659869087e+01
4.440000000000000000e+02 1.837469488301559295e+03 1.509232008050079799e+01 3.960403384125235626e-02 -6.518100574514606649e+01
4.450000000000000000e+02 1.846994486063471868e+03 1.493081366428904033e+01 3.974701767047431056e-02 -6.574300015019449006e+01
4.460000000000000000e+02 1.856614441908820709e+03 1.476836266589937274e+01 3.989073694721363694e-02 -6.627114767476729185e+01
4.470000000000000000e+02 1.866321692106768069e+03 1.460497652659226908e+01 4.003518006063198215e-02 -6.676556761548737029e+01
4.480000000000000000e+02 1.876123432454285876e+03 1.444081320138865365e+01 4.018033489653807105e-02 -6.722615617008547417e+01
4.490000000000000000e+02 1.886004576331365797e+03 1.427595630869502763e+01 4.032618885776510093e-02 -6.765288356350730226e+01
4.500000000000000000e+02 1.895957467903454926e+03 1.411041513047237750e+01 4.047272888502698174e-02 -6.804579404008269705e+01
4.510000000000000000e+02 1.905982067915416565e+03 1.394441921465181622e+01 4.061994147806064631e-02 -6.840485804333431474e+01
4.520000000000000000e+02 1.916079083125330499e+03 1.377796507896243128e+01 4.076781271700537918e-02 -6.872997447200918941e+01
4.530000000000000000e+02 1.926227123058805546e+03 1.361119522412430527e+01 4.091632828368974711e-02 -6.902111697575536198e+01
4.540000000000000000e+02 1.936427083908195300e+03 1.344417781545963564e+01 4.106547348284677462e-02 -6.927818462600833982e+01
4.550000000000000000e+02 1.946665006576683254e+03 1.327698096675218586e+01 4.121523326314271291e-02 -6.950115047553589420e+01
4.560000000000000000e+02 1.956934361526938574e+03 1.310967274064321764e+01 4.136559223763940085e-02 -6.968991298405097723e+01
4.570000000000000000e+02 1.967228620232558569e+03 1.294232114906619735e+01 4.151653470396956397e-02 -6.984444457791424554e+01
4.580000000000000000e+02 1.977533826634457228e+03 1.277506843722347618e+01 4.166804466368215221e-02 -6.996456879240598425e+01
4.590000000000000000e+02 1.987836025303820861e+03 1.260798251709488760e+01 4.182010584090251754e-02 -7.005048024910756510e+01
4.600000000000000000e+02 1.998150974662931048e+03 1.244113125149332788e+01 4.197270170016709212e-02 -7.010237323134006715e+01
4.610000000000000000e+02 2.008449863310580895e+03 1.227458245465759212e+01 4.212581546328914017e-02 -7.011962455867868016e+01
4.620000000000000000e+02 2.018755878412245693e+03 1.210855245988989459e+01 4.227943012515176374e-02 -7.010458203871608873e+01
4.630000000000000000e+02 2.029040208643315054e+03 1.194310898621805883e+01 4.243352846842761428e-02 -7.005587894507192459e+01
4.640000000000000000e+02 2.039326040949865956e+03 1.177831970611221557e+01 4.258809307716753673e-02 -6.997437669092992962e+01
4.650000000000000000e+02 2.049584563513591547e+03 1.161432652973861934e+01 4.274310634903358969e-02 -6.986019348238284010e+01
4.660000000000000000e+02 2.059831534185164855e+03 1.145119703874507877e+01 4.289855050643205658e-02 -6.971418998204028128e+01
4.670000000000000000e+02 2.070052996873945176e+03 1.128907305409550510e+01 4.305440760622866042e-02 -6.953574079763058080e+01
4.680000000000000000e+02 2.080234994853576609e+03 1.112802206993309717e+01 4.321065954830020928e-02 -6.932570581590223924e+01
4.690000000000000000e+02 2.090378427379670484e+03 1.096811153798955729e+01 4.336728808258854401e-02 -6.908420169148212153e+01
4.700000000000000000e+02 2.100469336218645822e+03 1.080940886852956417e+01 4.352427481510601909e-02 -6.881134467597188120e+01
4.710000000000000000e+02 2.110493762290688665e+03 1.065205571483546088e+01 4.368160121245463073e-02 -6.850650777713985917e+01
4.720000000000000000e+02 2.120452602325172847e+03 1.049619369072376962e+01 4.383924860530148682e-02 -6.817129209339140061e+01
4.730000000000000000e+02 2.130331895426785195e+03 1.034181580459576644e+01 4.399719819055023656e-02 -6.780432696312504959e+01
4.740000000000000000e+02 2.140132536455475474e+03 1.018898931103633210e+01 4.415543103244835149e-02 -6.740795547465808113e+01
4.750000000000000000e+02 2.149847990966010912e+03 1.003792999544301345e+01 4.431392806261705286e-02 -6.698080611085470082e+01
4.760000000000000000e+02 2.159479151909546999e+03 9.888705041176915955e+00 4.447267007925126414e-02 -6.652373542439035248e+01
4.770000000000000000e+02 2.169012054594048095e+03 9.741307314260097883e+00 4.463163774517057286e-02 -6.603759952793609500e+01
4.780000000000000000e+02 2.178455018456052585e+03 9.595952498613081971e+00 4.479081158544179903e-02 -6.552251125459697789e+01
4.790000000000000000e+02 2.187808933688667821e+03 9.452707679802335505e+00 4.495017198396131924e-02 -6.497962295764813234e+01
4.800000000000000000e+02 2.197052404577658763e+03 9.311714196838666524e+00 4.510969917985665351e-02 -6.440845230034292968e+01
4.810000000000000000e+02 2.206201176346617558e+03 9.172890509488777155e+00 4.526937326316853721e-02 -6.380985359214173513e+01
4.820000000000000000e+02 2.215226423352947222e+03 9.036526467646144312e+00 4.542917417033343064e-02 -6.318423498102090718e+01
4.830000000000000000e+02 2.224136460993812761e+03 8.902614761187914283e+00 4.558908167950514317e-02 -6.253207843460759818e+01
4.840000000000000000e+02 2.232917318960688590e+03 8.771296622396949516e+00 4.574907540570614245e-02 -6.185386545355217436e+01
4.850000000000000000e+02 2.241555026348851698e+03 8.642638976887727864e+00 4.590913479624066790e-02 -6.115000278516649246e+01
4.860000000000000000e+02 2.250057896767902093e+03 8.516708728568024966e+00 4.606923912608741623e-02 -6.042104527134619474e+01
4.870000000000000000e+02 2.258411958299886919e+03 8.393572761122431558e+00 4.622936749383063648e-02 -5.966739871225784242e+01
4.880000000000000000e+02 2.266610666958604270e+03 8.273446506524486210e+00 4.638949881788404644e-02 -5.888969128183811819e+01
4.890000000000000000e+02 2.274662335095686103e+03 8.156248245551211085e+00 4.654961183339193648e-02 -5.808855067557026075e+01
4.900000000000000000e+02 2.282552989701570368e+03 8.042193377354042383e+00 4.670968508981714756e-02 -5.726452982556923388e+01
4.910000000000000000e+02 2.290283514204271341e+03 7.931348720015144238e+00 4.686969694930132047e-02 -5.641832974998737882e+01
4.920000000000000000e+02 2.297854791810633287e+03 7.823706795640512190e+00 4.702962558598194204e-02 -5.555042813471613528e+01
4.930000000000000000e+02 2.305267705541338273e+03 7.719408682476328387e+00 4.718944898631254048e-02 -5.466159931743953848e+01
4.940000000000000000e+02 2.312515709907953351e+03 7.618595449530047858e+00 4.734914495048265365e-02 -5.375224573597417788e+01
4.950000000000000000e+02 2.319592259281920178e+03 7.521333874710168566e+00 4.750869109501265619e-02 -5.282321504698975190e+01
4.960000000000000000e+02 2.326498236254185031e+03 7.427616446483617629e+00 4.766806485665434773e-02 -5.187498300800937301e+01
4.970000000000000000e+02 2.333219666583779599e+03 7.337584216054837682e+00 4.782724349754498283e-02 -5.090824774629451355e+01
4.980000000000000000e+02 2.339757432587464336e+03 7.251303948542966005e+00 4.798620411175919670e-02 -4.992370690954264489e+01
4.990000000000000000e+02 2.346104988066453188e+03 7.168842408181184567e+00 4.814492363328690128e-02 -4.892198338393135515e+01
5.000000000000000000e+02 2.352255786622520645e+03 7.090340643527259346e+00 4.830337884539761401e-02 -4.790362529600795938e+01
5.010000000000000000e+02 2.358203339299032450e+03 7.015788531866480326e+00 4.846154639143164522e-02 -4.686938258157353943e+01
5.020000000000000000e+02 2.363948815934259983e+03 6.945314094525602222e+00 4.861940278708839352e-02 -4.581992243567531631e+01
5.030000000000000000e+02 2.369486015329289330e+03 6.878894185022428331e+00 4.877692443409786111e-02 -4.475574245059584655e+01
5.040000000000000000e+02 2.374816164178894269e+03 6.816728515129597099e+00 4.893408763534897593e-02 -4.367771117098795486e+01
5.050000000000000000e+02 2.379947916976932447e+03 6.758719672107218912e+00 4.909086861128392903e-02 -4.258639954594979571e+01
5.060000000000000000e+02 2.384867642508920198e+03 6.704993104976086471e+00 4.924724351778346498e-02 -4.148245235047075141e+01
5.070000000000000000e+02 2.389583993835642104e+03 6.655614848968994579e+00 4.940318846512911644e-02 -4.036651390619486079e+01
5.080000000000000000e+02 2.394090766412996345e+03 6.610636097397037503e+00 4.955867953826833400e-02 -3.923930236951800765e+01
5.090000000000000000e+02 2.398381754653117696e+03 6.570093203417729733e+00 4.971369281816481051e-02 -3.810146116950176065e+01
5.100000000000000000e+02 2.402473036825949748e+03 6.534029966856345517e+00 4.986820440418851530e-02 -3.695370758011650736e+01
5.110000000000000000e+02 2.406343548098986503e+03 6.502482779277793057e+00 5.002219043737586579e-02 -3.579660987528593807e+01
5.120000000000000000e+02 2.410009363873271013e+03 6.475488054110160263e+00 5.017562712456231228e-02 -3.463088446875691062e+01
5.130000000000000000e+02 2.413456844457301941e+03 6.453097085118729481e+00 5.032849076319993037e-02 -3.345724735325598687e+01
5.140000000000000000e+02 2.416687204988329995e+03 6.435346334778022204e+00 5.048075776671680920e-02 -3.227626553994085867e+01
5.150000000000000000e+02 2.419701658546317958e+03 6.422264864393801176e+00 5.063240469036976027e-02 -3.108865419915476025e+01
5.160000000000000000e+02 2.422501415964170519e+03 6.413896620923610570e+00 5.078340825740686876e-02 -2.989520238394900531e+01
5.170000000000000000e+02 2.425080257284605523e+03 6.410263296992638082e+00 5.093374538542078805e-02 -2.869647590337111964e+01
5.180000000000000000e+02 2.427431959915600146e+03 6.411408902758832795e+00 5.108339321281536033e-02 -2.749326303104327351e+01
5.190000000000000000e+02 2.429565155135355781e+03 6.417355197571084524e+00 5.123232912501317349e-02 -2.628627737897314987e+01
5.200000000000000000e+02 2.431466186145979464e+03 6.428131405124840825e+00 5.138053078064753337e-02 -2.507615790562421410e+01
5.210000000000000000e+02 2.433143677981624933e+03 6.443774215211236722e+00 5.152797613730659282e-02 -2.386369177473476100e+01
5.220000000000000000e+02 2.434591395566779283e+03 6.464305500409142091e+00 5.167464347679011361e-02 -2.264951722985256666e+01
5.230000000000000000e+02 2.435803100230411019e+03 6.489747174521434125e+00 5.182051142973450458e-02 -2.143434645361205426e+01
5.240000000000000000e+02 2.436794834575644927e+03 6.520106337602372903e+00 5.196555899953272939e-02 -2.021896557672084427e+01
5.250000000000000000e+02 2.437552923853350421e+03 6.555397562727610428e+00 5.210976558543591042e-02 -1.900401183664772375e+01
5.260000000000000000e+02 2.438093402597000022e+03 6.595628041003681830e+00 5.225311100453870761e-02 -1.779019643752660329e+01
5.270000000000000000e+02 2.438410016012317101e+03 6.640812439968120096e+00 5.239557551286128101e-02 -1.657823027624374390e+01
5.280000000000000000e+02 2.438503933229224458e+03 6.690965476927940081e+00 5.253713982509347624e-02 -1.536889823571566183e+01
5.290000000000000000e+02 2.438376318812973750e+03 6.746087063935831019e+00 5.267778513322848855e-02 -1.416276206083294475e+01
5.300000000000000000e+02 2.438035760987067533e+03 6.806177166154699698e+00 5.281749312372476662e-02 -1.296075463660523397e+01
5.310000000000000000e+02 2.437468558116957411e+03 6.871250660208461092e+00 5.295624599331899551e-02 -1.176351144692812412e+01
5.320000000000000000e+02 2.436690717059190320e+03 6.941292765716228885e+00 5.309402646337905984e-02 -1.057196485305036404e+01
5.330000000000000000e+02 2.435695954620315661e+03 7.016303617013950777e+00 5.323081779270699698e-02 -9.386675552649982990e+00
5.340000000000000000e+02 2.434477982532026545e+03 7.096283408057495912e+00 5.336660378878736039e-02 -8.208575425603415354e+00
5.350000000000000000e+02 2.433052792440399116e+03 7.181239822358777225e+00 5.350136881759029461e-02 -7.038298993346895571e+00
5.360000000000000000e+02 2.431406657406990689e+03 7.271158321152227266e+00 5.363509781157928258e-02 -5.876777697914693732e+00
5.370000000000000000e+02 2.429555558678203397e+03 7.366024429993236033e+00 5.376777627619977462e-02 -4.724571361564219529e+00
5.380000000000000000e+02 2.427493187215454782e+03 7.465831168635104653e+00 5.389939029500528944e-02 -3.582462466067989570e+00
5.390000000000000000e+02 2.425228085442851352e+03 7.570549339133116895e+00 5.402992653291237984e-02 -2.451233313598258690e+00
5.400000000000000000e+02 2.422746505506687299e+03 7.680164669077568007e+00 5.415937223816474216e-02 -1.331517471229877847e+00
5.410000000000000000e+02 2.420071836102251837e+03 7.794670384701144705e+00 5.428771524270575161e-02 -2.240226330675748612e-01
5.420000000000000000e+02 2.417197747360065932e+03 7.914037498909882729e+00 5.441494396132160599e-02 8.704693680260110478e-01
5.430000000000000000e+02 2.414117904298572284e+03 8.038244526089687980e+00 5.454104738920260986e-02 1.951303114054288912e+00
5.440000000000000000e+02 2.410848251939209149e+03 8.167270055133510454e+00 5.466601509836363504e-02 3.017778737896520624e+00
5.450000000000000000e+02 2.407389873631461342e+03 8.301063037388523469e+00 5.478983723291888652e-02 4.069248479828115883e+00
5.460000000000000000e+02 2.403736419490643129e+03 8.439609643126152250e+00 5.491250450318983789e-02 5.105057248589933039e+00
5.470000000000000000e+02 2.399896391546590621e+03 8.582858979325489912e+00 5.503400817887080243e-02 6.124535180816344848e+00
5.480000000000000000e+02 2.395870858800385577e+03 8.730715662575958547e+00 5.515434008126449822e-02 7.127042198824690367e+00
5.490000000000000000e+02 2.391660885690639134e+03 8.883307240904770197e+00 5.527349257480248385e-02 8.111898914558095086e+00
5.500000000000000000e+02 2.387267532217106236e+03 9.040389926939745635e+00 5.539145855783163264e-02 9.078457186427613124e+00
5.510000000000000000e+02 2.382706580835467776e+03 9.202092269638477262e+00 5.550823145295911976e-02 1.002605543851635161e+01
5.520000000000000000e+02 2.377963576683875999e+03 9.368249110548610759e+00 5.562380519687765840e-02 1.095412235045540861e+01
5.530000000000000000e+02 2.373053644332342628e+03 9.538844779215436276e+00 5.573817423000083232e-02 1.186210656974974853e+01
5.540000000000000000e+02 2.367984476110390005e+03 9.713863691645672205e+00 5.585133348571938439e-02 1.274947159725834567e+01
5.550000000000000000e+02 2.362748903901914673e+03 9.893216067789708745e+00 5.596327837989755610e-02 1.361565863256974929e+01
5.560000000000000000e+02 2.357347184341971570e+03 1.007688649948822324e+01 5.607400480020306721e-02 1.446011627446057624e+01
5.570000000000000000e+02 2.351801855663094557e+03 1.026478538436416876e+01 5.618350909564616413e-02 1.528236736303921184e+01
5.580000000000000000e+02 2.346098311037813346e+03 1.045689749367890364e+01 5.629178806652999911e-02 1.608183068626861001e+01
5.590000000000000000e+02 2.340244225522783381e+03 1.065313340613150928e+01 5.639883895462748792e-02 1.685815524259724540e+01
5.600000000000000000e+02 2.334239842796503126e+03 1.085347807561995026e+01 5.650465943401655755e-02 1.761084138191098702e+01
5.610000000000000000e+02 2.328100260344380786e+03 1.105776798144072615e+01 5.660924760236674819e-02 1.833938935930179071e+01
5.620000000000000000e+02 2.321810859486220124e+03 1.126606254645828464e+01 5.671260197299618500e-02 1.904352217229245525e+01
5.630000000000000000e+02 2.315386732301013126e+03 1.147819843669586959e+01 5.681472146759994346e-02 1.972259127949244117e+01
5.640000000000000000e+02 2.308835539991491260e+03 1.169416097940168342e+01 5.691560540990530520e-02 2.037624513875989862e+01
5.650000000000000000e+02 2.302142656291719504e+03 1.191386131304218665e+01 5.701525352011944242e-02 2.100413205980041553e+01
5.660000000000000000e+02 2.295323166018594293e+03 1.213728495475405111e+01 5.711366591035340473e-02 2.160590019075120694e+01
5.670000000000000000e+02 2.288384723411455070e+03 1.236419466672659517e+01 5.721084308098634691e-02 2.218104893774173902e+01
5.680000000000000000e+02 2.281320123863342815e+03 1.259465044105637688e+01 5.730678591809165723e-02 2.272930036896042338e+01
5.690000000000000000e+02 2.274137017393808947e+03 1.282856379901348909e+01 5.740149569179636008e-02 2.325030206719420889e+01
5.700000000000000000e+02 2.266835623660001147e+03 1.306577207476872893e+01 5.749497405574967301e-02 2.374370139988365480e+01
5.710000000000000000e+02 2.259423588708869829e+03 1.330626126606893500e+01 5.758722304748029736e-02 2.420907122218396523e+01
5.720000000000000000e+02 2.251908556668431174e+03 1.354986890033713820e+01 5.767824508997537042e-02 2.464628128106011573e+01
5.730000000000000000e+02 2.244290741428879755e+03 1.379658116873503992e+01 5.776804299406682053e-02 2.505490393387723813e+01
5.740000000000000000e+02 2.236570355014188863e+03 1.404631007564982603e+01 5.785661996178165928e-02 2.543480840306758139e+01
5.750000000000000000e+02 2.228769892644432730e+03 1.429889343863000661e+01 5.794397959068890019e-02 2.578578934531099875e+01
5.760000000000000000e+02 2.220874705935914790e+03 1.455431773877026913e+01 5.803012587897225794e-02 2.610756683828320845e+01
5.770000000000000000e+02 2.212907286396786731e+03 1.481242098652010952e+01 5.811506323136750307e-02 2.639986065097192025e+01
5.780000000000000000e+02 2.204860410259413584e+03 1.507311557195120422e+01 5.819879646579819571e-02 2.666239023056563795e+01
5.790000000000000000e+02 2.196741708558583468e+03 1.533638826445871217e+01 5.828133082054107184e-02 2.689509753993550234e+01
5.800000000000000000e+02 2.188558810400494622e+03 1.560200307839384593e+01 5.836267196203707985e-02 2.709770134369051320e+01
5.810000000000000000e+02 2.180319342925759429e+03 1.586994697366296414e+01 5.844282599314475080e-02 2.726992004586185558e+01
5.820000000000000000e+02 2.172023502916499183e+03 1.614005843774094728e+01 5.852179946168573760e-02 2.741154596069918625e+01
5.830000000000000000e+02 2.163671485099141591e+03 1.641225033564669289e+01 5.859959936918113926e-02 2.752244530009255286e+01
5.840000000000000000e+02 2.155278338793593321e+03 1.668650990935323009e+01 5.867623317983629988e-02 2.760233531062524293e+01
5.850000000000000000e+02 2.146844254458010255e+03 1.696252735962820424e+01 5.875170882943991923e-02 2.765108139529373688e+01
5.860000000000000000e+02 2.138369420333146081e+03 1.724036439685238875e+01 5.882603473422814283e-02 2.766847425087027545e+01
5.870000000000000000e+02 2.129861450735567360e+03 1.751985997223934888e+01 5.889921979951175807e-02 2.765452698995369829e+01
5.880000000000000000e+02 2.121335386000757808e+03 1.780085312752665061e+01 5.897127342801759126e-02 2.760910371167916821e+01
5.890000000000000000e+02 2.112776550676163879e+03 1.808325727760685453e+01 5.904220552765279684e-02 2.753214234063961641e+01
5.900000000000000000e+02 2.104207408619970010e+03 1.836698592609851843e+01 5.911202651897311949e-02 2.742350604849647766e+01
5.910000000000000000e+02 2.095628136148883186e+03 1.865187838086331951e+01 5.918074734174974538e-02 2.728320609331495561e+01
5.920000000000000000e+02 2.087038907042930532e+03 1.893784831997702867e+01 5.924837946089374363e-02 2.711103039110063762e+01
5.930000000000000000e+02 2.078447320855015732e+03 1.922473522363767628e+01 5.931493487155867217e-02 2.690706348959722760e+01
5.940000000000000000e+02 2.069853546175903830e+03 1.951245294003167174e+01 5.938042610318428755e-02 2.667131514029419392e+01
5.950000000000000000e+02 2.061272605657549775e+03 1.980084111713838624e+01 5.944486622262458442e-02 2.640379457169828115e+01
5.960000000000000000e+02 2.052704662592604109e+03 2.008981376849424905e+01 5.950826883602800682e-02 2.610451047935954350e+01
5.970000000000000000e+02 2.044149877604132371e+03 2.037921070489668196e+01 5.957064808966309327e-02 2.577339673266014586e+01
5.980000000000000000e+02 2.035615836994511483e+03 2.066887181656644756e+01 5.963201866943743101e-02 2.541060949938810154e+01
5.990000000000000000e+02 2.027110124403894361e+03 2.095878563876403788e+01 5.969239579912462290e-02 2.501608153556596292e+01
6.000000000000000000e+02 2.018632892479307884e+03 2.124871793284092547e+01 5.975179523719882646e-02 2.458996787759584990e+01
6.010000000000000000e+02 2.010198966024535821e+03 2.153858736403754293e+01 5.981023327238392528e-02 2.413242075592070535e+01
6.020000000000000000e+02 2.001792726146595214e+03 2.182825543475275509e+01 5.986772671770061727e-02 2.364365718848609532e+01
6.030000000000000000e+02 1.993442939605986567e+03 2.211766226466727048e+01 5.992429290357704358e-02 2.312366852051678734e+01
6.040000000000000000e+02 1.985133800610792150e+03 2.240667376035182912e+01 5.997994966757522195e-02 2.257266834511889186e+01
6.050000000000000000e+02 1.976871786046826173e+03 2.269515589710398018e+01 6.003471534648505137e-02 2.199079536191598905e+01
6.060000000000000000e+02 1.968670798867163285e+03 2.298304900074531432e+01 6.008860876332569600e-02 2.137826193701684119e+01
6.070000000000000000e+02 1.960522454793231645e+03 2.327029346236939489e+01 6.014164921473167530e-02 2.073513124579078948e+01
6.080000000000000000e+02 1.952440652530274747e+03 2.355668116954560176e+01 6.019385645683639902e-02 2.006168868398620830e+01
6.090000000000000000e+02 1.944431860491926727e+03 2.384215263849701572e+01 6.024525068966367358e-02 1.935821901115460264e+01
6.100000000000000000e+02 1.936480260236533468e+03 2.412657416172022096e+01 6.029585254046220671e-02 1.862485777790496400e+01
6.110000000000000000e+02 1.928614601767010072e+03 2.440973780607292909e+01 6.034568304574958186e-02 1.786181417100011259e+01
6.120000000000000000e+02 1.920819063485707147e+03 2.469165854483241773e+01 6.039476363239811713e-02 1.706929672477391691e+01
6.130000000000000000e+02 1.913100107514167576e+03 2.497220283819298814e+01 6.044311609766213345e-02 1.624758759988536383e+01
6.140000000000000000e+02 1.905479051519320365e+03 2.525123719824314961e+01 6.049076258831080632e-02 1.539704257890268124e+01
6.150000000000000000e+02 1.897932642096110840e+03 2.552862818690056201e+01 6.053772557890200329e-02 1.451801677871787888e+01
6.160000000000000000e+02 1.890489623512735079e+03 2.580431669731287414e+01 6.058402784944811464e-02 1.361101321380188445e+01
6.170000000000000000e+02 1.883141597706092170e+03 2.607824366821769146e+01 6.062969246234924114e-02 1.267631137527509466e+01
6.180000000000000000e+02 1.875895022937530030e+03 2.635035008176964766e+01 6.067474273888903702e-02 1.171441292883798013e+01
6.190000000000000000e+02 1.868748928950648178e+03 2.662035411082528569e+01 6.071920223536848849e-02 1.072567029450632781e+01
6.200000000000000000e+02 1.861709773883916569e+03 2.688834538472131186e+01 6.076309471895541964e-02 9.710509494697825872e+00
6.210000000000000000e+02 1.854791444485304737e+03 2.715419071897953529e+01 6.080644414328216507e-02 8.669281585136840107e+00
6.220000000000000000e+02 1.847985542927392771e+03 2.741760839650133263e+01 6.084927462413174115e-02 7.602485503601407402e+00
6.230000000000000000e+02 1.841291100424889237e+03 2.767868814974502456e+01 6.089161041516874540e-02 6.510545217984081923e+00
6.240000000000000000e+02 1.834722005800750367e+03 2.793722260683179215e+01 6.093347588376398644e-02 5.393809725188088322e+00
6.250000000000000000e+02 1.828277292299353121e+03 2.819315299015828913e+01 6.097489548718755537e-02 4.252701617355469921e+00
6.260000000000000000e+02 1.821963422848684104e+03 2.844627197995410484e+01 6.101589374922665454e-02 3.087717081416137876e+00
6.270000000000000000e+02 1.815772005217288324e+03 2.869652084582986618e+01 6.105649523724254735e-02 1.899203048454517262e+00
6.280000000000000000e+02 1.809724362318744852e+03 2.894376659377942929e+01 6.109672453981027790e-02 6.876543279179959667e-01
6.290000000000000000e+02 1.803804677256745890e+03 2.918795053066643064e+01 6.113660624515065284e-02 -5.462863918611103875e-01
6.300000000000000000e+02 1.798026848668130015e+03 2.942901397817660225e+01 6.117616492027254382e-02 -1.802125676830596435e+00
6.310000000000000000e+02 1.792389920804795793e+03 2.966667541973898992e+01 6.121542509091754819e-02 -3.079370779046000983e+00
6.320000000000000000e+02 1.786892940409471066e+03 2.990102476594926628e+01 6.125441122247572007e-02 -4.377381068176029899e+00
6.330000000000000000e+02 1.781549813582635807e+03 3.013185480042637110e+01 6.129314770196334777e-02 -5.695739447203576056e+00
6.340000000000000000e+02 1.776352164188217785e+03 3.035903259468091875e+01 6.133165882088127685e-02 -7.033806649277296152e+00
6.350000000000000000e+02 1.771306475751755897e+03 3.058257378895123679e+01 6.136996875919993599e-02 -8.390973799164582303e+00
6.360000000000000000e+02 1.766419234896306079e+03 3.080227117200330156e+01 6.140810157057850077e-02 -9.766654982123396778e+00
6.370000000000000000e+02 1.761689503117711865e+03 3.101814037943808700e+01 6.144608116853490093e-02 -1.116022038564924834e+01
6.380000000000000000e+02 1.757116345249169854e+03 3.122997418995005603e+01 6.148393131391167998e-02 -1.257104086615235872e+01
6.390000000000000000e+02 1.752706257914397384e+03 3.143778822359804082e+01 6.152167560340194435e-02 -1.399851023025979657e+01
6.400000000000000000e+02 1.748458312918510728e+03 3.164137523802975238e+01 6.155933745930917272e-02 -1.544200214631004009e+01
6.410000000000000000e+02 1.744379014028347001e+03 3.184075082672129042e+01 6.159694012033224697e-02 -1.690088499665317912e+01
6.420000000000000000e+02 1.740460011990019211e+03 3.203570771517293281e+01 6.163450663363672505e-02 -1.837446244612105062e+01
6.430000000000000000e+02 1.736722674687367999e+03 3.222626145912295215e+01 6.167205984784626671e-02 -1.986203286377235244e+01
6.440000000000000000e+02 1.733143803685276453e+03 3.241227902422296125e+01 6.170962240716056091e-02 -2.136288188915536068e+01
6.450000000000000000e+02 1.729744774467666730e+03 3.259355306671938735e+01 6.174721674642742048e-02 -2.287631065431993349e+01
6.460000000000000000e+02 1.726524681309830612e+03 3.277009906463467104e+01 6.178486508719556458e-02 -2.440162092106491087e+01
6.470000000000000000e+02 1.723475193993557923e+03 3.294178389742012314e+01 6.182258943461572259e-02 -2.593803336269839832e+01
6.480000000000000000e+02 1.720602842863107753e+03 3.310847441012209202e+01 6.186041157511782546e-02 -2.748497726297439669e+01
6.490000000000000000e+02 1.717906733770889332e+03 3.327018597754555174e+01 6.189835307486265398e-02 -2.904152595441285101e+01
6.500000000000000000e+02 1.715400833116514377e+03 3.342678536740195483e+01 6.193643527878719968e-02 -3.060705050572166641e+01
6.510000000000000000e+02 1.713069353926342501e+03 3.357829108119450012e+01 6.197467931028965982e-02 -3.218072654382910258e+01
6.520000000000000000e+02 1.710918622879932627e+03 3.372466013002174634e+01 6.201310607124753405e-02 -3.376191182268256341e+01
6.530000000000000000e+02 1.708954926627347277e+03 3.386585268609735522e+01 6.205173624254915060e-02 -3.535006577195371591e+01
6.540000000000000000e+02 1.707177127202274733e+03 3.400182887020699241e+01 6.209059028483941006e-02 -3.694457410697589239e+01
6.550000000000000000e+02 1.705591518681957723e+03 3.413247446538766638e+01 6.212968843946271857e-02 -3.854482310313546378e+01
6.560000000000000000e+02 1.704182113742425827e+03 3.425789804812997374e+01 6.216905072946389554e-02 -4.015005101941183341e+01
6.570000000000000000e+02 1.702962642064187321e+03 3.437798528456785618e+01 6.220869696065563226e-02 -4.175979378959344501e+01
6.580000000000000000e+02 1.701931980183291444e+03 3.449269606170779667e+01 6.224864672253084541e-02 -4.337321646061288760e+01
6.590000000000000000e+02 1.701089008143900628e+03 3.460191591765935470e+01 6.228891938898770131e-02 -4.498978173358423760e+01
6.600000000000000000e+02 1.700432609450774635e+03 3.470567888939654466e+01 6.232953411879904593e-02 -4.660880425196119603e+01
6.610000000000000000e+02 1.699961671023018425e+03 3.480387037602206135e+01 6.237050985571784140e-02 -4.822959915737523318e+01
6.620000000000000000e+02 1.699682511500192959e+03 3.489644998657124830e+01 6.241186532811125037e-02 -4.985155636163302262e+01
6.630000000000000000e+02 1.699586596150334344e+03 3.498345153733279744e+01 6.245361904808144349e-02 -5.147391768436824577e+01
6.640000000000000000e+02 1.699680250233394872e+03 3.506476019868800620e+01 6.249578931006914695e-02 -5.309599969137558872e+01
6.650000000000000000e+02 1.699962373917320974e+03 3.514040962649576016e+01 6.253839418867898625e-02 -5.471719368210785461e+01
6.660000000000000000e+02 1.700424442249915046e+03 3.521035910898976340e+01 6.258145153591598842e-02 -5.633681710984256341e+01
6.670000000000000000e+02 1.701072790187086866e+03 3.527464213122019743e+01 6.262497897756313936e-02 -5.795411356853245621e+01
6.680000000000000000e+02 1.701913755876022151e+03 3.533314352201639252e+01 6.266899390889595078e-02 -5.956840134634507677e+01
6.690000000000000000e+02 1.702931395594730475e+03 3.538582230199999401e+01 6.271351348943761395e-02 -6.117907341188636394e+01
6.700000000000000000e+02 1.704139482201107512e+03 3.543278596463016328e+01 6.275855463696221326e-02 -6.278537454961247732e+01
6.710000000000000000e+02 1.705529506685826618e+03 3.547399333977532621e+01 6.280413402053357241e-02 -6.438662419595821973e+01
6.720000000000000000e+02 1.707100391585541502e+03 3.550932887483773470e+01 6.285026805281740403e-02 -6.598221642466720027e+01
6.730000000000000000e+02 1.708851062652551491e+03 3.553889976642781079e+01 6.289697288137301168e-02 -6.757132279782840101e+01
6.740000000000000000e+02 1.710780448882492919e+03 3.556266454055968751e+01 6.294426437917279016e-02 -6.915341233516514308e+01
6.750000000000000000e+02 1.712894910900055493e+03 3.558058161740939340e+01 6.299215813430328326e-02 -7.072765723051956854e+01
6.760000000000000000e+02 1.715185955951364122e+03 3.559268359261737658e+01 6.304066943875320794e-02 -7.229337853711486162e+01
6.770000000000000000e+02 1.717652523005362127e+03 3.559900295163399875e+01 6.308981327656204563e-02 -7.384997186805166791e+01
6.780000000000000000e+02 1.720286126111184331e+03 3.559942350061205474e+01 6.313960431116663607e-02 -7.539653596255668333e+01
6.790000000000000000e+02 1.723100567863935112e+03 3.559397749836503522e+01 6.319005687212653211e-02 -7.693239265403352078e+01
6.800000000000000000e+02 1.726087369374468835e+03 3.558269708736252568e+01 6.324118494109029487e-02 -7.845686400287191020e+01
6.810000000000000000e+02 1.729238055397444214e+03 3.556546572477861901e+01 6.329300213743696557e-02 -7.996904942905128166e+01
6.820000000000000000e+02 1.732551582764354180e+03 3.554238959811234366e+01 6.334552170328140719e-02 -8.146834567957529316e+01
6.830000000000000000e+02 1.736034340471185260e+03 3.551335192233596416e+01 6.339875648813661502e-02 -8.295392682668929751e+01
6.840000000000000000e+02 1.739685293069780528e+03 3.547845863912977649e+01 6.345271893326440149e-02 -8.442526423496248356e+01
6.850000000000000000e+02 1.743488552412961781e+03 3.543781556465187066e+01 6.350742105577981966e-02 -8.588168084268009750e+01
6.860000000000000000e+02 1.747450519503885289e+03 3.539137982086881351e+01 6.356287443262804981e-02 -8.732212829359781381e+01
6.870000000000000000e+02 1.751570171195100556e+03 3.533933125146306509e+01 6.361909018452049924e-02 -8.874682115612610289e+01
6.880000000000000000e+02 1.755846488639977451e+03 3.528155243577058542e+01 6.367607895992413725e-02 -9.015508268376768797e+01
6.890000000000000000e+02 1.760278457394156931e+03 3.521822295531691793e+01 6.373385091913248701e-02 -9.154549336402587301e+01
6.900000000000000000e+02 1.764857639166150193e+03 3.514944797488234229e+01 6.379241571872164285e-02 -9.291737657026386898e+01
6.910000000000000000e+02 1.769583028617216542e+03 3.507510967413713132e+01 6.385178249616964286e-02 -9.427079854343409693e+01
6.920000000000000000e+02 1.774453625108139704e+03 3.499531294735974285e+01 6.391195985504469212e-02 -9.560508270368934802e+01
6.930000000000000000e+02 1.779468432793019701e+03 3.491008826819398081e+01 6.397295585058240808e-02 -9.691955246701458293e+01
6.940000000000000000e+02 1.784619032358725462e+03 3.481954025548537857e+01 6.403477797604976984e-02 -9.821278839176687825e+01
6.950000000000000000e+02 1.789911866160418640e+03 3.472362482167025632e+01 6.409743314962559890e-02 -9.948485666528635818e+01
6.960000000000000000e+02 1.795323668199068834e+03 3.462229773874275196e+01 6.416092770217322883e-02 -1.007343377453154432e+02
6.970000000000000000e+02 1.800875747696443341e+03 3.451581177129307321e+01 6.422526736579671491e-02 -1.019612976816144396e+02
6.980000000000000000e+02 1.806544848957312979e+03 3.440404812407984281e+01 6.429045726343456113e-02 -1.031643167573848388e+02
6.990000000000000000e+02 1.812344863279441824e+03 3.428711070921232107e+01 6.435650189931772791e-02 -1.043434608109131148e+02
7.000000000000000000e+02 1.818259973849949347e+03 3.416510329487265807e+01 6.442340515052787098e-02 -1.054980527120709723e+02
7.010000000000000000e+02 1.824289360837645063e+03 3.403805338273738812e+01 6.449117025968306716e-02 -1.066274397162334964e+02
7.020000000000000000e+02 1.830425321226211736e+03 3.390598097572419078e+01 6.455979982875940937e-02 -1.077310670577759879e+02
7.030000000000000000e+02 1.836675149030166267e+03 3.376905265955535640e+01 6.462929581407010626e-02 -1.088091471550126954e+02
7.040000000000000000e+02 1.843038715301576985e+03 3.362721202312510371e+01 6.469965952249505381e-02 -1.098596637146356727e+02
7.050000000000000000e+02 1.849493611427544238e+03 3.348062535909032533e+01 6.477089160888603592e-02 -1.108835715587885460e+02
7.060000000000000000e+02 1.856062004269276940e+03 3.332931024600453895e+01 6.484299207478809446e-02 -1.118795967618855229e+02
7.070000000000000000e+02 1.862721495934608356e+03 3.317343268204536599e+01 6.491596026838260258e-02 -1.128479508078351188e+02
7.080000000000000000e+02 1.869471978894350968e+03 3.301286138378848278e+01 6.498979488565818918e-02 -1.137888449022023565e+02
7.090000000000000000e+02 1.876320779234489692e+03 3.284791062109374593e+01 6.506449397282354496e-02 -1.147002614494681865e+02
7.100000000000000000e+02 1.883252943196532442e+03 3.267852309851106440e+01 6.514005492997490543e-02 -1.155831538806691015e+02
7.110000000000000000e+02 1.890268378858911319e+03 3.250478993980433273e+01 6.521647451587589406e-02 -1.164369896258501882e+02
7.120000000000000000e+02 1.897374427705913376e+03 3.232680212102614803e+01 6.529374885394659267e-02 -1.172604929318388542e+02
7.130000000000000000e+02 1.904548722784940992e+03 3.214457618716879495e+01 6.537187343933512085e-02 -1.180538733502211244e+02
7.140000000000000000e+02 1.911798615406721638e+03 3.195827710289956514e+01 6.545084314702076522e-02 -1.188165972153280876e+02
7.150000000000000000e+02 1.919124033282406572e+03 3.176792111885312053e+01 6.553065224095931673e-02 -1.195488732975129267e+02
7.160000000000000000e+02 1.926510052052321498e+03 3.157352433901395017e+01 6.561129438414955994e-02 -1.202501671165003501e+02
7.170000000000000000e+02 1.933956608557175741e+03 3.137517700467186543e+01 6.569276264951651179e-02 -1.209192009249641728e+02
7.180000000000000000e+02 1.941463643999619535e+03 3.117296921144820487e+01 6.577504953170593138e-02 -1.215561821973633272e+02
7.190000000000000000e+02 1.949023675448552012e+03 3.096706519340342467e+01 6.585814695944269825e-02 -1.221605751088169143e+02
7.200000000000000000e+02 1.956636652387423510e+03 3.075748047321104650e+01 6.594204630867095407e-02 -1.227333290243231119e+02
7.210000000000000000e+02 1.964295099855527951e+03 3.054445328042865171e+01 6.602673841613551642e-02 -1.232731643079768844e+02
7.220000000000000000e+02 1.971998974985083123e+03 3.032799885131839446e+01 6.611221359348605497e-02 -1.237802864826411309e+02
7.230000000000000000e+02 1.979748238483166915e+03 3.010835513077497794e+01 6.619846164174121583e-02 -1.242549005446505959e+02
7.240000000000000000e+02 1.987535426110105618e+03 2.988561135580368244e+01 6.628547186607980368e-02 -1.246964681137532693e+02
7.250000000000000000e+02 1.995360505205914251e+03 2.965985662359375397e+01 6.637323309076186006e-02 -1.251044502533178360e+02
7.260000000000000000e+02 2.003216017813899043e+03 2.943117989266465528e+01 6.646173367422428258e-02 -1.254797931257867560e+02
7.270000000000000000e+02 2.011101937204286060e+03 2.919974426759279140e+01 6.655096152420772460e-02 -1.258212138031789635e+02
7.280000000000000000e+02 2.019018239346976088e+03 2.896556414980627281e+01 6.664090411274338488e-02 -1.261296572630959645e+02
7.290000000000000000e+02 2.026942617684519973e+03 2.872887665647767363e+01 6.673154849114810994e-02 -1.264030965296352775e+02
7.300000000000000000e+02 2.034889909759371903e+03 2.848962163746469400e+01 6.682288130462846198e-02 -1.266432181749405430e+02
7.310000000000000000e+02 2.042852670239481995e+03 2.824803594486594704e+01 6.691488880676971229e-02 -1.268494796255666870e+02
7.320000000000000000e+02 2.050816027449462581e+03 2.800413345011701693e+01 6.700755687348913803e-02 -1.270205948193398342e+02
7.330000000000000000e+02 2.058787396606066977e+03 2.775815074669599625e+01 6.710087101672108922e-02 -1.271575055325153585e+02
7.340000000000000000e+02 2.066759337905899883e+03 2.751002716737351150e+01 6.719481639754634750e-02 -1.272589243569386213e+02
7.350000000000000000e+02 2.074716984719725588e+03 2.726007333757924300e+01 6.728937783873464862e-02 -1.273265345327877895e+02
7.360000000000000000e+02 2.082675185193457764e+03 2.700837690930173807e+01 6.738453983680610382e-02 -1.273590472562026008e+02
7.370000000000000000e+02 2.090611646951835155e+03 2.675495113008875947e+01 6.748028657338266123e-02 -1.273566586775291114e+02
7.380000000000000000e+02 2.098533792113236814e+03 2.650003197912706909e+01 6.757660192592365722e-02 -1.273195642196346569e+02
7.390000000000000000e+02 2.106434187057762756e+03 2.624370675187381963e+01 6.767346947776264887e-02 -1.272472157315229850e+02
7.400000000000000000e+02 2.114305399004655101e+03 2.598613691278095317e+01 6.777087252745189749e-02 -1.271390643122794017e+02
7.410000000000000000e+02 2.122139995896804521e+03 2.572748381408176854e+01 6.786879409737288371e-02 -1.269967888053511871e+02
7.420000000000000000e+02 2.129937974643256894e+03 2.546783441464865305e+01 6.796721694165240579e-02 -1.268198387778935086e+02
7.430000000000000000e+02 2.137699332669080377e+03 2.520734984942845713e+01 6.806612355332984643e-02 -1.266076630156358220e+02
7.440000000000000000e+02 2.145409211122868783e+03 2.494619114843925800e+01 6.816549617084299850e-02 -1.263604523480001660e+02
7.450000000000000000e+02 2.153067608193583965e+03 2.468451923933733383e+01 6.826531678382791180e-02 -1.260783968034764797e+02
7.460000000000000000e+02 2.160667093983377072e+03 2.442242066654799260e+01 6.836556713823126186e-02 -1.257624284353608886e+02
7.470000000000000000e+02 2.168207667139200112e+03 2.416005616096895281e+01 6.846622874080779408e-02 -1.254112499726883101e+02
7.480000000000000000e+02 2.175681898090699633e+03 2.389751207572713554e+01 6.856728286303452602e-02 -1.250257918217407251e+02
7.490000000000000000e+02 2.183089785696084164e+03 2.363494895600755186e+01 6.866871054445493339e-02 -1.246062407176365667e+02
7.500000000000000000e+02 2.190423900493578913e+03 2.337252725843500656e+01 6.877049259552509008e-02 -1.241527825513840355e+02
7.510000000000000000e+02 2.197676984961583912e+03 2.311032739858575624e+01 6.887260959999229326e-02 -1.236648550518752501e+02
7.520000000000000000e+02 2.204842469337869261e+03 2.284848130520577669e+01 6.897504191695714992e-02 -1.231426200226000560e+02
7.530000000000000000e+02 2.211928812433504845e+03 2.258704087204768030e+01 6.907776968247937577e-02 -1.225877195958140504e+02
7.540000000000000000e+02 2.218929616253447875e+03 2.232613219991313258e+01 6.918077281101837894e-02 -1.219988236911894575e+02
7.550000000000000000e+02 2.225838482674330407e+03 2.206595559981297328e+01 6.928403099671022469e-02 -1.213768298548095430e+02
7.560000000000000000e+02 2.232649013424995246e+03 2.180656274566957009e+01 6.938752371439799171e-02 -1.207218919132666457e+02
7.570000000000000000e+02 2.239377095120322338e+03 2.154815381158431364e+01 6.949123022070244349e-02 -1.200341628032710020e+02
7.580000000000000000e+02 2.246008900794404781e+03 2.129070605762830581e+01 6.959512955511655552e-02 -1.193152802366765997e+02
7.590000000000000000e+02 2.252545459988082257e+03 2.103449381770690962e+01 6.969920054112167807e-02 -1.185639096857065766e+02
7.600000000000000000e+02 2.258980373684618371e+03 2.077956851843083896e+01 6.980342178760932936e-02 -1.177809442239093016e+02
7.610000000000000000e+02 2.265314670996262976e+03 2.052605581655474509e+01 6.990777169033955685e-02 -1.169665331822520926e+02
7.620000000000000000e+02 2.271541952448735174e+03 2.027400703543821692e+01 7.001222843393846429e-02 -1.161208249807587265e+02
7.630000000000000000e+02 2.277663246664897088e+03 2.002354773555264345e+01 7.011676999408125721e-02 -1.152447099605724503e+02
7.640000000000000000e+02 2.283664725294663185e+03 1.977472915101162343e+01 7.022137414024504087e-02 -1.143368490413254790e+02
7.650000000000000000e+02 2.289547416393463209e+03 1.952775104364554082e+01 7.032601843890559645e-02 -1.133988735642207786e+02
7.660000000000000000e+02 2.295312347695355584e+03 1.928266457258830968e+01 7.043068025731107074e-02 -1.124301854452072149e+02
7.670000000000000000e+02 2.300945689881669296e+03 1.903944658140420287e+01 7.053533676790542384e-02 -1.114309285138784418e+02
7.680000000000000000e+02 2.306455898296346277e+03 1.879837101925049581e+01 7.063996495333857428e-02 -1.104012456777006577e+02
7.690000000000000000e+02 2.311821714452690230e+03 1.855956324353630649e+01 7.074454161226437221e-02 -1.093427645917743831e+02
7.700000000000000000e+02 2.317059021138048593e+03 1.832307430712085150e+01 7.084904336583273954e-02 -1.082556263189097905e+02
7.710000000000000000e+02 2.322153987207484533e+03 1.808902952903425998e+01 7.095344666498165642e-02 -1.071399710003199317e+02
7.720000000000000000e+02 2.327100209274062308e+03 1.785762849821150411e+01 7.105772779855183685e-02 -1.059959378567357078e+02
7.730000000000000000e+02 2.331906139990934207e+03 1.762892222673537290e+01 7.116186290213824539e-02 -1.048251508600466195e+02
7.740000000000000000e+02 2.336557946224479565e+03 1.740303600410904394e+01 7.126582796785595197e-02 -1.036277473952697648e+02
7.750000000000000000e+02 2.341056650722295672e+03 1.718009511753160012e+01 7.136959885493270039e-02 -1.024038639331507312e+02
7.760000000000000000e+02 2.345410703671938336e+03 1.696022485568749616e+01 7.147315130106494940e-02 -1.011551217032480849e+02
7.770000000000000000e+02 2.349613697551347286e+03 1.674347622904306832e+01 7.157646093472316839e-02 -9.988091252232869977e+01
7.780000000000000000e+02 2.353666652072977286e+03 1.652997454065883076e+01 7.167950328812879024e-02 -9.858285580852565033e+01
7.790000000000000000e+02 2.357570585719226528e+03 1.631977082299832915e+01 7.178225381111569270e-02 -9.726034157568430771e+01
7.800000000000000000e+02 2.361319087270313048e+03 1.611306469225458216e+01 7.188468788572585644e-02 -9.591573028352236463e+01
7.810000000000000000e+02 2.364920600725818986e+03 1.590983293466034887e+01 7.198678084151977075e-02 -9.454841016290427547e+01
7.820000000000000000e+02 2.368361283417199502e+03 1.571020092782552879e+01 7.208850797157047297e-02 -9.315925423195417920e+01
7.830000000000000000e+02 2.371649575966352586e+03 1.551429407755808754e+01 7.218984454913050797e-02 -9.174764896240669998e+01
7.840000000000000000e+02 2.374771632034910454e+03 1.532216353818704846e+01 7.229076584483207224e-02 -9.031520846166955607e+01
7.850000000000000000e+02 2.377728459920486785e+03 1.513386049988876358e+01 7.239124714445525910e-02 -8.886131747009557103e+01
7.860000000000000000e+02 2.380506208995385805e+03 1.494951047601015581e+01 7.249126376716794051e-02 -8.738610270898736587e+01
7.870000000000000000e+02 2.383113311292868275e+03 1.476916473988025125e+01 7.259079108413951653e-02 -8.589117572400623146e+01
7.880000000000000000e+02 2.385543339586836737e+03 1.459294889562621123e+01 7.268980453751493209e-02 -8.437517588388277545e+01
7.890000000000000000e+02 2.387782435569601148e+03 1.442098859847508940e+01 7.278827965963349800e-02 -8.284045590497446199e+01
7.900000000000000000e+02 2.389846451427930788e+03 1.425333527504762188e+01 7.288619209252128472e-02 -8.128639634584165208e+01
7.910000000000000000e+02 2.391721522863868358e+03 1.409018897765295897e+01 7.298351760734274329e-02 -7.971609113273667901e+01
7.920000000000000000e+02 2.393416067368066251e+03 1.393167553755782428e+01 7.308023212406614122e-02 -7.812891922007648304e+01
7.930000000000000000e+02 2.394923642289657437e+03 1.377792085225418894e+01 7.317631173094235608e-02 -7.652648728181715398e+01
7.940000000000000000e+02 2.396245229708469196e+03 1.362897660570890856e+01 7.327173270400764993e-02 -7.490965838297486812e+01
7.950000000000000000e+02 2.397374379557100838e+03 1.348504312260930504e+01 7.336647152631167734e-02 -7.328003766173654299e+01
7.960000000000000000e+02 2.398319494496185598e+03 1.334609795457325809e+01 7.346050490685958334e-02 -7.163700100185283759e+01
7.970000000000000000e+02 2.399081544690865485e+03 1.321219301786500111e+01 7.355380979928877183e-02 -6.998215205570609498e+01
7.980000000000000000e+02 2.399654067641507481e+03 1.308338031358021780e+01 7.364636342012338688e-02 -6.831560808252071126e+01
7.990000000000000000e+02 2.400045453069445557e+03 1.295971193131414445e+01 7.373814326650704465e-02 -6.663822846718213100e+01
8.000000000000000000e+02 2.400249229355968509e+03 1.284124005280863301e+01 7.382912713342537625e-02 -6.494938622930600047e+01
8.010000000000000000e+02 2.400266391299332099e+03 1.272793903150113159e+01 7.391929313032677418e-02 -6.325139454691876750e+01
8.020000000000000000e+02 2.400105528548537677e+03 1.261976875790853647e+01 7.400861969706837296e-02 -6.154347258816051180e+01
8.030000000000000000e+02 2.399752983479836530e+03 1.251698271893109471e+01 7.409708561917202618e-02 -5.982629403973823656e+01
8.040000000000000000e+02 2.399217378304500471e+03 1.241946309045040309e+01 7.418467004228790351e-02 -5.810127478855654459e+01
8.050000000000000000e+02 2.398485044842338993e+03 1.232746357587273955e+01 7.427135248588678795e-02 -5.636760159762033595e+01
8.060000000000000000e+02 2.397549737806430585e+03 1.224094085809396759e+01 7.435711285611795729e-02 -5.462743196755334907e+01
8.070000000000000000e+02 2.396412634696012901e+03 1.216000030396922860e+01 7.444193145779144649e-02 -5.287920863804701099e+01
8.080000000000000000e+02 2.395074907348661327e+03 1.208474740072793807e+01 7.452578900541283191e-02 -5.112583079012826914e+01
8.090000000000000000e+02 2.393530293502362838e+03 1.201521347585451949e+01 7.460866663342480276e-02 -4.936648287818509573e+01
8.100000000000000000e+02 2.391779953418473724e+03 1.195142998393542122e+01 7.469054590542807681e-02 -4.760183449273826284e+01
8.110000000000000000e+02 2.389825041464288461e+03 1.189342850996274592e+01 7.477140882250414566e-02 -4.583344611030268112e+01
8.120000000000000000e+02 2.387681562756848507e+03 1.184109220558974052e+01 7.485123783065303349e-02 -4.406191202397886286e+01
8.130000000000000000e+02 2.385343231365561678e+03 1.179452720985848657e+01 7.493001582722931542e-02 -4.228812318141013549e+01
8.140000000000000000e+02 2.382818612027900144e+03 1.175369123485488743e+01 7.500772616655983216e-02 -4.051289578593362961e+01
8.150000000000000000e+02 2.380116263423856708e+03 1.171854213583116255e+01 7.508435266460283808e-02 -3.873704559898264677e+01
8.160000000000000000e+02 2.377237309811040632e+03 1.168918648127589144e+01 7.515987960280016977e-02 -3.696138795921102371e+01
8.170000000000000000e+02 2.374175441020231574e+03 1.166558242191415928e+01 7.523429173103877987e-02 -3.518636638431691921e+01
8.180000000000000000e+02 2.370931769161382363e+03 1.164776254416779366e+01 7.530757426988154979e-02 -3.341212687408153670e+01
8.190000000000000000e+02 2.367499971938275849e+03 1.163568530604320372e+01 7.537971291198986012e-02 -3.163903791461040171e+01
8.200000000000000000e+02 2.363873721023210237e+03 1.162953217397174477e+01 7.545069382284892712e-02 -2.986746764772501805e+01
8.210000000000000000e+02 2.360046682090309332e+03 1.162918764105753766e+01 7.552050364084292311e-02 -2.809770960752274860e+01
8.220000000000000000e+02 2.356019943207476899e+03 1.163475921429267856e+01 7.558912947670297366e-02 -2.632998274059027821e+01
8.230000000000000000e+02 2.351787158185496082e+03 1.164620599967226866e+01 7.565655891239873865e-02 -2.456472856036627661e+01
8.240000000000000000e+02 2.347356831685718134e+03 1.166356155525669358e+01 7.572277999952430061e-02 -2.280290830163130522e+01
8.250000000000000000e+02 2.342737462583245815e+03 1.168678532664604219e+01 7.578778125729715431e-02 -2.104563152359078870e+01
8.260000000000000000e+02 2.337930115686496720e+03 1.171591121638678246e+01 7.585155167009607902e-02 -1.929400756356947610e+01
8.270000000000000000e+02 2.332943278513000223e+03 1.175082473578555486e+01 7.591408068474361781e-02 -1.754914555780348806e+01
8.280000000000000000e+02 2.327778004668998165e+03 1.179156014115772066e+01 7.597535820752877866e-02 -1.581200589530876321e+01
8.290000000000000000e+02 2.322450198984431609e+03 1.183807758547324340e+01 7.603537460103536316e-02 -1.408377165633743289e+01
8.300000000000000000e+02 2.316960904199605920e+03 1.189041168742764576e+01 7.609412068084150937e-02 -1.236540293236641119e+01
8.310000000000000000e+02 2.311311157756083503e+03 1.194844868291068529e+01 7.615158771217629685e-02 -1.065719114613509788e+01
8.320000000000000000e+02 2.305494563538865805e+03 1.201222356090069177e+01 7.620776740653445458e-02 -8.959576191264620348e+00
8.330000000000000000e+02 2.299504720320408524e+03 1.208177149824988383e+01 7.626265191840332636e-02 -7.272700752363501664e+00
8.340000000000000000e+02 2.293350078555542041e+03 1.215705357787632224e+01 7.631623384204481997e-02 -5.596856027182622206e+00
8.350000000000000000e+02 2.287016798724637738e+03 1.223803107386301292e+01 7.636850620846767634e-02 -3.932407464262683838e+00
8.360000000000000000e+02 2.280498464828363012e+03 1.232473973645747201e+01 7.641946248261663466e-02 -2.279497650074909121e+00
8.370000000000000000e+02 2.273803512830420004e+03 1.241714122646260421e+01 7.646909656083829276e-02 -6.386405981839750057e-01
8.380000000000000000e+02 2.266940374047671867e+03 1.251519740003247350e+01 7.651740276859585188e-02 9.895010801330516026e-01
8.390000000000000000e+02 2.259895190187615754e+03 1.261879602635901776e+01 7.656437585855672967e-02 2.603893304277198339e+00
8.400000000000000000e+02 2.252698668585930591e+03 1.272789935576104448e+01 7.661001100904901717e-02 4.203724771277840055e+00
8.410000000000000000e+02 2.245344370435639576e+03 1.284239555365696717e+01 7.665430382290128186e-02 5.787961233747795475e+00
8.420000000000000000e+02 2.237840709316962602e+03 1.296224726844031316e+01 7.669725032670976494e-02 7.355791179915296851e+00
8.430000000000000000e+02 2.230188666220483810e+03 1.308734306523729707e+01 7.673884697056031212e-02 8.906254395182237715e+00
8.440000000000000000e+02 2.222411503017573523e+03 1.321757171006334097e+01 7.677909062816029584e-02 1.043846479176274578e+01
8.450000000000000000e+02 2.214487907372783866e+03 1.335297073737316609e+01 7.681797859741268386e-02 1.195198180539332355e+01
8.460000000000000000e+02 2.206433704656271857e+03 1.349350359998899940e+01 7.685550860154616304e-02 1.344616410813111074e+01
8.470000000000000000e+02 2.198235002846085536e+03 1.363920823643203128e+01 7.689167879055265609e-02 1.492062271706736887e+01
8.480000000000000000e+02 2.189900191029226789e+03 1.378997422063197931e+01 7.692648774314414517e-02 1.637482727119591885e+01
8.490000000000000000e+02 2.181422797694437122e+03 1.394583989604502960e+01 7.695993446910252833e-02 1.780829766236999845e+01
8.500000000000000000e+02 2.172796347471495665e+03 1.410676952514542926e+01 7.699201841207325980e-02 1.922053715976386101e+01
8.510000000000000000e+02 2.164036512461765142e+03 1.427280447675833486e+01 7.702273945267334998e-02 2.061109556975398505e+01
8.520000000000000000e+02 2.155136140903797241e+03 1.444369966964129404e+01 7.705209791195694047e-02 2.197966218768781488e+01
8.530000000000000000e+02 2.146102800209777342e+03 1.461943569536733278e+01 7.708009455523419373e-02 2.332595794915134135e+01
8.540000000000000000e+02 2.136936625687694686e+03 1.479984477994603154e+01 7.710673059605635538e-02 2.464970342890419275e+01
8.550000000000000000e+02 2.127660033957113228e+03 1.498483363379652467e+01 7.713200770057974942e-02 2.595061882102815076e+01
8.560000000000000000e+02 2.118258296157941004e+03 1.517430916760690529e+01 7.715592799195888918e-02 2.722846106094604224e+01
8.570000000000000000e+02 2.108753821460081781e+03 1.536802992458866868e+01 7.717849405494188464e-02 2.848294209395986698e+01
8.580000000000000000e+02 2.099146730265380029e+03 1.556605178065007955e+01 7.719970894051535193e-02 2.971369914236766618e+01
8.590000000000000000e+02 2.089437139259566266e+03 1.576820795893747196e+01 7.721957617060111467e-02 3.092014611910732924e+01
8.600000000000000000e+02 2.079625161411193403e+03 1.597455472981098801e+01 7.723809974270841316e-02 3.210169645904760927e+01
8.610000000000000000e+02 2.069718334319069982e+03 1.618499999219648444e+01 7.725528413445316434e-02 3.325768881640797758e+01
8.620000000000000000e+02 2.059709335157486748e+03 1.639945183936015383e+01 7.727113430798973615e-02 3.438746132932615751e+01
8.630000000000000000e+02 2.049613122422789729e+03 1.661804140809265817e+01 7.728565571420414893e-02 3.549042588457270853e+01
8.640000000000000000e+02 2.039422365827116437e+03 1.684060289277711675e+01 7.729885429663478635e-02 3.656584524840684480e+01
8.650000000000000000e+02 2.029137159695138962e+03 1.706711924490009125e+01 7.731073649508189705e-02 3.761327874911048497e+01
8.660000000000000000e+02 2.018772451311133636e+03 1.729749932095255716e+01 7.732130924882694989e-02 3.863258225866793083e+01
8.670000000000000000e+02 2.008313470815971414e+03 1.753165216425498230e+01 7.733057999946531258e-02 3.962398245811341013e+01
8.680000000000000000e+02 1.997767729659607539e+03 1.776941271969358027e+01 7.733855669316466730e-02 4.058733398452194052e+01
8.690000000000000000e+02 1.987142735553883540e+03 1.801069039888178125e+01 7.734524778247504895e-02 4.152286224822651661e+01
8.700000000000000000e+02 1.976431135778954285e+03 1.825546907823631670e+01 7.735066222752647047e-02 4.243049486366983558e+01
8.710000000000000000e+02 1.965640430595115049e+03 1.850350996296463890e+01 7.735480949658919692e-02 4.331038161648455542e+01
8.720000000000000000e+02 1.954778116557548401e+03 1.875472300249788660e+01 7.735769956596001695e-02 4.416252302873856905e+01
8.730000000000000000e+02 1.943836829835973049e+03 1.900894403782836051e+01 7.735934291920557038e-02 4.498654749138727738e+01
8.740000000000000000e+02 1.932831487991386211e+03 1.926615764978829048e+01 7.735975054561559927e-02 4.578223123196040234e+01
8.750000000000000000e+02 1.921762148256080764e+03 1.952620002273871336e+01 7.735893393791108685e-02 4.654912688043600610e+01
8.760000000000000000e+02 1.910636292621799612e+03 1.978890750920244201e+01 7.735690508921623521e-02 4.728700915386773573e+01
8.770000000000000000e+02 1.899453971183126896e+03 2.005411662742240253e+01 7.735367648914849570e-02 4.799535485571383475e+01
8.780000000000000000e+02 1.888237515589142504e+03 2.032173834235411647e+01 7.734926111921851255e-02 4.867401141144969756e+01
8.790000000000000000e+02 1.876972112299098853e+03 2.059168377958593155e+01 7.734367244727392843e-02 4.932252830138870081e+01
8.800000000000000000e+02 1.865672657799554372e+03 2.086378993919304747e+01 7.733692442122724886e-02 4.994067702980623125e+01
8.810000000000000000e+02 1.854331760224866230e+03 2.113796826003368778e+01 7.732903146196690169e-02 5.052815397581004930e+01
8.820000000000000000e+02 1.842964309538386260e+03 2.141420461697595101e+01 7.732000845539399592e-02 5.108472894551062637e+01
8.830000000000000000e+02 1.831562907518150041e+03 2.169226218405080786e+01 7.730987074374359724e-02 5.161002230697504700e+01
8.840000000000000000e+02 1.820127581252556411e+03 2.197220141606960198e+01 7.729863411609319557e-02 5.210387639350918931e+01
8.850000000000000000e+02 1.808665783242472116e+03 2.225386006114391435e+01 7.728631479814485061e-02 5.256590978873256148e+01
8.860000000000000000e+02 1.797177534810145517e+03 2.253707600816835921e+01 7.727292944126468166e-02 5.299596301401614795e+01
8.870000000000000000e+02 1.785662854566031228e+03 2.282183585073903487e+01 7.725849511085357280e-02 5.339409851525101658e+01
8.880000000000000000e+02 1.774136615232801660e+03 2.310797774999544174e+01 7.724302927408026320e-02 5.376045208297107081e+01
8.890000000000000000e+02 1.762583973674036542e+03 2.339526571491354190e+01 7.722654978698055561e-02 5.409530712335578784e+01
8.900000000000000000e+02 1.751027226183049834e+03 2.368368673304498628e+01 7.720907488104312988e-02 5.439864894510184001e+01
8.910000000000000000e+02 1.739458953473241536e+03 2.397307934967271592e+01 7.719062314919800105e-02 5.467075901572997054e+01
8.920000000000000000e+02 1.727886590927854968e+03 2.426328223142264306e+01 7.717121353144214269e-02 5.491169496576872433e+01
8.930000000000000000e+02 1.716310143702697360e+03 2.455420844631157351e+01 7.715086529996881270e-02 5.512166199539655764e+01
8.940000000000000000e+02 1.704744471935138108e+03 2.484554832622110965e+01 7.712959804403182740e-02 5.530071573000444118e+01
8.950000000000000000e+02 1.693174720805132893e+03 2.513736373133999180e+01 7.710743165443123548e-02 5.544883649372771828e+01
8.960000000000000000e+02 1.681623175853767634e+03 2.542934521149963345e+01 7.708438630781357104e-02 5.556622643395662209e+01
8.970000000000000000e+02 1.670082408000539999e+03 2.572140627049276063e+01 7.706048245076743686e-02 5.565286381130717785e+01
8.980000000000000000e+02 1.658559843817068895e+03 2.601338622829996794e+01 7.703574078381782153e-02 5.570880012511580759e+01
8.990000000000000000e+02 1.647062909000921081e+03 2.630505021726402504e+01 7.701018224536637646e-02 5.573416010543673593e+01
9.000000000000000000e+02 1.635591600201231358e+03 2.659638631221196192e+01 7.698382799561057088e-02 5.572891885505807608e+01
9.010000000000000000e+02 1.624145751103610337e+03 2.688709211958607526e+01 7.695669940053631586e-02 5.569319449572753200e+01
9.020000000000000000e+02 1.612739401981351421e+03 2.717718877424786328e+01 7.692881801603015934e-02 5.562708615222192066e+01
9.030000000000000000e+02 1.601371573797932115e+03 2.746655550159153591e+01 7.690020557215224151e-02 5.553053882205885117e+01
9.040000000000000000e+02 1.590041287525911230e+03 2.775507160281314256e+01 7.687088395762695092e-02 5.540371926860809282e+01
9.050000000000000000e+02 1.578754992672084427e+03 2.804261645071178677e+01 7.684087520461120591e-02 5.524664459891737778e+01
9.060000000000000000e+02 1.567511710750012298e+03 2.832921805243431024e+01 7.681020147379574725e-02 5.505933082665178802e+01
9.070000000000000000e+02 1.556325320501410260e+03 2.861460734413917351e+01 7.677888503983912316e-02 5.484186715213643026e+01
9.080000000000000000e+02 1.545187416312639471e+03 2.889873817113238630e+01 7.674694827723649304e-02 5.459449024301329700e+01
9.090000000000000000e+02 1.534104450130339956e+03 2.918163871642151364e+01 7.671441364659593865e-02 5.431736138151062931e+01
9.100000000000000000e+02 1.523075446571251177e+03 2.946311436220605273e+01 7.668130368140395337e-02 5.401071502985389117e+01
9.110000000000000000e+02 1.512106859779073829e+03 2.974304481933027589e+01 7.664764097531147347e-02 5.367478454580454894e+01
9.120000000000000000e+02 1.501205145225993647e+03 3.002138412266984702e+01 7.661344816987532280e-02 5.330980218234209644e+01
9.130000000000000000e+02 1.490369331509283256e+03 3.029808634296117731e+01 7.657874794292525433e-02 5.291599908799030061e+01
9.140000000000000000e+02 1.479598448843195229e+03 3.057295701507500851e+01 7.654356299737762048e-02 5.249353102428895568e+01
9.150000000000000000e+02 1.468891529195137082e+03 3.084595026725364875e+01 7.650791605074436230e-02 5.204270121792496440e+01
9.160000000000000000e+02 1.458262463116674553e+03 3.111702024928382571e+01 7.647182982509218019e-02 5.156381179600165154e+01
9.170000000000000000e+02 1.447702858116948846e+03 3.138589827711981428e+01 7.643532703764241432e-02 5.105701522195840880e+01
9.180000000000000000e+02 1.437211752182389091e+03 3.165261281248678316e+01 7.639843039189277152e-02 5.052276000015918100e+01
9.190000000000000000e+02 1.426803042239645265e+03 3.191696947340680168e+01 7.636116256932279356e-02 4.996119641209256912e+01
9.200000000000000000e+02 1.416475770861214414e+03 3.217892244671547530e+01 7.632354622160589241e-02 4.937262222224978103e+01
9.210000000000000000e+02 1.406221554716277524e+03 3.243827734901947935e+01 7.628560396338079919e-02 4.875733411662082517e+01
9.220000000000000000e+02 1.396054298066303318e+03 3.269498835564077410e+01 7.624735836546239764e-02 4.811585055933517907e+01
9.230000000000000000e+02 1.385980479452774944e+03 3.294900962851563975e+01 7.620883194859026655e-02 4.744854038190808865e+01
9.240000000000000000e+02 1.375984295079680351e+03 3.320022102756973226e+01 7.617004717758917021e-02 4.675591992462621249e+01
9.250000000000000000e+02 1.366087085692952087e+03 3.344842810557270241e+01 7.613102645592062512e-02 4.603843019402403769e+01
9.260000000000000000e+02 1.356280481500320548e+03 3.369365923698368448e+01 7.609179212065901587e-02 4.529665972197292234e+01
9.270000000000000000e+02 1.346570972339841092e+03 3.393571991175671343e+01 7.605236643771345895e-02 4.453097315733712236e+01
9.280000000000000000e+02 1.336965051041626339e+03 3.417463843116496491e+01 7.601277159746376577e-02 4.374188269322905143e+01
9.290000000000000000e+02 1.327461785135348464e+03 3.441022020158835915e+01 7.597302971051377030e-02 4.292982522680620860e+01
9.300000000000000000e+02 1.318060245254104530e+03 3.464234486332354379e+01 7.593316280378024918e-02 4.209516237012334017e+01
9.310000000000000000e+02 1.308759505184254976e+03 3.487096628538584042e+01 7.589319281662647299e-02 4.123832902852247884e+01
9.320000000000000000e+02 1.299573498612367302e+03 3.509596399331264394e+01 7.585314159719566685e-02 4.035968484553058744e+01
9.330000000000000000e+02 1.290493877417410658e+03 3.531729173098792529e+01 7.581303089875979229e-02 3.945973706577133555e+01
9.340000000000000000e+02 1.281527153462861634e+03 3.553468032146724198e+01 7.577288237613549748e-02 3.853876913034169149e+01
9.350000000000000000e+02 1.272672413584634796e+03 3.574815764635065563e+01 7.573271758202597403e-02 3.759728639118387150e+01
9.360000000000000000e+02 1.263928747978256069e+03 3.595752865614571192e+01 7.569255796329527053e-02 3.663571899088238126e+01
9.370000000000000000e+02 1.255302678584703244e+03 3.616282106619242143e+01 7.565242485720828636e-02 3.565464472741076207e+01
9.380000000000000000e+02 1.246793302424573540e+03 3.636391393409521555e+01 7.561233948741395705e-02 3.465449193477486034e+01
9.390000000000000000e+02 1.238407148332737506e+03 3.656068622171137861e+01 7.557232295976794301e-02 3.363583663207162999e+01
9.400000000000000000e+02 1.230135891941630234e+03 3.675294250667542428e+01 7.553239625798152668e-02 3.259917968840741764e+01
9.410000000000000000e+02 1.221993497466802864e+03 3.694078439498667166e+01 7.549258023889862668e-02 3.154494683868221827e+01
9.420000000000000000e+02 1.213971647640357787e+03 3.712401624811667489e+01 7.545289562756631041e-02 3.047371155022126388e+01
9.430000000000000000e+02 1.206076885498100637e+03 3.730251659570613754e+01 7.541336301192169689e-02 2.938604647221574240e+01
9.440000000000000000e+02 1.198308329365984036e+03 3.747631241431270865e+01 7.537400283714419669e-02 2.828259773597427440e+01
9.450000000000000000e+02 1.190672529599377640e+03 3.764528198871147424e+01 7.533483539964332121e-02 2.716386212144992740e+01
9.460000000000000000e+02 1.183161183572927939e+03 3.780937775778207310e+01 7.529588084064012254e-02 2.603048420855275680e+01
9.470000000000000000e+02 1.175788277474488041e+03 3.796840345945342676e+01 7.525715913935711321e-02 2.488310782769815788e+01
9.480000000000000000e+02 1.168545516248555487e+03 3.812245982724768112e+01 7.521869010578520476e-02 2.372230179409220696e+01
9.490000000000000000e+02 1.161432037044634853e+03 3.827142460137132218e+01 7.518049337305007795e-02 2.254855992573797607e+01
9.500000000000000000e+02 1.154461837617390756e+03 3.841517537491450440e+01 7.514258838932044715e-02 2.136267247915749223e+01
9.510000000000000000e+02 1.147626589714107922e+03 3.855359353129708211e+01 7.510499440938706028e-02 2.016502691748281251e+01
9.520000000000000000e+02 1.140925217789433418e+03 3.868672463214511481e+01 7.506773048571971363e-02 1.895618438419823448e+01
9.530000000000000000e+02 1.134364033804706423e+03 3.881446945423467554e+01 7.503081545923370732e-02 1.773645183371030498e+01
9.540000000000000000e+02 1.127934497151541564e+03 3.893680289438353270e+01 7.499426794964331178e-02 1.650635845003117197e+01
9.550000000000000000e+02 1.121650356466159337e+03 3.905362539859457627e+01 7.495810634544279594e-02 1.526628424828822261e+01
9.560000000000000000e+02 1.115503079593421717e+03 3.916491152530736031e+01 7.492234879358117272e-02 1.401668294438165496e+01
9.570000000000000000e+02 1.109498995405922415e+03 3.927063565824169444e+01 7.488701318883585201e-02 1.275800769075044627e+01
9.580000000000000000e+02 1.103629580472945690e+03 3.937084628634752193e+01 7.485211716291842454e-02 1.149093394625811548e+01
9.590000000000000000e+02 1.097901172533324143e+03 3.946544314984718937e+01 7.481767807334271936e-02 1.021606236166344850e+01
9.600000000000000000e+02 1.092320113868437602e+03 3.955454865440118795e+01 7.478371299209524148e-02 8.933918799196899130e+00
9.610000000000000000e+02 1.086877894676571941e+03 3.963798788334801060e+01 7.475023869414759714e-02 7.645028635729690158e+00
9.620000000000000000e+02 1.081580866549822531e+03 3.971588286258633360e+01 7.471727164588498615e-02 6.350065349530830794e+00
9.630000000000000000e+02 1.076427957499953891e+03 3.978820685652746647e+01 7.468482799343040268e-02 5.049627689593283009e+00
9.640000000000000000e+02 1.071418100385599018e+03 3.985485864867037975e+01 7.465292355099262256e-02 3.744091128541406022e+00
9.650000000000000000e+02 1.066550232989169444e+03 3.991595967278975365e+01 7.462157378922069928e-02 2.433979300132782519e+00
9.660000000000000000e+02 1.061823298093327367e+03 3.997133402570145932e+01 7.459079382364061650e-02 1.119815452317988624e+00
9.670000000000000000e+02 1.057243671906847794e+03 4.002102844916777258e+01 7.456059840321117849e-02 -1.978775326193933926e-01
9.680000000000000000e+02 1.052802879088207192e+03 4.006501519337928841e+01 7.453100189910012718e-02 -1.518651401349853547e+00
9.690000000000000000e+02 1.048507306219209113e+03 4.010326629805273768e+01 7.450201829363294059e-02 -2.841983942201077085e+00
9.700000000000000000e+02 1.044355916824716132e+03 4.013567930662648564e+01 7.447366116956914694e-02 -4.167427531793133966e+00
9.710000000000000000e+02 1.040340251440556813e+03 4.016244868157286874e+01 7.444594369966113512e-02 -5.494386264081041027e+00
9.720000000000000000e+02 1.036466712729169330e+03 4.018339725077609614e+01 7.441887863661719726e-02 -6.822264496827237679e+00
9.730000000000000000e+02 1.032734280490316678e+03 4.019857047355230151e+01 7.439247830349053625e-02 -8.150615397988470789e+00
9.740000000000000000e+02 1.029149368419206894e+03 4.020808787174301813e+01 7.436675458450234255e-02 -9.478843790998841001e+00
9.750000000000000000e+02 1.025696110758871100e+03 4.021177161039836534e+01 7.434171891636050244e-02 -1.080628041747310064e+01
9.760000000000000000e+02 1.022380932450417617e+03 4.020981504759109981e+01 7.431738228016457337e-02 -1.213255333382404011e+01
9.770000000000000000e+02 1.019210264126053858e+03 4.020203989777775888e+01 7.429375519382300230e-02 -1.345691933874529944e+01
9.780000000000000000e+02 1.016175685447036017e+03 4.018863906530322794e+01 7.427084770512087930e-02 -1.477900678713849736e+01
9.790000000000000000e+02 1.013276210187237893e+03 4.016958237495221340e+01 7.424866938541703487e-02 -1.609819158748775081e+01
9.800000000000000000e+02 1.010518286260054424e+03 4.014476513761662346e+01 7.422722932398370665e-02 -1.741398345475810316e+01
9.810000000000000000e+02 1.007893510688390052e+03 4.011445385006249609e+01 7.420653612299166202e-02 -1.872586246526259046e+01
9.820000000000000000e+02 1.005400914669762074e+03 4.007846907524269398e+01 7.418659789330486753e-02 -2.003330132016984777e+01
9.830000000000000000e+02 1.003039535233837000e+03 4.003700255975217459e+01 7.416742225084439755e-02 -2.133577275219356295e+01
9.840000000000000000e+02 1.000815843593746422e+03 3.998994868131936187e+01 7.414901631375800384e-02 -2.263277253169803416e+01
9.850000000000000000e+02 9.987214600895831609e+02 3.993735014892054380e+01 7.413138670028325550e-02 -2.392382315897274125e+01
9.860000000000000000e+02 9.967554392264895569e+02 3.987924943495881536e+01 7.411453952730850947e-02 -2.520845898551068132e+01
9.870000000000000000e+02 9.949242696550708160e+02 3.981568877453198496e+01 7.409848040969689575e-02 -2.648622619186685867e+01
9.880000000000000000e+02 9.932195890941267180e+02 3.974656159777876496e+01 7.408321446026823465e-02 -2.775666419452247169e+01
9.890000000000000000e+02 9.916404693480014885e+02 3.967205823032795564e+01 7.406874629049500780e-02 -2.901931230902299674e+01
9.900000000000000000e+02 9.901859879161371509e+02 3.959199734129263959e+01 7.405508001190590217e-02 -3.027365030068554574e+01
9.910000000000000000e+02 9.888552279461943044e+02 3.950649449439191585e+01 7.404221923807877137e-02 -3.151932121250611019e+01
9.920000000000000000e+02 9.876547065309056279e+02 3.941566501362258634e+01 7.403016708729896755e-02 -3.275565592803890524e+01
9.930000000000000000e+02 9.865686612473537025e+02 3.931940113251584989e+01 7.401892618584644812e-02 -3.398213370630887908e+01
9.940000000000000000e+02 9.856110485428978336e+02 3.921789197850196729e+01 7.400849867181943931e-02 -3.519808502490776192e+01
9.950000000000000000e+02 9.847661168615157976e+02 3.911117787182570282e+01 7.399888619950210911e-02 -3.640306297452983841e+01
9.960000000000000000e+02 9.840404050183472009e+02 3.899929889256563342e+01 7.399008994425085306e-02 -3.759639753490698411e+01
9.970000000000000000e+02 9.834330287162588320e+02 3.888222059723064206e+01 7.398211060782115822e-02 -3.877756696920858559e+01
9.980000000000000000e+02 9.829431088087757189e+02 3.876005686945187279e+01 7.397494842414162330e-02 -3.994597495037026391e+01
9.990000000000000000e+02 9.825623428579941674e+02 3.863292135324861931e+01 7.396860316544690006e-02 -4.110087625438946901e+01
1.000000000000000000e+03 9.822972900893653332e+02 3.850077888638195134e+01 7.396307414875250008e-02 -4.224174815461152832e+01
1.001000000000000000e+03 9.821323397402834416e+02 3.836366538216910271e+01 7.395836024258997665e-02 -4.336794467699225208e+01
1.002000000000000000e+03 9.820820400074267127e+02 3.822160463909723660e+01 7.395445987406451538e-02 -4.447892223190628158e+01
1.003000000000000000e+03 9.821313405402796661e+02 3.807461724887401289e+01 7.395137103602857087e-02 -4.557416250290753368e+01
1.004000000000000000e+03 9.822874805850125313e+02 3.792272356629042918e+01 7.394909129443610896e-02 -4.665322101105495989e+01
1.005000000000000000e+03 9.825354187726459259e+02 3.776594371003799466e+01 7.394761779579159255e-02 -4.771565280830406408e+01
1.006000000000000000e+03 9.828898314588863059e+02 3.760444613062730923e+01 7.394694727471065598e-02 -4.876123530498726666e+01
1.007000000000000000e+03 9.833356858090841115e+02 3.743839904439471411e+01 7.394707606141140421e-02 -4.978989396338345585e+01
1.008000000000000000e+03 9.838802381362347660e+02 3.726797043461397863e+01 7.394800008923325951e-02 -5.080162799140750707e+01
1.009000000000000000e+03 9.845233203859479545e+02 3.709332805270936007e+01 7.394971490209537035e-02 -5.179621318593355284e+01
1.010000000000000000e+03 9.852499116722889312e+02 3.691471370307468192e+01 7.395221566182151596e-02 -5.277357332780394472e+01
1.011000000000000000e+03 9.860747082658866702e+02 3.673214611048496181e+01 7.395549715533655810e-02 -5.373355730900377125e+01
1.012000000000000000e+03 9.869826966794275904e+02 3.654586662263974972e+01 7.395955380169452753e-02 -5.467616196105844750e+01
1.013000000000000000e+03 9.879737236578906732e+02 3.635581922728253801e+01 7.396437965886541732e-02 -5.560116061564211520e+01
1.014000000000000000e+03 9.890624960688477358e+02 3.616202197145997133e+01 7.396996843035100189e-02 -5.650817736645498712e+01
1.015000000000000000e+03 9.902265823428829208e+02 3.596434411287274457e+01 7.397631347149839776e-02 -5.739705846538737433e+01
1.016000000000000000e+03 9.914806958704004956e+02 3.576287753935933011e+01 7.398340779553573554e-02 -5.826757516746105381e+01
1.017000000000000000e+03 9.928246964465665769e+02 3.555741678646393922e+01 7.399124407933037328e-02 -5.911949799360550628e+01
1.018000000000000000e+03 9.942435901705913466e+02 3.534797902415479598e+01 7.399981466882027403e-02 -5.995252242677402421e+01
1.019000000000000000e+03 9.957446710990338943e+02 3.513465549213631789e+01 7.400911158416519087e-02 -6.076641745893444124e+01
1.020000000000000000e+03 9.973278077497658387e+02 3.491738865177611473e+01 7.401912652451796137e-02 -6.156065415393087648e+01
1.021000000000000000e+03 9.989854430099554747e+02 3.469656645667731709e+01 7.402985087253047269e-02 -6.233477704578036338e+01
1.022000000000000000e+03 1.000717450747643397e+03 3.447220523682199911e+01 7.404127569847851476e-02 -6.308832983638457392e+01
1.023000000000000000e+03 1.002508850675194822e+03 3.424454396938084244e+01 7.405339176412056856e-02 -6.382070681018908687e+01
1.024000000000000000e+03 1.004374378368126031e+03 3.401374714761174545e+01 7.406618952621850382e-02 -6.453152423382897496e+01
1.025000000000000000e+03 1.006291630033276874e+03 3.378005335089237349e+01 7.407965913978016570e-02 -6.522017463773391910e+01
1.026000000000000000e+03 1.008275345934751158e+03 3.354355239735867400e+01 7.409379046101675914e-02 -6.588627250026718229e+01
1.027000000000000000e+03 1.010310555168025076e+03 3.330433391417409439e+01 7.410857305003762385e-02 -6.653009993238492825e+01
1.028000000000000000e+03 1.012397145690590492e+03 3.306248734091109043e+01 7.412399617331541513e-02 -6.715178954328791860e+01
1.029000000000000000e+03 1.014549864253707710e+03 3.281810193304899315e+01 7.414004880596157532e-02 -6.775162155915987228e+01
1.030000000000000000e+03 1.016746317884832706e+03 3.257119248208462636e+01 7.415671963379601161e-02 -6.832987524145254099e+01
1.031000000000000000e+03 1.019001257326482914e+03 3.232192216976667254e+01 7.417399705529288678e-02 -6.888690315625129301e+01
1.032000000000000000e+03 1.021299721822306310e+03 3.207030543792466659e+01 7.419186918337650205e-02 -6.942283402671174031e+01
1.033000000000000000e+03 1.023656465859069044e+03 3.181643084292574741e+01 7.421032384718545538e-02 -6.993794413761132489e+01
1.034000000000000000e+03 1.026056532306036388e+03 3.156038677622959909e+01 7.422934859376235928e-02 -7.043184020446076943e+01
1.035000000000000000e+03 1.028507250809171865e+03 3.130241003555656221e+01 7.424893068974096344e-02 -7.090405362976981962e+01
1.036000000000000000e+03 1.030993667632848656e+03 3.104258869514427488e+01 7.426905712307760310e-02 -7.135418905890924179e+01
1.037000000000000000e+03 1.033508259004477395e+03 3.078108496062215949e+01 7.428971460483781153e-02 -7.178177580257859347e+01
1.038000000000000000e+03 1.036065787758715942e+03 3.051806088997362920e+01 7.431088957110303095e-02 -7.218641639390148157e+01
1.039000000000000000e+03 1.038651304829160154e+03 3.025367839809522863e+01 7.433256818505060148e-02 -7.256771229563300096e+01
1.040000000000000000e+03 1.041257290942421150e+03 2.998795069444198802e+01 7.435473633917080716e-02 -7.292518960798635419e+01
1.041000000000000000e+03 1.043891084910236714e+03 2.972111370527795060e+01 7.437737965778418170e-02 -7.325896761210253771e+01
1.042000000000000000e+03 1.046545170169028779e+03 2.945303181047835395e+01 7.440048349972089303e-02 -7.356916449459384921e+01
1.043000000000000000e+03 1.049212031419320283e+03 2.918386639995449983e+01 7.442403296141128499e-02 -7.385567449021228015e+01
1.044000000000000000e+03 1.051906439613435168e+03 2.891363017761771559e+01 7.444801288022506736e-02 -7.411928212817144868e+01
1.045000000000000000e+03 1.054613453438425267e+03 2.864226144993315870e+01 7.447240783818313836e-02 -7.435943372145887054e+01
1.046000000000000000e+03 1.057332989349673426e+03 2.836999554855192684e+01 7.449720216610426771e-02 -7.457706013491517183e+01
1.047000000000000000e+03 1.060064964799657446e+03 2.809669628397237062e+01 7.452237994812983823e-02 -7.477160544070784454e+01
1.048000000000000000e+03 1.062809298164110942e+03 2.782259878580883239e+01 7.454792502669224663e-02 -7.494325541956209236e+01
1.049000000000000000e+03 1.065558480314612780e+03 2.754801237408089776e+01 7.457382100792721291e-02 -7.509145188743995902e+01
1.050000000000000000e+03 1.068312431238393174e+03 2.727309771405657557e+01 7.460005126760713146e-02 -7.521786403293387480e+01
1.051000000000000000e+03 1.071063786330861603e+03 2.699808281245237751e+01 7.462659895753943895e-02 -7.532192813832902800e+01
1.052000000000000000e+03 1.073813182240121478e+03 2.672301959325150733e+01 7.465344701242261627e-02 -7.540306628316353965e+01
1.053000000000000000e+03 1.076561399192263480e+03 2.644825018331169630e+01 7.468057815728618154e-02 -7.546143897808859435e+01
1.054000000000000000e+03 1.079309217817702802e+03 2.617389379306495201e+01 7.470797491536491919e-02 -7.549720559593033897e+01
1.055000000000000000e+03 1.082042562350356320e+03 2.589999528906454884e+01 7.473561961652834540e-02 -7.551126720667876668e+01
1.056000000000000000e+03 1.084769642274465241e+03 2.562659948305502766e+01 7.476349440617759134e-02 -7.550303807287886571e+01
1.057000000000000000e+03 1.087483810464850421e+03 2.535382542106359693e+01 7.479158125463160334e-02 -7.547193132063775067e+01
1.058000000000000000e+03 1.090185848125141092e+03 2.508171782200122024e+01 7.481986196704898395e-02 -7.541958744613735632e+01
1.059000000000000000e+03 1.092869107970834648e+03 2.481032136678465605e+01 7.484831819372796125e-02 -7.534467447236673365e+01
1.060000000000000000e+03 1.095541799159803304e+03 2.453975498746796191e+01 7.487693144089258013e-02 -7.524734496163890185e+01
1.061000000000000000e+03 1.098197273767410479e+03 2.427006330587221328e+01 7.490568308194026081e-02 -7.512923601840677179e+01
1.062000000000000000e+03 1.100836311709929305e+03 2.400136520622743674e+01 7.493455436899598698e-02 -7.498826944734389599e+01
1.063000000000000000e+03 1.103452263913484785e+03 2.373363099030070700e+01 7.496352644488743500e-02 -7.482682294230525599e+01
1.064000000000000000e+03 1.106045908881021660e+03 2.346705380053963097e+01 7.499258035542608058e-02 -7.464355890515976455e+01
1.065000000000000000e+03 1.108610595855579959e+03 2.320167820818288007e+01 7.502169706201998467e-02 -7.443862429548588011e+01
1.066000000000000000e+03 1.111154529732431911e+03 2.293754878587743562e+01 7.505085745453221602e-02 -7.421365063549792751e+01
1.067000000000000000e+03 1.113663629167161844e+03 2.267478439677956104e+01 7.508004236433134249e-02 -7.396729700522099904e+01
1.068000000000000000e+03 1.116153524885037314e+03 2.241350391663427644e+01 7.510923257755539040e-02 -7.370044989338296659e+01
1.069000000000000000e+03 1.118602704385044490e+03 2.215375195583567702e+01 7.513840884851973045e-02 -7.341325186341828157e+01
1.070000000000000000e+03 1.121026795297718991e+03 2.189564743197337293e+01 7.516755191319809959e-02 -7.310584439497793596e+01
1.071000000000000000e+03 1.123411710087674010e+03 2.163923500834510705e+01 7.519664250279421702e-02 -7.277836789079215407e+01
1.072000000000000000e+03 1.125765644359982616e+03 2.138470794995596691e+01 7.522566135726993508e-02 -7.243170451893151096e+01
1.073000000000000000e+03 1.128074506613583708e+03 2.113211099497236134e+01 7.525458923887901053e-02 -7.206524971533907831e+01
1.074000000000000000e+03 1.130346488198374800e+03 2.088156321066373877e+01 7.528340694560334279e-02 -7.167988353190642670e+01
1.075000000000000000e+03 1.132574921420674173e+03 2.063318371530292339e+01 7.531209532449363586e-02 -7.127574213974179429e+01
1.076000000000000000e+03 1.134767992802457456e+03 2.038701740003367391e+01 7.534063528477752403e-02 -7.085221783788011862e+01
1.077000000000000000e+03 1.136911601190299280e+03 2.014310921770873364e+01 7.536900781086026957e-02 -7.041093040245918644e+01
1.078000000000000000e+03 1.139013927719413687e+03 1.990165275519484567e+01 7.539719397498445552e-02 -6.995201292103804747e+01
1.079000000000000000e+03 1.141060865577444019e+03 1.966269310462578090e+01 7.542517494965472746e-02 -6.947485463743302603e+01
1.080000000000000000e+03 1.143068018324635432e+03 1.942627543563242298e+01 7.545293201973189701e-02 -6.898107230199850903e+01
1.081000000000000000e+03 1.145021272963752381e+03 1.919259356753380175e+01 7.548044659415921454e-02 -6.846931033700410296e+01
1.082000000000000000e+03 1.146921369917336733e+03 1.896161855697056708e+01 7.550770021732122750e-02 -6.794118352776057179e+01
1.083000000000000000e+03 1.148769046207136853e+03 1.873347012052263594e+01 7.553467457997932455e-02 -6.739682002377259096e+01
1.084000000000000000e+03 1.150565035338498319e+03 1.850826807276752817e+01 7.556135152974197133e-02 -6.683634702047100973e+01
1.085000000000000000e+03 1.152302638839251131e+03 1.828605804779865096e+01 7.558771308112009757e-02 -6.626063360630291754e+01
1.086000000000000000e+03 1.153982582854335533e+03 1.806688578770529574e+01 7.561374142503052287e-02 -6.566831943508327640e+01
1.087000000000000000e+03 1.155605589694881701e+03 1.785079714750591862e+01 7.563941893789694060e-02 -6.506175741903574306e+01
1.088000000000000000e+03 1.157164949392687959e+03 1.763798666704164120e+01 7.566472819014122275e-02 -6.444032822680199502e+01
1.089000000000000000e+03 1.158661376310994683e+03 1.742850044180911695e+01 7.568965195422469594e-02 -6.380415447219727554e+01
1.090000000000000000e+03 1.160095580710180684e+03 1.722231041125944628e+01 7.571417321212423057e-02 -6.315410072824064969e+01
1.091000000000000000e+03 1.161468268669470262e+03 1.701961149755739910e+01 7.573827516227867040e-02 -6.249103070656272507e+01
1.092000000000000000e+03 1.162772713664207004e+03 1.682045019277006759e+01 7.576194122606552672e-02 -6.181432160219380734e+01
1.093000000000000000e+03 1.164009613199712931e+03 1.662494741402650433e+01 7.578515505369662342e-02 -6.112557828393432402e+01
1.094000000000000000e+03 1.165179660400223611e+03 1.643314994111503324e+01 7.580790052963444492e-02 -6.042417629985990146e+01
1.095000000000000000e+03 1.166283543953854860e+03 1.624517898803953386e+01 7.583016177748758135e-02 -5.971171890353663514e+01
1.096000000000000000e+03 1.167314519713017717e+03 1.606108164051373777e+01 7.585192316447640637e-02 -5.898758006034825740e+01
1.097000000000000000e+03 1.168280695701432705e+03 1.588097942741235968e+01 7.587316930536355808e-02 -5.825261863950937880e+01
1.098000000000000000e+03 1.169175318674842174e+03 1.570484547465523661e+01 7.589388506600540374e-02 -5.750769276131486407e+01
1.099000000000000000e+03 1.169991630788511429e+03 1.553287592705571640e+01 7.591405556644323371e-02 -5.675291697982382289e+01
1.100000000000000000e+03 1.170745154620070480e+03 1.536504425158434906e+01 7.593366618358959874e-02 -5.598914797102573004e+01
1.101000000000000000e+03 1.171414310504053219e+03 1.520132006746757369e+01 7.595270255365209333e-02 -5.521572830972244361e+01
1.102000000000000000e+03 1.172014832494720395e+03 1.504187992696888898e+01 7.597115057407227701e-02 -5.443411745388246459e+01
1.103000000000000000e+03 1.172532780721024437e+03 1.488674797585970211e+01 7.598899640529370447e-02 -5.364351796350039336e+01
1.104000000000000000e+03 1.172983924019058577e+03 1.473594854908646923e+01 7.600622647220330041e-02 -5.284521170001375623e+01
1.105000000000000000e+03 1.173354313123865495e+03 1.458943189123591644e+01 7.602282746533500779e-02 -5.203929137228421098e+01
1.106000000000000000e+03 1.173644850768213246e+03 1.444729701094227892e+01 7.603878634191620078e-02 -5.122599766011027356e+01
1.107000000000000000e+03 1.173863863332767778e+03 1.430956883420971870e+01 7.605409032669849245e-02 -5.040571923506252716e+01
1.108000000000000000e+03 1.173997387448324844e+03 1.417627249167244941e+01 7.606872691271579501e-02 -4.957884421467225877e+01
1.109000000000000000e+03 1.174061168453277332e+03 1.404750760578046176e+01 7.608268386194161348e-02 -4.874568590047034178e+01
1.110000000000000000e+03 1.174041233599467432e+03 1.392322544389849348e+01 7.609594920587021971e-02 -4.790663136687042822e+01
1.111000000000000000e+03 1.173945890513597305e+03 1.380352605584326398e+01 7.610851124610359952e-02 -4.706206719986891329e+01
1.112000000000000000e+03 1.173768585457108884e+03 1.368828685981653237e+01 7.612035855489179825e-02 -4.621223095255390234e+01
1.113000000000000000e+03 1.173517616739457480e+03 1.357768263028384048e+01 7.613147997585748006e-02 -4.535773115243395637e+01
1.114000000000000000e+03 1.173186421330215808e+03 1.347173980023404383e+01 7.614186462463395921e-02 -4.449873020600470142e+01
1.115000000000000000e+03 1.172775859923446433e+03 1.337033646436433187e+01 7.615150188973757173e-02 -4.363568725713530938e+01
1.116000000000000000e+03 1.172286788601305489e+03 1.327364808318825418e+01 7.616038143347035605e-02 -4.276906107667080903e+01
1.117000000000000000e+03 1.171720058847853124e+03 1.318155321801393143e+01 7.616849319306401300e-02 -4.189908723577146077e+01
1.118000000000000000e+03 1.171076517562563367e+03 1.309415351836240049e+01 7.617582738197134495e-02 -4.102614954748892018e+01
1.119000000000000000e+03 1.170349578723050399e+03 1.301147659075846441e+01 7.618237449131774752e-02 -4.015078009102869316e+01
1.120000000000000000e+03 1.169540080097797272e+03 1.293340171792633164e+01 7.618812529160612357e-02 -3.927313925167587882e+01
1.121000000000000000e+03 1.168656283257454106e+03 1.286010556239743252e+01 7.619307083467001529e-02 -3.839375858042489398e+01
1.122000000000000000e+03 1.167691588534289394e+03 1.279146790097546571e+01 7.619720245580148543e-02 -3.751294655070697104e+01
1.123000000000000000e+03 1.166646820081916076e+03 1.272751732812606207e+01 7.620051177616503357e-02 -3.663108571727072160e+01
1.124000000000000000e+03 1.165530225882929699e+03 1.266835697473612754e+01 7.620299070544679643e-02 -3.574855845765394946e+01
1.125000000000000000e+03 1.164327764354138026e+03 1.261386737625055865e+01 7.620463144474450001e-02 -3.486574699724189941e+01
1.126000000000000000e+03 1.163040246102583751e+03 1.256407789221398552e+01 7.620542648969602650e-02 -3.398318200139482315e+01
1.127000000000000000e+03 1.161683333928835964e+03 1.251901814117533895e+01 7.620536863387340765e-02 -3.310124546660527045e+01
1.128000000000000000e+03 1.160250401077572178e+03 1.247871800247571805e+01 7.620445097237661669e-02 -3.222046787970023018e+01
1.129000000000000000e+03 1.158734816288733782e+03 1.244313333441004410e+01 7.620266690564896084e-02 -3.134115682552684490e+01
1.130000000000000000e+03 1.157152228847329297e+03 1.241222025926813899e+01 7.620001014350759327e-02 -3.046384271315212544e+01
1.131000000000000000e+03 1.155488570129481559e+03 1.238600944824853300e+01 7.619647470933674227e-02 -2.958898166700555166e+01
1.132000000000000000e+03 1.153752052050845577e+03 1.236453183923845778e+01 7.619205494444040994e-02 -2.871688126847879730e+01
1.133000000000000000e+03 1.151943453661297553e+03 1.234774435446345464e+01 7.618674551255304184e-02 -2.784799771496951948e+01
1.134000000000000000e+03 1.150056121139817606e+03 1.233560418501047806e+01 7.618054140443922262e-02 -2.698271299432171588e+01
1.135000000000000000e+03 1.148098252839521592e+03 1.232806879171572767e+01 7.617343794258800427e-02 -2.612140919317357302e+01
1.136000000000000000e+03 1.146070614230802221e+03 1.232517018942128217e+01 7.616543078597788619e-02 -2.526439423818116126e+01
1.137000000000000000e+03 1.143966537895076954e+03 1.232686638058975959e+01 7.615651593480624038e-02 -2.441219905462011042e+01
1.138000000000000000e+03 1.141794208569388957e+03 1.233311563929125576e+01 7.614668973529442608e-02 -2.356513188981281104e+01
1.139000000000000000e+03 1.139554378089888587e+03 1.234387651155213561e+01 7.613594888437223707e-02 -2.272357547141674061e+01
1.140000000000000000e+03 1.137232937036470730e+03 1.235918209907037557e+01 7.612429043432589193e-02 -2.188798703152561131e+01
1.141000000000000000e+03 1.134852913180364794e+03 1.237891720878471880e+01 7.611171179731895942e-02 -2.105882404707812228e+01
1.142000000000000000e+03 1.132400187978722215e+03 1.240311548682522336e+01 7.609821074976408362e-02 -2.023646998006462283e+01
1.143000000000000000e+03 1.129882923375252176e+03 1.243173656781029379e+01 7.608378543652499770e-02 -1.942130858452594566e+01
1.144000000000000000e+03 1.127294420049468954e+03 1.246474035801810487e+01 7.606843437485857895e-02 -1.861379821332854334e+01
1.145000000000000000e+03 1.124642830820342851e+03 1.250208703492028128e+01 7.605215645817221815e-02 -1.781432327419935291e+01
1.146000000000000000e+03 1.121928875600663105e+03 1.254373704658103605e+01 7.603495095942869320e-02 -1.702334281952861517e+01
1.147000000000000000e+03 1.119153269755153360e+03 1.258965111092250666e+01 7.601681753428862764e-02 -1.624116771841040219e+01
1.148000000000000000e+03 1.116309295761122939e+03 1.263979021485719301e+01 7.599775622385351870e-02 -1.546818352944103125e+01
1.149000000000000000e+03 1.113405088273429783e+03 1.269404132978600863e+01 7.597776745706986967e-02 -1.470485052274602111e+01
1.150000000000000000e+03 1.110441349091513985e+03 1.275236597747315770e+01 7.595685205270294449e-02 -1.395148085123001813e+01
1.151000000000000000e+03 1.107418690584034493e+03 1.281480296585878165e+01 7.593501122090438871e-02 -1.320843742897202233e+01
1.152000000000000000e+03 1.104337380872872018e+03 1.288125374838065440e+01 7.591224656432281337e-02 -1.247606197164383879e+01
1.153000000000000000e+03 1.101205027054893435e+03 1.295169706175058089e+01 7.588856007873708009e-02 -1.175452414770634668e+01
1.154000000000000000e+03 1.098006946782469186e+03 1.302611190374037164e+01 7.586395415320341951e-02 -1.104406844314416425e+01
1.155000000000000000e+03 1.094758166754120566e+03 1.310432896441417761e+01 7.583843156971636912e-02 -1.034493989830513527e+01
1.156000000000000000e+03 1.091451424306383842e+03 1.318647632525924251e+01 7.581199550233555517e-02 -9.657458411452246594e+00
1.157000000000000000e+03 1.088094309213507813e+03 1.327238518916175103e+01 7.578464951579820530e-02 -8.981721624507892798e+00
1.158000000000000000e+03 1.084686978690057458e+03 1.336210986280219437e+01 7.575639756362065325e-02 -8.318124927028870630e+00
1.159000000000000000e+03 1.081229585799482493e+03 1.345548205340207915e+01 7.572724398568102255e-02 -7.666841490847646767e+00
1.160000000000000000e+03 1.077722279517418656e+03 1.355255656738654579e+01 7.569719350520180690e-02 -7.028045139438647837e+00
1.161000000000000000e+03 1.074165204799972116e+03 1.365323989040707886e+01 7.566625122534016701e-02 -6.401984649978285091e+00
1.162000000000000000e+03 1.070565931007196014e+03 1.375743875177165165e+01 7.563442262512412584e-02 -5.788760921092326761e+00
1.163000000000000000e+03 1.066917166930453050e+03 1.386513440526394092e+01 7.560171355501825452e-02 -5.188624124817143191e+00
1.164000000000000000e+03 1.063226474276310455e+03 1.397630834285141077e+01 7.556813023188417577e-02 -4.601825157240965858e+00
1.165000000000000000e+03 1.059493982703360416e+03 1.409079372478651671e+01 7.553367923355598645e-02 -4.028467088839039256e+00
1.166000000000000000e+03 1.055712389914307096e+03 1.420864679412321152e+01 7.549836749291111149e-02 -3.468802315516160917e+00
1.167000000000000000e+03 1.051889246803152901e+03 1.432970117260560272e+01 7.546220229154371184e-02 -2.922935441320071881e+00
1.168000000000000000e+03 1.048024672505031276e+03 1.445393927498577469e+01 7.542519125300187199e-02 -2.391120428863985126e+00
1.169000000000000000e+03 1.044126211201215483e+03 1.458134373872772116e+01 7.538734233566166121e-02 -1.873463481416103082e+00
1.170000000000000000e+03 1.040186547176562271e+03 1.471167457011424418e+01 7.534866382525635953e-02 -1.370145909191382572e+00
1.171000000000000000e+03 1.036213218332116867e+03 1.484506340878876962e+01 7.530916432705687946e-02 -8.814241448177658755e-01
1.172000000000000000e+03 1.032206331249111599e+03 1.498134497266385701e+01 7.526885275779343631e-02 -4.073326244715069766e-01
1.173000000000000000e+03 1.028165989656794409e+03 1.512042847177574245e+01 7.522773833731914717e-02 5.187049628704784587e-02
1.174000000000000000e+03 1.024092294552538533e+03 1.526229760453921358e+01 7.518583058001433728e-02 4.960376037821023210e-01
1.175000000000000000e+03 1.019985344324151470e+03 1.540686198691202868e+01 7.514313928604425541e-02 9.250944703111633194e-01
1.176000000000000000e+03 1.015852663224307321e+03 1.555395714848056876e+01 7.509967453244544011e-02 1.338891673317155862e+00
1.177000000000000000e+03 1.011694344795757388e+03 1.570356737897092181e+01 7.505544666410883525e-02 1.737323435512017067e+00
1.178000000000000000e+03 1.007503051998234582e+03 1.585567715716699944e+01 7.501046628465826704e-02 2.120245899891400221e+00
1.179000000000000000e+03 1.003293730737198530e+03 1.601012257974982944e+01 7.496474424731298936e-02 2.487543972108325452e+00
1.180000000000000000e+03 9.990590398905872007e+02 1.616681420757204890e+01 7.491829164573429733e-02 2.839086737953569362e+00
1.181000000000000000e+03 9.947990648382274230e+02 1.632566277784669140e+01 7.487111980484117968e-02 3.174772021406189637e+00
1.182000000000000000e+03 9.905213175900807983e+02 1.648665348326672486e+01 7.482324027178512138e-02 3.494518944606991528e+00
1.183000000000000000e+03 9.862258802134874713e+02 1.664962311704191933e+01 7.477466480691034867e-02 3.798215175277409816e+00
1.184000000000000000e+03 9.819128333103579962e+02 1.681455720238200868e+01 7.472540537488121803e-02 4.085773371277362287e+00
1.185000000000000000e+03 9.775822561430003361e+02 1.698121857038758264e+01 7.467547413597105943e-02 4.357090314173132306e+00
1.186000000000000000e+03 9.732342267585513582e+02 1.714966733990276992e+01 7.462488343746144503e-02 4.612069184189316218e+00
1.187000000000000000e+03 9.688762504619986657e+02 1.731974092826614608e+01 7.457364580529293741e-02 4.850623264700920423e+00
1.188000000000000000e+03 9.645084032365303983e+02 1.749135118052383575e+01 7.452177393591587207e-02 5.072717531736404162e+00
1.189000000000000000e+03 9.601307602124991263e+02 1.766441008106638932e+01 7.446928068835850789e-02 5.278308475516096721e+00
1.190000000000000000e+03 9.557359674335282307e+02 1.783882974870588001e+01 7.441617907656426778e-02 5.467373805471710035e+00
1.191000000000000000e+03 9.513463837215882677e+02 1.801444814818977491e+01 7.436248226199200506e-02 5.639882728916155941e+00
1.192000000000000000e+03 9.469472256358779987e+02 1.819125193566572563e+01 7.430820354650106985e-02 5.795795943575765996e+00
1.193000000000000000e+03 9.425459943831257306e+02 1.836915360307385825e+01 7.425335636548910379e-02 5.935095343994341022e+00
1.194000000000000000e+03 9.381501908722061671e+02 1.854791718948811763e+01 7.419795428138317717e-02 6.057739444914398419e+00
1.195000000000000000e+03 9.337524591159900638e+02 1.872752969341863150e+01 7.414201097733183476e-02 6.163737658751058390e+00
1.196000000000000000e+03 9.293528713813665263e+02 1.890790393353899290e+01 7.408554025129399090e-02 6.253105719959279440e+00
1.197000000000000000e+03 9.249589282854198018e+02 1.908895282687565143e+01 7.402855601032673483e-02 6.325850823307677118e+00
1.198000000000000000e+03 9.205781305382475921e+02 1.927044081644096352e+01 7.397107226522928181e-02 6.382001332767664792e+00
1.199000000000000000e+03 9.162031223324540861e+02 1.945242956683959434e+01 7.391310312540119720e-02 6.421480495568615332e+00
1.200000000000000000e+03 9.118339764808583823e+02 1.963468369079507525e+01 7.385466279401911582e-02 6.444448142847255312e+00
1.201000000000000000e+03 9.074780769054685834e+02 1.981719736334760640e+01 7.379576556342917759e-02 6.450763721577326137e+00
1.202000000000000000e+03 9.031349092330210624e+02 1.999984280433393025e+01 7.373642581079806191e-02 6.440648471929653063e+00
1.203000000000000000e+03 8.988038420087439135e+02 2.018249893428853881e+01 7.367665799393874337e-02 6.414023245688383668e+00
1.204000000000000000e+03 8.944916727174503421e+02 2.036526758416390948e+01 7.361647664741872987e-02 6.371030613408033005e+00
1.205000000000000000e+03 8.901903428061575596e+02 2.054787922166610059e+01 7.355589637875460662e-02 6.311663446171110969e+00
1.206000000000000000e+03 8.859066511561957213e+02 2.073043578060412173e+01 7.349493186482525253e-02 6.236062049428171328e+00
1.207000000000000000e+03 8.816399691014958080e+02 2.091266782016073833e+01 7.343359784836732407e-02 6.144291312883494172e+00
1.208000000000000000e+03 8.773970971962648946e+02 2.109475163768966510e+01 7.337190913463616238e-02 6.036340711453260788e+00
1.209000000000000000e+03 8.731774085800150260e+02 2.127641786093205667e+01 7.330988058807617891e-02 5.912421440800390116e+00
1.210000000000000000e+03 8.689728490416754312e+02 2.145769427726727585e+01 7.324752712910898023e-02 5.772520718411630725e+00
1.211000000000000000e+03 8.647902221332685713e+02 2.163846012690599352e+01 7.318486373090160590e-02 5.616921770774253808e+00
1.212000000000000000e+03 8.606363325313909627e+02 2.181866894759079401e+01 7.312190541615572192e-02 5.445683852084123977e+00
1.213000000000000000e+03 8.565031293979902784e+02 2.199827428527488493e+01 7.305866725385284921e-02 5.258865098543259009e+00
1.214000000000000000e+03 8.523974198421793744e+02 2.217722968829423991e+01 7.299516435598361885e-02 5.056596816214535828e+00
1.215000000000000000e+03 8.483260122803251306e+02 2.235534013452885915e+01 7.293141187414274584e-02 4.839083485932835771e+00
1.216000000000000000e+03 8.442734314458998597e+02 2.253263344307861971e+01 7.286742499605500245e-02 4.606379918263614037e+00
1.217000000000000000e+03 8.402539169020703866e+02 2.270898885091433428e+01 7.280321894198175936e-02 4.358688393529041250e+00
1.218000000000000000e+03 8.362668530014938142e+02 2.288435985755225488e+01 7.273880896092058124e-02 4.096135817861576989e+00
1.219000000000000000e+03 8.323116256487804776e+02 2.305862565222249927e+01 7.267421032672632952e-02 3.818773730303461456e+00
1.220000000000000000e+03 8.283801940130651928e+02 2.323173967505734794e+01 7.260943833391546309e-02 3.526949727950640323e+00
1.221000000000000000e+03 8.244942323431193927e+02 2.340358104428228714e+01 7.254450829338821016e-02 3.220564639083558500e+00
1.222000000000000000e+03 8.206308465299168802e+02 2.357417740093578828e+01 7.247943552784380516e-02 2.899963933869245558e+00
1.223000000000000000e+03 8.168117143760471208e+02 2.374333348558823431e+01 7.241423536698182728e-02 2.565343465521352506e+00
1.224000000000000000e+03 8.130213738108526513e+02 2.391107683361095582e+01 7.234892314245358613e-02 2.216823763481301945e+00
1.225000000000000000e+03 8.092740781121447071e+02 2.407728635194320788e+01 7.228351418254433391e-02 1.854821461098741464e+00
1.226000000000000000e+03 8.055617975255798910e+02 2.424191516390796863e+01 7.221802380664554821e-02 1.479455038258756350e+00
1.227000000000000000e+03 8.018913610887565255e+02 2.440484203654707684e+01 7.215246731935727464e-02 1.090916250010502075e+00
1.228000000000000000e+03 7.982621716550680731e+02 2.456609422550364741e+01 7.208686000441641428e-02 6.896187051467310702e-01
1.229000000000000000e+03 7.946810626705736240e+02 2.472555033542493064e+01 7.202121711830485051e-02 2.756778937082514092e-01
1.230000000000000000e+03 7.911400132013770872e+02 2.488316316492342395e+01 7.195555388360752591e-02 -1.506430995427748554e-01
1.231000000000000000e+03 7.876384330642212035e+02 2.503881113406924186e+01 7.188988548211788787e-02 -5.891564327469468454e-01
1.232000000000000000e+03 7.841831629079939603e+02 2.519252112944145949e+01 7.182422704768165467e-02 -1.039452359640578694e+00
1.233000000000000000e+03 7.807810459465562190e+02 2.534402279770627331e+01 7.175859365879513896e-02 -1.501493483876303436e+00
1.234000000000000000e+03 7.774166429925337525e+02 2.549341709178453641e+01 7.169300033102207759e-02 -1.974871909908071377e+00
1.235000000000000000e+03 7.741042309949433502e+02 2.564058199753140954e+01 7.162746200914850425e-02 -2.459477780044120987e+00
1.236000000000000000e+03 7.708358046744996273e+02 2.578546966250308259e+01 7.156199355917586269e-02 -2.954979275092145308e+00
1.237000000000000000e+03 7.676182183629291558e+02 2.592788354026545150e+01 7.149660976011873448e-02 -3.461119733175035407e+00
1.238000000000000000e+03 7.644509010410976089e+02 2.606792408628714597e+01 7.143132529569068412e-02 -3.977569067186184082e+00
1.239000000000000000e+03 7.613332847787418132e+02 2.620539448486163892e+01 7.136615474583611618e-02 -4.504072315919877667e+00
1.240000000000000000e+03 7.582648048243256653e+02 2.634024634513069785e+01 7.130111257816068582e-02 -5.040301060867768967e+00
1.241000000000000000e+03 7.552523280452819563e+02 2.647250541265859525e+01 7.123621313928471532e-02 -5.585927693209086442e+00
1.242000000000000000e+03 7.522952963173810303e+02 2.660204871407164617e+01 7.117147064617096452e-02 -6.140625396994961349e+00
1.243000000000000000e+03 7.493857266142151730e+02 2.672875311928255471e+01 7.110689917739339283e-02 -6.704142415541541666e+00
1.244000000000000000e+03 7.465304961467689964e+02 2.685264390378866750e+01 7.104251266445991975e-02 -7.276227750533987404e+00
1.245000000000000000e+03 7.437290574005490953e+02 2.697352332652861762e+01 7.097832488310749921e-02 -7.856423150551078649e+00
1.246000000000000000e+03 7.409882949227337576e+02 2.709149060984628576e+01 7.091434944473090640e-02 -8.444456795693868756e+00
1.247000000000000000e+03 7.383002403565549230e+02 2.720634766699620855e+01 7.085059978784599699e-02 -9.039998143835310529e+00
1.248000000000000000e+03 7.356717859256251586e+02 2.731811908226700325e+01 7.078708916972582810e-02 -9.642724767330857816e+00
1.249000000000000000e+03 7.330949711141704483e+02 2.742660640565405217e+01 7.072383065814943914e-02 -1.025231490598493522e+01
1.250000000000000000e+03 7.305841244971375090e+02 2.753183384964540892e+01 7.066083712335786970e-02 -1.086841773473232919e+01
1.251000000000000000e+03 7.281238262371562087e+02 2.763382939023435725e+01 7.059812123019063024e-02 -1.149067729728135312e+01
1.252000000000000000e+03 7.257207892270939738e+02 2.773241377934674290e+01 7.053569543048396340e-02 -1.211880434511223115e+01
1.253000000000000000e+03 7.233816914918928660e+02 2.782763437489010983e+01 7.047357195567865995e-02 -1.275253417293568425e+01
1.254000000000000000e+03 7.210983586822459301e+02 2.791953833069734259e+01 7.041176280976714497e-02 -1.339161750281884622e+01
1.255000000000000000e+03 7.188774775386248166e+02 2.800802402572665528e+01 7.035027976246269188e-02 -1.403577589409536763e+01
1.256000000000000000e+03 7.167183108996887313e+02 2.809306391086398236e+01 7.028913434277472838e-02 -1.468476114998295756e+01
1.257000000000000000e+03 7.146201261076254241e+02 2.817463022180647769e+01 7.022833783285557796e-02 -1.533831592695200108e+01
1.258000000000000000e+03 7.125821950589939888e+02 2.825284354254560526e+01 7.016790126223815260e-02 -1.599617802260843646e+01
1.259000000000000000e+03 7.105963659009119056e+02 2.832745281742062815e+01 7.010783540242003509e-02 -1.665809075464378353e+01
1.260000000000000000e+03 7.086842048242006058e+02 2.839865246631110196e+01 7.004815076182301092e-02 -1.732379402589956641e+01
1.261000000000000000e+03 7.068227125981192103e+02 2.846626526286923209e+01 6.998885758115781786e-02 -1.799303693147750849e+01
1.262000000000000000e+03 7.050260364555995238e+02 2.853026231589290163e+01 6.992996582917224146e-02 -1.866556065228376937e+01
1.263000000000000000e+03 7.032934716691605672e+02 2.859068878277555825e+01 6.987148519879061992e-02 -1.934111269605128314e+01
1.264000000000000000e+03 7.016168899239592065e+02 2.864758958305362668e+01 6.981342510367564980e-02 -2.001941864804374660e+01
1.265000000000000000e+03 7.000030243864559907e+02 2.870078654504756699e+01 6.975579467514478327e-02 -2.070020443439153723e+01
1.266000000000000000e+03 6.984437563164497078e+02 2.875032410412490691e+01 6.969860275957005802e-02 -2.138315915848108872e+01
1.267000000000000000e+03 6.969532568265105965e+02 2.879624644954125756e+01 6.964185791606111731e-02 -2.206800193410863997e+01
1.268000000000000000e+03 6.955234167838617623e+02 2.883852323838788223e+01 6.958556841463608977e-02 -2.275442986489652952e+01
1.269000000000000000e+03 6.941535602100341293e+02 2.887712387664663183e+01 6.952974223469275683e-02 -2.344214030708432261e+01
1.270000000000000000e+03 6.928430159246445328e+02 2.891209180034844906e+01 6.947438706390637875e-02 -2.413087541724907581e+01
1.271000000000000000e+03 6.915911175349117457e+02 2.894332162282638876e+01 6.941951029742289558e-02 -2.482025870610357998e+01
1.272000000000000000e+03 6.904046317710547100e+02 2.897085626659181301e+01 6.936511903743884655e-02 -2.551012186330254394e+01
1.273000000000000000e+03 6.892754734164775527e+02 2.899466411079966122e+01 6.931122009309083343e-02 -2.619999960691951912e+01
1.274000000000000000e+03 6.882022475003969930e+02 2.901478755633421969e+01 6.925781998062641165e-02 -2.688972392866683236e+01
1.275000000000000000e+03 6.871917349409515055e+02 2.903126874049623751e+01 6.920492492388145844e-02 -2.757890408649199898e+01
1.276000000000000000e+03 6.862410644740290309e+02 2.904400096829765587e+01 6.915254085503444448e-02 -2.826729799912620678e+01
1.277000000000000000e+03 6.853495979796809934e+02 2.905310012838525324e+01 6.910067341554475273e-02 -2.895458937254359455e+01
1.278000000000000000e+03 6.845167019398843422e+02 2.905845899054906667e+01 6.904932795740778562e-02 -2.964038767686791687e+01
1.279000000000000000e+03 6.837417473984382923e+02 2.906004433836964296e+01 6.899850954452685370e-02 -3.032452525723844516e+01
1.280000000000000000e+03 6.830248527532008893e+02 2.905804553497511122e+01 6.894822295427996406e-02 -3.100661160961032081e+01
1.281000000000000000e+03 6.823653980408168991e+02 2.905220597038674413e+01 6.889847267926169083e-02 -3.168640477505179476e+01
1.282000000000000000e+03 6.817627677243469861e+02 2.904271446253441979e+01 6.884926292911180967e-02 -3.236351418249961398e+01
1.283000000000000000e+03 6.812163506439568437e+02 2.902953670483787363e+01 6.880059763252073524e-02 -3.303769775952579124e+01
1.284000000000000000e+03 6.807255399659537716e+02 2.901256383243514847e+01 6.875248043921132479e-02 -3.370856477508772286e+01
1.285000000000000000e+03 6.802904759654506961e+02 2.899190955553680382e+01 6.870491472207321260e-02 -3.437587295031329404e+01
1.286000000000000000e+03 6.799098174677840234e+02 2.896753874137939988e+01 6.865790357929681120e-02 -3.503930558479607527e+01
1.287000000000000000e+03 6.795837131342104840e+02 2.893956454782454912e+01 6.861144983649625217e-02 -3.569854581694051632e+01
1.288000000000000000e+03 6.793108300667410049e+02 2.890787700555932815e+01 6.856555604888621425e-02 -3.635320231735533270e+01
1.289000000000000000e+03 6.790905822577198023e+02 2.887258871894918499e+01 6.852022450337853787e-02 -3.700295783282066964e+01
1.290000000000000000e+03 6.789238733691346397e+02 2.883373773199178203e+01 6.847545722069661722e-02 -3.764756916333003289e+01
1.291000000000000000e+03 6.788086396667417830e+02 2.879128752840752270e+01 6.843125595736571087e-02 -3.828664428871831404e+01
1.292000000000000000e+03 6.787443069746636866e+02 2.874534988236506905e+01 6.838762220768178357e-02 -3.891993947991463898e+01
1.293000000000000000e+03 6.787303049501366559e+02 2.869596200832015498e+01 6.834455720559588776e-02 -3.954698785879406842e+01
1.294000000000000000e+03 6.787668098638371248e+02 2.864301227798824812e+01 6.830206192646805230e-02 -4.016769364369724826e+01
1.295000000000000000e+03 6.788510303706964351e+02 2.858661163846153741e+01 6.826013708873615582e-02 -4.078158929205473981e+01
1.296000000000000000e+03 6.789838929718276859e+02 2.852679647893323533e+01 6.821878315549648186e-02 -4.138842974621993420e+01
1.297000000000000000e+03 6.791633564468587565e+02 2.846352863156202062e+01 6.817800033592044673e-02 -4.198789527745000782e+01
1.298000000000000000e+03 6.793896116476029192e+02 2.839691822297428914e+01 6.813778858657848492e-02 -4.257966574759101519e+01
1.299000000000000000e+03 6.796606244373979280e+02 2.832685225787676231e+01 6.809814761265747807e-02 -4.316349487096893256e+01
1.300000000000000000e+03 6.799758498167536800e+02 2.825351460482956512e+01 6.805907686898803044e-02 -4.373898734249012676e+01
1.301000000000000000e+03 6.803348121112792342e+02 2.817678944262608098e+01 6.802057556102046598e-02 -4.430599166385046317e+01
1.302000000000000000e+03 6.807365598084943485e+02 2.809692295237325865e+01 6.798264264566894477e-02 -4.486414442767198807e+01
1.303000000000000000e+03 6.811802106272704123e+02 2.801378734506966239e+01 6.794527683199748369e-02 -4.541347455880514161e+01
1.304000000000000000e+03 6.816648855660382651e+02 2.792740313488288706e+01 6.790847658188055302e-02 -4.595363902906647269e+01
1.305000000000000000e+03 6.821919373633916166e+02 2.783793914105204337e+01 6.787224011046538719e-02 -4.648459138866397922e+01
1.306000000000000000e+03 6.827582649392245457e+02 2.774534107240491920e+01 6.783656538667119651e-02 -4.700606176187820040e+01
1.307000000000000000e+03 6.833644845371046586e+02 2.764962866352416881e+01 6.780145013348780336e-02 -4.751792824508115132e+01
1.308000000000000000e+03 6.840097298368185648e+02 2.755089567702883713e+01 6.776689182833162128e-02 -4.802006832055612762e+01
1.309000000000000000e+03 6.846931375826328576e+02 2.744908705547235428e+01 6.773288770327405561e-02 -4.851228455414911878e+01
1.310000000000000000e+03 6.854131047068303815e+02 2.734429605788074369e+01 6.769943474527338745e-02 -4.899430457676178463e+01
1.311000000000000000e+03 6.861702596285672371e+02 2.723654141189445355e+01 6.766652969636963166e-02 -4.946615248370541451e+01
1.312000000000000000e+03 6.869630052025071336e+02 2.712584160003962097e+01 6.763416905394066536e-02 -4.992755454887998212e+01
1.313000000000000000e+03 6.877904900175624334e+02 2.701221486261452753e+01 6.760234907090091616e-02 -5.037831062485140876e+01
1.314000000000000000e+03 6.886518655201812180e+02 2.689575348419436551e+01 6.757106575600714538e-02 -5.081844269279511650e+01
1.315000000000000000e+03 6.895462859721479845e+02 2.677654951324464960e+01 6.754031487417226642e-02 -5.124760057779545974e+01
1.316000000000000000e+03 6.904729084076776644e+02 2.665454619834378036e+01 6.751009194690382742e-02 -5.166580476757787466e+01
1.317000000000000000e+03 6.914308925896121991e+02 2.652998369253490196e+01 6.748039225277688291e-02 -5.207292641209205186e+01
1.318000000000000000e+03 6.924194009645266306e+02 2.640273050524725207e+01 6.745121082808369639e-02 -5.246876159151462105e+01
1.319000000000000000e+03 6.934375986165539416e+02 2.627302634086946753e+01 6.742254246759733782e-02 -5.285317986815856273e+01
1.320000000000000000e+03 6.944839103847132264e+02 2.614081355087751746e+01 6.739438172542949745e-02 -5.322612427178621175e+01
1.321000000000000000e+03 6.955582493186857391e+02 2.600618283859925484e+01 6.736672291615840302e-02 -5.358738843482770164e+01
1.322000000000000000e+03 6.966597881226131221e+02 2.586922469605588404e+01 6.733956011604631808e-02 -5.393691371253283506e+01
1.323000000000000000e+03 6.977862162669491681e+02 2.572995512439971222e+01 6.731288716449156107e-02 -5.427456631902455797e+01
1.324000000000000000e+03 6.989374541083076338e+02 2.558846420495049401e+01 6.728669766568971811e-02 -5.460021159778402478e+01
1.325000000000000000e+03 7.001119386567620495e+02 2.544469325280757843e+01 6.726098499055202518e-02 -5.491371400905663336e+01
1.326000000000000000e+03 7.013088520209129229e+02 2.529880623856738353e+01 6.723574227878939547e-02 -5.521501140118579087e+01
1.327000000000000000e+03 7.025273785103046293e+02 2.515081837509830365e+01 6.721096244130450592e-02 -5.550404071536829065e+01
1.328000000000000000e+03 7.037659617351882844e+02 2.500074468891260437e+01 6.718663816281728041e-02 -5.578058940733435378e+01
1.329000000000000000e+03 7.050230473735929309e+02 2.484874859161482519e+01 6.716276190476049013e-02 -5.604459257047069798e+01
1.330000000000000000e+03 7.062985687706108138e+02 2.469484475040880156e+01 6.713932590842018600e-02 -5.629605864185950992e+01
1.331000000000000000e+03 7.075909755246696022e+02 2.453912194319274320e+01 6.711632219839580582e-02 -5.653484654174059898e+01
1.332000000000000000e+03 7.088979762460329539e+02 2.438159449620953367e+01 6.709374258627327781e-02 -5.676088851441684824e+01
1.333000000000000000e+03 7.102202526524894211e+02 2.422235085577172597e+01 6.707157867465866896e-02 -5.697411583557759940e+01
1.334000000000000000e+03 7.115555168068096918e+02 2.406155359304343122e+01 6.704982186139223088e-02 -5.717438452004935812e+01
1.335000000000000000e+03 7.129022252066473584e+02 2.389914227487115994e+01 6.702846334410872409e-02 -5.736162388048091998e+01
1.336000000000000000e+03 7.142603215314989029e+02 2.373527916969581497e+01 6.700749412504673763e-02 -5.753591080295228721e+01
1.337000000000000000e+03 7.156275223767382840e+02 2.356997783499066301e+01 6.698690501608592363e-02 -5.769709832199400523e+01
1.338000000000000000e+03 7.170037741702315088e+02 2.340340025627223852e+01 6.696668664411477290e-02 -5.784518703105643311e+01
1.339000000000000000e+03 7.183867960660547851e+02 2.323548543463701321e+01 6.694682945657233486e-02 -5.798002794188070652e+01
1.340000000000000000e+03 7.197750511859869675e+02 2.306646937637318473e+01 6.692732372725131162e-02 -5.810169389581560040e+01
1.341000000000000000e+03 7.211684893535810943e+02 2.289621654657540617e+01 6.690815956234823225e-02 -5.821010814053266103e+01
1.342000000000000000e+03 7.225648328158973754e+02 2.272503699284982304e+01 6.688932690670187919e-02 -5.830511860817843939e+01
1.343000000000000000e+03 7.239632903134566959e+02 2.255279494849945721e+01 6.687081555023691171e-02 -5.838686932795928897e+01
1.344000000000000000e+03 7.253615856331246050e+02 2.237972595630272110e+01 6.685261513458277960e-02 -5.845520615361522943e+01
1.345000000000000000e+03 7.267596716745661070e+02 2.220576832227512654e+01 6.683471515988798073e-02 -5.851012246035095643e+01
1.346000000000000000e+03 7.281552733299770352e+02 2.203108310550210902e+01 6.681710499173391937e-02 -5.855161057416854220e+01
1.347000000000000000e+03 7.295476015478542422e+02 2.185568270597072171e+01 6.679977386823464369e-02 -5.857966176862730379e+01
1.348000000000000000e+03 7.309343818805302817e+02 2.167965372044818650e+01 6.678271090720340475e-02 -5.859419197852379568e+01
1.349000000000000000e+03 7.323155685461513258e+02 2.150315694787773779e+01 6.676590511345506518e-02 -5.859519036450243590e+01
1.350000000000000000e+03 7.336888873048322921e+02 2.132627882779235762e+01 6.674934538615272250e-02 -5.858286787808969365e+01
1.351000000000000000e+03 7.350536456501254179e+02 2.114902544845734766e+01 6.673302052621454816e-02 -5.855721080590959104e+01
1.352000000000000000e+03 7.364087925809016042e+02 2.097152741094517125e+01 6.671691924375752758e-02 -5.851820135939910728e+01
1.353000000000000000e+03 7.377556014365442252e+02 2.079376069249317638e+01 6.670103016558047437e-02 -5.846596850079227892e+01
1.354000000000000000e+03 7.390856882927402012e+02 2.061599835030766670e+01 6.668534184261419584e-02 -5.840056584557185460e+01
1.355000000000000000e+03 7.404099824146497895e+02 2.043806769204472573e+01 6.666984275736458077e-02 -5.832197166263487986e+01
1.356000000000000000e+03 7.417215843937432282e+02 2.026016739985581694e+01 6.665452133132993007e-02 -5.823031172539671729e+01
1.357000000000000000e+03 7.430210224278606574e+02 2.008234755139914185e+01 6.663936593230236627e-02 -5.812563646231352266e+01
1.358000000000000000e+03 7.443088238615191585e+02 1.990450962537750357e+01 6.662436488167219895e-02 -5.800792095834692930e+01
1.359000000000000000e+03 7.455780867277762809e+02 1.972685220809873385e+01 6.660950646158671218e-02 -5.787736209087528039e+01
1.360000000000000000e+03 7.468293363426080305e+02 1.954942529801209261e+01 6.659477892201234872e-02 -5.773385854751565205e+01
1.361000000000000000e+03 7.480630968504905240e+02 1.937220459476658618e+01 6.658017048767146673e-02 -5.757753081342105617e+01
1.362000000000000000e+03 7.492873194726157635e+02 1.919524007177459524e+01 6.656566936487728903e-02 -5.740849832399428010e+01
1.363000000000000000e+03 7.504876690061599902e+02 1.901865598177193206e+01 6.655126374817209312e-02 -5.722673090154758313e+01
1.364000000000000000e+03 7.516720938285048987e+02 1.884242801187005867e+01 6.653694182682280689e-02 -5.703242017692483756e+01
1.365000000000000000e+03 7.528411124015470932e+02 1.866668042312408105e+01 6.652269179116533648e-02 -5.682568246004711199e+01
1.366000000000000000e+03 7.539803848294727686e+02 1.849146320557974121e+01 6.650850183874672250e-02 -5.660655874491590112e+01
1.367000000000000000e+03 7.551052828710937774e+02 1.831682636732546499e+01 6.649436018026992634e-02 -5.637516328206937288e+01
1.368000000000000000e+03 7.562088914018390824e+02 1.814274565653264304e+01 6.648025504540137909e-02 -5.613160930098047174e+01
1.369000000000000000e+03 7.572842933812190722e+02 1.796941970100004227e+01 6.646617468831013398e-02 -5.587600901640658435e+01
1.370000000000000000e+03 7.583468548233144020e+02 1.779689859616561165e+01 6.645210739306257886e-02 -5.560854791869181213e+01
1.371000000000000000e+03 7.593747979175778937e+02 1.762508391061879465e+01 6.643804147878083766e-02 -5.532933621401077318e+01
1.372000000000000000e+03 7.603834844572128304e+02 1.745424867611669129e+01 6.642396530462163495e-02 -5.503848311556903639e+01
1.373000000000000000e+03 7.613659889661314537e+02 1.728429455804199222e+01 6.640986727452798111e-02 -5.473617113525150302e+01
1.374000000000000000e+03 7.623228120319753316e+02 1.711534612888831930e+01 6.639573584181009125e-02 -5.442258180871247930e+01
1.375000000000000000e+03 7.632470235406653956e+02 1.694745373969606916e+01 6.638155951348997941e-02 -5.409782142091052748e+01
1.376000000000000000e+03 7.641465476651821973e+02 1.678074209248142878e+01 6.636732685450971725e-02 -5.376199529909124664e+01
1.377000000000000000e+03 7.650218777557635121e+02 1.661511311162676208e+01 6.635302649170421452e-02 -5.341535638971236466e+01
1.378000000000000000e+03 7.658660762836899494e+02 1.645076593377246965e+01 6.633864711759819566e-02 -5.305800813479088873e+01
1.379000000000000000e+03 7.666796314883166588e+02 1.628767692864556693e+01 6.632417749406581409e-02 -5.269012733320088415e+01
1.380000000000000000e+03 7.674556006257503213e+02 1.612597112188784010e+01 6.630960645577857471e-02 -5.231174130138555256e+01
1.381000000000000000e+03 7.682093233215491637e+02 1.596555078282603191e+01 6.629492291353519806e-02 -5.192317358601612654e+01
1.382000000000000000e+03 7.689264230730798317e+02 1.580661541423672745e+01 6.628011585745133272e-02 -5.152444970803517066e+01
1.383000000000000000e+03 7.696073773073874236e+02 1.564914177303849030e+01 6.626517435997342220e-02 -5.111574287614861589e+01
1.384000000000000000e+03 7.702526606391950281e+02 1.549318100947111887e+01 6.625008757883801835e-02 -5.069729971620778741e+01
1.385000000000000000e+03 7.708701731816265692e+02 1.533885867222209498e+01 6.623484475981131214e-02 -5.026936600099218566e+01
1.386000000000000000e+03 7.714529554577584349e+02 1.518622614650241331e+01 6.621943523948888022e-02 -4.983226094739129763e+01
1.387000000000000000e+03 7.719940450650846060e+02 1.503533494258190117e+01 6.620384844783998302e-02 -4.938608009645965069e+01
1.388000000000000000e+03 7.725013333414947283e+02 1.488623670077103789e+01 6.618807391081774072e-02 -4.893121531237761701e+01
1.389000000000000000e+03 7.729678519310994034e+02 1.473898319634932719e+01 6.617210125283547184e-02 -4.846783481274663785e+01
1.390000000000000000e+03 7.734014861532475607e+02 1.459370062793989220e+01 6.615592019919519506e-02 -4.799618031777252725e+01
1.391000000000000000e+03 7.737952615705806920e+02 1.445036677181490425e+01 6.613952057852237609e-02 -4.751656706578982892e+01
1.392000000000000000e+03 7.741496290097159090e+02 1.430910812065689086e+01 6.612289232512749693e-02 -4.702908669511774775e+01
1.393000000000000000e+03 7.744724645319153069e+02 1.416990275423539991e+01 6.610602548141504553e-02 -4.653405296127230173e+01
1.394000000000000000e+03 7.747493560033469748e+02 1.403280319453388358e+01 6.608891020020726814e-02 -4.603163033597200382e+01
1.395000000000000000e+03 7.749807448180520169e+02 1.389793641029904769e+01 6.607153674718425906e-02 -4.552213115797619025e+01
1.396000000000000000e+03 7.751744975197432268e+02 1.376520668750749188e+01 6.605389550325931058e-02 -4.500564423270022019e+01
1.397000000000000000e+03 7.753310490735658504e+02 1.363481561828440114e+01 6.603597696700537478e-02 -4.448255483414849465e+01
1.398000000000000000e+03 7.754359744882173118e+02 1.350674212070913072e+01 6.601777175714507173e-02 -4.395295045458690453e+01
1.399000000000000000e+03 7.755045588898262849e+02 1.338103957706763403e+01 6.599927061506467851e-02 -4.341728937402260158e+01
1.400000000000000000e+03 7.755223706922614610e+02 1.325776155450913762e+01 6.598046440738129792e-02 -4.287580641039488683e+01
1.401000000000000000e+03 7.755047239183248848e+02 1.313695804265219635e+01 6.596134412857655727e-02 -4.232879020440091011e+01
1.402000000000000000e+03 7.754373580108064061e+02 1.301866415816790479e+01 6.594190090369525525e-02 -4.177630078476044417e+01
1.403000000000000000e+03 7.753283296148669024e+02 1.290283716457411778e+01 6.592212599108532300e-02 -4.121867489104080562e+01
1.404000000000000000e+03 7.751782636014590935e+02 1.278958309301205887e+01 6.590201078527203882e-02 -4.065602587588172412e+01
1.405000000000000000e+03 7.749803530384868964e+02 1.267893389544565963e+01 6.588154681979646599e-02 -4.008846657480318498e+01
1.406000000000000000e+03 7.747352158621772560e+02 1.257092173177357175e+01 6.586072577025399444e-02 -3.951618360919016482e+01
1.407000000000000000e+03 7.744434664974249927e+02 1.246543040633456734e+01 6.583953945731459145e-02 -3.893943740594592384e+01
1.408000000000000000e+03 7.741131441783899163e+02 1.236264107233177256e+01 6.581797984984190386e-02 -3.835826508329418516e+01
1.409000000000000000e+03 7.737299995176377934e+02 1.226243796711890610e+01 6.579603906808176306e-02 -3.777292617175419309e+01
1.410000000000000000e+03 7.733094929278809104e+02 1.216492839991932406e+01 6.577370938692621294e-02 -3.718360550022703137e+01
1.411000000000000000e+03 7.728373677898864571e+02 1.207007133740873606e+01 6.575098323921188537e-02 -3.659041321621766940e+01
1.412000000000000000e+03 7.723216488741340982e+02 1.197797454071258905e+01 6.572785321909922762e-02 -3.599368194018133238e+01
1.413000000000000000e+03 7.717555005595670536e+02 1.188859743427420490e+01 6.570431208547738988e-02 -3.539344680144657929e+01
1.414000000000000000e+03 7.711469402047898711e+02 1.180197395912989577e+01 6.568035276544209600e-02 -3.479018829377451993e+01
1.415000000000000000e+03 7.704891247175809212e+02 1.171806400855990482e+01 6.565596835777014195e-02 -3.418394089394649171e+01
1.416000000000000000e+03 7.697900639268389114e+02 1.163697628113907179e+01 6.563115213642523038e-02 -3.357503591748068317e+01
1.417000000000000000e+03 7.690429071531035561e+02 1.155867114915632499e+01 6.560589755410473067e-02 -3.296365583837278024e+01
1.418000000000000000e+03 7.682556565817843648e+02 1.148318351143709748e+01 6.558019824576985513e-02 -3.235013144391680839e+01
1.419000000000000000e+03 7.674214538352504178e+02 1.141054851204056497e+01 6.555404803215597598e-02 -3.173449615454672923e+01
1.420000000000000000e+03 7.665408649976769766e+02 1.134072725884095689e+01 6.552744092328340042e-02 -3.111715459625292723e+01
1.421000000000000000e+03 7.656144522400620644e+02 1.127375539250005509e+01 6.550037112194445621e-02 -3.049828835348506928e+01
1.422000000000000000e+03 7.646427737968163001e+02 1.120966880481538475e+01 6.547283302711813524e-02 -2.987800455710064895e+01
1.423000000000000000e+03 7.636338122940904896e+02 1.114835507344888121e+01 6.544482123734980672e-02 -2.925663303933137271e+01
1.424000000000000000e+03 7.625732613284982335e+02 1.108999916455824497e+01 6.541633055407714004e-02 -2.863428065372976050e+01
1.425000000000000000e+03 7.614690955501479266e+02 1.103448916627595366e+01 6.538735598483988443e-02 -2.801127699714358599e+01
1.426000000000000000e+03 7.603218572451374939e+02 1.098186199110588213e+01 6.535789274641634616e-02 -2.738787729665597226e+01
1.427000000000000000e+03 7.591246563211692546e+02 1.093208052668004271e+01 6.532793626786563557e-02 -2.676418814701676396e+01
1.428000000000000000e+03 7.578854553461843579e+02 1.088518220391064695e+01 6.529748219342293436e-02 -2.614046466556331438e+01
1.429000000000000000e+03 7.566047844879080913e+02 1.084113043101522322e+01 6.526652638526911354e-02 -2.551711051310177325e+01
1.430000000000000000e+03 7.552831698569475520e+02 1.079996316143494539e+01 6.523506492620546882e-02 -2.489415793023479395e+01
1.431000000000000000e+03 7.539137051520680188e+02 1.076171861112919004e+01 6.520309412208721844e-02 -2.427201059318958798e+01
1.432000000000000000e+03 7.525043367092683866e+02 1.072636097575405145e+01 6.517061050417874424e-02 -2.365077508304992193e+01
1.433000000000000000e+03 7.510481501020183259e+02 1.069385471473043481e+01 6.513761083126265450e-02 -2.303078089097366643e+01
1.434000000000000000e+03 7.495530835465044674e+02 1.066416455169454558e+01 6.510409209163134370e-02 -2.241220902131981774e+01
1.435000000000000000e+03 7.480122145079759548e+02 1.063740404183897503e+01 6.507005150481508238e-02 -2.179538914623154611e+01
1.436000000000000000e+03 7.464334731122638686e+02 1.061346415462236692e+01 6.503548652314720957e-02 -2.118050249212682701e+01
1.437000000000000000e+03 7.448099287585391721e+02 1.059231040788825950e+01 6.500039483311503830e-02 -2.056787899413075849e+01
1.438000000000000000e+03 7.431420751871092989e+02 1.057405715136379776e+01 6.496477435648377596e-02 -1.995762589890102134e+01
1.439000000000000000e+03 7.414378304997885607e+02 1.055867043253387827e+01 6.492862325120532518e-02 -1.935014776939309300e+01
1.440000000000000000e+03 7.396976804831164145e+02 1.054604227991646503e+01 6.489193991209712964e-02 -1.874555223699157480e+01
1.441000000000000000e+03 7.379146786354308460e+02 1.053621355323220143e+01 6.485472297127629904e-02 -1.814417000607649655e+01
1.442000000000000000e+03 7.360893028977905033e+02 1.052915109244902503e+01 6.481697129837991900e-02 -1.754618345645100064e+01
1.443000000000000000e+03 7.342220273374773569e+02 1.052482200072745755e+01 6.477868400052104458e-02 -1.695184951367379966e+01
1.444000000000000000e+03 7.323207505352917224e+02 1.052326792725724225e+01 6.473986042204589453e-02 -1.636149966876268635e+01
1.445000000000000000e+03 7.303785105750945377e+02 1.052445649947856054e+01 6.470050014401235172e-02 -1.577524286375978946e+01
1.446000000000000000e+03 7.283957701380319349e+02 1.052835560570346374e+01 6.466060298345739643e-02 -1.519333692868445063e+01
1.447000000000000000e+03 7.263804165491188769e+02 1.053493339412820440e+01 6.462016899241476708e-02 -1.461618860083172855e+01
1.448000000000000000e+03 7.243254767760904542e+02 1.054415827173965603e+01 6.457919845671594716e-02 -1.404383355940441902e+01
1.449000000000000000e+03 7.222314025326733145e+02 1.055607318661892435e+01 6.453769189455418887e-02 -1.347675356303387773e+01
1.450000000000000000e+03 7.201060703339115889e+02 1.057057277613039581e+01 6.449565005483354208e-02 -1.291505935008229855e+01
1.451000000000000000e+03 7.179498760005249096e+02 1.058770222770072600e+01 6.445307391529468688e-02 -1.235906616156515625e+01
1.452000000000000000e+03 7.157555881600100065e+02 1.060736532782744668e+01 6.440996468044285495e-02 -1.180894033435299839e+01
1.453000000000000000e+03 7.135233515695643973e+02 1.062961640994606505e+01 6.436632377924163262e-02 -1.126482989423423930e+01
1.454000000000000000e+03 7.112607360344619565e+02 1.065443577403043740e+01 6.432215286268612442e-02 -1.072688333776868852e+01
1.455000000000000000e+03 7.089678797748741772e+02 1.068172968477570528e+01 6.427745380110252982e-02 -1.019517536667933122e+01
1.456000000000000000e+03 7.066449178453755167e+02 1.071155322018780787e+01 6.423222868136421737e-02 -9.669781189037673030e+00
1.457000000000000000e+03 7.042919822059649277e+02 1.074388741905776534e+01 6.418647980387538754e-02 -9.150925103731381682e+00
1.458000000000000000e+03 7.019017734444283860e+02 1.077856499534134116e+01 6.414020967945045781e-02 -8.638683383688382733e+00
1.459000000000000000e+03 6.994818459011163441e+02 1.081571603695717343e+01 6.409342102601363333e-02 -8.133132859878593024e+00
1.460000000000000000e+03 6.970323226934598324e+02 1.085532230245650354e+01 6.404611676524660235e-02 -7.634499505069593184e+00
1.461000000000000000e+03 6.945533241425459892e+02 1.089721721861022985e+01 6.399830001903153431e-02 -7.142787032809947867e+00
1.462000000000000000e+03 6.920449678503213136e+02 1.094145729541136269e+01 6.394997410585419317e-02 -6.658222614676367890e+00
1.463000000000000000e+03 6.895073687775035296e+02 1.098802498945858552e+01 6.390114253710475756e-02 -6.180885478720833603e+00
1.464000000000000000e+03 6.869406393220207292e+02 1.103682870125417281e+01 6.385180901330288206e-02 -5.710855492153905644e+00
1.465000000000000000e+03 6.843448893978128353e+02 1.108792562291444739e+01 6.380197742026161301e-02 -5.248213176732947183e+00
1.466000000000000000e+03 6.817276548640786586e+02 1.114122460126859160e+01 6.375165182521962126e-02 -4.793262574359116179e+00
1.467000000000000000e+03 6.790816125535601486e+02 1.119663470187913390e+01 6.370083647291134576e-02 -4.345936993839393025e+00
1.468000000000000000e+03 6.764142937524596846e+02 1.125428805647239550e+01 6.364953578164529724e-02 -3.906467576875256587e+00
1.469000000000000000e+03 6.737183708780997904e+02 1.131394559174989922e+01 6.359775433935560551e-02 -3.474937611189607978e+00
1.470000000000000000e+03 6.709939426079348550e+02 1.137573986115408253e+01 6.354549689967398107e-02 -3.051356827838810570e+00
1.471000000000000000e+03 6.682559623075422905e+02 1.143950648999697428e+01 6.349276837798564777e-02 -2.635958548691737402e+00
1.472000000000000000e+03 6.654896680062231553e+02 1.150530415654017169e+01 6.343957384755419260e-02 -2.228753998535782266e+00
1.473000000000000000e+03 6.626951525748603444e+02 1.157296888745501384e+01 6.338591853565199441e-02 -1.829903735354541316e+00
1.474000000000000000e+03 6.598873638014357539e+02 1.164263403872888603e+01 6.333180781976954776e-02 -1.439494812222584796e+00
1.475000000000000000e+03 6.570515343641264963e+02 1.171406174044667914e+01 6.327724722382688238e-02 -1.057689356342714770e+00
1.476000000000000000e+03 6.542026087069082223e+02 1.178738572803593954e+01 6.322224241452879812e-02 -6.844274466916403510e-01
1.477000000000000000e+03 6.513332446603556036e+02 1.186244278688239895e+01 6.316679919773104945e-02 -3.199471098100933886e-01
1.478000000000000000e+03 6.484435269140977880e+02 1.193914416589968752e+01 6.311092351489097640e-02 3.573565383103802923e-02
1.479000000000000000e+03 6.455409670871390517e+02 1.201762414051236050e+01 6.305462143963926069e-02 3.825445820321983770e-01
1.480000000000000000e+03 6.426182187462813999e+02 1.209764574053629005e+01 6.299789917442427667e-02 7.203505691265825739e-01
1.481000000000000000e+03 6.396827908751328096e+02 1.217934358102831105e+01 6.294076304723368598e-02 1.049083081549676999e+00
1.482000000000000000e+03 6.367273345399606796e+02 1.226248102301173404e+01 6.288321950843026031e-02 1.368663293412479831e+00
1.483000000000000000e+03 6.337593563564028045e+02 1.234711872067715888e+01 6.282527512771240996e-02 1.679041219391563811e+00
1.484000000000000000e+03 6.307863618535646992e+02 1.243316891597565821e+01 6.276693659109597312e-02 1.980136279483308837e+00
1.485000000000000000e+03 6.277935704867923050e+02 1.252061828466613314e+01 6.270821069808689419e-02 2.271881861082179821e+00
1.486000000000000000e+03 6.247959141519156674e+02 1.260930508128168093e+01 6.264910435889294027e-02 2.554225311380998953e+00
1.487000000000000000e+03 6.217786104447781099e+02 1.269929055205199120e+01 6.258962459175912429e-02 2.827075931745503645e+00
1.488000000000000000e+03 6.187565895238644771e+02 1.279048751273914242e+01 6.252977852036745166e-02 3.090386682821540720e+00
1.489000000000000000e+03 6.157299240686082840e+02 1.288280891093150693e+01 6.246957337137938604e-02 3.344094751417229006e+00
1.490000000000000000e+03 6.126875435135852968e+02 1.297624210477830609e+01 6.240901647197859975e-02 3.588156457864564164e+00
1.491000000000000000e+03 6.096406616830631719e+02 1.307062600765962124e+01 6.234811524757352674e-02 3.822525708351006024e+00
1.492000000000000000e+03 6.065878636027010771e+02 1.316602250082446268e+01 6.228687721952200218e-02 4.047153989899510584e+00
1.493000000000000000e+03 6.035299622574796103e+02 1.326234501095446738e+01 6.222531000292883668e-02 4.261982937430935259e+00
1.494000000000000000e+03 6.004670273086924226e+02 1.335943278869583040e+01 6.216342130449839520e-02 4.466970328835245141e+00
1.495000000000000000e+03 5.974006136558808748e+02 1.345734803765460086e+01 6.210121892043941189e-02 4.662070024703259818e+00
1.496000000000000000e+03 5.943315329885033407e+02 1.355600449182817435e+01 6.203871073437904754e-02 4.847249793075804725e+00
1.497000000000000000e+03 5.912613395127214062e+02 1.365524169401307475e+01 6.197590471534102780e-02 5.022513591633282815e+00
1.498000000000000000e+03 5.881901015031692168e+02 1.375512212468442108e+01 6.191280891571012551e-02 5.187834710110754699e+00
1.499000000000000000e+03 5.851193727001151501e+02 1.385548549581739231e+01 6.184943146918867041e-02 5.343200338393963023e+00
1.500000000000000000e+03 5.820499638617728806e+02 1.395632016320587176e+01 6.178578058879579532e-02 5.488589279888012484e+00
1.501000000000000000e+03 5.789826081277913090e+02 1.405754539956858373e+01 6.172186456479094446e-02 5.623980269066679583e+00
1.502000000000000000e+03 5.759192141595935936e+02 1.415910105931016716e+01 6.165769176258133200e-02 5.749376926856109904e+00
1.503000000000000000e+03 5.728586417772675077e+02 1.426100647025206669e+01 6.159327062061000641e-02 5.864767947494399891e+00
1.504000000000000000e+03 5.698019793937909299e+02 1.436313244900419051e+01 6.152860964817988970e-02 5.970185635072869701e+00
1.505000000000000000e+03 5.667503155704537221e+02 1.446557271317533377e+01 6.146371742318013781e-02 6.065631620541979352e+00
1.506000000000000000e+03 5.637032534081778294e+02 1.456812389154044851e+01 6.139860258979728397e-02 6.151114004380234590e+00
1.507000000000000000e+03 5.606611391149033352e+02 1.467087978673525051e+01 6.133327385609070592e-02 6.226639929567726384e+00
1.508000000000000000e+03 5.576250620688952040e+02 1.477378566890819656e+01 6.126773999147372418e-02 6.292200726612410477e+00
1.509000000000000000e+03 5.545953692130440231e+02 1.487671255388535663e+01 6.120200982413125795e-02 6.347913054331256077e+00
1.510000000000000000e+03 5.515724079553182264e+02 1.497968004833825084e+01 6.113609223827425748e-02 6.393662341560882645e+00
1.511000000000000000e+03 5.485565262352969285e+02 1.508263349393746999e+01 6.106999617129589553e-02 6.429630202940798789e+00
1.512000000000000000e+03 5.455503010968917579e+02 1.518559252902218404e+01 6.100373061080276160e-02 6.455848741203341845e+00
1.513000000000000000e+03 5.425525960769120957e+02 1.528842823276315777e+01 6.093730459150369094e-02 6.472423401371954377e+00
1.514000000000000000e+03 5.395652467901628597e+02 1.539108597034943671e+01 6.087072719194483450e-02 6.479310124327011700e+00
1.515000000000000000e+03 5.365893468252755838e+02 1.549365967118110632e+01 6.080400753113397727e-02 6.476686768770528957e+00
1.516000000000000000e+03 5.336245049816891424e+02 1.559602040606073992e+01 6.073715476497372479e-02 6.464507415038982074e+00
1.517000000000000000e+03 5.306718166827581626e+02 1.569811351592334248e+01 6.067017808257582634e-02 6.442873787815557307e+00
1.518000000000000000e+03 5.277323783796537100e+02 1.579988432307222546e+01 6.060308670242441770e-02 6.411886694693563982e+00
1.519000000000000000e+03 5.248058019561372021e+02 1.590135240944061579e+01 6.053588986836391794e-02 6.371646032110089841e+00
1.520000000000000000e+03 5.218931861442736135e+02 1.600238876086625339e+01 6.046859684545988906e-02 6.322102224636292789e+00
1.521000000000000000e+03 5.189948880956691255e+02 1.610301289590863760e+01 6.040121691571125051e-02 6.263427649143826770e+00
1.522000000000000000e+03 5.161112662933982165e+02 1.620324429367863317e+01 6.033375937361139946e-02 6.195719507803712389e+00
1.523000000000000000e+03 5.132426806293893833e+02 1.630287953819491520e+01 6.026623352159522773e-02 6.118925551944518482e+00
1.524000000000000000e+03 5.103902353171897062e+02 1.640193801429439802e+01 6.019864866531548370e-02 6.033215507273956391e+00
1.525000000000000000e+03 5.075542932998827723e+02 1.650036476855098400e+01 6.013101410881472458e-02 5.938683947923201423e+00
1.526000000000000000e+03 5.047359619981890546e+02 1.659817907124464043e+01 6.006333914960700071e-02 5.835424588345450303e+00
1.527000000000000000e+03 5.019348648833849893e+02 1.669532584435754785e+01 5.999563307363275227e-02 5.723604575553096652e+00
1.528000000000000000e+03 4.991521128951821424e+02 1.679167565661427730e+01 5.992790515010384955e-02 5.603241647680109239e+00
1.529000000000000000e+03 4.963888188490884090e+02 1.688724756907007318e+01 5.986016462629705631e-02 5.474575560896276727e+00
1.530000000000000000e+03 4.936446118432384651e+02 1.698198627972655927e+01 5.979242072225741250e-02 5.337548114619863782e+00
1.531000000000000000e+03 4.909206086746793289e+02 1.707583640220145327e+01 5.972468262546086482e-02 5.192323146090475738e+00
1.532000000000000000e+03 4.882164425745945664e+02 1.716881674444396211e+01 5.965695948542217714e-02 5.039063690238338999e+00
1.533000000000000000e+03 4.855339774577267917e+02 1.726072316998488176e+01 5.958926040827448173e-02 4.877857706876532085e+00
1.534000000000000000e+03 4.828728509853289665e+02 1.735164857776290859e+01 5.952159445136138982e-02 4.708866658715196607e+00
1.535000000000000000e+03 4.802334459770061130e+02 1.744153719646878287e+01 5.945397061778703862e-02 4.532176955676097130e+00
1.536000000000000000e+03 4.776168904809337619e+02 1.753025886345853479e+01 5.938639785104973118e-02 4.347874250021503073e+00
1.537000000000000000e+03 4.750220865022943713e+02 1.761775758722249918e+01 5.931888502964391408e-02 4.156117731785638370e+00
1.538000000000000000e+03 4.724516527501736505e+02 1.770412582640630461e+01 5.925144096177074188e-02 3.957065857499657113e+00
1.539000000000000000e+03 4.699052391870481529e+02 1.778915878437039666e+01 5.918407438008245480e-02 3.750876362713333023e+00
1.540000000000000000e+03 4.673832412664898470e+02 1.787294867284183653e+01 5.911679393653721665e-02 3.537780558308941004e+00
1.541000000000000000e+03 4.648860571584583568e+02 1.795536472308734233e+01 5.904960819734406119e-02 3.317786209587664015e+00
1.542000000000000000e+03 4.624155734772745063e+02 1.803642459917635321e+01 5.898252563803358522e-02 3.091197534163816041e+00
1.543000000000000000e+03 4.599707083268856991e+02 1.811599725978297570e+01 5.891555463864055903e-02 2.858095231099070599e+00
1.544000000000000000e+03 4.575533540338649345e+02 1.819417437157317607e+01 5.884870347906197979e-02 2.618707912336756483e+00
1.545000000000000000e+03 4.551624345172965604e+02 1.827075032062595739e+01 5.878198033457670418e-02 2.373189266380447915e+00
1.546000000000000000e+03 4.527998480162640362e+02 1.834574219295498665e+01 5.871539327150485099e-02 2.121692356241348332e+00
1.547000000000000000e+03 4.504660101241172470e+02 1.841916692007181666e+01 5.864895024310842753e-02 1.864369634135964571e+00
1.548000000000000000e+03 4.481598538299577967e+02 1.849096699162224056e+01 5.858265908564880969e-02 1.601447239932835886e+00
1.549000000000000000e+03 4.458832865672952153e+02 1.856101045159440588e+01 5.851652751465763469e-02 1.333076449332129654e+00
1.550000000000000000e+03 4.436359904043645770e+02 1.862931374510516136e+01 5.845056312147459132e-02 1.059407972786161389e+00
1.551000000000000000e+03 4.414183599526089097e+02 1.869582237437048278e+01 5.838477336992913685e-02 7.806507497215113833e-01
1.552000000000000000e+03 4.392306591688413278e+02 1.876049570901329488e+01 5.831916559331646460e-02 4.968768826226474533e-01
1.553000000000000000e+03 4.370738646088773294e+02 1.882337073568386288e+01 5.825374699161618708e-02 2.082910183918876557e-01
1.554000000000000000e+03 4.349467275748706925e+02 1.888440997750279848e+01 5.818852462890429511e-02 -8.512554795655216666e-02
1.555000000000000000e+03 4.328502311458405529e+02 1.894350149071364342e+01 5.812350543104113226e-02 -3.831691558032371270e-01
1.556000000000000000e+03 4.307846188550079773e+02 1.900075599542414651e+01 5.805869618359637413e-02 -6.857851797689745732e-01
1.557000000000000000e+03 4.287501375393763396e+02 1.905613545490533411e+01 5.799410353003389001e-02 -9.927708788570233089e-01
1.558000000000000000e+03 4.267470373514744324e+02 1.910952735598706909e+01 5.792973397012331910e-02 -1.304072513443115700e+00
1.559000000000000000e+03 4.247755717683704120e+02 1.916104184004413469e+01 5.786559385857339977e-02 -1.619488194081786236e+00
1.560000000000000000e+03 4.228352547630223626e+02 1.921056599904157736e+01 5.780168940392386989e-02 -1.939039281680385862e+00
1.561000000000000000e+03 4.209263464781687958e+02 1.925813529019324477e+01 5.773802666767427483e-02 -2.262376101994585387e+00
1.562000000000000000e+03 4.190498532277468371e+02 1.930371068268742363e+01 5.767461156358445057e-02 -2.589520763032125306e+00
1.563000000000000000e+03 4.172045561559065732e+02 1.934732722201330901e+01 5.761144985723919143e-02 -2.920272869283729644e+00
1.564000000000000000e+03 4.153922110791268096e+02 1.938894546036730304e+01 5.754854716577157553e-02 -3.254506637865843821e+00
1.565000000000000000e+03 4.136116058009154131e+02 1.942852573765783930e+01 5.748590895780114618e-02 -3.592022313539308342e+00
1.566000000000000000e+03 4.118637599499850239e+02 1.946602817910015659e+01 5.742354055350717967e-02 -3.932769001141139587e+00
1.567000000000000000e+03 4.101474679613486387e+02 1.950156125990963574e+01 5.736144712494452291e-02 -4.276547513408918810e+00
1.568000000000000000e+03 4.084637560761082113e+02 1.953501038557272551e+01 5.729963369639962806e-02 -4.623307486744831607e+00
1.569000000000000000e+03 4.068129109895362490e+02 1.956633502373647104e+01 5.723810514494859225e-02 -4.972775945386561425e+00
1.570000000000000000e+03 4.051937370029273211e+02 1.959564298568782448e+01 5.717686620111976648e-02 -5.324828700542154181e+00
1.571000000000000000e+03 4.036080130194705475e+02 1.962274472341417564e+01 5.711592144963580087e-02 -5.679386335057332147e+00
1.572000000000000000e+03 4.020538070137423574e+02 1.964782187930083523e+01 5.705527533026313880e-02 -6.036273046289871935e+00
1.573000000000000000e+03 4.005321615307933030e+02 1.967075873288438359e+01 5.699493213869628178e-02 -6.395313196159501778e+00
1.574000000000000000e+03 3.990433794941728252e+02 1.969151361674267164e+01 5.693489602753003948e-02 -6.756316435921356778e+00
1.575000000000000000e+03 3.975870241885060636e+02 1.971019319847759377e+01 5.687517100721304480e-02 -7.119114829377632070e+00
1.576000000000000000e+03 3.961626620766564315e+02 1.972675534528896080e+01 5.681576094707049829e-02 -7.483510835882232648e+00
1.577000000000000000e+03 3.947713484516023073e+02 1.974115768966787599e+01 5.675666957624243836e-02 -7.849344146954402746e+00
1.578000000000000000e+03 3.934126560779706665e+02 1.975350619519533524e+01 5.669790048470966376e-02 -8.216409955901536222e+00
1.579000000000000000e+03 3.920869036786649531e+02 1.976368373792936950e+01 5.663945712419972411e-02 -8.584548079520871511e+00
1.580000000000000000e+03 3.907929274113625979e+02 1.977172152292381568e+01 5.658134280904755092e-02 -8.953583512827991697e+00
1.581000000000000000e+03 3.895317950253242429e+02 1.977765051633672400e+01 5.652356071706865492e-02 -9.323348695678655318e+00
1.582000000000000000e+03 3.883030916681443614e+02 1.978150144465161731e+01 5.646611389025164851e-02 -9.693676066038554140e+00
1.583000000000000000e+03 3.871064055379373485e+02 1.978315622700175069e+01 5.640900523541333283e-02 -1.006440547001093222e+01
1.584000000000000000e+03 3.859413278657914361e+02 1.978271939212041985e+01 5.635223752477738768e-02 -1.043536185852850906e+01
1.585000000000000000e+03 3.848074528985840175e+02 1.978007237687248576e+01 5.629581339636920145e-02 -1.080637755422025847e+01
1.586000000000000000e+03 3.837058635522399754e+02 1.977531922692475419e+01 5.623973535436317672e-02 -1.117729966165876121e+01
1.587000000000000000e+03 3.826354172202283053e+02 1.976841517899792677e+01 5.618400576926384227e-02 -1.154793062254384317e+01
1.588000000000000000e+03 3.815957170977003443e+02 1.975931522774492421e+01 5.612862687796162792e-02 -1.191809133876129323e+01
1.589000000000000000e+03 3.805871121659386063e+02 1.974812269273824228e+01 5.607360078365974249e-02 -1.228760481219695677e+01
1.590000000000000000e+03 3.796092115071461421e+02 1.973479208455088596e+01 5.601892945567212012e-02 -1.265628498450604411e+01
1.591000000000000000e+03 3.786616271246663246e+02 1.971935195546337383e+01 5.596461472904618734e-02 -1.302395157622507860e+01
1.592000000000000000e+03 3.777447167635140772e+02 1.970175633276631899e+01 5.591065830410289761e-02 -1.339041149843103895e+01
1.593000000000000000e+03 3.768573553910600822e+02 1.968203328618066550e+01 5.585706174577304006e-02 -1.375549597715714256e+01
1.594000000000000000e+03 3.759999065230740030e+02 1.966021064487758352e+01 5.580382648289197028e-02 -1.411900630923643085e+01
1.595000000000000000e+03 3.751719937046954101e+02 1.963624171460495305e+01 5.575095380727826400e-02 -1.448075841534562791e+01
1.596000000000000000e+03 3.743725004964927621e+02 1.961022812892967337e+01 5.569844487275013578e-02 -1.484056053804451025e+01
1.597000000000000000e+03 3.736025418005357892e+02 1.958212271606759103e+01 5.564630069402896201e-02 -1.519822808172013318e+01
1.598000000000000000e+03 3.728610068360212040e+02 1.955195235033515644e+01 5.559452214552947080e-02 -1.555356873928895034e+01
1.599000000000000000e+03 3.721467876298118540e+02 1.951974366969445995e+01 5.554310996008569867e-02 -1.590638990411425624e+01
1.600000000000000000e+03 3.714617503415655051e+02 1.948544879340060376e+01 5.549206472757389763e-02 -1.625650608209326009e+01
1.601000000000000000e+03 3.708033395973145048e+02 1.944916706260623940e+01 5.544138689348987459e-02 -1.660375471615344267e+01
1.602000000000000000e+03 3.701721049215773860e+02 1.941084457424049958e+01 5.539107675751016313e-02 -1.694803626374772776e+01
1.603000000000000000e+03 3.695678884470768253e+02 1.937042608292672341e+01 5.534113447198359820e-02 -1.728925923102700324e+01
1.604000000000000000e+03 3.689905350323649600e+02 1.932807896419207339e+01 5.529156004044103595e-02 -1.762733917342226775e+01
1.605000000000000000e+03 3.684398922426773311e+02 1.928367323159454827e+01 5.524235331610950761e-02 -1.796222096535621304e+01
1.606000000000000000e+03 3.679150674945123001e+02 1.923730152298002949e+01 5.519351400045251904e-02 -1.829377478819958824e+01
1.607000000000000000e+03 3.674166565389236894e+02 1.918890768480306974e+01 5.514504164175062367e-02 -1.862187039883757578e+01
1.608000000000000000e+03 3.669437720981168809e+02 1.913850962455992644e+01 5.509693563372143610e-02 -1.894654796699777677e+01
1.609000000000000000e+03 3.664962723455683999e+02 1.908612502930238364e+01 5.504919521429085111e-02 -1.926755007466978853e+01
1.610000000000000000e+03 3.660740180442685414e+02 1.903184565124577787e+01 5.500181946440482750e-02 -1.958491596982799265e+01
1.611000000000000000e+03 3.656768725180925799e+02 1.897576302645988733e+01 5.495480730697145655e-02 -1.989838728433648285e+01
1.612000000000000000e+03 3.653047016211657478e+02 1.891774562664088322e+01 5.490815750596780148e-02 -2.020800228812054300e+01
1.613000000000000000e+03 3.649566308700935906e+02 1.885788456249039058e+01 5.486186866568427273e-02 -2.051357589103159285e+01
1.614000000000000000e+03 3.646325310790640515e+02 1.879627073565508866e+01 5.481593923012988145e-02 -2.081499676347522865e+01
1.615000000000000000e+03 3.643322754875906639e+02 1.873292055775256415e+01 5.477036748267046645e-02 -2.111222732326928053e+01
1.616000000000000000e+03 3.640557397209244073e+02 1.866777595297954306e+01 5.472515154580302743e-02 -2.140522943924381849e+01
1.617000000000000000e+03 3.638020589130257463e+02 1.860085292780306787e+01 5.468028938122214411e-02 -2.169381585158771486e+01
1.618000000000000000e+03 3.635711133321510147e+02 1.853224157372331149e+01 5.463577879004610088e-02 -2.197794729346370701e+01
1.619000000000000000e+03 3.633620426638470349e+02 1.846188321960357115e+01 5.459161741335688545e-02 -2.225758391186652929e+01
1.620000000000000000e+03 3.631747316315335183e+02 1.838994185209360666e+01 5.454780273291001680e-02 -2.253253668874357274e+01
1.621000000000000000e+03 3.630090671094949357e+02 1.831620985059191398e+01 5.450433207218537135e-02 -2.280291313040269685e+01
1.622000000000000000e+03 3.628641952333689460e+02 1.824092510882559637e+01 5.446120259764238025e-02 -2.306844870465426212e+01
1.623000000000000000e+03 3.627400070132291603e+02 1.816402820294602805e+01 5.441841132024949346e-02 -2.332917538127429324e+01
1.624000000000000000e+03 3.626356526041294046e+02 1.808553381222875700e+01 5.437595509733933463e-02 -2.358490163670856177e+01
1.625000000000000000e+03 3.625510269143637174e+02 1.800553072232615648e+01 5.433383063465993534e-02 -2.383565814459435472e+01
1.626000000000000000e+03 3.624860267063364176e+02 1.792410754508117421e+01 5.429203448876328969e-02 -2.408132634804475103e+01
1.627000000000000000e+03 3.624390648601760176e+02 1.784112987139815232e+01 5.425056306962480757e-02 -2.432178701674467192e+01
1.628000000000000000e+03 3.624107844803901344e+02 1.775676025919926460e+01 5.420941264353002637e-02 -2.455692023734092544e+01
1.629000000000000000e+03 3.624003446502487122e+02 1.767101253590741194e+01 5.416857933623848292e-02 -2.478682825464296968e+01
1.630000000000000000e+03 3.624069060294416431e+02 1.758382608550428117e+01 5.412805913635791721e-02 -2.501124119460389750e+01
1.631000000000000000e+03 3.624303736149479960e+02 1.749536298615193175e+01 5.408784789900841078e-02 -2.523025989065860131e+01
1.632000000000000000e+03 3.624699109952126150e+02 1.740556231284408639e+01 5.404794134965639624e-02 -2.544368732383066245e+01
1.633000000000000000e+03 3.625246831079362551e+02 1.731451155863803137e+01 5.400833508823193324e-02 -2.565154859919985242e+01
1.634000000000000000e+03 3.625953418315956469e+02 1.722222378791848030e+01 5.396902459335310015e-02 -2.585371952066418899e+01
1.635000000000000000e+03 3.626803117306662898e+02 1.712863764021918556e+01 5.393000522679693154e-02 -2.605022371755324428e+01
1.636000000000000000e+03 3.627787613151301116e+02 1.703391446810364229e+01 5.389127223812437834e-02 -2.624086122005135380e+01
1.637000000000000000e+03 3.628913457941512775e+02 1.693814120707342852e+01 5.385282076942016910e-02 -2.642572843698721030e+01
1.638000000000000000e+03 3.630164928190391151e+02 1.684118181252783586e+01 5.381464586017702806e-02 -2.660462388142570234e+01
1.639000000000000000e+03 3.631541165760895069e+02 1.674319724829087974e+01 5.377674245228866723e-02 -2.677756814914073047e+01
1.640000000000000000e+03 3.633033891990507982e+02 1.664427407315198337e+01 5.373910539509807460e-02 -2.694458106240954010e+01
1.641000000000000000e+03 3.634634835217103159e+02 1.654442444496133291e+01 5.370172945053200420e-02 -2.710545881415687219e+01
1.642000000000000000e+03 3.636343158306952432e+02 1.644366040826866993e+01 5.366460929826099430e-02 -2.726021966397416918e+01
1.643000000000000000e+03 3.638150601136069895e+02 1.634206818200167888e+01 5.362773954085006678e-02 -2.740888108297178860e+01
1.644000000000000000e+03 3.640056336478505727e+02 1.623973388017753550e+01 5.359111470895105284e-02 -2.755131118249152422e+01
1.645000000000000000e+03 3.642044684151201750e+02 1.613659494914891823e+01 5.355472926638615849e-02 -2.768745156069178037e+01
1.646000000000000000e+03 3.644114823620160450e+02 1.603266302239793362e+01 5.351857761527594598e-02 -2.781739158249004618e+01
1.647000000000000000e+03 3.646258508166137631e+02 1.592817249186179041e+01 5.348265410098939493e-02 -2.794099695885435608e+01
1.648000000000000000e+03 3.648467492464224051e+02 1.582298624426615241e+01 5.344695301707337587e-02 -2.805820687798282975e+01
1.649000000000000000e+03 3.650740960177813577e+02 1.571718993352991234e+01 5.341146861001241225e-02 -2.816903400284020975e+01
1.650000000000000000e+03 3.653063238167376880e+02 1.561079485116979448e+01 5.337619508390990808e-02 -2.827341590205730526e+01
1.651000000000000000e+03 3.655434101183356006e+02 1.550395661897773358e+01 5.334112660493879610e-02 -2.837136576426933487e+01
1.652000000000000000e+03 3.657855690506356723e+02 1.539666557266087565e+01 5.330625730570254239e-02 -2.846290456043644213e+01
1.653000000000000000e+03 3.660308452164670143e+02 1.528890782016235583e+01 5.327158128933132814e-02 -2.854798031217255883e+01
1.654000000000000000e+03 3.662809971055241931e+02 1.518066940845430679e+01 5.323709263344216652e-02 -2.862654022556903755e+01
1.655000000000000000e+03 3.665340686796312184e+02 1.507208489508486338e+01 5.320278539385611682e-02 -2.869867925795010422e+01
1.656000000000000000e+03 3.667895891555774597e+02 1.496314021873101119e+01 5.316865360811108554e-02 -2.876441726748426575e+01
1.657000000000000000e+03 3.670485729449655423e+02 1.485389555428806929e+01 5.313469129871246921e-02 -2.882362473016848270e+01
1.658000000000000000e+03 3.673098054211523049e+02 1.474426246696167908e+01 5.310089247618725306e-02 -2.887639415819355904e+01
1.659000000000000000e+03 3.675735570386656832e+02 1.463437533439546456e+01 5.306725114189855125e-02 -2.892274296715232040e+01
1.660000000000000000e+03 3.678386119396203640e+02 1.452429421729035575e+01 5.303376129055187987e-02 -2.896268776112334464e+01
1.661000000000000000e+03 3.681052392425354469e+02 1.441393058054341125e+01 5.300041691255832216e-02 -2.899624433461372774e+01
1.662000000000000000e+03 3.683722216531213576e+02 1.430341871541212662e+01 5.296721199609707997e-02 -2.902335339135835213e+01
1.663000000000000000e+03 3.686405695924091219e+02 1.419274432666214381e+01 5.293414052893895966e-02 -2.904417768098828034e+01
1.664000000000000000e+03 3.689090641416584617e+02 1.408196738774149281e+01 5.290119650007756025e-02 -2.905865630102795549e+01
1.665000000000000000e+03 3.691772283394932970e+02 1.397107357844691933e+01 5.286837390109055262e-02 -2.906672755076588999e+01
1.666000000000000000e+03 3.694445843057970933e+02 1.386004857310014948e+01 5.283566672734200942e-02 -2.906855178547290208e+01
1.667000000000000000e+03 3.697113960374434214e+02 1.374910089572973249e+01 5.280306897894090218e-02 -2.906414000294466149e+01
1.668000000000000000e+03 3.699771837006206852e+02 1.363806765672366517e+01 5.277057466154307791e-02 -2.905342813139971980e+01
1.669000000000000000e+03 3.702407235947551953e+02 1.352700882551831185e+01 5.273817778694402797e-02 -2.903649988471930854e+01
1.670000000000000000e+03 3.705022766229254785e+02 1.341605866825632987e+01 5.270587237355922605e-02 -2.901336391700478146e+01
1.671000000000000000e+03 3.707613597534016776e+02 1.330512861843143391e+01 5.267365244674843128e-02 -2.898410239497584584e+01
1.672000000000000000e+03 3.710174888224182155e+02 1.319435298254779454e+01 5.264151203900107462e-02 -2.894872243668311640e+01
1.673000000000000000e+03 3.712701785029002508e+02 1.308371752723919279e+01 5.260944519005506664e-02 -2.890737896805222462e+01
1.674000000000000000e+03 3.715196851090440759e+02 1.297328233439323775e+01 5.257744594690576256e-02 -2.886000331172287758e+01
1.675000000000000000e+03 3.717647780614677231e+02 1.286310752224821208e+01 5.254550836379278528e-02 -2.880674889472521727e+01
1.676000000000000000e+03 3.720057111980526088e+02 1.275325324997281662e+01 5.251362650211136712e-02 -2.874769412143616876e+01
1.677000000000000000e+03 3.722419942399681645e+02 1.264377972222380819e+01 5.248179443033872821e-02 -2.868284238084528326e+01
1.678000000000000000e+03 3.724738784330284034e+02 1.253459862667427238e+01 5.245000622395404322e-02 -2.861227062112048714e+01
1.679000000000000000e+03 3.726993851789536052e+02 1.242584455603255122e+01 5.241825596538937648e-02 -2.853605507395544549e+01
1.680000000000000000e+03 3.729187630167944008e+02 1.231757787850948560e+01 5.238653774403771723e-02 -2.845419697920082669e+01
1.681000000000000000e+03 3.731330019239268267e+02 1.220971045876151351e+01 5.235484565634272031e-02 -2.836684544378409356e+01
1.682000000000000000e+03 3.733393762765912811e+02 1.210237707981482558e+01 5.232317380592585443e-02 -2.827407459988720007e+01
1.683000000000000000e+03 3.735388731703495750e+02 1.199556402992803150e+01 5.229151630392595701e-02 -2.817580933039669588e+01
1.684000000000000000e+03 3.737309925445264298e+02 1.188925767393362065e+01 5.225986726936880655e-02 -2.807227097913307290e+01
1.685000000000000000e+03 3.739152328211822010e+02 1.178359302453825741e+01 5.222822082973996999e-02 -2.796345737580383073e+01
1.686000000000000000e+03 3.740910908732544158e+02 1.167855661256455946e+01 5.219657112172300384e-02 -2.784943997973447694e+01
1.687000000000000000e+03 3.742580619918420552e+02 1.157413505816213295e+01 5.216491229206593472e-02 -2.773043817333678618e+01
1.688000000000000000e+03 3.744163826875949894e+02 1.147046364197047197e+01 5.213323849869879595e-02 -2.760644785480121399e+01
1.689000000000000000e+03 3.745655449860614681e+02 1.136745489171399726e+01 5.210154391202050095e-02 -2.747753858254523607e+01
1.690000000000000000e+03 3.747042963920856096e+02 1.126531857077456245e+01 5.206982271640378523e-02 -2.734385358587933013e+01
1.691000000000000000e+03 3.748328683582631697e+02 1.116396741417170446e+01 5.203806911189172435e-02 -2.720546120888994679e+01
1.692000000000000000e+03 3.749514905772520592e+02 1.106346283352102056e+01 5.200627731617817051e-02 -2.706242920504642058e+01
1.693000000000000000e+03 3.750581624380544099e+02 1.096379207041112380e+01 5.197444156673256682e-02 -2.691497331552089989e+01
1.694000000000000000e+03 3.751545956665969470e+02 1.086509105073460724e+01 5.194255612320854143e-02 -2.676301157969336231e+01
1.695000000000000000e+03 3.752380430999082250e+02 1.076734725443857243e+01 5.191061527007135440e-02 -2.660675861489090721e+01
1.696000000000000000e+03 3.753102126650002788e+02 1.067047400272286595e+01 5.187861331941505394e-02 -2.644627992728594634e+01
1.697000000000000000e+03 3.753698389864098317e+02 1.057468187918165015e+01 5.184654461400142744e-02 -2.628171477450479543e+01
1.698000000000000000e+03 3.754156546833860943e+02 1.047988446534396800e+01 5.181440353054728859e-02 -2.611305332740408858e+01
1.699000000000000000e+03 3.754486188314560309e+02 1.038614404517925394e+01 5.178218448315929923e-02 -2.594058238354656609e+01
1.700000000000000000e+03 3.754682027433110534e+02 1.029359732501358593e+01 5.174988192696871464e-02 -2.576429111181344567e+01
1.701000000000000000e+03 3.754739049441763541e+02 1.020208086093987099e+01 5.171749036192570259e-02 -2.558437966138274078e+01
1.702000000000000000e+03 3.754653391762386718e+02 1.011179013834271423e+01 5.168500433680948969e-02 -2.540085359216340422e+01
1.703000000000000000e+03 3.754428891400932002e+02 1.002276906584371652e+01 5.165241845328957110e-02 -2.521392947043386101e+01
1.704000000000000000e+03 3.754061934305364616e+02 9.934838853338739284e+00 5.161972737016238405e-02 -2.502360056942779920e+01
1.705000000000000000e+03 3.753556311623891588e+02 9.848266566558741886e+00 5.158692580764880076e-02 -2.482993401675173217e+01
1.706000000000000000e+03 3.752900934216435758e+02 9.762873727998238493e+00 5.155400855183733116e-02 -2.463307080793113713e+01
1.707000000000000000e+03 3.752099545624130883e+02 9.678704871315405356e+00 5.152097045911013112e-02 -2.443292868607987955e+01
1.708000000000000000e+03 3.751148436595200337e+02 9.595878977122746178e+00 5.148780646063754601e-02 -2.422972214022495407e+01
1.709000000000000000e+03 3.750058729722316571e+02 9.514292341690010701e+00 5.145451156686986494e-02 -2.402344243471855378e+01
1.710000000000000000e+03 3.748811808939574348e+02 9.434064280588470908e+00 5.142108087203173250e-02 -2.381415475729463083e+01
1.711000000000000000e+03 3.747418745936692517e+02 9.355091430220882742e+00 5.138750955854352875e-02 -2.360199823322696844e+01
1.712000000000000000e+03 3.745868301335019055e+02 9.277419167793905075e+00 5.135379290142731701e-02 -2.338703737258811799e+01
1.713000000000000000e+03 3.744164066083920375e+02 9.201093046687498500e+00 5.131992627257243866e-02 -2.316933636811656783e+01
1.714000000000000000e+03 3.742309604424536928e+02 9.126084515240705741e+00 5.128590514491163793e-02 -2.294888482617388092e+01
1.715000000000000000e+03 3.740301025224603109e+02 9.052439485958421628e+00 5.125172509647922536e-02 -2.272596919880633237e+01
1.716000000000000000e+03 3.738141838386429754e+02 8.980204054123804625e+00 5.121738181426533504e-02 -2.250057853035805167e+01
1.717000000000000000e+03 3.735820669527574864e+02 8.909350216323534966e+00 5.118287109793215328e-02 -2.227277588969501565e+01
1.718000000000000000e+03 3.733340973138600134e+02 8.839850155890701444e+00 5.114818886329060982e-02 -2.204277266849183547e+01
1.719000000000000000e+03 3.730713604016202680e+02 8.771750528260126245e+00 5.111333114560143165e-02 -2.181048289506813376e+01
1.720000000000000000e+03 3.727919675323146294e+02 8.705023895728581707e+00 5.107829410259665665e-02 -2.157619180082385313e+01
1.721000000000000000e+03 3.724977413580501207e+02 8.639791579639851449e+00 5.104307401725716176e-02 -2.133988728368518295e+01
1.722000000000000000e+03 3.721875303385079405e+02 8.575952244462127894e+00 5.100766730030713292e-02 -2.110170562413791018e+01
1.723000000000000000e+03 3.718609229060785992e+02 8.513627600305257559e+00 5.097207049248075189e-02 -2.086185721678737792e+01
1.724000000000000000e+03 3.715197331290200395e+02 8.452716703320596991e+00 5.093628026641579265e-02 -2.062025516794649604e+01
1.725000000000000000e+03 3.711620580275026100e+02 8.393267374540988257e+00 5.090029342829102688e-02 -2.037718386229103729e+01
1.726000000000000000e+03 3.707882202532149449e+02 8.335253350613589518e+00 5.086410691915554255e-02 -2.013263042649632339e+01
1.727000000000000000e+03 3.703992824218859710e+02 8.278797135460813195e+00 5.082771781594419558e-02 -1.988673044543147839e+01
1.728000000000000000e+03 3.699940757789103145e+02 8.223724300332108328e+00 5.079112333215539399e-02 -1.963961941034795800e+01
1.729000000000000000e+03 3.695729143833248713e+02 8.170232036306897427e+00 5.075432081823736535e-02 -1.939143273408112123e+01
1.730000000000000000e+03 3.691361094496896271e+02 8.118220603666427948e+00 5.071730776164349447e-02 -1.914215719924857240e+01
1.731000000000000000e+03 3.686832265280111187e+02 8.067664750214920133e+00 5.068008178661385227e-02 -1.889200239096185641e+01
1.732000000000000000e+03 3.682145711916783739e+02 8.018613712002865768e+00 5.064264065360302158e-02 -1.864102929450230661e+01
1.733000000000000000e+03 3.677297033881434913e+02 7.971116930462785355e+00 5.060498225847383236e-02 -1.838937316100023267e+01
1.734000000000000000e+03 3.672289231324371030e+02 7.925075485957849608e+00 5.056710463138849171e-02 -1.813709495557817064e+01
1.735000000000000000e+03 3.667117848631939410e+02 7.880539232261312144e+00 5.052900593539238344e-02 -1.788440422297713184e+01
1.736000000000000000e+03 3.661800688113048068e+02 7.837558229936978371e+00 5.049068446483920974e-02 -1.763143625213177756e+01
1.737000000000000000e+03 3.656325811856186760e+02 7.796108463138823552e+00 5.045213864346432403e-02 -1.737825209121065484e+01
1.738000000000000000e+03 3.650696112161369911e+02 7.756166123332379314e+00 5.041336702236758754e-02 -1.712513569661751589e+01
1.739000000000000000e+03 3.644914455190062199e+02 7.717781892933550658e+00 5.037436827770805370e-02 -1.687207396340973276e+01
1.740000000000000000e+03 3.638983681333799609e+02 7.680932378357560708e+00 5.033514120824765514e-02 -1.661927672468984341e+01
1.741000000000000000e+03 3.632906605599175691e+02 7.645594393493468921e+00 5.029568473275508600e-02 -1.636680534889872973e+01
1.742000000000000000e+03 3.626678589657043403e+02 7.611819243097093235e+00 5.025599788729436662e-02 -1.611494417205887331e+01
1.743000000000000000e+03 3.620302398954984824e+02 7.579509872092810241e+00 5.021607982234999046e-02 -1.586360624440378331e+01
1.744000000000000000e+03 3.613773346439350007e+02 7.548792282814392962e+00 5.017592979996209762e-02 -1.561300189646203407e+01
1.745000000000000000e+03 3.607109006387386216e+02 7.519569833637954837e+00 5.013554719070452415e-02 -1.536326733601191208e+01
1.746000000000000000e+03 3.600289788042989585e+02 7.491894656062146218e+00 5.009493147072477393e-02 -1.511453894595033098e+01
1.747000000000000000e+03 3.593325791211395313e+02 7.465670520186041159e+00 5.005408221872074959e-02 -1.486680473154700088e+01
1.748000000000000000e+03 3.586227093303391484e+02 7.441024251630003583e+00 5.001299911295089412e-02 -1.462042431910737683e+01
1.749000000000000000e+03 3.578974036380456027e+02 7.417860029849834724e+00 4.997168192828402994e-02 -1.437531185147079427e+01
1.750000000000000000e+03 3.571591511102531626e+02 7.396156521396973105e+00 4.993013053334157542e-02 -1.413175312043718179e+01
1.751000000000000000e+03 3.564067039673912518e+02 7.375967404347606227e+00 4.988834488769756936e-02 -1.388979855287461085e+01
1.752000000000000000e+03 3.556409586151580697e+02 7.357274376163389640e+00 4.984632503920202740e-02 -1.364959636294221745e+01
1.753000000000000000e+03 3.548620460409198927e+02 7.340059860436752182e+00 4.980407112141121279e-02 -1.341113371048087544e+01
1.754000000000000000e+03 3.540693524206886309e+02 7.324306480570863087e+00 4.976158335122126547e-02 -1.317447232449207739e+01
1.755000000000000000e+03 3.532630048309094946e+02 7.310071342142176576e+00 4.971886202661032067e-02 -1.293974851631325329e+01
1.756000000000000000e+03 3.524438712892500121e+02 7.297263181175737579e+00 4.967590752460789710e-02 -1.270687605862027425e+01
1.757000000000000000e+03 3.516113322892675797e+02 7.285939496861211673e+00 4.963272029939615887e-02 -1.247606618278891055e+01
1.758000000000000000e+03 3.507655093440978931e+02 7.276009416172246169e+00 4.958930088068245340e-02 -1.224730760704699506e+01
1.759000000000000000e+03 3.499065221888466226e+02 7.267575396531144705e+00 4.954564987224973488e-02 -1.202066368297424148e+01
1.760000000000000000e+03 3.490352316517840450e+02 7.260554378423347721e+00 4.950176795074129332e-02 -1.179612384080168752e+01
1.761000000000000000e+03 3.481510111841561752e+02 7.254945204408145720e+00 4.945765586464982017e-02 -1.157382645203288796e+01
1.762000000000000000e+03 3.472539753988467055e+02 7.250746905592404090e+00 4.941331443356222070e-02 -1.135376170735166035e+01
1.763000000000000000e+03 3.463449801026625323e+02 7.247943843181783308e+00 4.936874454761169123e-02 -1.113614304585123271e+01
1.764000000000000000e+03 3.454233938222569691e+02 7.246520563358564537e+00 4.932394716719664535e-02 -1.092088718202732167e+01
1.765000000000000000e+03 3.444908120089998533e+02 7.246476652085625858e+00 4.927892332284154742e-02 -1.070805981809265184e+01
1.766000000000000000e+03 3.435466000573636052e+02 7.247797019735445545e+00 4.923367411535495286e-02 -1.049787565506091802e+01
1.767000000000000000e+03 3.425908646724161599e+02 7.250459327397440923e+00 4.918820071618051903e-02 -1.029025270259546332e+01
1.768000000000000000e+03 3.416244538961449848e+02 7.254463698163867491e+00 4.914250436787224313e-02 -1.008533227416566547e+01
1.769000000000000000e+03 3.406474714627560161e+02 7.259788144841341939e+00 4.909658638485311921e-02 -9.883107579944514498e+00
1.770000000000000000e+03 3.396600196581741784e+02 7.266418281093916853e+00 4.905044815429447647e-02 -9.683720870995420782e+00
1.771000000000000000e+03 3.386621993437629499e+02 7.274339890764536243e+00 4.900409113711472198e-02 -9.487240598704563155e+00
1.772000000000000000e+03 3.376541099794139882e+02 7.283524068776630500e+00 4.895751686918373841e-02 -9.293587140977221495e+00
1.773000000000000000e+03 3.366365924811681225e+02 7.293956932068416776e+00 4.891072696260770347e-02 -9.102904229204597186e+00
1.774000000000000000e+03 3.356090007383864986e+02 7.305624760357828151e+00 4.886372310710698080e-02 -8.915261823460046031e+00
1.775000000000000000e+03 3.345729158109245986e+02 7.318506565190695312e+00 4.881650707143878748e-02 -8.730656121453799656e+00
1.776000000000000000e+03 3.335269461059638729e+02 7.332588943973606277e+00 4.876908070495122177e-02 -8.549232417740721957e+00
1.777000000000000000e+03 3.324726700803383892e+02 7.347843792190612788e+00 4.872144593908590143e-02 -8.370913694650257142e+00
1.778000000000000000e+03 3.314101792527933412e+02 7.364250585657567960e+00 4.867360478891293724e-02 -8.195846331483496172e+00
1.779000000000000000e+03 3.303388210618654171e+02 7.381788949312713122e+00 4.862555935466902901e-02 -8.024028694919508098e+00
1.780000000000000000e+03 3.292601702294473967e+02 7.400438654296114471e+00 4.857731182320952634e-02 -7.855608280678444189e+00
1.781000000000000000e+03 3.281735717748738921e+02 7.420172186618621879e+00 4.852886446943410065e-02 -7.690510303393994995e+00
1.782000000000000000e+03 3.270798552152111824e+02 7.440977029173048152e+00 4.848021965757583901e-02 -7.528957688245535351e+00
1.783000000000000000e+03 3.259791060864269525e+02 7.462825945236158276e+00 4.843137984242407157e-02 -7.370802526277842048e+00
1.784000000000000000e+03 3.248721516409129890e+02 7.485684403666019726e+00 4.838234757037320616e-02 -7.216194632491609084e+00
1.785000000000000000e+03 3.237583323712464676e+02 7.509540289095695265e+00 4.833312548033093237e-02 -7.065210134622715188e+00
1.786000000000000000e+03 3.226392162156454901e+02 7.534359328571637704e+00 4.828371630446370855e-02 -6.917777195654007727e+00
1.787000000000000000e+03 3.215148844147850582e+02 7.560114801643503135e+00 4.823412286870940036e-02 -6.774121720565405624e+00
1.788000000000000000e+03 3.203846743804808739e+02 7.586787537003505832e+00 4.818434809310007116e-02 -6.634098810266058521e+00
1.789000000000000000e+03 3.192501510712596087e+02 7.614343624027394952e+00 4.813439499185278442e-02 -6.497935601792497629e+00
1.790000000000000000e+03 3.181113928545948966e+02 7.642756694371068527e+00 4.808426667322248521e-02 -6.365488438174105923e+00
1.791000000000000000e+03 3.169677343812504660e+02 7.672007918472497856e+00 4.803396633909854524e-02 -6.236911424562700645e+00
1.792000000000000000e+03 3.158207379667049395e+02 7.702048860260321206e+00 4.798349728431532124e-02 -6.112210731540288045e+00
1.793000000000000000e+03 3.146704794593927090e+02 7.732860900375571056e+00 4.793286289573265441e-02 -5.991467449664576783e+00
1.794000000000000000e+03 3.135162911211551773e+02 7.764403234101551199e+00 4.788206665099249693e-02 -5.874689026216578291e+00
1.795000000000000000e+03 3.123597330148280093e+02 7.796664866161076013e+00 4.783111211703373195e-02 -5.761883552170085743e+00
1.796000000000000000e+03 3.112001360436245818e+02 7.829597751875699174e+00 4.778000294829937850e-02 -5.653059765372609569e+00
1.797000000000000000e+03 3.100390590128355370e+02 7.863176220247198422e+00 4.772874288467877230e-02 -5.548375620445436418e+00
1.798000000000000000e+03 3.088758316731934315e+02 7.897359828455956965e+00 4.767733574915766770e-02 -5.447841157382410593e+00
1.799000000000000000e+03 3.077120117864411668e+02 7.932130499834100235e+00 4.762578544522216850e-02 -5.351318503872902532e+00
1.800000000000000000e+03 3.065469281724210759e+02 7.967440521610021698e+00 4.757409595396808882e-02 -5.259041861856495359e+00
1.801000000000000000e+03 3.053820944612489825e+02 8.003267753511906335e+00 4.752227133095701661e-02 -5.170938790264049345e+00
1.802000000000000000e+03 3.042173650279452772e+02 8.039595552455011784e+00 4.747031570288073876e-02 -5.087037976684937846e+00
1.803000000000000000e+03 3.030525506753813829e+02 8.076403126737199401e+00 4.741823326395268323e-02 -5.007366030709017757e+00
1.804000000000000000e+03 3.018882048496708421e+02 8.113677174875839171e+00 4.736602827207755245e-02 -4.931920510561783821e+00
1.805000000000000000e+03 3.007248808697728464e+02 8.151397025007762309e+00 4.731370504486266670e-02 -4.860692208770357681e+00
1.806000000000000000e+03 2.995623891581388420e+02 8.189549487677426853e+00 4.726126795546231607e-02 -4.793687437546912733e+00
1.807000000000000000e+03 2.984005401422822956e+02 8.228113995213563570e+00 4.720872142819196315e-02 -4.730898315438928137e+00
1.808000000000000000e+03 2.972398871570424603e+02 8.267070026147896655e+00 4.715606993413517384e-02 -4.672325052150712033e+00
1.809000000000000000e+03 2.960802408422814551e+02 8.306404529627506861e+00 4.710331798652112739e-02 -4.617975948034648503e+00
1.810000000000000000e+03 2.949221548809993010e+02 8.346097064771967666e+00 4.705047013609868489e-02 -4.567845108253361097e+00
1.811000000000000000e+03 2.937654403974696606e+02 8.386127225078874758e+00 4.699753096638198402e-02 -4.521919870065803870e+00
1.812000000000000000e+03 2.926106516953988717e+02 8.426467206128378962e+00 4.694450508893887458e-02 -4.480180801487263054e+00
1.813000000000000000e+03 2.914576006557096548e+02 8.467111515040549818e+00 4.689139713859138275e-02 -4.442623984725735831e+00
1.814000000000000000e+03 2.903068424739483362e+02 8.508032396433630851e+00 4.683821176869196884e-02 -4.409238729243794452e+00
1.815000000000000000e+03 2.891589328919459376e+02 8.549209541890105513e+00 4.678495364638588644e-02 -4.380007569599854378e+00
1.816000000000000000e+03 2.880136854286110974e+02 8.590622657678613550e+00 4.673162744798993462e-02 -4.354913691369791451e+00
1.817000000000000000e+03 2.868716571147442096e+02 8.632251460835011159e+00 4.667823785440391310e-02 -4.333955785150839013e+00
1.818000000000000000e+03 2.857326628865126281e+02 8.674075675254060869e+00 4.662478954667939601e-02 -4.317103473497041932e+00
1.819000000000000000e+03 2.845972613176126060e+02 8.716067599443164227e+00 4.657128720168815517e-02 -4.304334449443068422e+00
1.820000000000000000e+03 2.834652690097521486e+02 8.758206959340775200e+00 4.651773548797719093e-02 -4.295627044664005467e+00
1.821000000000000000e+03 2.823372463214985828e+02 8.800436334348390233e+00 4.646413906174785835e-02 -4.290960225724808730e+00
1.822000000000000000e+03 2.812137545901717317e+02 8.842824577186510382e+00 4.641050256309656868e-02 -4.290306161721172629e+00
1.823000000000000000e+03 2.800938705166996670e+02 8.885284532754273101e+00 4.635683061237237668e-02 -4.293652505065161940e+00
1.824000000000000000e+03 2.789781575584946722e+02 8.927751314724446274e+00 4.630312780684823354e-02 -4.300972673565065740e+00
1.825000000000000000e+03 2.778679231449686426e+02 8.970234300205628841e+00 4.624939871759402993e-02 -4.312218417304549689e+00
1.826000000000000000e+03 2.767622473856488909e+02 9.012817125975415067e+00 4.619564788656021354e-02 -4.327364383724203734e+00
1.827000000000000000e+03 2.756616972911206176e+02 9.055286267225046259e+00 4.614187982397816717e-02 -4.346356113903377505e+00
1.828000000000000000e+03 2.745668411463367988e+02 9.097725301861874669e+00 4.608809900597583137e-02 -4.369154607151156000e+00
1.829000000000000000e+03 2.734782485514800214e+02 9.140143489305776470e+00 4.603430987247437295e-02 -4.395728886904379351e+00
1.830000000000000000e+03 2.723950047902494020e+02 9.182475766825712427e+00 4.598051682538129709e-02 -4.426041138036903355e+00
1.831000000000000000e+03 2.713191678758149123e+02 9.224657029407579145e+00 4.592672422701700452e-02 -4.460039272283546019e+00
1.832000000000000000e+03 2.702498259038962374e+02 9.266696409651926203e+00 4.587293639882628754e-02 -4.497679206832500221e+00
1.833000000000000000e+03 2.691875540936896982e+02 9.308528707195106833e+00 4.581915762033095946e-02 -4.538917429287285366e+00
1.834000000000000000e+03 2.681321863111084554e+02 9.350237235674855540e+00 4.576539212838753173e-02 -4.583696134052283711e+00
1.835000000000000000e+03 2.670843007647404193e+02 9.391682401708843386e+00 4.571164411664738192e-02 -4.631972928596761463e+00
1.836000000000000000e+03 2.660444771943940054e+02 9.432873118932150192e+00 4.565791773526747116e-02 -4.683691112697456305e+00
1.837000000000000000e+03 2.650118112223653384e+02 9.473818237552102062e+00 4.560421709085787922e-02 -4.738809384267215208e+00
1.838000000000000000e+03 2.639876285477238866e+02 9.514452257441393002e+00 4.555054624663517487e-02 -4.797272118169223276e+00
1.839000000000000000e+03 2.629710279532757227e+02 9.554783891775448623e+00 4.549690922275780036e-02 -4.859024214924237306e+00
1.840000000000000000e+03 2.619633383308998305e+02 9.594747496697351608e+00 4.544330999686958111e-02 -4.923996235811932465e+00
1.841000000000000000e+03 2.609644045198121489e+02 9.634351635031286776e+00 4.538975250476962042e-02 -4.992126679522815635e+00
1.842000000000000000e+03 2.599740729883471317e+02 9.673456222522831993e+00 4.533624064124033848e-02 -5.063347116862087383e+00
1.843000000000000000e+03 2.589936775142283523e+02 9.712218225641962022e+00 4.528277826100846060e-02 -5.137597038661938953e+00
1.844000000000000000e+03 2.580223250183055370e+02 9.750497390392169450e+00 4.522936917978635091e-02 -5.214816418454857327e+00
1.845000000000000000e+03 2.570606097473403224e+02 9.788227656694042267e+00 4.517601717537633038e-02 -5.294930846612626141e+00
1.846000000000000000e+03 2.561091276105775023e+02 9.825491438801646993e+00 4.512272598886383351e-02 -5.377881234407547062e+00
1.847000000000000000e+03 2.551684761854884584e+02 9.862222488250118602e+00 4.506949932580704699e-02 -5.463594091096664940e+00
1.848000000000000000e+03 2.542370262177252016e+02 9.898354457862794220e+00 4.501634085746402530e-02 -5.551988942587182230e+00
1.849000000000000000e+03 2.533168643057975089e+02 9.933895182301297311e+00 4.496325422199320965e-02 -5.643000606636868532e+00
1.850000000000000000e+03 2.524071073899319799e+02 9.968778108154474182e+00 4.491024302560163439e-02 -5.736549469442235427e+00
1.851000000000000000e+03 2.515083357507670030e+02 1.000301355540202763e+01 4.485731084365893878e-02 -5.832586681410118601e+00
1.852000000000000000e+03 2.506210352971555722e+02 1.003654823955131548e+01 4.480446122173226825e-02 -5.931066340949197269e+00
1.853000000000000000e+03 2.497441839458421953e+02 1.006948002743068749e+01 4.475169767650257618e-02 -6.031951004848409958e+00
1.854000000000000000e+03 2.488789898159027700e+02 1.010160953614535728e+01 4.469902369656248570e-02 -6.135196185137534286e+00
1.855000000000000000e+03 2.480251770579533854e+02 1.013310868193914160e+01 4.464644274312106614e-02 -6.240742909999411836e+00
1.856000000000000000e+03 2.471832143639963419e+02 1.016385212606316557e+01 4.459395825050443962e-02 -6.348562283004433482e+00
1.857000000000000000e+03 2.463520864676609392e+02 1.019393725673739404e+01 4.454157362653037022e-02 -6.458603473667603900e+00
1.858000000000000000e+03 2.455330083252823670e+02 1.022323848563353721e+01 4.448929225267444360e-02 -6.570815991389373778e+00
1.859000000000000000e+03 2.447249681124243921e+02 1.025177866294027318e+01 4.443711748406088680e-02 -6.685157102582782507e+00
1.860000000000000000e+03 2.439299270765156962e+02 1.027958050796679323e+01 4.438505264928736121e-02 -6.801576962642234214e+00
1.861000000000000000e+03 2.431453911949005544e+02 1.030666660680825686e+01 4.433310104997201240e-02 -6.920018604510719484e+00
1.862000000000000000e+03 2.423733252043222421e+02 1.033291084306403462e+01 4.428126596014917565e-02 -7.040425355500910420e+00
1.863000000000000000e+03 2.416134670957850119e+02 1.035840981313238274e+01 4.422955062543948435e-02 -7.162755682375713029e+00
1.864000000000000000e+03 2.408655566306321134e+02 1.038318569004248282e+01 4.417795826199591436e-02 -7.286953466242374056e+00
1.865000000000000000e+03 2.401293353524585541e+02 1.040703765435245920e+01 4.412649205522221896e-02 -7.412962847468530292e+00
1.866000000000000000e+03 2.394045465999133455e+02 1.043013616013424461e+01 4.407515515833742431e-02 -7.540728213824236192e+00
1.867000000000000000e+03 2.386924211904076287e+02 1.045242866498148615e+01 4.402395069067040895e-02 -7.670194188555958803e+00
1.868000000000000000e+03 2.379927060944780521e+02 1.047386247860887920e+01 4.397288173579461806e-02 -7.801283333347542204e+00
1.869000000000000000e+03 2.373044072860195399e+02 1.049445904451145672e+01 4.392195133944274549e-02 -7.933940706376824359e+00
1.870000000000000000e+03 2.366287610982587637e+02 1.051423965468476673e+01 4.387116250730457162e-02 -8.068096708468576850e+00
1.871000000000000000e+03 2.359655200650825577e+02 1.053315116441199706e+01 4.382051820260356167e-02 -8.203681927653930117e+00
1.872000000000000000e+03 2.353136957729936114e+02 1.055121455762645155e+01 4.377002134350801293e-02 -8.340634555339841327e+00
1.873000000000000000e+03 2.346745302185076127e+02 1.056845066183516657e+01 4.371967480049942373e-02 -8.478885517393706550e+00
1.874000000000000000e+03 2.340470388155470118e+02 1.058473157960979627e+01 4.366948139350946417e-02 -8.618365890250219152e+00
1.875000000000000000e+03 2.334324674232495340e+02 1.060015210466539415e+01 4.361944388905261705e-02 -8.758992031944382362e+00
1.876000000000000000e+03 2.328298353534556213e+02 1.061465830298558366e+01 4.356956499721519743e-02 -8.900695283228429844e+00
1.877000000000000000e+03 2.322396495633049938e+02 1.062834464554230607e+01 4.351984736860654845e-02 -9.043399670224756548e+00
1.878000000000000000e+03 2.316616761673181770e+02 1.064108258956591690e+01 4.347029359129551962e-02 -9.187029320473039107e+00
1.879000000000000000e+03 2.310956832891118040e+02 1.065289199491387606e+01 4.342090618768221916e-02 -9.331508450625435103e+00
1.880000000000000000e+03 2.305414410774647536e+02 1.066386683949860448e+01 4.337168761141434875e-02 -9.476761354145510907e+00
1.881000000000000000e+03 2.300002073916560903e+02 1.067380380078023094e+01 4.332264024430835386e-02 -9.622712389015868339e+00
1.882000000000000000e+03 2.294710136406929450e+02 1.068287080636964603e+01 4.327376639333425229e-02 -9.769278537109460814e+00
1.883000000000000000e+03 2.289536361366731967e+02 1.069101276516501464e+01 4.322506828764281078e-02 -9.916376820280287774e+00
1.884000000000000000e+03 2.284478532717826340e+02 1.069824870059454369e+01 4.317654807573574616e-02 -1.006393914482820762e+01
1.885000000000000000e+03 2.279541883639534774e+02 1.070444889941854427e+01 4.312820782267307029e-02 -1.021189000424126725e+01
1.886000000000000000e+03 2.274731668309430574e+02 1.070970632862846550e+01 4.308004950749304979e-02 -1.036013161032178331e+01
1.887000000000000000e+03 2.270030876926975338e+02 1.071403950090080848e+01 4.303207502071672297e-02 -1.050860330785334007e+01
1.888000000000000000e+03 2.265452234221748142e+02 1.071739247413850649e+01 4.298428616204340996e-02 -1.065719985065589270e+01
1.889000000000000000e+03 2.260986201039066259e+02 1.071978341809497159e+01 4.293668463825482673e-02 -1.080583081634338249e+01
1.890000000000000000e+03 2.256638116108449594e+02 1.072123033056839780e+01 4.288927206126949554e-02 -1.095440573763089454e+01
1.891000000000000000e+03 2.252405910988931623e+02 1.072167675367375139e+01 4.284204994646050035e-02 -1.110283409039900349e+01
1.892000000000000000e+03 2.248294966743645773e+02 1.072114034070000521e+01 4.279501971115418080e-02 -1.125101042511866645e+01
1.893000000000000000e+03 2.244295828840440947e+02 1.071963857253738439e+01 4.274818267340061567e-02 -1.139885149679332166e+01
1.894000000000000000e+03 2.240406492130695710e+02 1.071718875768453039e+01 4.270154005094910221e-02 -1.154626653981842921e+01
1.895000000000000000e+03 2.236632400753631202e+02 1.071380803233274825e+01 4.265509296051761545e-02 -1.169314982796575819e+01
1.896000000000000000e+03 2.232971591316047295e+02 1.070943907702462283e+01 4.260884241727951049e-02 -1.183941780454740567e+01
1.897000000000000000e+03 2.229422121098567686e+02 1.070409868389653418e+01 4.256278933461760811e-02 -1.198498678586006250e+01
1.898000000000000000e+03 2.225982067887378548e+02 1.069772918998718758e+01 4.251693452415006985e-02 -1.212976552141629760e+01
1.899000000000000000e+03 2.222649529781809576e+02 1.069042132813416224e+01 4.247127869599397199e-02 -1.227366261096683253e+01
1.900000000000000000e+03 2.219430053328296708e+02 1.068211709342790527e+01 4.242582245929298057e-02 -1.241657906491682084e+01
1.901000000000000000e+03 2.216307048859181066e+02 1.067283251461670801e+01 4.238056632299557619e-02 -1.255844059469840523e+01
1.902000000000000000e+03 2.213294175620462738e+02 1.066250884879115723e+01 4.233551069685196483e-02 -1.269919793770736760e+01
1.903000000000000000e+03 2.210382956096427449e+02 1.065130995500173050e+01 4.229065589266994829e-02 -1.283878936865673204e+01
1.904000000000000000e+03 2.207579788474965596e+02 1.063902810663691589e+01 4.224600212579345676e-02 -1.297727923930936100e+01
1.905000000000000000e+03 2.204876232919713459e+02 1.062582682727683903e+01 4.220154951677942967e-02 -1.311447169356341824e+01
1.906000000000000000e+03 2.202278724624728738e+02 1.061164662357251665e+01 4.215729809324506722e-02 -1.325043064138634996e+01
1.907000000000000000e+03 2.199778860048878641e+02 1.059650212022470761e+01 4.211324779197130053e-02 -1.338514547259204157e+01
1.908000000000000000e+03 2.197375681584922233e+02 1.058040777751911499e+01 4.206939846108154885e-02 -1.351845676300235155e+01
1.909000000000000000e+03 2.195083105512386510e+02 1.056337789243181291e+01 4.202574986244331928e-02 -1.365042768175321264e+01
1.910000000000000000e+03 2.192885351484397347e+02 1.054535231629901482e+01 4.198230167416911601e-02 -1.378104684721139428e+01
1.911000000000000000e+03 2.190781512204689818e+02 1.052634502306019293e+01 4.193905349319857617e-02 -1.391015403353585889e+01
1.912000000000000000e+03 2.188778124641581257e+02 1.050644411056084415e+01 4.189600483805219766e-02 -1.403773729489239663e+01
1.913000000000000000e+03 2.186866884531732182e+02 1.048558895141157521e+01 4.185315515157429084e-02 -1.416385867230019713e+01
1.914000000000000000e+03 2.185046930977294153e+02 1.046379304492473850e+01 4.181050380378464187e-02 -1.428835705011924517e+01
1.915000000000000000e+03 2.183324845985800380e+02 1.044106973510262115e+01 4.176805009472532582e-02 -1.441129384771454980e+01
1.916000000000000000e+03 2.181692368954434755e+02 1.041735792868605692e+01 4.172579325732839184e-02 -1.453258159274847827e+01
1.917000000000000000e+03 2.180148681252523488e+02 1.039281923077478886e+01 4.168373246032824886e-02 -1.465213247914986106e+01
1.918000000000000000e+03 2.178692977401343285e+02 1.036731796197860866e+01 4.164186681104402321e-02 -1.477000692524595848e+01
1.919000000000000000e+03 2.177331892954292130e+02 1.034101542816293495e+01 4.160019535819933084e-02 -1.488604214754333910e+01
1.920000000000000000e+03 2.176049790627188258e+02 1.031377565421038334e+01 4.155871709464395436e-02 -1.500029785320634801e+01
1.921000000000000000e+03 2.174853329933883970e+02 1.028568537037455322e+01 4.151743096000273803e-02 -1.511268481418162501e+01
1.922000000000000000e+03 2.173741753323585613e+02 1.025668259665750170e+01 4.147633584320797179e-02 -1.522318770951962641e+01
1.923000000000000000e+03 2.172706885724674351e+02 1.022692806226469386e+01 4.143543058494945919e-02 -1.533171655036420056e+01
1.924000000000000000e+03 2.171762847496241875e+02 1.019635950658386214e+01 4.139471397995470731e-02 -1.543825523913596420e+01
1.925000000000000000e+03 2.170886627184467841e+02 1.016491453173657433e+01 4.135418477919191454e-02 -1.554278727839548147e+01
1.926000000000000000e+03 2.170084936242091374e+02 1.013267917167652854e+01 4.131384169182607258e-02 -1.564529576339932859e+01
1.927000000000000000e+03 2.169364495204388845e+02 1.009966504382327734e+01 4.127368338711960571e-02 -1.574561480784490364e+01
1.928000000000000000e+03 2.168709748225946328e+02 1.006588363475294301e+01 4.123370849608284927e-02 -1.584387523783204976e+01
1.929000000000000000e+03 2.168127432780883623e+02 1.003127201892972842e+01 4.119391561300569937e-02 -1.593991031698954863e+01
1.930000000000000000e+03 2.167616865872333847e+02 9.995915711492175504e+00 4.115430329678708421e-02 -1.603370144083936921e+01
1.931000000000000000e+03 2.167169943655084410e+02 9.959825820068127555e+00 4.111487007204328581e-02 -1.612522956334667512e+01
1.932000000000000000e+03 2.166778569420918643e+02 9.923087614144719737e+00 4.107561443011192165e-02 -1.621447519068322407e+01
1.933000000000000000e+03 2.166456938297071986e+02 9.885563393464902759e+00 4.103653482981511891e-02 -1.630141837520192638e+01
1.934000000000000000e+03 2.166189538454818262e+02 9.847338191489459547e+00 4.099762969807731888e-02 -1.638596442612248794e+01
1.935000000000000000e+03 2.165983149234104133e+02 9.808422643873445423e+00 4.095889743031399383e-02 -1.646809247094065753e+01
1.936000000000000000e+03 2.165829699077498276e+02 9.768827274493418145e+00 4.092033639073375945e-02 -1.654778116654834363e+01
1.937000000000000000e+03 2.165728550278127784e+02 9.728636781512083331e+00 4.088194491238816841e-02 -1.662493441057419119e+01
1.938000000000000000e+03 2.165679070338138104e+02 9.687787189469144522e+00 4.084372129713903510e-02 -1.669960418695678328e+01
1.939000000000000000e+03 2.165673203338120629e+02 9.646362985924927358e+00 4.080566381544199761e-02 -1.677169342722470091e+01
1.940000000000000000e+03 2.165710326367595826e+02 9.604299990118196462e+00 4.076777070600436093e-02 -1.684125314002283602e+01
1.941000000000000000e+03 2.165789820914283155e+02 9.561682489677131969e+00 4.073004017533412430e-02 -1.690818527284632822e+01
1.942000000000000000e+03 2.165911072612325086e+02 9.518520392844905587e+00 4.069247039717142217e-02 -1.697239127501875089e+01
1.943000000000000000e+03 2.166073470998294397e+02 9.474823514746317343e+00 4.065505951185077044e-02 -1.703399494440324702e+01
1.944000000000000000e+03 2.166261552573490690e+02 9.430601580181992460e+00 4.061780562553503338e-02 -1.709282243932008427e+01
1.945000000000000000e+03 2.166482142323736468e+02 9.385864226451449355e+00 4.058070680945486536e-02 -1.714892225973184736e+01
1.946000000000000000e+03 2.166734640091585220e+02 9.340621006204097299e+00 4.054376109906233233e-02 -1.720219382663173846e+01
1.947000000000000000e+03 2.167011020353054391e+02 9.294955673819515596e+00 4.050696649316690157e-02 -1.725268461318828273e+01
1.948000000000000000e+03 2.167310688697251351e+02 9.248803337803430225e+00 4.047032095305323762e-02 -1.730029300810431891e+01
1.949000000000000000e+03 2.167625624906204962e+02 9.202247597725758510e+00 4.043382240165378783e-02 -1.734499116372806427e+01
1.950000000000000000e+03 2.167955239435758301e+02 9.155223413162195456e+00 4.039746872266282429e-02 -1.738682499389127045e+01
1.951000000000000000e+03 2.168306690512195587e+02 9.107811883625647198e+00 4.036125775975804575e-02 -1.742569424783764376e+01
1.952000000000000000e+03 2.168666122460309111e+02 9.060010329896526216e+00 4.032518731585190558e-02 -1.746158413812661081e+01
1.953000000000000000e+03 2.169034855276318012e+02 9.011887935200093125e+00 4.028925515242690741e-02 -1.749455656008532856e+01
1.954000000000000000e+03 2.169414210379305530e+02 8.963439538287788722e+00 4.025345898894781838e-02 -1.752459859721517788e+01
1.955000000000000000e+03 2.169805510375074391e+02 8.914585636488720155e+00 4.021779650239087900e-02 -1.755162252019900393e+01
1.956000000000000000e+03 2.170202650463365046e+02 8.865395239285106754e+00 4.018226532684698177e-02 -1.757576292015037112e+01
1.957000000000000000e+03 2.170606954888567088e+02 8.815937304390262241e+00 4.014686305332421795e-02 -1.759700529057105811e+01
1.958000000000000000e+03 2.171019748331598294e+02 8.766206457343047376e+00 4.011158722961138956e-02 -1.761518602705103120e+01
1.959000000000000000e+03 2.171434927293000783e+02 8.716197278119857117e+00 4.007643536034925097e-02 -1.763051241171421069e+01
1.960000000000000000e+03 2.171853816517351277e+02 8.665830020752895990e+00 4.004140490722630369e-02 -1.764281977834902548e+01
1.961000000000000000e+03 2.172277740356974221e+02 8.615247750470944155e+00 4.000649328933310322e-02 -1.765224006431194326e+01
1.962000000000000000e+03 2.172693165775002058e+02 8.564444929326205269e+00 3.997169788370964066e-02 -1.765868182661511199e+01
1.963000000000000000e+03 2.173116272139740488e+02 8.513341702843401748e+00 3.993701602606946482e-02 -1.766220166026620930e+01
1.964000000000000000e+03 2.173533524104589674e+02 8.462006753679832016e+00 3.990244501164609547e-02 -1.766278134880869288e+01
1.965000000000000000e+03 2.173938813030185031e+02 8.410434454274804850e+00 3.986798209630744438e-02 -1.766040214909076056e+01
1.966000000000000000e+03 2.174348313344775647e+02 8.358693437014762750e+00 3.983362449774997815e-02 -1.765511907625061028e+01
1.967000000000000000e+03 2.174748483741432210e+02 8.306703746887546203e+00 3.979936939692239189e-02 -1.764691233840881068e+01
1.968000000000000000e+03 2.175133208567598331e+02 8.254608262156862608e+00 3.976521393964111556e-02 -1.763583590558302205e+01
1.969000000000000000e+03 2.175518654153558487e+02 8.202252713005627527e+00 3.973115523830803020e-02 -1.762186894480278099e+01
1.970000000000000000e+03 2.175883841628535151e+02 8.149854236216656389e+00 3.969719037383855759e-02 -1.760506438944217678e+01
1.971000000000000000e+03 2.176237501681707727e+02 8.097332826804269246e+00 3.966331639772257417e-02 -1.758532609124562995e+01
1.972000000000000000e+03 2.176580932411068261e+02 8.044682758675346435e+00 3.962953033425620913e-02 -1.756285452407945513e+01
1.973000000000000000e+03 2.176900570565358066e+02 7.991898304268476139e+00 3.959582918285585451e-02 -1.753747823534673955e+01
1.974000000000000000e+03 2.177205132880414737e+02 7.939048021189607063e+00 3.956220992055253100e-02 -1.750924811714328655e+01
1.975000000000000000e+03 2.177495902257104490e+02 7.886126188330350395e+00 3.952866950456728617e-02 -1.747828884258463944e+01
1.976000000000000000e+03 2.177759298984830423e+02 7.833201375985011872e+00 3.949520487497610449e-02 -1.744450173532164072e+01
1.977000000000000000e+03 2.177996593712168192e+02 7.780193598442319391e+00 3.946181295748534684e-02 -1.740793619076993792e+01
1.978000000000000000e+03 2.178209050312998158e+02 7.727097167578039993e+00 3.942849066627195087e-02 -1.736864111301053271e+01
1.979000000000000000e+03 2.178390497101040637e+02 7.674129262929510809e+00 3.939523490686906715e-02 -1.732659063537931132e+01
1.980000000000000000e+03 2.178549611444759933e+02 7.621061383225712582e+00 3.936204257910008719e-02 -1.728183269174794034e+01
1.981000000000000000e+03 2.178672777580851800e+02 7.568110751451513352e+00 3.932891058005579671e-02 -1.723441473747868713e+01
1.982000000000000000e+03 2.178768656282328209e+02 7.515197482837272069e+00 3.929583580701043188e-02 -1.718438375406070406e+01
1.983000000000000000e+03 2.178831042676963250e+02 7.462316005364825422e+00 3.926281516045043718e-02 -1.713178625392307097e+01
1.984000000000000000e+03 2.178853722521854195e+02 7.409609346241249561e+00 3.922984554698071696e-02 -1.707659400191925059e+01
1.985000000000000000e+03 2.178845328483606920e+02 7.356997717333943143e+00 3.919692388224441798e-02 -1.701885258749103258e+01
1.986000000000000000e+03 2.178792197973641578e+02 7.304475652103374017e+00 3.916404709378774190e-02 -1.695860714649418455e+01
1.987000000000000000e+03 2.178702942844304289e+02 7.252186292002213541e+00 3.913121212383563474e-02 -1.689590236669351242e+01
1.988000000000000000e+03 2.178571307241477939e+02 7.200049971832165774e+00 3.909841593203145643e-02 -1.683078249342255006e+01
1.989000000000000000e+03 2.178391023919305383e+02 7.148135640097350141e+00 3.906565549804590781e-02 -1.676321705190283851e+01
1.990000000000000000e+03 2.178170670566349827e+02 7.096363727805537813e+00 3.903292782412001033e-02 -1.669332370373285457e+01
1.991000000000000000e+03 2.177903956042698894e+02 7.044877568761200415e+00 3.900022993747179895e-02 -1.662107111901691425e+01
1.992000000000000000e+03 2.177584576731967729e+02 6.993597701299293590e+00 3.896755889256534044e-02 -1.654650183316626411e+01
1.993000000000000000e+03 2.177206216207045770e+02 6.942593288513656091e+00 3.893491177330282021e-02 -1.646973225334532742e+01
1.994000000000000000e+03 2.176784829961647745e+02 6.891933553934145529e+00 3.890228569500794875e-02 -1.639065553105781703e+01
1.995000000000000000e+03 2.176299218304849603e+02 6.841539217168916664e+00 3.886967780632958475e-02 -1.630946155340788906e+01
1.996000000000000000e+03 2.175765309576480036e+02 6.791405347023530936e+00 3.883708529091980943e-02 -1.622611696547133420e+01
1.997000000000000000e+03 2.175169304724635424e+02 6.741675647578341923e+00 3.880450536904438141e-02 -1.614066231133672957e+01
1.998000000000000000e+03 2.174504818803980584e+02 6.692345326715940956e+00 3.877193529895025387e-02 -1.605321204127636037e+01
1.999000000000000000e+03 2.173787737440916601e+02 6.643335382122735666e+00 3.873937237812603157e-02 -1.596373166854706582e+01
2.000000000000000000e+03 2.172996789814079932e+02 6.594715454256368403e+00 3.870681394437006789e-02 -1.587233491084288062e+01
2.001000000000000000e+03 2.172148027974136824e+02 6.546553044952821310e+00 3.867425737672387093e-02 -1.577898107541451544e+01
2.002000000000000000e+03 2.171228559560465499e+02 6.498832585879503299e+00 3.864170009624948166e-02 -1.568383001894988205e+01
2.003000000000000000e+03 2.170240529688523168e+02 6.451536374799475837e+00 3.860913956659448726e-02 -1.558681291972417426e+01
2.004000000000000000e+03 2.169186068086603996e+02 6.404646794675156407e+00 3.857657329450733807e-02 -1.548793490800783346e+01
2.005000000000000000e+03 2.168067288967414754e+02 6.358294882926531777e+00 3.854399883010574401e-02 -1.538727507413934070e+01
2.006000000000000000e+03 2.166878862566524901e+02 6.312314632625900757e+00 3.851141376708385605e-02 -1.528483790971008993e+01
2.007000000000000000e+03 2.165615443398013440e+02 6.266837262683678134e+00 3.847881574275018729e-02 -1.518070188287285305e+01
2.008000000000000000e+03 2.164286526876533401e+02 6.221845518954649101e+00 3.844620243795437986e-02 -1.507479659624834589e+01
2.009000000000000000e+03 2.162886735853474534e+02 6.177322243319085970e+00 3.841357157686826895e-02 -1.496719992945616617e+01
2.010000000000000000e+03 2.161418105619796108e+02 6.133324659215609209e+00 3.838092092674524891e-02 -1.485791519723189147e+01
2.011000000000000000e+03 2.159875227171823724e+02 6.089761523117936726e+00 3.834824829748358088e-02 -1.474694544165397225e+01
2.012000000000000000e+03 2.158260103891470578e+02 6.046690260482296075e+00 3.831555154120694362e-02 -1.463436772446692480e+01
2.013000000000000000e+03 2.156567294838081068e+02 6.004094117130161834e+00 3.828282855169790749e-02 -1.452018456898932897e+01
2.014000000000000000e+03 2.154806199803261109e+02 5.962030728095766285e+00 3.825007726378010925e-02 -1.440447253612035183e+01
2.015000000000000000e+03 2.152971345924811430e+02 5.920483552415313433e+00 3.821729565274186585e-02 -1.428723366642066672e+01
2.016000000000000000e+03 2.151057244412098441e+02 5.879510441877643601e+00 3.818448173358987563e-02 -1.416854405628376057e+01
2.017000000000000000e+03 2.149080675630660267e+02 5.839020792213175604e+00 3.815163356037429981e-02 -1.404847958367568950e+01
2.018000000000000000e+03 2.147021262342123578e+02 5.799072678750765597e+00 3.811874922548484645e-02 -1.392704163394677330e+01
2.019000000000000000e+03 2.144895753255711099e+02 5.759724291009598041e+00 3.808582685889937147e-02 -1.380430567621794147e+01
2.020000000000000000e+03 2.142691167931175187e+02 5.720885367240497565e+00 3.805286462752874993e-02 -1.368034698932259907e+01
2.021000000000000000e+03 2.140416795290967684e+02 5.682688613433943381e+00 3.801986073449289960e-02 -1.355509210430409794e+01
2.022000000000000000e+03 2.138074480283999037e+02 5.644999433647676312e+00 3.798681341848859222e-02 -1.342869023148426244e+01
2.023000000000000000e+03 2.135651195603617793e+02 5.607928487566346654e+00 3.795372095316155298e-02 -1.330121613605825814e+01
2.024000000000000000e+03 2.133156183509714481e+02 5.571445417628654972e+00 3.792058164658116542e-02 -1.317259586424093065e+01
2.025000000000000000e+03 2.130591242500421458e+02 5.535549702370747838e+00 3.788739384069862021e-02 -1.304290388696468028e+01
2.026000000000000000e+03 2.127943299035640052e+02 5.500255800960252905e+00 3.785415591094206528e-02 -1.291228882609910045e+01
2.027000000000000000e+03 2.125221549362476594e+02 5.465563440976481502e+00 3.782086626581873667e-02 -1.278067633019211513e+01
2.028000000000000000e+03 2.122427746188182311e+02 5.431479904588454310e+00 3.778752334667811325e-02 -1.264814050175796112e+01
2.029000000000000000e+03 2.119556198753281535e+02 5.398005172927567763e+00 3.775412562745827233e-02 -1.251475534006659984e+01
2.030000000000000000e+03 2.116608629603886982e+02 5.365154212156787672e+00 3.772067161460621737e-02 -1.238059475095223405e+01
2.031000000000000000e+03 2.113594174661753584e+02 5.332934689383423965e+00 3.768715984701192373e-02 -1.224565827312826727e+01
2.032000000000000000e+03 2.110499669891212307e+02 5.301339545216918303e+00 3.765358889613090038e-02 -1.211009393851611193e+01
2.033000000000000000e+03 2.107326793115934436e+02 5.270391564722755717e+00 3.761995736607290364e-02 -1.197390114805532946e+01
2.034000000000000000e+03 2.104084635731556432e+02 5.240091379766908197e+00 3.758626389389200378e-02 -1.183715353202489418e+01
2.035000000000000000e+03 2.100767417715023271e+02 5.210447183156593276e+00 3.755250714992486999e-02 -1.169985039284082617e+01
2.036000000000000000e+03 2.097376772732579013e+02 5.181452444272507840e+00 3.751868583821196118e-02 -1.156213956534993770e+01
2.037000000000000000e+03 2.093906891493644480e+02 5.153108194745445125e+00 3.748479869700499512e-02 -1.142394600908232327e+01
2.038000000000000000e+03 2.090366806853170090e+02 5.125430457374970494e+00 3.745084449936111198e-02 -1.128549180250784367e+01
2.039000000000000000e+03 2.086750680459598470e+02 5.098413104888887659e+00 3.741682205385300775e-02 -1.114670188472406842e+01
2.040000000000000000e+03 2.083060087852144306e+02 5.072065002147313706e+00 3.738273020525657159e-02 -1.100772404964602913e+01
2.041000000000000000e+03 2.079289161804671835e+02 5.046380293136159878e+00 3.734856783543692715e-02 -1.086855753812566938e+01
2.042000000000000000e+03 2.075446877419001055e+02 5.021368114704337415e+00 3.731433386418112758e-02 -1.072927589804621284e+01
2.043000000000000000e+03 2.071534767115270768e+02 4.997037740140754636e+00 3.728002725012560109e-02 -1.058995271035714403e+01
2.044000000000000000e+03 2.067546920672078272e+02 4.973391151042807046e+00 3.724564699176038246e-02 -1.045066159855778842e+01
2.045000000000000000e+03 2.063492270316846486e+02 4.950430465826495485e+00 3.721119212840406226e-02 -1.031147623812278269e+01
2.046000000000000000e+03 2.059364877364481003e+02 4.928157939827224610e+00 3.717666174127473577e-02 -1.017239608236264736e+01
2.047000000000000000e+03 2.055158788958110563e+02 4.906575965341557044e+00 3.714205495455469991e-02 -1.003364350573053798e+01
2.048000000000000000e+03 2.050890323161272022e+02 4.885701928310354880e+00 3.710737093646244295e-02 -9.895218112033569824e+00
2.049000000000000000e+03 2.046553498899645831e+02 4.865523638140860641e+00 3.707260890029596273e-02 -9.757193877595021547e+00
2.050000000000000000e+03 2.042149749407746526e+02 4.846051326022857708e+00 3.703776810557548455e-02 -9.619570593323654606e+00
2.051000000000000000e+03 2.037672991950913399e+02 4.827272873708642109e+00 3.700284785905376406e-02 -9.482488997878812498e+00
2.052000000000000000e+03 2.033131692049727803e+02 4.809190352238684518e+00 3.696784751574257871e-02 -9.345910473562643261e+00
2.053000000000000000e+03 2.028519371014850776e+02 4.791813196051537993e+00 3.693276647998235129e-02 -9.209863084653088450e+00
2.054000000000000000e+03 2.023836964686095428e+02 4.775128690136495990e+00 3.689760420633032834e-02 -9.074449312467303130e+00
2.055000000000000000e+03 2.019085395149922704e+02 4.759139111356072149e+00 3.686236020052170020e-02 -8.939548929985503989e+00
2.056000000000000000e+03 2.014272999163767963e+02 4.743839442908602599e+00 3.682703402033093987e-02 -8.805338994904726491e+00
2.057000000000000000e+03 2.009385814836067254e+02 4.729239658834768711e+00 3.679162527637684643e-02 -8.671699590054787521e+00
2.058000000000000000e+03 2.004439580166550741e+02 4.715327581664953804e+00 3.675613363282405344e-02 -8.538808099751310721e+00
2.059000000000000000e+03 1.999420306340844036e+02 4.702098595162026662e+00 3.672055880808150485e-02 -8.406619233505434607e+00
2.060000000000000000e+03 1.994343704637652195e+02 4.689563071957150164e+00 3.668490057535687965e-02 -8.275087884650542236e+00
2.061000000000000000e+03 1.989195759740977678e+02 4.677709231028284620e+00 3.664915876317064586e-02 -8.144391988858375342e+00
2.062000000000000000e+03 1.983992156665805169e+02 4.666540278626031046e+00 3.661333325575837766e-02 -8.014412547517302698e+00
2.063000000000000000e+03 1.978718854089632941e+02 4.656044693992632766e+00 3.657742399335713740e-02 -7.885327903533003280e+00
2.064000000000000000e+03 1.973384082947918330e+02 4.646233370179236211e+00 3.654143097247630756e-02 -7.757093764474583431e+00
2.065000000000000000e+03 1.967996061537468790e+02 4.637087614606986818e+00 3.650535424597909501e-02 -7.629666060626298929e+00
2.066000000000000000e+03 1.962540710630502474e+02 4.628611146479036265e+00 3.646919392313510699e-02 -7.503223802918194352e+00
2.067000000000000000e+03 1.957026223751776683e+02 4.620800382288074992e+00 3.643295016954871401e-02 -7.377649105708652399e+00
2.068000000000000000e+03 1.951460782314414075e+02 4.613644434673942918e+00 3.639662320696966658e-02 -7.253121461979421092e+00
2.069000000000000000e+03 1.945830270766707031e+02 4.607139967931571434e+00 3.636021331306816401e-02 -7.129523482363971709e+00
2.070000000000000000e+03 1.940150275252401855e+02 4.601291196769262903e+00 3.632372082102718058e-02 -7.006960886584892911e+00
2.071000000000000000e+03 1.934414085378399193e+02 4.596080171617567878e+00 3.628714611912470939e-02 -6.885465376233583790e+00
2.072000000000000000e+03 1.928614979495748400e+02 4.591503919043071313e+00 3.625048965014642660e-02 -6.765068924930646155e+00
2.073000000000000000e+03 1.922768509991257417e+02 4.587552155313644242e+00 3.621375191079388017e-02 -6.645803784850353502e+00
2.074000000000000000e+03 1.916867933437241049e+02 4.584229570019784816e+00 3.617693345094715601e-02 -6.527628209607543752e+00
2.075000000000000000e+03 1.910921352604131016e+02 4.581526111199729634e+00 3.614003487285521315e-02 -6.410649311017857954e+00
2.076000000000000000e+03 1.904914574980363113e+02 4.579424412172333980e+00 3.610305683026429624e-02 -6.294825931202323588e+00
2.077000000000000000e+03 1.898863111504668097e+02 4.577929503378263654e+00 3.606600002749538875e-02 -6.180265782572167410e+00
2.078000000000000000e+03 1.892760178403843838e+02 4.577024240677382672e+00 3.602886521838614270e-02 -6.067002603154805662e+00
2.079000000000000000e+03 1.886613839242058361e+02 4.576713873808714972e+00 3.599165320526751671e-02 -5.954996162284576400e+00
2.080000000000000000e+03 1.880424720176175128e+02 4.576974046257999085e+00 3.595436483781241921e-02 -5.844355116656473115e+00
2.081000000000000000e+03 1.874193438619581968e+02 4.577810220340771785e+00 3.591700101184288479e-02 -5.735039881716577526e+00
2.082000000000000000e+03 1.867920603562711221e+02 4.579213105344812185e+00 3.587956266816632461e-02 -5.627159770925040938e+00
2.083000000000000000e+03 1.861606815899913556e+02 4.581166084088387436e+00 3.584205079126048799e-02 -5.520750150352552232e+00
2.084000000000000000e+03 1.855252668762093151e+02 4.583674924494239633e+00 3.580446640802235209e-02 -5.415772443633777300e+00
2.085000000000000000e+03 1.848873604554963777e+02 4.586708350926692823e+00 3.576681058645830857e-02 -5.312336987276322198e+00
2.086000000000000000e+03 1.842447916849558283e+02 4.590272325800490272e+00 3.572908443434111292e-02 -5.210405901298539533e+00
2.087000000000000000e+03 1.835991034230835623e+02 4.594350620853361100e+00 3.569128909787321058e-02 -5.110015944229792773e+00
2.088000000000000000e+03 1.829510950545493131e+02 4.598927100240629784e+00 3.565342576034823130e-02 -5.011204233944044795e+00
2.089000000000000000e+03 1.822993368553326547e+02 4.604000575249934002e+00 3.561549564079836278e-02 -4.914008251837741703e+00
2.090000000000000000e+03 1.816446270382504053e+02 4.609555088885866070e+00 3.557749999262740936e-02 -4.818465846848145162e+00
2.091000000000000000e+03 1.809870204483594307e+02 4.615582198878669828e+00 3.553944010231029765e-02 -4.724540955807933429e+00
2.092000000000000000e+03 1.803265714335487075e+02 4.622066118915201471e+00 3.550131728802479597e-02 -4.632346457647211757e+00
2.093000000000000000e+03 1.796640767151332057e+02 4.628991144894937904e+00 3.546313289838660954e-02 -4.541921326416484384e+00
2.094000000000000000e+03 1.789995897533138702e+02 4.636349081161433183e+00 3.542488831113376618e-02 -4.453156351149099024e+00
2.095000000000000000e+03 1.783324207825725694e+02 4.644131810009577421e+00 3.538658493186615239e-02 -4.366239840074383594e+00
2.096000000000000000e+03 1.776641081869942695e+02 4.652316432819870506e+00 3.534822419282331041e-02 -4.281137639130130346e+00
2.097000000000000000e+03 1.769939615251148552e+02 4.660894981272424076e+00 3.530980755167623802e-02 -4.197845698731574871e+00
2.098000000000000000e+03 1.763220329047431960e+02 4.669859558438569813e+00 3.527133649035597840e-02 -4.116434646562653121e+00
2.099000000000000000e+03 1.756491170173604530e+02 4.679180051502251914e+00 3.523281251391031932e-02 -4.036916079789439671e+00
2.100000000000000000e+03 1.749745226670770535e+02 4.688856127964792009e+00 3.519423714942217229e-02 -3.959309422557426572e+00
2.101000000000000000e+03 1.742990211130152716e+02 4.698874310799812548e+00 3.515561194492056868e-02 -3.883638991996711365e+00
2.102000000000000000e+03 1.736225485033891687e+02 4.709212918735413922e+00 3.511693846839462202e-02 -3.809917763370857635e+00
2.103000000000000000e+03 1.729450178372494520e+02 4.719881691491790043e+00 3.507821830679125341e-02 -3.738148752043830569e+00
2.104000000000000000e+03 1.722663420280111097e+02 4.730875569843327355e+00 3.503945306506357771e-02 -3.668350236340065074e+00
2.105000000000000000e+03 1.715871767701261774e+02 4.742182121639125114e+00 3.500064436528415451e-02 -3.600518617259653720e+00
2.106000000000000000e+03 1.709066920650961379e+02 4.753788967809506438e+00 3.496179384577659255e-02 -3.534650704817657640e+00
2.107000000000000000e+03 1.702262864271019964e+02 4.765706065059701402e+00 3.492290316028317382e-02 -3.470766004205182664e+00
2.108000000000000000e+03 1.695443870677371194e+02 4.777913705048617565e+00 3.488397397718370763e-02 -3.408862146619538347e+00
2.109000000000000000e+03 1.688631354405295326e+02 4.790407082109135573e+00 3.484500797874306999e-02 -3.348952031768393400e+00
2.110000000000000000e+03 1.681809589193690044e+02 4.803181434155559870e+00 3.480600686039236197e-02 -3.291026686692327008e+00
2.111000000000000000e+03 1.674992563417838198e+02 4.816232040281446913e+00 3.476697233005872356e-02 -3.235099836261294826e+00
2.112000000000000000e+03 1.668171981911877424e+02 4.829546789997933409e+00 3.472790610746577522e-02 -3.181178189989704919e+00
2.113000000000000000e+03 1.661354407987994080e+02 4.843121037514213967e+00 3.468880992358197579e-02 -3.129239157023284257e+00
2.114000000000000000e+03 1.654531550297107572e+02 4.856942742609398067e+00 3.464968551997844176e-02 -3.079305129500999882e+00
2.115000000000000000e+03 1.647717404835611319e+02 4.870999896548165786e+00 3.461053464827074794e-02 -3.031354342033825588e+00
2.116000000000000000e+03 1.640903685093259696e+02 4.885287947990335944e+00 3.457135906956860377e-02 -2.985395154712212396e+00
2.117000000000000000e+03 1.634096964047801634e+02 4.899802372194632660e+00 3.453216055397545503e-02 -2.941421482333207660e+00
2.118000000000000000e+03 1.627288961001507346e+02 4.914523811867762326e+00 3.449294088008461601e-02 -2.899442506955013599e+00
2.119000000000000000e+03 1.620493683564226330e+02 4.929447788111438022e+00 3.445370183445110868e-02 -2.859445535124942595e+00
2.120000000000000000e+03 1.613695429427916963e+02 4.944562412914770277e+00 3.441444521119482736e-02 -2.821418281736524314e+00
2.121000000000000000e+03 1.606915641739820728e+02 4.959863243396184451e+00 3.437517281145734127e-02 -2.785363725364533138e+00
2.122000000000000000e+03 1.600138625815743580e+02 4.975330994292913367e+00 3.433588644303488951e-02 -2.751270393328231645e+00
2.123000000000000000e+03 1.593370976152913556e+02 4.990968677252491936e+00 3.429658791991764544e-02 -2.719134645037757370e+00
2.124000000000000000e+03 1.586626719935634355e+02 5.006749599922052596e+00 3.425727906182505361e-02 -2.688953241772090941e+00
2.125000000000000000e+03 1.579882747135477530e+02 5.022669361942778465e+00 3.421796169384936498e-02 -2.660715916291973571e+00
2.126000000000000000e+03 1.573160522561506127e+02 5.038723567444638896e+00 3.417863764598468718e-02 -2.634412798989633764e+00
2.127000000000000000e+03 1.566451802551274284e+02 5.054892965894946855e+00 3.413930875274306248e-02 -2.610041843877022760e+00
2.128000000000000000e+03 1.559763205262108556e+02 5.071165734702844929e+00 3.409997685273331858e-02 -2.587586541013489949e+00
2.129000000000000000e+03 1.553093925806671223e+02 5.087530048428404506e+00 3.406064378825335304e-02 -2.567030770527362726e+00
2.130000000000000000e+03 1.546435736436057482e+02 5.103974076348631428e+00 3.402131140486695793e-02 -2.548381084832523680e+00
2.131000000000000000e+03 1.539802700120928307e+02 5.120485980031141082e+00 3.398198155100232154e-02 -2.531622135539845608e+00
2.132000000000000000e+03 1.533186600627426230e+02 5.137061339266836946e+00 3.394265607751310171e-02 -2.516746383720550817e+00
2.133000000000000000e+03 1.526594084443360089e+02 5.153673436261090757e+00 3.390333683727955738e-02 -2.503724383219329219e+00
2.134000000000000000e+03 1.520024375900151483e+02 5.170325251688580259e+00 3.386402568475547353e-02 -2.492549347324233278e+00
2.135000000000000000e+03 1.513484134044007874e+02 5.186990035506314989e+00 3.382472447553210720e-02 -2.483207431790804609e+00
2.136000000000000000e+03 1.506972596104303364e+02 5.203655874683181359e+00 3.378543506592011914e-02 -2.475670302776218357e+00
2.137000000000000000e+03 1.500481577660862342e+02 5.220318262491946193e+00 3.374615931247098438e-02 -2.469924846386464701e+00
2.138000000000000000e+03 1.494025186210842264e+02 5.236965239466246480e+00 3.370689907152866344e-02 -2.465950879636226833e+00
2.139000000000000000e+03 1.487602679582155361e+02 5.253569962724227160e+00 3.366765619875875665e-02 -2.463736003026945731e+00
2.140000000000000000e+03 1.481213322797584340e+02 5.270135273761416883e+00 3.362843254868065623e-02 -2.463260739593593485e+00
2.141000000000000000e+03 1.474856388237505769e+02 5.286634269358803095e+00 3.358922997414501982e-02 -2.464498530524064090e+00
2.142000000000000000e+03 1.468538584152103113e+02 5.303062297764318700e+00 3.355005032586583918e-02 -2.467423159003834687e+00
2.143000000000000000e+03 1.462251769771943088e+02 5.319392386342032708e+00 3.351089545187450197e-02 -2.472023602288218935e+00
2.144000000000000000e+03 1.456010097220012653e+02 5.335627237796504829e+00 3.347176719702535386e-02 -2.478269113708229554e+00
2.145000000000000000e+03 1.449805441570564994e+02 5.351739801166521815e+00 3.343266740245041946e-02 -2.486145616721457507e+00
2.146000000000000000e+03 1.443637114410077800e+02 5.367710411396287462e+00 3.339359790497063718e-02 -2.495628957871212084e+00
2.147000000000000000e+03 1.437511863996882084e+02 5.383541643881064154e+00 3.335456053655806025e-02 -2.506693072879843331e+00
2.148000000000000000e+03 1.431429018719984469e+02 5.399206313886938169e+00 3.331555712373714118e-02 -2.519309238612196467e+00
2.149000000000000000e+03 1.425395343958600165e+02 5.414692044551163264e+00 3.327658948702339609e-02 -2.533449781942404666e+00
2.150000000000000000e+03 1.419402757190125897e+02 5.429986408108989693e+00 3.323765944025182384e-02 -2.549088074341056664e+00
2.151000000000000000e+03 1.413457881469880419e+02 5.445071263537847983e+00 3.319876878997556763e-02 -2.566200518788769092e+00
2.152000000000000000e+03 1.407559280299406055e+02 5.459942915358293014e+00 3.315991933480620657e-02 -2.584776978456310381e+00
2.153000000000000000e+03 1.401712794723460149e+02 5.474591950838557430e+00 3.312111286475409588e-02 -2.604810336699889373e+00
2.154000000000000000e+03 1.395909418515905429e+02 5.489016326707977456e+00 3.308235116054440705e-02 -2.626287813312956576e+00
2.155000000000000000e+03 1.390162440087281084e+02 5.503221367240860751e+00 3.304363599289091014e-02 -2.649194004253018431e+00
2.156000000000000000e+03 1.384455444188581339e+02 5.517182620623083622e+00 3.300496912180619219e-02 -2.673513921279031536e+00
2.157000000000000000e+03 1.378801738867822451e+02 5.530912712257126884e+00 3.296635229581690307e-02 -2.699233357295902191e+00
2.158000000000000000e+03 1.373199785521989043e+02 5.544401916148414600e+00 3.292778725124179129e-02 -2.726337988794960587e+00
2.159000000000000000e+03 1.367640627399405844e+02 5.557647866531150171e+00 3.288927571137428146e-02 -2.754814112449430752e+00
2.160000000000000000e+03 1.362137603151328733e+02 5.570633271079423743e+00 3.285081938572833454e-02 -2.784646336006916911e+00
2.161000000000000000e+03 1.356681776879273116e+02 5.583363050958247698e+00 3.281241996916656883e-02 -2.815817497609837350e+00
2.162000000000000000e+03 1.351279080033075957e+02 5.595834625760663705e+00 3.277407914109951165e-02 -2.848306430819669721e+00
2.163000000000000000e+03 1.345928026504686557e+02 5.608037911884972360e+00 3.273579856462379561e-02 -2.882095906409047448e+00
2.164000000000000000e+03 1.340627141120394015e+02 5.619962749301817162e+00 3.269757988561411421e-02 -2.917165940234268451e+00
2.165000000000000000e+03 1.335374959779954054e+02 5.631606328361293379e+00 3.265942473190596579e-02 -2.953498243566104353e+00
2.166000000000000000e+03 1.330177457942799037e+02 5.642965759940311798e+00 3.262133471230894283e-02 -2.991074730675983950e+00
2.167000000000000000e+03 1.325033194060013102e+02 5.654030645630832019e+00 3.258331141576949197e-02 -3.029873797855245243e+00
2.168000000000000000e+03 1.319940738053236373e+02 5.664805361370652825e+00 3.254535641039539573e-02 -3.069867345210141263e+00
2.169000000000000000e+03 1.314898671439157170e+02 5.675271914313935184e+00 3.250747124253121345e-02 -3.111022998245405624e+00
2.170000000000000000e+03 1.309913015799737934e+02 5.685441939946852763e+00 3.246965743579996455e-02 -3.153310043569144572e+00
2.171000000000000000e+03 1.304974947846574480e+02 5.695297273991839049e+00 3.243191649018098421e-02 -3.196697936196329692e+00
2.172000000000000000e+03 1.300097941282014062e+02 5.704849377958515433e+00 3.239424988102727193e-02 -3.241154063968955334e+00
2.173000000000000000e+03 1.295273196801936422e+02 5.714079911133406853e+00 3.235665905812612486e-02 -3.286649683116004805e+00
2.174000000000000000e+03 1.290506783945311895e+02 5.722992727866445861e+00 3.231914544474542850e-02 -3.333152482740452616e+00
2.175000000000000000e+03 1.285797356135439315e+02 5.731576734697575226e+00 3.228171043670804291e-02 -3.380633263132043265e+00
2.176000000000000000e+03 1.281143579115499449e+02 5.739828174328658328e+00 3.224435540142964879e-02 -3.429060728683181125e+00
2.177000000000000000e+03 1.276544131026811613e+02 5.747750624587934176e+00 3.220708167699977420e-02 -3.478405194791521104e+00
2.178000000000000000e+03 1.271997702479717844e+02 5.755325284036840294e+00 3.216989057128311069e-02 -3.528636352052026748e+00
2.179000000000000000e+03 1.267510424966984459e+02 5.762555541122730496e+00 3.213278336104826577e-02 -3.579724744596828323e+00
2.180000000000000000e+03 1.263081014218422382e+02 5.769429831522249863e+00 3.209576129109798642e-02 -3.631639534236065447e+00
2.181000000000000000e+03 1.258700770247650809e+02 5.775943922330101010e+00 3.205882557342191325e-02 -3.684350201603515007e+00
2.182000000000000000e+03 1.254383290791234913e+02 5.782093482890072522e+00 3.202197738642383051e-02 -3.737818961847113819e+00
2.183000000000000000e+03 1.250119901236404303e+02 5.787881512369892789e+00 3.198521787414525253e-02 -3.792006997036859062e+00
2.184000000000000000e+03 1.245916796392382366e+02 5.793296053978238547e+00 3.194854814553391154e-02 -3.846875340149955136e+00
2.185000000000000000e+03 1.241765327100080896e+02 5.798332479326317568e+00 3.191196927378391751e-02 -3.902385610481816869e+00
2.186000000000000000e+03 1.237671713634231025e+02 5.802993487781693993e+00 3.187548229570325020e-02 -3.958497926280289736e+00
2.187000000000000000e+03 1.233642188994274562e+02 5.807266820814235508e+00 3.183908821113236309e-02 -4.015174760059971426e+00
2.188000000000000000e+03 1.229660713835134516e+02 5.811154974836548526e+00 3.180278798241118615e-02 -4.072377662703736689e+00
2.189000000000000000e+03 1.225740974890511268e+02 5.814645487284982650e+00 3.176658253393692399e-02 -4.130065993225704446e+00
2.190000000000000000e+03 1.221881814832877780e+02 5.817748077895387837e+00 3.173047275176070492e-02 -4.188199882704637389e+00
2.191000000000000000e+03 1.218074660575153558e+02 5.820435221467915810e+00 3.169445948325289031e-02 -4.246741712561210136e+00
2.192000000000000000e+03 1.214325808262795050e+02 5.822723859328805318e+00 3.165854353680907368e-02 -4.305649421667974153e+00
2.193000000000000000e+03 1.210634138154355668e+02 5.824593687128610142e+00 3.162272568169698095e-02 -4.364884670181040427e+00
2.194000000000000000e+03 1.206991114542838801e+02 5.826046581337151586e+00 3.158700664789414886e-02 -4.424408375201357657e+00
2.195000000000000000e+03 1.203410499068212260e+02 5.827076885577173293e+00 3.155138712604672185e-02 -4.484178474969486849e+00
2.196000000000000000e+03 1.199891208867993697e+02 5.827678838750852464e+00 3.151586776749494556e-02 -4.544147693092482676e+00
2.197000000000000000e+03 1.196424744819857722e+02 5.827854003207771250e+00 3.148044918437280931e-02 -4.604270216826595430e+00
2.198000000000000000e+03 1.193010048125243969e+02 5.827596407903495646e+00 3.144513194977080484e-02 -4.664489061688271043e+00
2.199000000000000000e+03 1.189653500183503780e+02 5.826907405000354423e+00 3.140991659796422281e-02 -4.724767263374135773e+00
2.200000000000000000e+03 1.186354065756883784e+02 5.825780813108259792e+00 3.137480362474379114e-02 -4.785049243234392513e+00
2.201000000000000000e+03 1.183110752486985859e+02 5.824218137680711394e+00 3.133979348782321706e-02 -4.845299974522401243e+00
2.202000000000000000e+03 1.179922704671095914e+02 5.822214805477133659e+00 3.130488660727268058e-02 -4.905485070828589755e+00
2.203000000000000000e+03 1.176789109176890236e+02 5.819773930187539968e+00 3.127008336605142935e-02 -4.965605540394991024e+00
2.204000000000000000e+03 1.173716592318383931e+02 5.816891092123289475e+00 3.123538411058740874e-02 -5.025640035044165010e+00
2.205000000000000000e+03 1.170696934633340476e+02 5.813569195062540551e+00 3.120078915145822404e-02 -5.085574556752319175e+00
2.206000000000000000e+03 1.167729355756116831e+02 5.809811038085437751e+00 3.116629876404274774e-02 -5.145409879236168216e+00
2.207000000000000000e+03 1.164820514234238971e+02 5.805604459099265924e+00 3.113191318933322335e-02 -5.205124399505943522e+00
2.208000000000000000e+03 1.161962222289244977e+02 5.800952048505384262e+00 3.109763263471042316e-02 -5.264703844640710173e+00
2.209000000000000000e+03 1.159161159024879026e+02 5.795856292804720589e+00 3.106345727480181937e-02 -5.324133836885541982e+00
2.210000000000000000e+03 1.156416585179715213e+02 5.790319574943830538e+00 3.102938725233866588e-02 -5.383399887174245002e+00
2.211000000000000000e+03 1.153720342927299072e+02 5.784344174700776442e+00 3.099542267911153948e-02 -5.442479960379998261e+00
2.212000000000000000e+03 1.151079140724418153e+02 5.777932269110904073e+00 3.096156363685981239e-02 -5.501359325696891567e+00
2.213000000000000000e+03 1.148492268055846353e+02 5.771071076231729435e+00 3.092781017823617237e-02 -5.560008265352971435e+00
2.214000000000000000e+03 1.145959023578669331e+02 5.763784854099632149e+00 3.089416232780597613e-02 -5.618419210210050529e+00
2.215000000000000000e+03 1.143471286565278575e+02 5.756060617771835197e+00 3.086062008294005593e-02 -5.676569591947841609e+00
2.216000000000000000e+03 1.141043230097377403e+02 5.747900138361821121e+00 3.082718341481761187e-02 -5.734429265438491186e+00
2.217000000000000000e+03 1.138666750757813872e+02 5.739312515311928209e+00 3.079385226938408104e-02 -5.791990216262563607e+00
2.218000000000000000e+03 1.136341181825795275e+02 5.730299320354714787e+00 3.076062656825865466e-02 -5.849221984815048181e+00
2.219000000000000000e+03 1.134058436372014569e+02 5.720862026563870550e+00 3.072750620962197768e-02 -5.906108802358328802e+00
2.220000000000000000e+03 1.131832720457186667e+02 5.711009437443689940e+00 3.069449106912119918e-02 -5.962634728719212518e+00
2.221000000000000000e+03 1.129655962830473896e+02 5.700735402656008866e+00 3.066158100066839615e-02 -6.018776218433461445e+00
2.222000000000000000e+03 1.127527528133231414e+02 5.690048532236973600e+00 3.062877583726510491e-02 -6.074502115339491581e+00
2.223000000000000000e+03 1.125454216704974897e+02 5.678957340750315552e+00 3.059607539170011020e-02 -6.129803360672980261e+00
2.224000000000000000e+03 1.123420550991931748e+02 5.667455391478161353e+00 3.056347945724172468e-02 -6.184648417760528538e+00
2.225000000000000000e+03 1.121440773812233545e+02 5.655543582400469838e+00 3.053098780825511116e-02 -6.239027837018879197e+00
2.226000000000000000e+03 1.119499421371524761e+02 5.643237575510938520e+00 3.049860020075080211e-02 -6.292909680854811505e+00
2.227000000000000000e+03 1.117610749886949151e+02 5.630523227717834089e+00 3.046631637285635019e-02 -6.346276660522833346e+00
2.228000000000000000e+03 1.115766736961932963e+02 5.617416018684520118e+00 3.043413604523545132e-02 -6.399111274636760882e+00
2.229000000000000000e+03 1.113959366468130838e+02 5.603916481802413863e+00 3.040205892137730695e-02 -6.451380947788340592e+00
2.230000000000000000e+03 1.112202913432093823e+02 5.590025062001244827e+00 3.037008468789831675e-02 -6.503067739375109291e+00
2.231000000000000000e+03 1.110489373774406801e+02 5.575749545244112149e+00 3.033821301464434753e-02 -6.554146054085268069e+00
2.232000000000000000e+03 1.108818177556009346e+02 5.561097631356338944e+00 3.030644355482679103e-02 -6.604597494243368061e+00
2.233000000000000000e+03 1.107181332127579765e+02 5.546069506888317235e+00 3.027477594501640570e-02 -6.654395998865495265e+00
2.234000000000000000e+03 1.105593135384831527e+02 5.530687559762921701e+00 3.024320980502977554e-02 -6.703515267876368533e+00
2.235000000000000000e+03 1.104038177175257402e+02 5.514944382102829223e+00 3.021174473782338790e-02 -6.751928758088338256e+00
2.236000000000000000e+03 1.102530765962553687e+02 5.498862198343802632e+00 3.018038032921178601e-02 -6.799609679293225462e+00
2.237000000000000000e+03 1.101055501890659087e+02 5.482433439775300954e+00 3.014911614761756412e-02 -6.846545847168263421e+00
2.238000000000000000e+03 1.099619275104799812e+02 5.465680172715932983e+00 3.011795174364823371e-02 -6.892702537844744626e+00
2.239000000000000000e+03 1.098214123872378423e+02 5.448587244764667048e+00 3.008688664966646317e-02 -6.938059626094250198e+00
2.240000000000000000e+03 1.096854376208759447e+02 5.431183998086263287e+00 3.005592037933273175e-02 -6.982604153529415214e+00
2.241000000000000000e+03 1.095517222951719276e+02 5.413455130669573734e+00 3.002505242699420734e-02 -7.026300611870548884e+00
2.242000000000000000e+03 1.094217001141783783e+02 5.395414981318928049e+00 2.999428226712863924e-02 -7.069135509832249475e+00
2.243000000000000000e+03 1.092953195449160688e+02 5.377077817768956436e+00 2.996360935369922138e-02 -7.111072799925253207e+00
2.244000000000000000e+03 1.091717866402941155e+02 5.358435553175648458e+00 2.993303311947270035e-02 -7.152105873930445945e+00
2.245000000000000000e+03 1.090510506970226174e+02 5.339494889434544866e+00 2.990255297533720227e-02 -7.192198133239027236e+00
2.246000000000000000e+03 1.089330614083578013e+02 5.320277318771870156e+00 2.987216830961426234e-02 -7.231342412917057594e+00
2.247000000000000000e+03 1.088177688517175739e+02 5.300789411958026776e+00 2.984187848732878026e-02 -7.269501552287404245e+00
2.248000000000000000e+03 1.087051234760808853e+02 5.281030248294662499e+00 2.981168284950616934e-02 -7.306652962537309115e+00
2.249000000000000000e+03 1.085950760891098383e+02 5.261013702323627861e+00 2.978158071249936700e-02 -7.342788624347245552e+00
2.250000000000000000e+03 1.084875778439334795e+02 5.240746160454906821e+00 2.975157136729052534e-02 -7.377870515541881780e+00
2.251000000000000000e+03 1.083825960319493618e+02 5.220240287440140570e+00 2.972165407888606101e-02 -7.411885319125719462e+00
2.252000000000000000e+03 1.082794186529756217e+02 5.199489467263290976e+00 2.969182808570008936e-02 -7.444822843004917701e+00
2.253000000000000000e+03 1.081780926514806396e+02 5.178500794050763467e+00 2.966209259901726736e-02 -7.476675311344683550e+00
2.254000000000000000e+03 1.080794080950326190e+02 5.157281309046315876e+00 2.963244680252692317e-02 -7.507449507817327117e+00
2.255000000000000000e+03 1.079819268184567846e+02 5.135815717326174479e+00 2.960288985187859920e-02 -7.537129632232900889e+00
2.256000000000000000e+03 1.078871822526175066e+02 5.114118388030903795e+00 2.957342087439361958e-02 -7.565721869150421774e+00
2.257000000000000000e+03 1.077944795621611149e+02 5.092188786057556982e+00 2.954403896873702626e-02 -7.593209816414700164e+00
2.258000000000000000e+03 1.077038669678124165e+02 5.070026330565965189e+00 2.951474320486973182e-02 -7.619599054025445461e+00
2.259000000000000000e+03 1.076146500577709588e+02 5.047637825146326307e+00 2.948553262388244403e-02 -7.644880001283230087e+00
2.260000000000000000e+03 1.075276202734614799e+02 5.025030031296444655e+00 2.945640623810501929e-02 -7.669050200867803646e+00
2.261000000000000000e+03 1.074428263843476543e+02 5.002202241908365821e+00 2.942736303124178845e-02 -7.692106889646006529e+00
2.262000000000000000e+03 1.073595744670258227e+02 4.979175996514568325e+00 2.939840195863334393e-02 -7.714054426311335533e+00
2.263000000000000000e+03 1.072771707185464862e+02 4.955957941389228516e+00 2.936952194766078925e-02 -7.734882005753925149e+00
2.264000000000000000e+03 1.071971499389942153e+02 4.932539831407137143e+00 2.934072189822443943e-02 -7.754585943663619751e+00
2.265000000000000000e+03 1.071188184980631206e+02 4.908943102009477144e+00 2.931200068339483850e-02 -7.773162247864011221e+00
2.266000000000000000e+03 1.070422256511220809e+02 4.885159444270605000e+00 2.928335715015044013e-02 -7.790651188230141244e+00
2.267000000000000000e+03 1.069666778443971253e+02 4.861210233572377248e+00 2.925479012024760281e-02 -7.806959016230662129e+00
2.268000000000000000e+03 1.068922243595540778e+02 4.837087104677099347e+00 2.922629839120388304e-02 -7.822155099018056390e+00
2.269000000000000000e+03 1.068196572875727668e+02 4.812803952055987544e+00 2.919788073740761658e-02 -7.836197070681244270e+00
2.270000000000000000e+03 1.067482829969351315e+02 4.788367218365790379e+00 2.916953591130314744e-02 -7.849190824847854131e+00
2.271000000000000000e+03 1.066781506114066502e+02 4.763768467976113641e+00 2.914126264477732986e-02 -7.861019097646398279e+00
2.272000000000000000e+03 1.066093091472212251e+02 4.739021530597583798e+00 2.911305965050960121e-02 -7.871712885824188710e+00
2.273000000000000000e+03 1.065418074848607404e+02 4.714140218106312119e+00 2.908492562354331526e-02 -7.881302880478108897e+00
2.274000000000000000e+03 1.064749515054515996e+02 4.689116041366049537e+00 2.905685924287661551e-02 -7.889745184417323642e+00
2.275000000000000000e+03 1.064087897319540730e+02 4.663977638899936551e+00 2.902885917315741957e-02 -7.897069880162537636e+00
2.276000000000000000e+03 1.063441133001010712e+02 4.638723923604177735e+00 2.900092406641745571e-02 -7.903306747565625123e+00
2.277000000000000000e+03 1.062794845891213953e+02 4.613353798010355611e+00 2.897305256390086611e-02 -7.908410981556414754e+00
2.278000000000000000e+03 1.062156942026852136e+02 4.587895869542466087e+00 2.894524329794740530e-02 -7.912411760523085924e+00
2.279000000000000000e+03 1.061527895996631514e+02 4.562341597214801148e+00 2.891749489389456793e-02 -7.915337964309860475e+00
2.280000000000000000e+03 1.060908179001663996e+02 4.536704720277500158e+00 2.888980597199816355e-02 -7.917143892338445177e+00
2.281000000000000000e+03 1.060290830217868177e+02 4.510984118301659684e+00 2.886217514936273779e-02 -7.917783548856774267e+00
2.282000000000000000e+03 1.059676313212569596e+02 4.485200954759063663e+00 2.883460104193187948e-02 -7.917359211811261233e+00
2.283000000000000000e+03 1.059057658964485711e+02 4.459354108740841482e+00 2.880708226640775818e-02 -7.915898584325853804e+00
2.284000000000000000e+03 1.058450178990530333e+02 4.433449890169638863e+00 2.877961744216543660e-02 -7.913280513304023600e+00
2.285000000000000000e+03 1.057839466626109015e+02 4.407494613251028426e+00 2.875220519313783502e-02 -7.909606409161820118e+00
2.286000000000000000e+03 1.057233395216034353e+02 4.381502026615347489e+00 2.872484414966792673e-02 -7.904828830650372673e+00
2.287000000000000000e+03 1.056624976110429373e+02 4.355485886748535762e+00 2.869753295027286516e-02 -7.899048621313481178e+00
2.288000000000000000e+03 1.056014643471431640e+02 4.329437674711358319e+00 2.867027024335659299e-02 -7.892143494533389259e+00
2.289000000000000000e+03 1.055402825688475588e+02 4.303393453050116335e+00 2.864305468882792638e-02 -7.884213737212854234e+00
2.290000000000000000e+03 1.054789945154120829e+02 4.277344727340022246e+00 2.861588495967645057e-02 -7.875210795036461597e+00
2.291000000000000000e+03 1.054168989700588526e+02 4.251312731421682756e+00 2.858875974333730668e-02 -7.865234409359130652e+00
2.292000000000000000e+03 1.053547797448854482e+02 4.225303859020531405e+00 2.856167774306698701e-02 -7.854235486177318926e+00
2.293000000000000000e+03 1.052919343218076023e+02 4.199339378855417415e+00 2.853463767911840546e-02 -7.842164666215749591e+00
2.294000000000000000e+03 1.052284023399304687e+02 4.173418294581096255e+00 2.850763828982391321e-02 -7.829195178614915207e+00
2.295000000000000000e+03 1.051642227441110151e+02 4.147547059868667674e+00 2.848067833255027437e-02 -7.815128576187379217e+00
2.296000000000000000e+03 1.050986909348408744e+02 4.121747008420609149e+00 2.845375658446702358e-02 -7.800137573813022307e+00
2.297000000000000000e+03 1.050325872595701782e+02 4.096017213869111551e+00 2.842687184324014377e-02 -7.784171783881087769e+00
2.298000000000000000e+03 1.049652056602093637e+02 4.070371633161391500e+00 2.840002292752316984e-02 -7.767329137354331614e+00
2.299000000000000000e+03 1.048973250021875145e+02 4.044816823126987870e+00 2.837320867733402613e-02 -7.749484469895461025e+00
2.300000000000000000e+03 1.048274948896359717e+02 4.019366798779892669e+00 2.834642795427369522e-02 -7.730660943103838889e+00
2.301000000000000000e+03 1.047565051802052665e+02 3.994019395600034272e+00 2.831967964158956311e-02 -7.711028043910030938e+00
2.302000000000000000e+03 1.046844521769897938e+02 3.968796778444616535e+00 2.829296264409851547e-02 -7.690375590708534936e+00
2.303000000000000000e+03 1.046099582486711199e+02 3.943682650703315584e+00 2.826627588797404195e-02 -7.668936869089343134e+00
2.304000000000000000e+03 1.045353591571460043e+02 3.918690465234712761e+00 2.823961832038920233e-02 -7.646499238263162468e+00
2.305000000000000000e+03 1.044585328689171888e+02 3.893826284128097726e+00 2.821298890901569739e-02 -7.623221253706096157e+00
2.306000000000000000e+03 1.043803279031426854e+02 3.869081351847188266e+00 2.818638664141875916e-02 -7.599038403328760793e+00
2.307000000000000000e+03 1.043008491553798649e+02 3.844469238455884064e+00 2.815981052430878082e-02 -7.573960245745619879e+00
2.308000000000000000e+03 1.042194578974528270e+02 3.819988699321511749e+00 2.813325958272384908e-02 -7.547996131099768746e+00
2.309000000000000000e+03 1.041362574482915733e+02 3.795638533249470647e+00 2.810673285904932012e-02 -7.521155205456068416e+00
2.310000000000000000e+03 1.040520931755598752e+02 3.771432440596893976e+00 2.808022941201019154e-02 -7.493520698760838705e+00
2.311000000000000000e+03 1.039663239929591185e+02 3.747361882913210263e+00 2.805374831557860479e-02 -7.465027078853405662e+00
2.312000000000000000e+03 1.038783080333165287e+02 3.723440654411655615e+00 2.802728865774495662e-02 -7.435608623050212529e+00
2.313000000000000000e+03 1.037888883222371277e+02 3.699660313215316521e+00 2.800084953934162471e-02 -7.405422273289400614e+00
2.314000000000000000e+03 1.036981642770966232e+02 3.676042181133650555e+00 2.797443007276841781e-02 -7.374476223311575040e+00
2.315000000000000000e+03 1.036054917114753948e+02 3.652570489811644894e+00 2.794802938068869161e-02 -7.342629923407356429e+00
2.316000000000000000e+03 1.035109685099080821e+02 3.629259237159596196e+00 2.792164659473758692e-02 -7.310039786232225723e+00
2.317000000000000000e+03 1.034146917977227815e+02 3.606115046855021156e+00 2.789528085424371542e-02 -7.276639207139476540e+00
2.318000000000000000e+03 1.033167579459700391e+02 3.583129741220717701e+00 2.786893130493446613e-02 -7.242435703089295629e+00
2.319000000000000000e+03 1.032165197412935811e+02 3.560310055828672660e+00 2.784259709767944804e-02 -7.207510917594735389e+00
2.320000000000000000e+03 1.031148148957718576e+02 3.537662783976506020e+00 2.781627738733713842e-02 -7.171872058707658759e+00
2.321000000000000000e+03 1.030109947113632103e+02 3.515187349487836510e+00 2.778997133156643068e-02 -7.135451904052953154e+00
2.322000000000000000e+03 1.029051525892168826e+02 3.492898092886634664e+00 2.776367808978082163e-02 -7.098331656411560608e+00
2.323000000000000000e+03 1.027981240335166291e+02 3.470787130742138071e+00 2.773739682218031091e-02 -7.060518098328071979e+00
2.324000000000000000e+03 1.026885153147549090e+02 3.448868926838581928e+00 2.771112668884878269e-02 -7.022017880766009412e+00
2.325000000000000000e+03 1.025771604827170194e+02 3.427143151463678539e+00 2.768486684900740499e-02 -6.982911811798918400e+00
2.326000000000000000e+03 1.024634071935864057e+02 3.405624395820438188e+00 2.765861646031828047e-02 -6.943132011325510611e+00
2.327000000000000000e+03 1.023480880516160738e+02 3.384305031257235363e+00 2.763237467839216310e-02 -6.902684766831722385e+00
2.328000000000000000e+03 1.022305492698927196e+02 3.363207208670984105e+00 2.760614065638140879e-02 -6.861724822178016048e+00
2.329000000000000000e+03 1.021116220105558057e+02 3.342316004275890151e+00 2.757991354472864171e-02 -6.820183965399807313e+00
2.330000000000000000e+03 1.019899082090165621e+02 3.321653703996124474e+00 2.755369249106016244e-02 -6.778068168056589293e+00
2.331000000000000000e+03 1.018662375826571633e+02 3.301205520822156458e+00 2.752747664024335697e-02 -6.735457590595181898e+00
2.332000000000000000e+03 1.017406962884745667e+02 3.280986450790130959e+00 2.750126513458911806e-02 -6.692283737227556095e+00
2.333000000000000000e+03 1.016133697550435926e+02 3.260989275325121728e+00 2.747505711418446114e-02 -6.648626595346159185e+00
2.334000000000000000e+03 1.014835998436341953e+02 3.241229132105032384e+00 2.744885171744492619e-02 -6.604491790439534604e+00
2.335000000000000000e+03 1.013514705136263387e+02 3.221706374038890708e+00 2.742264808175838911e-02 -6.559884875033554330e+00
2.336000000000000000e+03 1.012170649821027268e+02 3.202413998313330623e+00 2.739644534432173970e-02 -6.514885617645985505e+00
2.337000000000000000e+03 1.010812085527824422e+02 3.183374788806508260e+00 2.737024264307957866e-02 -6.469499441244660254e+00
2.338000000000000000e+03 1.009424972691687259e+02 3.164574461564538588e+00 2.734403911786757041e-02 -6.423657428719362628e+00
2.339000000000000000e+03 1.008017549173431604e+02 3.146028520548279417e+00 2.731783391162790481e-02 -6.377513462369989838e+00
2.340000000000000000e+03 1.006590616779715361e+02 3.127745116442091522e+00 2.729162617180435832e-02 -6.331072811876182982e+00
2.341000000000000000e+03 1.005137541179449272e+02 3.109717618828935937e+00 2.726541505180664349e-02 -6.284266423283324521e+00
2.342000000000000000e+03 1.003666536867118424e+02 3.091954330081767122e+00 2.723919971260777700e-02 -6.237173774992414543e+00
2.343000000000000000e+03 1.002170953671391231e+02 3.074463629118326935e+00 2.721297932442823600e-02 -6.189874316233785478e+00
2.344000000000000000e+03 1.000651561713449240e+02 3.057239115120645945e+00 2.718675306852984599e-02 -6.142373189037054537e+00
2.345000000000000000e+03 9.991091229632749560e+01 3.040296749670969856e+00 2.716052013901156317e-02 -6.094601233694631581e+00
2.346000000000000000e+03 9.975518194964297436e+01 3.023622858649130052e+00 2.713427974472048393e-02 -6.046712128223637350e+00
2.347000000000000000e+03 9.959655400006323589e+01 3.007233559348140073e+00 2.710803111116398892e-02 -5.998636692788622327e+00
2.348000000000000000e+03 9.943584497869846928e+01 2.991122762300412408e+00 2.708177348247845298e-02 -5.950454312634722243e+00
2.349000000000000000e+03 9.927238489516916786e+01 2.975299313271365875e+00 2.705550612339191821e-02 -5.902170092981250171e+00
2.350000000000000000e+03 9.910698856943935198e+01 2.959772136765742356e+00 2.702922832113238694e-02 -5.853863431405185835e+00
2.351000000000000000e+03 9.893972646369762458e+01 2.944534944769248153e+00 2.700293938738653615e-02 -5.805461074386668585e+00
2.352000000000000000e+03 9.876992270932160523e+01 2.929587217747892769e+00 2.697663866018800566e-02 -5.757096245245378441e+00
2.353000000000000000e+03 9.859764273659880018e+01 2.914942937285835090e+00 2.695032550571194868e-02 -5.708675243322133497e+00
2.354000000000000000e+03 9.842295108959139327e+01 2.900593879128318342e+00 2.692399932006626917e-02 -5.660327248556033197e+00
2.355000000000000000e+03 9.824665425669360275e+01 2.886539326612835410e+00 2.689765953090457115e-02 -5.611884342192591468e+00
2.356000000000000000e+03 9.806732932712455408e+01 2.872793499014549834e+00 2.687130559905094931e-02 -5.563475779990803893e+00
2.357000000000000000e+03 9.788652383384464883e+01 2.859340981405434245e+00 2.684493701988972802e-02 -5.515156579856381747e+00
2.358000000000000000e+03 9.770281307232681911e+01 2.846196151382392792e+00 2.681855332472446798e-02 -5.466833243441180379e+00
2.359000000000000000e+03 9.751774278103154359e+01 2.833343752157289508e+00 2.679215408195305403e-02 -5.418560895208837991e+00
2.360000000000000000e+03 9.732988646285038215e+01 2.820790890866885725e+00 2.676573889806712139e-02 -5.370246153431526892e+00
2.361000000000000000e+03 9.714004523334934049e+01 2.808529896646192903e+00 2.673930741853759036e-02 -5.322092836160543960e+00
2.362000000000000000e+03 9.694753365018372904e+01 2.796575462171147830e+00 2.671285932851000244e-02 -5.273933414605834535e+00
2.363000000000000000e+03 9.675315105924615011e+01 2.784912644965443107e+00 2.668639435331878265e-02 -5.225897569504732054e+00
2.364000000000000000e+03 9.655621026214809888e+01 2.773541437228099760e+00 2.665991225885046972e-02 -5.177892211392633115e+00
2.365000000000000000e+03 9.635750886545086757e+01 2.762469337177306361e+00 2.663341285162671920e-02 -5.130047186346138766e+00
2.366000000000000000e+03 9.615710078627448354e+01 2.751696492012197570e+00 2.660689597886064725e-02 -5.082269579633996948e+00
2.367000000000000000e+03 9.595355342950290378e+01 2.741208269193754710e+00 2.658036152818815320e-02 -5.034615137831607967e+00
2.368000000000000000e+03 9.574840471169197542e+01 2.731019826146640295e+00 2.655380942724102494e-02 -4.987065422849521035e+00
2.369000000000000000e+03 9.554170606617594785e+01 2.721124111377394073e+00 2.652723964307744306e-02 -4.939750666909371368e+00
2.370000000000000000e+03 9.533202245978209532e+01 2.711521577415543227e+00 2.650065218136963066e-02 -4.892504075928049367e+00
2.371000000000000000e+03 9.512088942110192136e+01 2.702212751974005123e+00 2.647404708548871735e-02 -4.845456101866074228e+00
2.372000000000000000e+03 9.490761321478305490e+01 2.693190809080613146e+00 2.644742443534870216e-02 -4.798588745968633162e+00
2.373000000000000000e+03 9.469298503739489092e+01 2.684456425231945165e+00 2.642078434611761298e-02 -4.751958413455631636e+00
2.374000000000000000e+03 9.447556686423713757e+01 2.676017778818716941e+00 2.639412696677084780e-02 -4.705547350624326164e+00
2.375000000000000000e+03 9.425689131755163430e+01 2.667853407772451391e+00 2.636745247855026494e-02 -4.659337932383520453e+00
2.376000000000000000e+03 9.403626184538973121e+01 2.659979064088783929e+00 2.634076109321130399e-02 -4.613386949710631235e+00
2.377000000000000000e+03 9.381298125162953738e+01 2.652388286370070070e+00 2.631405305121330487e-02 -4.567677046523387574e+00
2.378000000000000000e+03 9.358858022678182920e+01 2.645074684194807624e+00 2.628732861979795818e-02 -4.522235577081535673e+00
2.379000000000000000e+03 9.336236036424217843e+01 2.638039365761188915e+00 2.626058809097878491e-02 -4.477090039603481841e+00
2.380000000000000000e+03 9.313510836236703483e+01 2.631283508805255966e+00 2.623383177944714484e-02 -4.432253223203581172e+00
2.381000000000000000e+03 9.290538187672305526e+01 2.624793503144385642e+00 2.620706002047317601e-02 -4.387730639799239718e+00
2.382000000000000000e+03 9.267396655790659565e+01 2.618578091648716910e+00 2.618027316769386270e-02 -4.343535384286695944e+00
2.383000000000000000e+03 9.244090473927789731e+01 2.612631227686613045e+00 2.615347159097072827e-02 -4.299688137934472465e+00
2.384000000000000000e+03 9.220623829985467523e+01 2.606954359349339168e+00 2.612665567415469250e-02 -4.256194886643612563e+00
2.385000000000000000e+03 9.197075152710998225e+01 2.601534143551759382e+00 2.609982581296705489e-02 -4.213076637576993022e+00
2.386000000000000000e+03 9.173299980442061496e+01 2.596372158562965549e+00 2.607298241283550685e-02 -4.170347137253885172e+00
2.387000000000000000e+03 9.149376664841589957e+01 2.591470046413961281e+00 2.604612588682643504e-02 -4.128035159662696074e+00
2.388000000000000000e+03 9.125383523062915003e+01 2.586822083634680247e+00 2.601925665361365034e-02 -4.086154795838623066e+00
2.389000000000000000e+03 9.101250273358481024e+01 2.582430037021293145e+00 2.599237513555823983e-02 -4.044720313459044370e+00
2.390000000000000000e+03 9.076906604628467790e+01 2.578280877632268986e+00 2.596548175688268359e-02 -4.003746159654743231e+00
2.391000000000000000e+03 9.052505029391321045e+01 2.574376493216666617e+00 2.593857694195823502e-02 -3.963261820437605998e+00
2.392000000000000000e+03 9.028049468643970954e+01 2.570718830521860898e+00 2.591166111371368333e-02 -3.923282109942946683e+00
2.393000000000000000e+03 9.003395254135296000e+01 2.567295037582653094e+00 2.588473469218609269e-02 -3.883814601338837935e+00
2.394000000000000000e+03 8.978694831547387878e+01 2.564107176093688434e+00 2.585779809324002462e-02 -3.844874486001554903e+00
2.395000000000000000e+03 8.953877778030094703e+01 2.561149935312408310e+00 2.583085172742824107e-02 -3.806484575906252665e+00
2.396000000000000000e+03 8.929022221645320201e+01 2.558410630995460622e+00 2.580389599902545295e-02 -3.768660449232665410e+00
2.397000000000000000e+03 8.904057709163781453e+01 2.555898917719215735e+00 2.577693130526444165e-02 -3.731410452586840343e+00
2.398000000000000000e+03 8.878988058250345716e+01 2.553602217681372633e+00 2.574995803571793890e-02 -3.694757988188916986e+00
2.399000000000000000e+03 8.853891359010489737e+01 2.551515432989039489e+00 2.572297657189273612e-02 -3.658711802524460932e+00
2.400000000000000000e+03 8.828697124896304160e+01 2.549633516179978354e+00 2.569598728699740847e-02 -3.623295701712730299e+00
2.401000000000000000e+03 8.803408100820894333e+01 2.547952140216863448e+00 2.566899054592166121e-02 -3.588523965924114822e+00
2.402000000000000000e+03 8.778171416788535453e+01 2.546469710742760739e+00 2.564198670534624525e-02 -3.554394443934834502e+00
2.403000000000000000e+03 8.752761735416032707e+01 2.545185351494432702e+00 2.561497611412604652e-02 -3.520925175481146141e+00
2.404000000000000000e+03 8.727399415025291773e+01 2.544098231977703684e+00 2.558795911379568855e-02 -3.488104696846777930e+00
2.405000000000000000e+03 8.701933391885071956e+01 2.543214994617575719e+00 2.556093603920745264e-02 -3.455944040853634824e+00
2.406000000000000000e+03 8.676435448883430013e+01 2.542520040143881221e+00 2.553390721946315403e-02 -3.424439596562966592e+00
2.407000000000000000e+03 8.650903082059973315e+01 2.542020096466918844e+00 2.550687297887760038e-02 -3.393602824041833443e+00
2.408000000000000000e+03 8.625259501045397315e+01 2.541707075688057316e+00 2.547983363812306168e-02 -3.363423113889951299e+00
2.409000000000000000e+03 8.599650763416792643e+01 2.541580357900496523e+00 2.545278951557067293e-02 -3.333904930181281756e+00
2.410000000000000000e+03 8.573925790440469541e+01 2.541646789928030614e+00 2.542574092862963028e-02 -3.305060383215846720e+00
2.411000000000000000e+03 8.548230635277340639e+01 2.541890970651735859e+00 2.539868819534762609e-02 -3.276879517132199826e+00
2.412000000000000000e+03 8.522414215084050682e+01 2.542312391478588118e+00 2.537163163594568713e-02 -3.249367452582821336e+00
2.413000000000000000e+03 8.496622579101097017e+01 2.542918006698468236e+00 2.534457157452572537e-02 -3.222529530868158520e+00
2.414000000000000000e+03 8.470778924162173951e+01 2.543692518780874323e+00 2.531750834081019502e-02 -3.196363886330742421e+00
2.415000000000000000e+03 8.444880728701772910e+01 2.544642947165059343e+00 2.529044227191633992e-02 -3.170876303709206923e+00
2.416000000000000000e+03 8.418999752735891207e+01 2.545761485188797746e+00 2.526337371415658326e-02 -3.146065362000251220e+00
2.417000000000000000e+03 8.393059187330783288e+01 2.547047783811051680e+00 2.523630302481737545e-02 -3.121937291629672817e+00
2.418000000000000000e+03 8.367130788597222590e+01 2.548494093575681241e+00 2.520923057400786121e-02 -3.098498546480614291e+00
2.419000000000000000e+03 8.341137743685150951e+01 2.550107548319440642e+00 2.518215674630945242e-02 -3.075740947478687204e+00
2.420000000000000000e+03 8.315226088333410814e+01 2.551865593720928693e+00 2.515508194257353586e-02 -3.053671396185587916e+00
2.421000000000000000e+03 8.289244722433885215e+01 2.553782841097354428e+00 2.512800658150174393e-02 -3.032282161497004580e+00
2.422000000000000000e+03 8.263265394686516174e+01 2.555844210891169421e+00 2.510093110122673873e-02 -3.011588021398970305e+00
2.423000000000000000e+03 8.237359852296071949e+01 2.558049501405540660e+00 2.507385596071921852e-02 -2.991574264426759111e+00
2.424000000000000000e+03 8.211376990745928595e+01 2.560391102383053674e+00 2.504678164113975300e-02 -2.972248687932828481e+00
2.425000000000000000e+03 8.185462838683463360e+01 2.562876278682095332e+00 2.501970864702936920e-02 -2.953611884407181698e+00
2.426000000000000000e+03 8.159540573865682234e+01 2.565482598797685476e+00 2.499263750733849918e-02 -2.935657241103672543e+00
2.427000000000000000e+03 8.133607657735559826e+01 2.568217360283059136e+00 2.496556877636140620e-02 -2.918385796271889543e+00
2.428000000000000000e+03 8.107735836098265736e+01 2.571073018265713106e+00 2.493850303441126279e-02 -2.901798810242975701e+00
2.429000000000000000e+03 8.081922572908266034e+01 2.574049469114146227e+00 2.491144088837731266e-02 -2.885897764770804841e+00
2.430000000000000000e+03 8.056091051181863349e+01 2.577131764002170033e+00 2.488438297212625799e-02 -2.870669505577646330e+00
2.431000000000000000e+03 8.030313024541379718e+01 2.580319820924812824e+00 2.485732994659458142e-02 -2.856130811607115128e+00
2.432000000000000000e+03 8.004585967870796992e+01 2.583613566612941170e+00 2.483028249983269473e-02 -2.842268967279226288e+00
2.433000000000000000e+03 7.978907362109038104e+01 2.586998078448973892e+00 2.480324134672370201e-02 -2.829086331554889533e+00
2.434000000000000000e+03 7.953348979170904443e+01 2.590473296485654053e+00 2.477620722859526226e-02 -2.816578051754731860e+00
2.435000000000000000e+03 7.927759749481832330e+01 2.594039165365661148e+00 2.474918091254476107e-02 -2.804739490685821846e+00
2.436000000000000000e+03 7.902285748164015899e+01 2.597680776244038814e+00 2.472216319068410578e-02 -2.793573653676322710e+00
2.437000000000000000e+03 7.876850212307657273e+01 2.601390650465539967e+00 2.469515487907421661e-02 -2.783076330467795234e+00
2.438000000000000000e+03 7.851524960387466479e+01 2.605176166545660532e+00 2.466815681653004855e-02 -2.773236093717492690e+00
2.439000000000000000e+03 7.826233260265895808e+01 2.609014988704760896e+00 2.464116986325695993e-02 -2.764056582461786871e+00
2.440000000000000000e+03 7.801046965318397497e+01 2.612914492311276593e+00 2.461419489926952586e-02 -2.755534215389587427e+00
2.441000000000000000e+03 7.775963666135129415e+01 2.616859764077279493e+00 2.458723282271747454e-02 -2.747665617429459139e+00
2.442000000000000000e+03 7.750980976317356408e+01 2.620850742463919136e+00 2.456028454801554781e-02 -2.740440189550146233e+00
2.443000000000000000e+03 7.726022251343569280e+01 2.624872502942062091e+00 2.453335100385399883e-02 -2.733854963527076798e+00
2.444000000000000000e+03 7.701233725011870490e+01 2.628924970063049482e+00 2.450643313108780488e-02 -2.727907171575036482e+00
2.445000000000000000e+03 7.676613094412128646e+01 2.633008059436688253e+00 2.447953188052516896e-02 -2.722594244249183060e+00
2.446000000000000000e+03 7.652009522450545376e+01 2.637099391368356471e+00 2.445264821064820418e-02 -2.717898951565588472e+00
2.447000000000000000e+03 7.627643624919016929e+01 2.641206288008646652e+00 2.442578308520165775e-02 -2.713833970845268784e+00
2.448000000000000000e+03 7.603364638035967005e+01 2.645313773610010077e+00 2.439893747084171532e-02 -2.710375029227843680e+00
2.449000000000000000e+03 7.579170405530331323e+01 2.649414286647472139e+00 2.437211233463080010e-02 -2.707527756414823905e+00
2.450000000000000000e+03 7.555207381194850313e+01 2.653507678550060422e+00 2.434530864159441255e-02 -2.705275683735871350e+00
2.451000000000000000e+03 7.531324004997929933e+01 2.657579923488193163e+00 2.431852735227437584e-02 -2.703618441096068636e+00
2.452000000000000000e+03 7.507662197390716585e+01 2.661628390464179983e+00 2.429176942029923764e-02 -2.702545214199719492e+00
2.453000000000000000e+03 7.484065869917640157e+01 2.665658853799504069e+00 2.426503578994761851e-02 -2.702068710365483462e+00
2.454000000000000000e+03 7.460676121000359728e+01 2.669669639124175653e+00 2.423832739389192650e-02 -2.702186956271934282e+00
2.455000000000000000e+03 7.437411253704276248e+01 2.673651622175579945e+00 2.421164515090141328e-02 -2.702883295140337427e+00
2.456000000000000000e+03 7.414338195442320512e+01 2.677603084312793147e+00 2.418498996372890272e-02 -2.704163525607773622e+00
2.457000000000000000e+03 7.391449649554242285e+01 2.681529711346017031e+00 2.415836271702006058e-02 -2.706018757038953559e+00
2.458000000000000000e+03 7.368664097277809333e+01 2.685422307331166714e+00 2.413176427546947708e-02 -2.708455119933539823e+00
2.459000000000000000e+03 7.345974366599101302e+01 2.689286506832772261e+00 2.410519548201396633e-02 -2.711464049476873583e+00
2.460000000000000000e+03 7.323521917465041042e+01 2.693113060401713721e+00 2.407865715625706962e-02 -2.715037139139631073e+00
2.461000000000000000e+03 7.301225425837155569e+01 2.696907546872316264e+00 2.405215009301660614e-02 -2.719173565876693122e+00
2.462000000000000000e+03 7.279003635614296286e+01 2.700660658875173592e+00 2.402567506105628137e-02 -2.723872658577223937e+00
2.463000000000000000e+03 7.257072493900399479e+01 2.704370486819775099e+00 2.399923280204321538e-02 -2.729119038117961527e+00
2.464000000000000000e+03 7.235202317074755740e+01 2.708042517844922781e+00 2.397282402964160189e-02 -2.734912327473681071e+00
2.465000000000000000e+03 7.213534910248313281e+01 2.711667349737132415e+00 2.394644942887568656e-02 -2.741244863333425208e+00
2.466000000000000000e+03 7.191989300003351104e+01 2.715242974969747980e+00 2.392010965563255015e-02 -2.748109121077155326e+00
2.467000000000000000e+03 7.170633152495065588e+01 2.718767351360489748e+00 2.389380533638491011e-02 -2.755497711363623203e+00
2.468000000000000000e+03 7.149459923362427105e+01 2.722245829449169818e+00 2.386753706819030527e-02 -2.763403376681345058e+00
2.469000000000000000e+03 7.128463141479413423e+01 2.725661438144280524e+00 2.384130541878785522e-02 -2.771818987864585804e+00
2.470000000000000000e+03 7.107562125533949882e+01 2.729026882242536090e+00 2.381511092696212903e-02 -2.780737540576049049e+00
2.471000000000000000e+03 7.086899117955721294e+01 2.732325114715148384e+00 2.378895410311985051e-02 -2.790144723407754324e+00
2.472000000000000000e+03 7.066393583660088495e+01 2.735561334268657330e+00 2.376283542998982104e-02 -2.800033771002713667e+00
2.473000000000000000e+03 7.046039343664175192e+01 2.738733271073869435e+00 2.373675536356766036e-02 -2.810398032097481291e+00
2.474000000000000000e+03 7.025830291044579212e+01 2.741831185916975500e+00 2.371071433418197455e-02 -2.821223537537894899e+00
2.475000000000000000e+03 7.005834673762471709e+01 2.744860154422652077e+00 2.368471274778619420e-02 -2.832511281670573755e+00
2.476000000000000000e+03 6.985972243350066435e+01 2.747817781197195330e+00 2.365875098731970091e-02 -2.844240076908384651e+00
2.477000000000000000e+03 6.966311387996053384e+01 2.750694199043925980e+00 2.363282941428684891e-02 -2.856396263425853732e+00
2.478000000000000000e+03 6.946846281005714729e+01 2.753486924900936383e+00 2.360694837035542948e-02 -2.868973705432327659e+00
2.479000000000000000e+03 6.927571163174827973e+01 2.756200859100098821e+00 2.358110817915304303e-02 -2.881951502374633378e+00
2.480000000000000000e+03 6.908406058074371003e+01 2.758825999597358969e+00 2.355530914808328172e-02 -2.895331126923214704e+00
2.481000000000000000e+03 6.889493904776296063e+01 2.761367154676826363e+00 2.352955157023956315e-02 -2.909076994387707948e+00
2.482000000000000000e+03 6.870754855495759728e+01 2.763814228875018930e+00 2.350383572636468438e-02 -2.923198170771195148e+00
2.483000000000000000e+03 6.852183408213224425e+01 2.766171935729361486e+00 2.347816188683295169e-02 -2.937674085454367034e+00
2.484000000000000000e+03 6.833774121752324504e+01 2.768430083746964421e+00 2.345253031367361060e-02 -2.952484240769449375e+00
2.485000000000000000e+03 6.815595897844561080e+01 2.770585860847609272e+00 2.342694126250256109e-02 -2.967623064861048654e+00
2.486000000000000000e+03 6.797643412681728137e+01 2.772643833778297928e+00 2.340139498454472250e-02 -2.983070194434082278e+00
2.487000000000000000e+03 6.779837115481851129e+01 2.774586234149361896e+00 2.337589172853209163e-02 -2.998812755943216946e+00
2.488000000000000000e+03 6.762246077584059378e+01 2.776424956345823869e+00 2.335043174256368551e-02 -3.014845361722343409e+00
2.489000000000000000e+03 6.744790857059949474e+01 2.778149558557811538e+00 2.332501527588618645e-02 -3.031140392705021114e+00
2.490000000000000000e+03 6.727540631390930059e+01 2.779749547336098470e+00 2.329964258055653228e-02 -3.047685136290376740e+00
2.491000000000000000e+03 6.710564629187905439e+01 2.781236662170216700e+00 2.327431391303428493e-02 -3.064466925751351045e+00
2.492000000000000000e+03 6.693709278476487157e+01 2.782600304937009827e+00 2.324902953561219093e-02 -3.081465707988812586e+00
2.493000000000000000e+03 6.677043906582504462e+01 2.783837252874354018e+00 2.322378971770634737e-02 -3.098668896332858580e+00
2.494000000000000000e+03 6.660600746830533581e+01 2.784951658176564315e+00 2.319859473699961358e-02 -3.116049081590858805e+00
2.495000000000000000e+03 6.644345224194879052e+01 2.785925334211452498e+00 2.317344488047564863e-02 -3.133593741546210953e+00
2.496000000000000000e+03 6.628294808057097498e+01 2.786769753612992506e+00 2.314834044514295364e-02 -3.151290380355903142e+00
2.497000000000000000e+03 6.612437299614202857e+01 2.787474049493082529e+00 2.312328173871303072e-02 -3.169111667949770617e+00
2.498000000000000000e+03 6.596782829703323614e+01 2.788042156879089628e+00 2.309826908005090454e-02 -3.187045149534255106e+00
2.499000000000000000e+03 6.581319288188618088e+01 2.788455670671702080e+00 2.307330279937869211e-02 -3.205070956648574665e+00
2.500000000000000000e+03 6.566056893668815064e+01 2.788725843828450124e+00 2.304838323836980868e-02 -3.223169231627805331e+00
2.501000000000000000e+03 6.550991004228644954e+01 2.788842014253498647e+00 2.302351074999728700e-02 -3.241322969034031498e+00
2.502000000000000000e+03 6.536124260666615271e+01 2.788802594736877083e+00 2.299868569818046618e-02 -3.259526547718297529e+00
2.503000000000000000e+03 6.521451871420688917e+01 2.788606367643434947e+00 2.297390845727808120e-02 -3.277784619376382214e+00
2.504000000000000000e+03 6.506976516565052293e+01 2.788259487498996325e+00 2.294917941136697184e-02 -3.296086974337571363e+00
2.505000000000000000e+03 6.492700919644488522e+01 2.787760624135500187e+00 2.292449895333278226e-02 -3.314423394429146352e+00
2.506000000000000000e+03 6.478612991263685217e+01 2.787100962559342143e+00 2.289986748382267720e-02 -3.332805934206229725e+00
2.507000000000000000e+03 6.464730399577680942e+01 2.786286487893254726e+00 2.287528541000130589e-02 -3.351209490345516517e+00
2.508000000000000000e+03 6.451041143970705605e+01 2.785323128589674013e+00 2.285075314413718278e-02 -3.369646081361973966e+00
2.509000000000000000e+03 6.437540697371977672e+01 2.784201899666743252e+00 2.282627110213023697e-02 -3.388105417041109568e+00
2.510000000000000000e+03 6.424239435245092977e+01 2.782921187718385703e+00 2.280183970178322958e-02 -3.406577179745967410e+00
2.511000000000000000e+03 6.411132922890894292e+01 2.781494179246412735e+00 2.277745936109647207e-02 -3.425065877397556857e+00
2.512000000000000000e+03 6.398224201256142862e+01 2.779904290563646185e+00 2.275313049634232476e-02 -3.443553698028966714e+00
2.513000000000000000e+03 6.385494074333183079e+01 2.778157166272791301e+00 2.272885352016058499e-02 -3.462045076219609552e+00
2.514000000000000000e+03 6.372960536793625153e+01 2.776258394265461060e+00 2.270462883951173197e-02 -3.480529547705784488e+00
2.515000000000000000e+03 6.360619348036713205e+01 2.774206077444171026e+00 2.268045685363337741e-02 -3.498996602473986250e+00
2.516000000000000000e+03 6.348458889746424916e+01 2.771990833817090660e+00 2.265633795192808705e-02 -3.517443109536716239e+00
2.517000000000000000e+03 6.336482451792235082e+01 2.769618081665910836e+00 2.263227251189027858e-02 -3.535865885042358769e+00
2.518000000000000000e+03 6.324685948009008030e+01 2.767093182984855737e+00 2.260826089698644153e-02 -3.554254260421513933e+00
2.519000000000000000e+03 6.313072773695972018e+01 2.764414015292177673e+00 2.258430345459844571e-02 -3.572597507271960460e+00
2.520000000000000000e+03 6.301638949669843726e+01 2.761570971814065079e+00 2.256040051403433028e-02 -3.590892262283579939e+00
2.521000000000000000e+03 6.290380551311509549e+01 2.758576675091733765e+00 2.253655238451052201e-02 -3.609127667154182983e+00
2.522000000000000000e+03 6.279301137543455269e+01 2.755428835458121561e+00 2.251275935334324727e-02 -3.627300221949755432e+00
2.523000000000000000e+03 6.268389466325463388e+01 2.752132536338598889e+00 2.248902168411088393e-02 -3.645391496758451755e+00
2.524000000000000000e+03 6.257649208510324712e+01 2.748677949471840520e+00 2.246533961501288520e-02 -3.663397841842960467e+00
2.525000000000000000e+03 6.247084091496090252e+01 2.745070048604099533e+00 2.244171335732988992e-02 -3.681308099389440702e+00
2.526000000000000000e+03 6.236683042766856033e+01 2.741306324753201906e+00 2.241814309403061811e-02 -3.699111028707030346e+00
2.527000000000000000e+03 6.226442475064698101e+01 2.737399071595393085e+00 2.239462897851152157e-02 -3.716802731478691779e+00
2.528000000000000000e+03 6.216373714733321520e+01 2.733338244071297662e+00 2.237117113353024114e-02 -3.734371792013747360e+00
2.529000000000000000e+03 6.206458431475513038e+01 2.729128600515421166e+00 2.234776965027305065e-02 -3.751799274254941530e+00
2.530000000000000000e+03 6.196700636523707573e+01 2.724774846354603319e+00 2.232442458766811105e-02 -3.769088432241636255e+00
2.531000000000000000e+03 6.187096968813288100e+01 2.720274206177397236e+00 2.230113597182216759e-02 -3.786220137126752761e+00
2.532000000000000000e+03 6.177644122759138412e+01 2.715623852524296389e+00 2.227790379566278733e-02 -3.803182587753887844e+00
2.533000000000000000e+03 6.168338847531925495e+01 2.710828334698053066e+00 2.225472801883988938e-02 -3.819971307891850465e+00
2.534000000000000000e+03 6.159185374533581836e+01 2.705892150893498105e+00 2.223160856773712113e-02 -3.836566858477932218e+00
2.535000000000000000e+03 6.150165702970789994e+01 2.700804891996718027e+00 2.220854533573239642e-02 -3.852971976723583047e+00
2.536000000000000000e+03 6.141284168781744768e+01 2.695578383855417925e+00 2.218553818361766045e-02 -3.869159575078314539e+00
2.537000000000000000e+03 6.132545158264075269e+01 2.690209546065839952e+00 2.216258694028393206e-02 -3.885132165509311175e+00
2.538000000000000000e+03 6.123930821560105642e+01 2.684695249230366620e+00 2.213969140349496267e-02 -3.900869858589910866e+00
2.539000000000000000e+03 6.115445641156706813e+01 2.679047172233592455e+00 2.211685134091871674e-02 -3.916367502854269489e+00
2.540000000000000000e+03 6.107086716751128108e+01 2.673254661084926376e+00 2.209406649128668396e-02 -3.931604969063546395e+00
2.541000000000000000e+03 6.098851191743725764e+01 2.667336727982098754e+00 2.207133656572038069e-02 -3.946576861338292552e+00
2.542000000000000000e+03 6.090728822914036300e+01 2.661275196788241981e+00 2.204866124923001575e-02 -3.961270229903648410e+00
2.543000000000000000e+03 6.082731691741009428e+01 2.655096415531225329e+00 2.202604020233286594e-02 -3.975671997300471272e+00
2.544000000000000000e+03 6.074842203773351201e+01 2.648782116864183411e+00 2.200347306276475082e-02 -3.989768956311344539e+00
2.545000000000000000e+03 6.067057656466667481e+01 2.642351130598219466e+00 2.198095944738891541e-02 -4.003547767952025715e+00
2.546000000000000000e+03 6.059382808493727879e+01 2.635792529246426597e+00 2.195849895407861463e-02 -4.016994959528309650e+00
2.547000000000000000e+03 6.051807592291065419e+01 2.629117627187562256e+00 2.193609116379120413e-02 -4.030104351108923844e+00
2.548000000000000000e+03 6.044321968305980164e+01 2.622322839642230008e+00 2.191373564261125603e-02 -4.042862197013190162e+00
2.549000000000000000e+03 6.036930779205503939e+01 2.615411968466005543e+00 2.189143194390509237e-02 -4.055247184065067678e+00
2.550000000000000000e+03 6.029624033958750573e+01 2.608388774556235745e+00 2.186917961043670366e-02 -4.067252714963462523e+00
2.551000000000000000e+03 6.022399880027022334e+01 2.601249171948879280e+00 2.184697817654986801e-02 -4.078873921184745122e+00
2.552000000000000000e+03 6.015259241490047515e+01 2.593994950331744764e+00 2.182482717029134503e-02 -4.090090990035992746e+00
2.553000000000000000e+03 6.008196319178590272e+01 2.586627482464896488e+00 2.180272611554483903e-02 -4.100922976320115154e+00
2.554000000000000000e+03 6.001212755220822714e+01 2.579148103316119212e+00 2.178067453407249096e-02 -4.111351646197394238e+00
2.555000000000000000e+03 5.994310202245624453e+01 2.571550682534466947e+00 2.175867194755523246e-02 -4.121380902634378174e+00
2.556000000000000000e+03 5.987475464287368965e+01 2.563851338687223702e+00 2.173671787949335577e-02 -4.131014499065106094e+00
2.557000000000000000e+03 5.980732492906416553e+01 2.556036441655692215e+00 2.171481185705803965e-02 -4.140248609817853698e+00
2.558000000000000000e+03 5.974053244729299195e+01 2.548114611945727415e+00 2.169295341280523537e-02 -4.149071828956872210e+00
2.559000000000000000e+03 5.967454247829899572e+01 2.540087008156268311e+00 2.167114208626483643e-02 -4.157502310940083490e+00
2.560000000000000000e+03 5.960937172849702392e+01 2.531947327859135566e+00 2.164937742544239749e-02 -4.165520914437915501e+00
2.561000000000000000e+03 5.954481402672760026e+01 2.523704093539508975e+00 2.162765898810442219e-02 -4.173130628170637735e+00
2.562000000000000000e+03 5.948103457363628621e+01 2.515350940093985521e+00 2.160598634298115453e-02 -4.180341713307682561e+00
2.563000000000000000e+03 5.941790137268537109e+01 2.506896329139685964e+00 2.158435907071840770e-02 -4.187134560880324763e+00
2.564000000000000000e+03 5.935543091493456558e+01 2.498333836529732288e+00 2.156277676478639965e-02 -4.193519117811894681e+00
2.565000000000000000e+03 5.929356531357738191e+01 2.489664438328659024e+00 2.154123903207425320e-02 -4.199490316108409615e+00
2.566000000000000000e+03 5.923232085730302288e+01 2.480896511744574706e+00 2.151974549340797752e-02 -4.205042928915365685e+00
2.567000000000000000e+03 5.917171371448698380e+01 2.472023551017776821e+00 2.149829578380805725e-02 -4.210178998288199637e+00
2.568000000000000000e+03 5.911168563873074078e+01 2.463061310117968361e+00 2.147688955266065236e-02 -4.214900406326343330e+00
2.569000000000000000e+03 5.905225252625746180e+01 2.453995805244776562e+00 2.145552646363544508e-02 -4.219208874721500635e+00
2.570000000000000000e+03 5.899328155713354960e+01 2.444842742587786333e+00 2.143420619443769937e-02 -4.223098536019629812e+00
2.571000000000000000e+03 5.893493688932821328e+01 2.435602949188385491e+00 2.141292843640263746e-02 -4.226570789997855293e+00
2.572000000000000000e+03 5.887701110151776618e+01 2.426269802258242514e+00 2.139169289392488238e-02 -4.229626875054706581e+00
2.573000000000000000e+03 5.881959374017313991e+01 2.416858943552971706e+00 2.137049928370899146e-02 -4.232260439664545792e+00
2.574000000000000000e+03 5.876269989879633471e+01 2.407371138597500071e+00 2.134934733391590997e-02 -4.234479827297268351e+00
2.575000000000000000e+03 5.870612164878447459e+01 2.397799706016516819e+00 2.132823678310552529e-02 -4.236278362950616660e+00
2.576000000000000000e+03 5.865002230636594049e+01 2.388160231918735388e+00 2.130716737910017325e-02 -4.237656638198616044e+00
2.577000000000000000e+03 5.859419359745745481e+01 2.378438572431055498e+00 2.128613887772631483e-02 -4.238615082903602449e+00
2.578000000000000000e+03 5.853872420994627390e+01 2.368650281488746678e+00 2.126515104139574397e-02 -4.239146536992740799e+00
2.579000000000000000e+03 5.848355409421636608e+01 2.358796041723819403e+00 2.124420363770379919e-02 -4.239258535700319186e+00
2.580000000000000000e+03 5.842862303237599519e+01 2.348876522156816193e+00 2.122329643786753997e-02 -4.238951024773151666e+00
2.581000000000000000e+03 5.837387064105491419e+01 2.338892379189009052e+00 2.120242921512687298e-02 -4.238216360791556170e+00
2.582000000000000000e+03 5.831931065816953463e+01 2.328851685945324768e+00 2.118160174311405769e-02 -4.237061596605864011e+00
2.583000000000000000e+03 5.826495666303598853e+01 2.318755076566576534e+00 2.116081379420634012e-02 -4.235478768385936732e+00
2.584000000000000000e+03 5.821067351321909200e+01 2.308610603902332414e+00 2.114006513787551611e-02 -4.233482037887762672e+00
2.585000000000000000e+03 5.815647448251991136e+01 2.298411455451839114e+00 2.111935553897406961e-02 -4.231063122931880471e+00
2.586000000000000000e+03 5.810229841445465127e+01 2.288173096105645232e+00 2.109868475615053404e-02 -4.228228439799291749e+00
2.587000000000000000e+03 5.804808400963928960e+01 2.277896127383208569e+00 2.107805254022540598e-02 -4.224961962189184739e+00
2.588000000000000000e+03 5.799391839646140312e+01 2.267573716769964776e+00 2.105745863265254952e-02 -4.221284648794301653e+00
2.589000000000000000e+03 5.793966571691154854e+01 2.257221312102713373e+00 2.103690276407899420e-02 -4.217187588986070601e+00
2.590000000000000000e+03 5.788518998000883187e+01 2.246839500800016598e+00 2.101638465290766450e-02 -4.212676573817228487e+00
2.591000000000000000e+03 5.783065219820500147e+01 2.236436295891307324e+00 2.099590400404731383e-02 -4.207742383585395096e+00
2.592000000000000000e+03 5.777584183764037817e+01 2.226004851940948548e+00 2.097546050772338549e-02 -4.202397930611921240e+00
2.593000000000000000e+03 5.772077108724180050e+01 2.215545751069786906e+00 2.095505383842732883e-02 -4.196633690230661351e+00
2.594000000000000000e+03 5.766545200851520292e+01 2.205081860622088108e+00 2.093468365399652267e-02 -4.190454843691423292e+00
2.595000000000000000e+03 5.760974796799432340e+01 2.194598907325249204e+00 2.091434959481046699e-02 -4.183866422673371055e+00
2.596000000000000000e+03 5.755367076979757712e+01 2.184112333398572137e+00 2.089405128319677882e-02 -4.176865882209433778e+00
2.597000000000000000e+03 5.749715780271061760e+01 2.173622727402843680e+00 2.087378832294576464e-02 -4.169465387071913831e+00
2.598000000000000000e+03 5.744014632028102341e+01 2.163138110236322742e+00 2.085356029896805186e-02 -4.161662099765780276e+00
2.599000000000000000e+03 5.738264771988497870e+01 2.152659079373236750e+00 2.083336677713506016e-02 -4.153460467032345171e+00
2.600000000000000000e+03 5.732459897023779405e+01 2.142193666496632787e+00 2.081320730436217806e-02 -4.144857364659358723e+00
2.601000000000000000e+03 5.726601803017270953e+01 2.131741779644458212e+00 2.079308140871686389e-02 -4.135863915501380994e+00
2.602000000000000000e+03 5.720672728197887835e+01 2.121315382941562966e+00 2.077298859979894233e-02 -4.126474371908559036e+00
2.603000000000000000e+03 5.714692721583053014e+01 2.110910890346264335e+00 2.075292836925054021e-02 -4.116697236598827025e+00
2.604000000000000000e+03 5.708644672677897347e+01 2.100517296982306714e+00 2.073290019138963186e-02 -4.106533447936224768e+00
2.605000000000000000e+03 5.702541165561726899e+01 2.090145893434240509e+00 2.071290352407486116e-02 -4.095968953364480747e+00
2.606000000000000000e+03 5.696365050925306406e+01 2.079793124882057143e+00 2.069293780963594315e-02 -4.085026709693657665e+00
2.607000000000000000e+03 5.690128871622447804e+01 2.069462877028861225e+00 2.067300247600873178e-02 -4.073684973132237097e+00
2.608000000000000000e+03 5.683830291234345111e+01 2.059159048618400600e+00 2.065309693793911799e-02 -4.061959013073331626e+00
2.609000000000000000e+03 5.677466949359156700e+01 2.048870695592785562e+00 2.063322059836697128e-02 -4.049841687273192825e+00
2.610000000000000000e+03 5.671036460131842460e+01 2.038601745341969362e+00 2.061337284986030846e-02 -4.037348013979293881e+00
2.611000000000000000e+03 5.664543839033493100e+01 2.028363569191856008e+00 2.059355307618845540e-02 -4.024470603899610310e+00
2.612000000000000000e+03 5.657979216247803578e+01 2.018145269831308930e+00 2.057376065395818965e-02 -4.011216804067741393e+00
2.613000000000000000e+03 5.651347548426980438e+01 2.007950823880789049e+00 2.055399495431294021e-02 -3.997593843297716720e+00
2.614000000000000000e+03 5.644646331973569886e+01 1.997791654348574975e+00 2.053425534469610278e-02 -3.983593977678884013e+00
2.615000000000000000e+03 5.637880458051552068e+01 1.987656918025062058e+00 2.051454119067236750e-02 -3.969224206210735684e+00
2.616000000000000000e+03 5.631047354185069054e+01 1.977550648017948332e+00 2.049485185771528564e-02 -3.954498844723531636e+00
2.617000000000000000e+03 5.624136982557094910e+01 1.967476897823944748e+00 2.047518671308715121e-02 -3.939409814783749741e+00
2.618000000000000000e+03 5.617161551719433987e+01 1.957439742089170265e+00 2.045554512762446514e-02 -3.923971216135857532e+00
2.619000000000000000e+03 5.610110944821418144e+01 1.947428420656824199e+00 2.043592647760244033e-02 -3.908182187324075851e+00
2.620000000000000000e+03 5.602997288073576954e+01 1.937461909404625926e+00 2.041633014645030664e-02 -3.892049193146962516e+00
2.621000000000000000e+03 5.595802950700591794e+01 1.927536922516328799e+00 2.039675552652961063e-02 -3.875578598740678782e+00
2.622000000000000000e+03 5.588539970200831419e+01 1.917642769892801580e+00 2.037720202074611714e-02 -3.858776672040513223e+00
2.623000000000000000e+03 5.581198052414838884e+01 1.907798499600791731e+00 2.035766904418558759e-02 -3.841649586269060723e+00
2.624000000000000000e+03 5.573789140219233218e+01 1.897993471755339501e+00 2.033815602557429228e-02 -3.824195994099499174e+00
2.625000000000000000e+03 5.566295413748370891e+01 1.888231929292262690e+00 2.031866240870516122e-02 -3.806436743593851535e+00
2.626000000000000000e+03 5.558728715959092881e+01 1.878525570275397572e+00 2.029918765369846320e-02 -3.788355453960909003e+00
2.627000000000000000e+03 5.551085981388852275e+01 1.868856406789060953e+00 2.027973123818331905e-02 -3.769972801639728033e+00
2.628000000000000000e+03 5.543356663469317169e+01 1.859243620720111068e+00 2.026029265835541798e-02 -3.751294524448914647e+00
2.629000000000000000e+03 5.535552447000495135e+01 1.849684137571749210e+00 2.024087142984072260e-02 -3.732326280906709037e+00
2.630000000000000000e+03 5.527655248887039363e+01 1.840174912115758454e+00 2.022146708849301144e-02 -3.713066224517937997e+00
2.631000000000000000e+03 5.519684072597789282e+01 1.830720357329921111e+00 2.020207919098956570e-02 -3.693534719828335700e+00
2.632000000000000000e+03 5.511628152443420703e+01 1.821332344970614248e+00 2.018270731530973083e-02 -3.673744631692187124e+00
2.633000000000000000e+03 5.503491523232863614e+01 1.812000492729751722e+00 2.016335106103294902e-02 -3.653701327954880451e+00
2.634000000000000000e+03 5.495263306553736271e+01 1.802736734879356817e+00 2.014401004953185817e-02 -3.633410110498825674e+00
2.635000000000000000e+03 5.486962280682242010e+01 1.793545609398752294e+00 2.012468392394278077e-02 -3.612883646301193963e+00
2.636000000000000000e+03 5.478570025365896612e+01 1.784424258487564696e+00 2.010537234907840143e-02 -3.592134541802281422e+00
2.637000000000000000e+03 5.470097777035841347e+01 1.775377285764104363e+00 2.008607501110386620e-02 -3.571175345634009179e+00
2.638000000000000000e+03 5.461534430537968632e+01 1.766401900047326778e+00 2.006679161715112236e-02 -3.550003694657072106e+00
2.639000000000000000e+03 5.452891109536832204e+01 1.757510200874660367e+00 2.004752189471740997e-02 -3.528639458457889955e+00
2.640000000000000000e+03 5.444149168481735757e+01 1.748692037202171479e+00 2.002826559102630424e-02 -3.507087600350544676e+00
2.641000000000000000e+03 5.435327048287329887e+01 1.739959577941895263e+00 2.000902247216928762e-02 -3.485353036836656315e+00
2.642000000000000000e+03 5.426405993464216237e+01 1.731310170630493861e+00 1.998979232225185990e-02 -3.463448068720797135e+00
2.643000000000000000e+03 5.417396908002694289e+01 1.722741198533896290e+00 1.997057494231781888e-02 -3.441384955530000234e+00
2.644000000000000000e+03 5.408288357743753494e+01 1.714264937735845207e+00 1.995137014927319055e-02 -3.419175918287642446e+00
2.645000000000000000e+03 5.399083713036687016e+01 1.705878844108902337e+00 1.993217777466609053e-02 -3.396825713940023306e+00
2.646000000000000000e+03 5.389786293020365804e+01 1.697580410370668424e+00 1.991299766349993033e-02 -3.374353923186526050e+00
2.647000000000000000e+03 5.380399366671795036e+01 1.689382023123860099e+00 1.989382967284740109e-02 -3.351765239859340717e+00
2.648000000000000000e+03 5.370903868861743291e+01 1.681281249778379783e+00 1.987467367055868392e-02 -3.329079187106127158e+00
2.649000000000000000e+03 5.361317828311637612e+01 1.673283123908793302e+00 1.985552953383014699e-02 -3.306300406770514400e+00
2.650000000000000000e+03 5.351629513635316471e+01 1.665385288843904021e+00 1.983639714787390276e-02 -3.283448375573821298e+00
2.651000000000000000e+03 5.341849535368066881e+01 1.657592478787238255e+00 1.981727640447575323e-02 -3.260525760762095437e+00
2.652000000000000000e+03 5.331959155819662755e+01 1.649907963162851487e+00 1.979816720063215865e-02 -3.237542335090985990e+00
2.653000000000000000e+03 5.321969410068840745e+01 1.642327246065944824e+00 1.977906943718374388e-02 -3.214491067390472523e+00
2.654000000000000000e+03 5.311876434762879029e+01 1.634845870689957792e+00 1.975998301752019196e-02 -3.191372344115413817e+00
2.655000000000000000e+03 5.301683754415020644e+01 1.627474276233525030e+00 1.974090784625365247e-02 -3.168201400459433881e+00
2.656000000000000000e+03 5.291387425933658051e+01 1.620208084688915307e+00 1.972184382804967329e-02 -3.144956324660896474e+00
2.657000000000000000e+03 5.280983468176758322e+01 1.613042957715054460e+00 1.970279086646676767e-02 -3.121659772606261374e+00
2.658000000000000000e+03 5.270475291472750712e+01 1.605989453493514407e+00 1.968374886289147793e-02 -3.098297258720004166e+00
2.659000000000000000e+03 5.259866270399868426e+01 1.599035885115686506e+00 1.966471771558452736e-02 -3.074891442200796909e+00
2.660000000000000000e+03 5.249152316517471917e+01 1.592192890805654404e+00 1.964569731878095318e-02 -3.051427846242692699e+00
2.661000000000000000e+03 5.238344164444055906e+01 1.585456292273185852e+00 1.962668756192684216e-02 -3.027929144250257387e+00
2.662000000000000000e+03 5.227430231073278577e+01 1.578821951501335974e+00 1.960768832903838493e-02 -3.004380879036585128e+00
2.663000000000000000e+03 5.216421186577856162e+01 1.572300627516953986e+00 1.958869949813740741e-02 -2.980805749013009986e+00
2.664000000000000000e+03 5.205320241841894102e+01 1.565880834692261470e+00 1.956972094085512523e-02 -2.957196755709760705e+00
2.665000000000000000e+03 5.194115720871512565e+01 1.559573412882099275e+00 1.955075252210532188e-02 -2.933569204885029258e+00
2.666000000000000000e+03 5.182810774881698279e+01 1.553374385691282944e+00 1.953179409991338822e-02 -2.909908710713865254e+00
2.667000000000000000e+03 5.171415954555091332e+01 1.547279817176592909e+00 1.951284552539294878e-02 -2.886238053563135786e+00
2.668000000000000000e+03 5.159926925522532315e+01 1.541293240181525137e+00 1.949390664277539723e-02 -2.862550327442825004e+00
2.669000000000000000e+03 5.148339325516972309e+01 1.535418227953432968e+00 1.947497728965655317e-02 -2.838860941041040586e+00
2.670000000000000000e+03 5.136656193099928913e+01 1.529643537393563069e+00 1.945605729725352964e-02 -2.815155621833828725e+00
2.671000000000000000e+03 5.124880539611724828e+01 1.523980250741823417e+00 1.943714649089540308e-02 -2.791457273776198900e+00
2.672000000000000000e+03 5.113015349398463627e+01 1.518424633742322172e+00 1.941824469051544461e-02 -2.767759124664452397e+00
2.673000000000000000e+03 5.101056151618285384e+01 1.512972992243852843e+00 1.939935171131217453e-02 -2.744076727077211508e+00
2.674000000000000000e+03 5.089005877031503644e+01 1.507629100433505176e+00 1.938046736447432417e-02 -2.720418247436966919e+00
2.675000000000000000e+03 5.076867429677527355e+01 1.502389344002935001e+00 1.936159145803536402e-02 -2.696777040094599176e+00
2.676000000000000000e+03 5.064643686844485870e+01 1.497250148349012822e+00 1.934272379775248130e-02 -2.673168791486143725e+00
2.677000000000000000e+03 5.052330070636570980e+01 1.492230263458632633e+00 1.932386418808389877e-02 -2.649601809107097861e+00
2.678000000000000000e+03 5.039936832896326280e+01 1.487303908574340916e+00 1.930501243324015195e-02 -2.626077023856007830e+00
2.679000000000000000e+03 5.027466769985865369e+01 1.482489912199224102e+00 1.928616833826643853e-02 -2.602610277396290250e+00
2.680000000000000000e+03 5.014907794235790561e+01 1.477784856730674390e+00 1.926733171016714596e-02 -2.579202611032150205e+00
2.681000000000000000e+03 5.002277503820192095e+01 1.473177934931216626e+00 1.924850235906767210e-02 -2.555855124651184695e+00
2.682000000000000000e+03 4.989563755709816206e+01 1.468680663084357185e+00 1.922968009936807526e-02 -2.532583835630835889e+00
2.683000000000000000e+03 4.976769235517913614e+01 1.464282310632578854e+00 1.921086475094258700e-02 -2.509397395956388443e+00
2.684000000000000000e+03 4.963904028891112574e+01 1.459987041653005857e+00 1.919205614031084528e-02 -2.486297094351647807e+00
2.685000000000000000e+03 4.950963336204176812e+01 1.455799057866427493e+00 1.917325410178273917e-02 -2.463284286720697214e+00
2.686000000000000000e+03 4.937949757368230763e+01 1.451715169981891096e+00 1.915445847860189690e-02 -2.440382683250118756e+00
2.687000000000000000e+03 4.924873291607565307e+01 1.447732225727373034e+00 1.913566912402008338e-02 -2.417593780318138208e+00
2.688000000000000000e+03 4.911721623862140262e+01 1.443847109515973060e+00 1.911688590237094545e-02 -2.394926575864490204e+00
2.689000000000000000e+03 4.898512123076378799e+01 1.440064170448442260e+00 1.909810869005143866e-02 -2.372382714616426469e+00
2.690000000000000000e+03 4.885239843624777478e+01 1.436387793601543006e+00 1.907933737643193600e-02 -2.349986203372972149e+00
2.691000000000000000e+03 4.871914666987058951e+01 1.432807542952695856e+00 1.906057186472557424e-02 -2.327738842742951064e+00
2.692000000000000000e+03 4.858531588323468497e+01 1.429327874393043318e+00 1.904181207273073634e-02 -2.305649942341134295e+00
2.693000000000000000e+03 4.845093001559621371e+01 1.425945850275815996e+00 1.902305793356592195e-02 -2.283728894188243874e+00
2.694000000000000000e+03 4.831608699483181368e+01 1.422665995703483066e+00 1.900430939619819973e-02 -2.261985174415785060e+00
2.695000000000000000e+03 4.818073588856671563e+01 1.419478013051253207e+00 1.898556642599759023e-02 -2.240428344925224025e+00
2.696000000000000000e+03 4.804489975702345106e+01 1.416386494930458095e+00 1.896682900506322170e-02 -2.219060626650644519e+00
2.697000000000000000e+03 4.790867565609833889e+01 1.413396067038609205e+00 1.894809713259366230e-02 -2.197891757825906289e+00
2.698000000000000000e+03 4.777201179069053438e+01 1.410496530998230913e+00 1.892937082498198989e-02 -2.176938995504483110e+00
2.699000000000000000e+03 4.763500465332465694e+01 1.407685148935734931e+00 1.891065011594392220e-02 -2.156204831981789027e+00
2.700000000000000000e+03 4.749752761203833273e+01 1.404966642998850546e+00 1.889193505646284341e-02 -2.135699281272010364e+00
2.701000000000000000e+03 4.735982073800981595e+01 1.402338529836799186e+00 1.887322571468104046e-02 -2.115430969684114260e+00
2.702000000000000000e+03 4.722166035426002395e+01 1.399799123468631779e+00 1.885452217563271873e-02 -2.095402689795305307e+00
2.703000000000000000e+03 4.708326378518567168e+01 1.397354388099189437e+00 1.883582454089429564e-02 -2.075615849094138987e+00
2.704000000000000000e+03 4.694447669313035476e+01 1.394995460872002990e+00 1.881713292819197150e-02 -2.056064525320641323e+00
2.705000000000000000e+03 4.680536735565875972e+01 1.392728364738568647e+00 1.879844747081205192e-02 -2.036765181057840213e+00
2.706000000000000000e+03 4.666585525800763179e+01 1.390544294516600221e+00 1.877976831704316826e-02 -2.017697238073412169e+00
2.707000000000000000e+03 4.652608252123665267e+01 1.388456758092020848e+00 1.876109562944990733e-02 -1.998877361918909301e+00
2.708000000000000000e+03 4.638596821248721369e+01 1.386457005759850203e+00 1.874242958411135793e-02 -1.980307464528174410e+00
2.709000000000000000e+03 4.624557977435860323e+01 1.384536314709364113e+00 1.872377036978208412e-02 -1.961974705220838278e+00
2.710000000000000000e+03 4.610483590330322556e+01 1.382708273501518814e+00 1.870511818700843626e-02 -1.943896061761016369e+00
2.711000000000000000e+03 4.596380369652955977e+01 1.380971639736970014e+00 1.868647324719432262e-02 -1.926058904466377619e+00
2.712000000000000000e+03 4.582255009832131520e+01 1.379310339468230451e+00 1.866783577160582505e-02 -1.908480423875165588e+00
2.713000000000000000e+03 4.568091906322601403e+01 1.377738036706452451e+00 1.864920599036539936e-02 -1.891148204763451357e+00
2.714000000000000000e+03 4.553912583808054393e+01 1.376253562718648293e+00 1.863058414142883257e-02 -1.874064797020323470e+00
2.715000000000000000e+03 4.539701414123798173e+01 1.374855772120640029e+00 1.861197046951548403e-02 -1.857240288025904018e+00
2.716000000000000000e+03 4.525465044502043099e+01 1.373528685562934726e+00 1.859336522508357042e-02 -1.840670018283628862e+00
2.717000000000000000e+03 4.511202685625757169e+01 1.372293487563158276e+00 1.857476866324477005e-02 -1.824349438758790631e+00
2.718000000000000000e+03 4.496913541438792805e+01 1.371134242378639012e+00 1.855618104278109262e-02 -1.808281539821867678e+00
2.719000000000000000e+03 4.482604238954513676e+01 1.370049891828081901e+00 1.853760262509237741e-02 -1.792476851796964477e+00
2.720000000000000000e+03 4.468266544655595851e+01 1.369046826306175912e+00 1.851903367324591460e-02 -1.776923732064541905e+00
2.721000000000000000e+03 4.453907079331458618e+01 1.368116599092987995e+00 1.850047445100962487e-02 -1.761632935622209795e+00
2.722000000000000000e+03 4.439532462794172574e+01 1.367265639110557096e+00 1.848192522197541349e-02 -1.746600473748370685e+00
2.723000000000000000e+03 4.425141886918793688e+01 1.366485536873221163e+00 1.846338624870689366e-02 -1.731829899423475760e+00
2.724000000000000000e+03 4.410741973703230201e+01 1.365782757235880940e+00 1.844485779196619948e-02 -1.717324879306062702e+00
2.725000000000000000e+03 4.396324491540620016e+01 1.365148925336461261e+00 1.842634010998407679e-02 -1.703081765664486324e+00
2.726000000000000000e+03 4.381903498252749074e+01 1.364583110986509418e+00 1.840783345781841704e-02 -1.689104453315216414e+00
2.727000000000000000e+03 4.367478200575831693e+01 1.364084399657468083e+00 1.838933808673051326e-02 -1.675404379816257894e+00
2.728000000000000000e+03 4.353047812049072718e+01 1.363651891813937533e+00 1.837085424375457798e-02 -1.661963383865225685e+00
2.729000000000000000e+03 4.338618982500774024e+01 1.363284702244127233e+00 1.835238217122125981e-02 -1.648800560556408445e+00
2.730000000000000000e+03 4.324190942428626272e+01 1.362981959387532305e+00 1.833392210641685699e-02 -1.635912834639332569e+00
2.731000000000000000e+03 4.309762932373470079e+01 1.362742804660096230e+00 1.831547428134889730e-02 -1.623289817235251675e+00
2.732000000000000000e+03 4.295341632233983375e+01 1.362558963426914405e+00 1.829703892251582920e-02 -1.610943519209681929e+00
2.733000000000000000e+03 4.280926305470326554e+01 1.362429601023539716e+00 1.827861625084245892e-02 -1.598871209347981326e+00
2.734000000000000000e+03 4.266516228297561497e+01 1.362361322075013259e+00 1.826020648163318924e-02 -1.587077699288288235e+00
2.735000000000000000e+03 4.252118118817916326e+01 1.362338456412237164e+00 1.824180982462709003e-02 -1.575553058307989307e+00
2.736000000000000000e+03 4.237731281041455134e+01 1.362375056839713938e+00 1.822342648411770169e-02 -1.564309754867368119e+00
2.737000000000000000e+03 4.223362462247791882e+01 1.362455471648341021e+00 1.820505665915279556e-02 -1.553345514605740663e+00
2.738000000000000000e+03 4.209010996888091682e+01 1.362578914030769583e+00 1.818670054379408277e-02 -1.542658176744158283e+00
2.739000000000000000e+03 4.194683663831163756e+01 1.362744604694090977e+00 1.816835832738405987e-02 -1.532245693742549264e+00
2.740000000000000000e+03 4.180379830153800214e+01 1.362959199522676190e+00 1.815003019499054210e-02 -1.522120987612037180e+00
2.741000000000000000e+03 4.166106308279953652e+01 1.363207075489619946e+00 1.813171632778761214e-02 -1.512267379380186405e+00
2.742000000000000000e+03 4.151855071319421597e+01 1.363494900070674865e+00 1.811341690350225936e-02 -1.502698015414309030e+00
2.743000000000000000e+03 4.137640395162522822e+01 1.363821917155862984e+00 1.809513209695157859e-02 -1.493411296796214538e+00
2.744000000000000000e+03 4.123461717029832130e+01 1.364172518012426671e+00 1.807686208052344118e-02 -1.484405735453673714e+00
2.745000000000000000e+03 4.109318492434940850e+01 1.364553382349939170e+00 1.805860702477751420e-02 -1.475672525196199736e+00
2.746000000000000000e+03 4.095217623762224690e+01 1.364963764234276900e+00 1.804036709895998764e-02 -1.467232682807223298e+00
2.747000000000000000e+03 4.081158603763227433e+01 1.365388063053557088e+00 1.802214247159827573e-02 -1.459062763837943866e+00
2.748000000000000000e+03 4.067140944077363685e+01 1.365840392937405223e+00 1.800393331107867298e-02 -1.451176573711782991e+00
2.749000000000000000e+03 4.053171603730443451e+01 1.366312583624817556e+00 1.798573978619673330e-02 -1.443573168480050350e+00
2.750000000000000000e+03 4.039257560914848000e+01 1.366796464836619540e+00 1.796756206672989187e-02 -1.436251710685968686e+00
2.751000000000000000e+03 4.025390448101396146e+01 1.367284344499634541e+00 1.794940032395158855e-02 -1.429204137263273555e+00
2.752000000000000000e+03 4.011589597334980795e+01 1.367792729824326425e+00 1.793125473117051019e-02 -1.422437735050559926e+00
2.753000000000000000e+03 3.997844138447729989e+01 1.368308891482767464e+00 1.791312546419832410e-02 -1.415952563387723240e+00
2.754000000000000000e+03 3.984150649215143147e+01 1.368834954143245186e+00 1.789501270175970424e-02 -1.409748784329151627e+00
2.755000000000000000e+03 3.970520583809092585e+01 1.369380467456643879e+00 1.787691662595147085e-02 -1.403826661593965630e+00
2.756000000000000000e+03 3.956950559505330034e+01 1.369925263645821012e+00 1.785883742256248741e-02 -1.398179131125237395e+00
2.757000000000000000e+03 3.943444641851735355e+01 1.370486312002632712e+00 1.784077528140483662e-02 -1.392814085009765668e+00
2.758000000000000000e+03 3.929992059747062427e+01 1.371050863085004679e+00 1.782273039655253230e-02 -1.387724656906718756e+00
2.759000000000000000e+03 3.916596918986036258e+01 1.371628446522807021e+00 1.780470296655416174e-02 -1.382918934239525832e+00
2.760000000000000000e+03 3.903263345719916799e+01 1.372213728625867768e+00 1.778669319457876208e-02 -1.378382815197679578e+00
2.761000000000000000e+03 3.889988058286246542e+01 1.372801368449175996e+00 1.776870128851418262e-02 -1.374124577554334037e+00
2.762000000000000000e+03 3.876767795759695900e+01 1.373400873863875882e+00 1.775072746096589826e-02 -1.370137735595080786e+00
2.763000000000000000e+03 3.863614174874965812e+01 1.374006887532741139e+00 1.773277192927731963e-02 -1.366430752164019991e+00
2.764000000000000000e+03 3.850516548520702287e+01 1.374614042993617113e+00 1.771483491539118868e-02 -1.362989895523469830e+00
2.765000000000000000e+03 3.837479147759159304e+01 1.375224392399174045e+00 1.769691664575683693e-02 -1.359823808033550518e+00
2.766000000000000000e+03 3.824506225417529492e+01 1.375839977563197314e+00 1.767901735111165190e-02 -1.356918934596845983e+00
2.767000000000000000e+03 3.811594628052749556e+01 1.376462829364351048e+00 1.766113726623183902e-02 -1.354276662925093300e+00
2.768000000000000000e+03 3.798748652989714714e+01 1.377080110456992745e+00 1.764327662963398324e-02 -1.351905893674739234e+00
2.769000000000000000e+03 3.785965191980275790e+01 1.377701256441503874e+00 1.762543568327533394e-02 -1.349793325503361174e+00
2.770000000000000000e+03 3.773248588283799165e+01 1.378320833540326751e+00 1.760761467209698283e-02 -1.347933166900675550e+00
2.771000000000000000e+03 3.760595780365809304e+01 1.378940823084205070e+00 1.758981384368439940e-02 -1.346334562942881563e+00
2.772000000000000000e+03 3.748011159014912863e+01 1.379555764255924855e+00 1.757203344775112516e-02 -1.344984451920480328e+00
2.773000000000000000e+03 3.735491711074011789e+01 1.380167610243804521e+00 1.755427373570058250e-02 -1.343884705444939431e+00
2.774000000000000000e+03 3.723041876585516263e+01 1.380770871003354383e+00 1.753653496008430318e-02 -1.343029841730844387e+00
2.775000000000000000e+03 3.710658692546176241e+01 1.381367469429183537e+00 1.751881737411804807e-02 -1.342414452257739921e+00
2.776000000000000000e+03 3.698339221720625858e+01 1.381959312485733671e+00 1.750112123113274284e-02 -1.342048056761989239e+00
2.777000000000000000e+03 3.686087981460230623e+01 1.382540862347721333e+00 1.748344678404678901e-02 -1.341910531407715101e+00
2.778000000000000000e+03 3.673916944174126797e+01 1.383113992601272324e+00 1.746579428481657287e-02 -1.342011533843278981e+00
2.779000000000000000e+03 3.661808396048591874e+01 1.383673131054142802e+00 1.744816398390999779e-02 -1.342331074637106658e+00
2.780000000000000000e+03 3.649774364316336062e+01 1.384220115957216279e+00 1.743055612978361771e-02 -1.342878942301712453e+00
2.781000000000000000e+03 3.637819475966334437e+01 1.384749338835451704e+00 1.741297096833848909e-02 -1.343642703049424458e+00
2.782000000000000000e+03 3.625940958195806729e+01 1.385262600730317262e+00 1.739540874248450900e-02 -1.344617412387242084e+00
2.783000000000000000e+03 3.614136067200578140e+01 1.385761683402247701e+00 1.737786969163427481e-02 -1.345805613298066916e+00
2.784000000000000000e+03 3.602416945301096973e+01 1.386233492193624572e+00 1.736035405126810580e-02 -1.347199506369608279e+00
2.785000000000000000e+03 3.590773479599578621e+01 1.386694625704651518e+00 1.734286205254594385e-02 -1.348789119138512405e+00
2.786000000000000000e+03 3.579203015769812879e+01 1.387124520226531876e+00 1.732539392189169983e-02 -1.350572703929545426e+00
2.787000000000000000e+03 3.567725215124669802e+01 1.387539732840383344e+00 1.730794988072138774e-02 -1.352544850635056584e+00
2.788000000000000000e+03 3.556322628157258947e+01 1.387919657522392880e+00 1.729053014510479810e-02 -1.354700941856630925e+00
2.789000000000000000e+03 3.545000121660376635e+01 1.388280808265148325e+00 1.727313492549810425e-02 -1.357034922524013254e+00
2.790000000000000000e+03 3.533762593965920473e+01 1.388602535205133215e+00 1.725576442659526588e-02 -1.359541526517367815e+00
2.791000000000000000e+03 3.522614975206408872e+01 1.388901307766635673e+00 1.723841884709233913e-02 -1.362215531943197888e+00
2.792000000000000000e+03 3.511547370846218286e+01 1.389163859162090064e+00 1.722109837960646150e-02 -1.365049530734741667e+00
2.793000000000000000e+03 3.500564775283712748e+01 1.389391756157516422e+00 1.720380321060861403e-02 -1.368037640927622256e+00
2.794000000000000000e+03 3.489672215320676685e+01 1.389586542047328788e+00 1.718653352035030488e-02 -1.371172533415750072e+00
2.795000000000000000e+03 3.478867321950451696e+01 1.389734879640384113e+00 1.716928948290339513e-02 -1.374448401383703278e+00
2.796000000000000000e+03 3.468155187165231723e+01 1.389853121059360541e+00 1.715207126621767428e-02 -1.377857987055435274e+00
2.797000000000000000e+03 3.457526078980667705e+01 1.389920452297714215e+00 1.713487903217747813e-02 -1.381395551120211840e+00
2.798000000000000000e+03 3.446985154881232916e+01 1.389953176442590754e+00 1.711771293675632896e-02 -1.385053899475994443e+00
2.799000000000000000e+03 3.436545033483997713e+01 1.389930429904053577e+00 1.710057313011748709e-02 -1.388823638475735534e+00
2.800000000000000000e+03 3.426188652771902099e+01 1.389868465660383023e+00 1.708345975688923407e-02 -1.392699115687316525e+00
2.801000000000000000e+03 3.415928561103397954e+01 1.389754108082687623e+00 1.706637295629511927e-02 -1.396673731100699367e+00
2.802000000000000000e+03 3.405769368144692777e+01 1.389582825119485943e+00 1.704931286242802185e-02 -1.400745188302404909e+00
2.803000000000000000e+03 3.395693295317941818e+01 1.389372654105326399e+00 1.703227960447253539e-02 -1.404913953630832379e+00
2.804000000000000000e+03 3.385712309880506865e+01 1.389104464523352345e+00 1.701527330701152127e-02 -1.409179769939225890e+00
2.805000000000000000e+03 3.375830983030173371e+01 1.388788812955953356e+00 1.699829409023140628e-02 -1.413542397507888682e+00
2.806000000000000000e+03 3.366031633040323356e+01 1.388428801142768565e+00 1.698134207026546702e-02 -1.418000869287108445e+00
2.807000000000000000e+03 3.356333751878619154e+01 1.388012647450717063e+00 1.696441735942600185e-02 -1.422554974646162318e+00
2.808000000000000000e+03 3.346727149854308436e+01 1.387543400106123537e+00 1.694752006648693465e-02 -1.427203771783703834e+00
2.809000000000000000e+03 3.337209097153733239e+01 1.387024080336213716e+00 1.693065029694215684e-02 -1.431946328645167466e+00
2.810000000000000000e+03 3.327784323611184902e+01 1.386450253871665428e+00 1.691380815326336967e-02 -1.436781721007566404e+00
2.811000000000000000e+03 3.318442733417352741e+01 1.385824887510737291e+00 1.689699373510801864e-02 -1.441709773402070072e+00
2.812000000000000000e+03 3.309203974970175466e+01 1.385150920643372974e+00 1.688020713955054944e-02 -1.446728085864964486e+00
2.813000000000000000e+03 3.300050585463682751e+01 1.384423836786057294e+00 1.686344846127301247e-02 -1.451832774867553466e+00
2.814000000000000000e+03 3.290987417424445738e+01 1.383639091827934431e+00 1.684671779269551403e-02 -1.457022185590647778e+00
2.815000000000000000e+03 3.282019353390003857e+01 1.382806970637824984e+00 1.683001522413567555e-02 -1.462291690183940007e+00
2.816000000000000000e+03 3.273136448933573206e+01 1.381922873580503586e+00 1.681334084387473005e-02 -1.467640371391429888e+00
2.817000000000000000e+03 3.264351074137658060e+01 1.380982173145113734e+00 1.679669473824644405e-02 -1.473063592317789272e+00
2.818000000000000000e+03 3.255653343212978257e+01 1.379995070584309591e+00 1.678007699165824651e-02 -1.478558937232322679e+00
2.819000000000000000e+03 3.247055684319253288e+01 1.378949454112330386e+00 1.676348768658486241e-02 -1.484123981195578645e+00
2.820000000000000000e+03 3.238540840832136780e+01 1.377855468966565411e+00 1.674692690349026056e-02 -1.489754802529515754e+00
2.821000000000000000e+03 3.230113869513416347e+01 1.376708375626991776e+00 1.673039472080158768e-02 -1.495448209472444168e+00
2.822000000000000000e+03 3.221779855178668583e+01 1.375510834848425290e+00 1.671389121476372225e-02 -1.501200995504064162e+00
2.823000000000000000e+03 3.213529053715050310e+01 1.374258050952260612e+00 1.669741645926291554e-02 -1.507010680351791088e+00
2.824000000000000000e+03 3.205374033550512536e+01 1.372952628529870989e+00 1.668097052571471117e-02 -1.512873279669210369e+00
2.825000000000000000e+03 3.197297676919269449e+01 1.371597144106208255e+00 1.666455348276981233e-02 -1.518784788902647787e+00
2.826000000000000000e+03 3.189312606379619552e+01 1.370179289463822059e+00 1.664816539612050394e-02 -1.524742667171804067e+00
2.827000000000000000e+03 3.181416614426171918e+01 1.368716441779741944e+00 1.663180632824950989e-02 -1.530739892815186520e+00
2.828000000000000000e+03 3.173600091550680347e+01 1.367196236869809400e+00 1.661547633807181068e-02 -1.536773132817041088e+00
2.829000000000000000e+03 3.165868310999244173e+01 1.365621139347232837e+00 1.659917548070458451e-02 -1.542838284055951803e+00
2.830000000000000000e+03 3.158219143422631348e+01 1.364001014340420204e+00 1.658290380710291875e-02 -1.548928985911575129e+00
2.831000000000000000e+03 3.150657913271146882e+01 1.362323414170936831e+00 1.656666136372976841e-02 -1.555041075570749554e+00
2.832000000000000000e+03 3.143182541780425510e+01 1.360590720194625014e+00 1.655044819224093036e-02 -1.561170357838528977e+00
2.833000000000000000e+03 3.135783546648190878e+01 1.358805286201960172e+00 1.653426432913908048e-02 -1.567311117805407328e+00
2.834000000000000000e+03 3.128466326750714188e+01 1.356969438529882499e+00 1.651810980541269444e-02 -1.573456862041848980e+00
2.835000000000000000e+03 3.121228876745248826e+01 1.355078047834249011e+00 1.650198464627539857e-02 -1.579605516826239731e+00
2.836000000000000000e+03 3.114076643409667255e+01 1.353133385924130572e+00 1.648588887077864079e-02 -1.585754969541621540e+00
2.837000000000000000e+03 3.107000240215380060e+01 1.351137697556197281e+00 1.646982249155953468e-02 -1.591885981902317448e+00
2.838000000000000000e+03 3.099997731984861460e+01 1.349085772240062875e+00 1.645378551457512759e-02 -1.598008987018801230e+00
2.839000000000000000e+03 3.093074634480254304e+01 1.346979801105340657e+00 1.643777793881490840e-02 -1.604112089431243504e+00
2.840000000000000000e+03 3.086221628921863669e+01 1.344814520378470935e+00 1.642179975613424978e-02 -1.610190777023763564e+00
2.841000000000000000e+03 3.079444274937979742e+01 1.342606924971951665e+00 1.640585095104860058e-02 -1.616233062865990888e+00
2.842000000000000000e+03 3.072740725041626675e+01 1.340344270231582646e+00 1.638993150056703915e-02 -1.622241768835323228e+00
2.843000000000000000e+03 3.066116580836540706e+01 1.338028642247595323e+00 1.637404137413870850e-02 -1.628204810817834192e+00
2.844000000000000000e+03 3.059555179099077193e+01 1.335662101374503807e+00 1.635818053354185647e-02 -1.634110054041613580e+00
2.845000000000000000e+03 3.053069589690002772e+01 1.333239254111652450e+00 1.634234893290762228e-02 -1.639967596792058613e+00
2.846000000000000000e+03 3.046643188189572982e+01 1.330769538395287332e+00 1.632654651870250537e-02 -1.645750342306538050e+00
2.847000000000000000e+03 3.040296510464041546e+01 1.328254938799321661e+00 1.631077322988517056e-02 -1.651468281006438943e+00
2.848000000000000000e+03 3.034012968554991829e+01 1.325682558446937387e+00 1.629502899796646254e-02 -1.657109062457813531e+00
2.849000000000000000e+03 3.027790848501122412e+01 1.323069189383899502e+00 1.627931374720764657e-02 -1.662660279218525883e+00
2.850000000000000000e+03 3.021628452986870528e+01 1.320401886058292451e+00 1.626362739485449557e-02 -1.668124322369035406e+00
2.851000000000000000e+03 3.015531794376963148e+01 1.317682460885565510e+00 1.624796985140115543e-02 -1.673489793930017955e+00
2.852000000000000000e+03 3.009500533391702959e+01 1.314912403365278815e+00 1.623234102090816144e-02 -1.678764600024580833e+00
2.853000000000000000e+03 3.003527182336322809e+01 1.312100533225534882e+00 1.621674080137927576e-02 -1.683935427198607782e+00
2.854000000000000000e+03 2.997611695725772663e+01 1.309233362169495152e+00 1.620116908514300166e-02 -1.689011184536871157e+00
2.855000000000000000e+03 2.991761469551105890e+01 1.306312235955152223e+00 1.618562575929856015e-02 -1.693985860915058428e+00
2.856000000000000000e+03 2.985969055484470047e+01 1.303345906382300967e+00 1.617011070621439048e-02 -1.698868237439029816e+00
2.857000000000000000e+03 2.980241873527691254e+01 1.300335674937813657e+00 1.615462380400237499e-02 -1.703644744766385388e+00
2.858000000000000000e+03 2.974572497853255371e+01 1.297267964799373896e+00 1.613916492705293193e-02 -1.708324032315664764e+00
2.859000000000000000e+03 2.968960941094184491e+01 1.294151462948694542e+00 1.612373394659104980e-02 -1.712907254007276947e+00
2.860000000000000000e+03 2.963414653583150127e+01 1.290987407140228305e+00 1.610833073124483608e-02 -1.717388067440008381e+00
2.861000000000000000e+03 2.957926237543719239e+01 1.287777014628582961e+00 1.609295514760795270e-02 -1.721767489801863338e+00
2.862000000000000000e+03 2.952495731388974676e+01 1.284514054202601230e+00 1.607760706082773938e-02 -1.726046468764042219e+00
2.863000000000000000e+03 2.947123180627987082e+01 1.281207131627323026e+00 1.606228633519116503e-02 -1.730218453408363333e+00
2.864000000000000000e+03 2.941808637134360538e+01 1.277849976640839325e+00 1.604699283466271692e-02 -1.734291678588874452e+00
2.865000000000000000e+03 2.936552158429535808e+01 1.274443728409139442e+00 1.603172642346264304e-02 -1.738259450874455991e+00
2.866000000000000000e+03 2.931346378633485372e+01 1.270989507585979839e+00 1.601648696661325463e-02 -1.742122432975663271e+00
2.867000000000000000e+03 2.926206221187014833e+01 1.267480988378481221e+00 1.600127433041935443e-02 -1.745881214802531334e+00
2.868000000000000000e+03 2.921116899744299289e+01 1.263934112369342166e+00 1.598608838295972542e-02 -1.749528884554147456e+00
2.869000000000000000e+03 2.916078487644078976e+01 1.260335090491380816e+00 1.597092899454775200e-02 -1.753073313240399500e+00
2.870000000000000000e+03 2.911098488956800523e+01 1.256692401910418422e+00 1.595579603809527125e-02 -1.756500012432638869e+00
2.871000000000000000e+03 2.906162124510624167e+01 1.253007081059827721e+00 1.594068938950734052e-02 -1.759824132247863604e+00
2.872000000000000000e+03 2.901284329801659467e+01 1.249280146430572058e+00 1.592560892795611208e-02 -1.763031034109250772e+00
2.873000000000000000e+03 2.896457756033554887e+01 1.245512601014862275e+00 1.591055453613140006e-02 -1.766128288790203005e+00
2.874000000000000000e+03 2.891682483043940621e+01 1.241698004403111399e+00 1.589552610046810616e-02 -1.769115962635202877e+00
2.875000000000000000e+03 2.886951162164286444e+01 1.237844758285267188e+00 1.588052351123892675e-02 -1.771979188860362653e+00
2.876000000000000000e+03 2.882271300866462482e+01 1.233953821853614574e+00 1.586554666263617283e-02 -1.774732737334697275e+00
2.877000000000000000e+03 2.877635548993159986e+01 1.230018712259084213e+00 1.585059545277249862e-02 -1.777361587486484984e+00
2.878000000000000000e+03 2.873043983475521657e+01 1.226055218471006514e+00 1.583566978363853614e-02 -1.779880354841962165e+00
2.879000000000000000e+03 2.868496679684630735e+01 1.222049403286391778e+00 1.582076956093484213e-02 -1.782273863988174556e+00
2.880000000000000000e+03 2.863993711167240974e+01 1.218002173894301432e+00 1.580589469394334812e-02 -1.784541718467418381e+00
2.881000000000000000e+03 2.859535149414223199e+01 1.213929282340563409e+00 1.579104509519984809e-02 -1.786690872247798767e+00
2.882000000000000000e+03 2.855106206959578685e+01 1.209816755892330065e+00 1.577622068023326260e-02 -1.788713344521103421e+00
2.883000000000000000e+03 2.850721807310573652e+01 1.205672895957204727e+00 1.576142136716842529e-02 -1.790615932980293534e+00
2.884000000000000000e+03 2.846374586351415203e+01 1.201491136800355353e+00 1.574664707630273053e-02 -1.792383071972360575e+00
2.885000000000000000e+03 2.842057177273652968e+01 1.197287187764984884e+00 1.573189772959263447e-02 -1.794028830882189895e+00
2.886000000000000000e+03 2.837777067177568213e+01 1.193054463640605745e+00 1.571717325015364181e-02 -1.795544915640683525e+00
2.887000000000000000e+03 2.833526883590235457e+01 1.188786370184042207e+00 1.570247356165786062e-02 -1.796922953763347541e+00
2.888000000000000000e+03 2.829306679449980066e+01 1.184498589640622601e+00 1.568779858775351532e-02 -1.798176779417125504e+00
2.889000000000000000e+03 2.825109076350701898e+01 1.180184511113281820e+00 1.567314825136921844e-02 -1.799290435012840028e+00
2.890000000000000000e+03 2.820948977894967058e+01 1.175844944433960260e+00 1.565852247410392389e-02 -1.800277598080020303e+00
2.891000000000000000e+03 2.816804142847465187e+01 1.171480692283638492e+00 1.564392117548438557e-02 -1.801122154566217715e+00
2.892000000000000000e+03 2.812689468592296294e+01 1.167099979012376387e+00 1.562934427231178411e-02 -1.801830197419138857e+00
2.893000000000000000e+03 2.808590135930733922e+01 1.162703594408161401e+00 1.561479167794140033e-02 -1.802407741695394749e+00
2.894000000000000000e+03 2.804513607474129699e+01 1.158284894165620305e+00 1.560026330154961477e-02 -1.802838439698514872e+00
2.895000000000000000e+03 2.800459914171118569e+01 1.153852085404620142e+00 1.558575904750707404e-02 -1.803135579649332687e+00
2.896000000000000000e+03 2.796414226868634856e+01 1.149405942086583865e+00 1.557127881468280128e-02 -1.803282659132445787e+00
2.897000000000000000e+03 2.792383997953558961e+01 1.144947233830797995e+00 1.555682249579013604e-02 -1.803292812176878535e+00
2.898000000000000000e+03 2.788369247817527352e+01 1.140476726379340056e+00 1.554238997680976175e-02 -1.803156811113397540e+00
2.899000000000000000e+03 2.784355136344368020e+01 1.135995182060860476e+00 1.552798113640540753e-02 -1.802880208665633477e+00
2.900000000000000000e+03 2.780356532817834747e+01 1.131510788603310669e+00 1.551359584541864463e-02 -1.802453624919746922e+00
2.901000000000000000e+03 2.776358946191052723e+01 1.127009131298496225e+00 1.549923396641781845e-02 -1.801882564544306842e+00
2.902000000000000000e+03 2.772364166821671461e+01 1.122511675577145596e+00 1.548489535326046454e-02 -1.801165442423682705e+00
2.903000000000000000e+03 2.768374337567356847e+01 1.118002428651068358e+00 1.547057985081153574e-02 -1.800293273871505395e+00
2.904000000000000000e+03 2.764391596139653728e+01 1.113487681667181484e+00 1.545628729464917916e-02 -1.799286713460804377e+00
2.905000000000000000e+03 2.760418074714428016e+01 1.108966296761243475e+00 1.544201751088091629e-02 -1.798121772049180445e+00
2.906000000000000000e+03 2.756441042797594321e+01 1.104437135860985242e+00 1.542777031607566081e-02 -1.796818957540884165e+00
2.907000000000000000e+03 2.752470048497680821e+01 1.099906489487407768e+00 1.541354551721176025e-02 -1.795361563624869872e+00
2.908000000000000000e+03 2.748507204601059684e+01 1.095365792153059736e+00 1.539934291174426505e-02 -1.793762525549263742e+00
2.909000000000000000e+03 2.744547188003350868e+01 1.090828764560208386e+00 1.538516228777860213e-02 -1.792019850673386427e+00
2.910000000000000000e+03 2.740592095797273231e+01 1.086279415593878861e+00 1.537100342427967330e-02 -1.790131475852931420e+00
2.911000000000000000e+03 2.736644016266980728e+01 1.081731469566309833e+00 1.535686609142852301e-02 -1.788095268155554196e+00
2.912000000000000000e+03 2.732697599841382186e+01 1.077176368205321699e+00 1.534275005101165545e-02 -1.785909025607001599e+00
2.913000000000000000e+03 2.728754915059483110e+01 1.072620412843138027e+00 1.532865505694981471e-02 -1.783585334667967759e+00
2.914000000000000000e+03 2.724818019448932205e+01 1.068062479800676812e+00 1.531458085582753162e-02 -1.781114429288858325e+00
2.915000000000000000e+03 2.720881530371767454e+01 1.063501449170011881e+00 1.530052718760584012e-02 -1.778501333496439685e+00
2.916000000000000000e+03 2.716940052541443862e+01 1.058928776893582446e+00 1.528649378630566810e-02 -1.775743577207061552e+00
2.917000000000000000e+03 2.713010462215230589e+01 1.054358208591601676e+00 1.527248038082455565e-02 -1.772838625468976748e+00
2.918000000000000000e+03 2.709079907863366188e+01 1.049788638234081528e+00 1.525848669583322777e-02 -1.769798736082351498e+00
2.919000000000000000e+03 2.705150379375525560e+01 1.045218965261463184e+00 1.524451245260589546e-02 -1.766621247144307683e+00
2.920000000000000000e+03 2.701223850454399766e+01 1.040648095001170947e+00 1.523055737006299461e-02 -1.763303434721419594e+00
2.921000000000000000e+03 2.697294849354014801e+01 1.036074939080725343e+00 1.521662116573813464e-02 -1.759849942196879624e+00
2.922000000000000000e+03 2.693365314668842814e+01 1.031498415837088567e+00 1.520270355680298710e-02 -1.756257924591105635e+00
2.923000000000000000e+03 2.689437166077946273e+01 1.026932307422596002e+00 1.518880426115902516e-02 -1.752531906306494358e+00
2.924000000000000000e+03 2.685504875100766498e+01 1.022368118455114550e+00 1.517492299848977565e-02 -1.748676353843573672e+00
2.925000000000000000e+03 2.681570320921262152e+01 1.017804789816216138e+00 1.516105949133239768e-02 -1.744688248538426079e+00
2.926000000000000000e+03 2.677642789535034851e+01 1.013241270693662432e+00 1.514721346615269942e-02 -1.740571944370977731e+00
2.927000000000000000e+03 2.673701831174663113e+01 1.008691375670046630e+00 1.513338465442372327e-02 -1.736324312391367641e+00
2.928000000000000000e+03 2.669764114673736799e+01 1.004139215004708374e+00 1.511957279360705633e-02 -1.731957026915532660e+00
2.929000000000000000e+03 2.665816571567291149e+01 9.995911934638249674e-01 1.510577762821475357e-02 -1.727459424935777976e+00
2.930000000000000000e+03 2.661868393842548031e+01 9.950611539932159300e-01 1.509199891070572841e-02 -1.722843077399744072e+00
2.931000000000000000e+03 2.657913891538179385e+01 9.905258079846910313e-01 1.507823640242856797e-02 -1.718104648651433974e+00
2.932000000000000000e+03 2.653947348851644250e+01 9.860064474911881538e-01 1.506448987443264123e-02 -1.713248182687706178e+00
2.933000000000000000e+03 2.649977880307445233e+01 9.815020904311181349e-01 1.505075910825609022e-02 -1.708277676026244141e+00
2.934000000000000000e+03 2.646007145239027025e+01 9.770043376395575185e-01 1.503704389662387751e-02 -1.703189650584954418e+00
2.935000000000000000e+03 2.642021919039787647e+01 9.725196582636025378e-01 1.502334404403523650e-02 -1.697995439972524556e+00
2.936000000000000000e+03 2.638023806237042024e+01 9.680545334001150470e-01 1.500965936731320748e-02 -1.692698905686871313e+00
2.937000000000000000e+03 2.634021811889026310e+01 9.636080280773197115e-01 1.499598969597949229e-02 -1.687296438372472229e+00
2.938000000000000000e+03 2.630010056357747317e+01 9.591717915798730898e-01 1.498233487263820468e-02 -1.681791815785501853e+00
2.939000000000000000e+03 2.625982631910851239e+01 9.547523428179687244e-01 1.496869475313113672e-02 -1.676196204064701156e+00
2.940000000000000000e+03 2.621948459402080189e+01 9.503636422883279256e-01 1.495506920669660914e-02 -1.670498445606689364e+00
2.941000000000000000e+03 2.617894146578784387e+01 9.459825222768483144e-01 1.494145811592882157e-02 -1.664709630448311106e+00
2.942000000000000000e+03 2.613828558320488327e+01 9.416303990081119624e-01 1.492786137669786448e-02 -1.658833384150132595e+00
2.943000000000000000e+03 2.609753103452229439e+01 9.373064177824709242e-01 1.491427889789402779e-02 -1.652873297434257926e+00
2.944000000000000000e+03 2.605654306684124677e+01 9.330023099582174240e-01 1.490071060111770179e-02 -1.646832927474039865e+00
2.945000000000000000e+03 2.601540950725566148e+01 9.287172499260063496e-01 1.488715642024171330e-02 -1.640708370835199714e+00
2.946000000000000000e+03 2.597414363317276553e+01 9.244652837251757793e-01 1.487361630085488537e-02 -1.634503121468671383e+00
2.947000000000000000e+03 2.593260989380636516e+01 9.202381875505699638e-01 1.486009019960141814e-02 -1.628235500353636844e+00
2.948000000000000000e+03 2.589096961681064002e+01 9.160500381039312634e-01 1.484657808350657408e-02 -1.621901515039154029e+00
2.949000000000000000e+03 2.584908674645494386e+01 9.118852143840273650e-01 1.483307992903528522e-02 -1.615497145987133676e+00
2.950000000000000000e+03 2.580697355135707838e+01 9.077503963717606927e-01 1.481959572129989446e-02 -1.609040632914700231e+00
2.951000000000000000e+03 2.576464341266106928e+01 9.036594653357722384e-01 1.480612545300488518e-02 -1.602527134331771519e+00
2.952000000000000000e+03 2.572204059211966864e+01 8.995956326406164827e-01 1.479266912340625705e-02 -1.595956127277411651e+00
2.953000000000000000e+03 2.567925904653502300e+01 8.955641680639849778e-01 1.477922673721800660e-02 -1.589333723560789391e+00
2.954000000000000000e+03 2.563631823745307159e+01 8.915703581647427267e-01 1.476579830346478293e-02 -1.582651157647189555e+00
2.955000000000000000e+03 2.559301457255941159e+01 8.876046497735998742e-01 1.475238383426503465e-02 -1.575914501342600360e+00
2.956000000000000000e+03 2.554958996573045127e+01 8.836797919269027135e-01 1.473898334364460994e-02 -1.569122380024525976e+00
2.957000000000000000e+03 2.550584044358543778e+01 8.797862659391301188e-01 1.472559684628791700e-02 -1.562265973921472373e+00
2.958000000000000000e+03 2.546185898907243583e+01 8.759219989692577091e-01 1.471222435632379803e-02 -1.555358732791350285e+00
2.959000000000000000e+03 2.541766413242066136e+01 8.720923641775594204e-01 1.469886588609266298e-02 -1.548391807095258921e+00
2.960000000000000000e+03 2.537319995943536100e+01 8.682953241733351035e-01 1.468552144493699176e-02 -1.541371191021887022e+00
2.961000000000000000e+03 2.532848468655474861e+01 8.645362878550364449e-01 1.467219103806557262e-02 -1.534295438707934389e+00
2.962000000000000000e+03 2.528361066858864348e+01 8.608132538409504209e-01 1.465887466539651969e-02 -1.527170522207702774e+00
2.963000000000000000e+03 2.523837298856331302e+01 8.571168105918447466e-01 1.464557232050101888e-02 -1.519987547709561904e+00
2.964000000000000000e+03 2.519301229965818223e+01 8.534598499261948357e-01 1.463228398960469273e-02 -1.512752470202159971e+00
2.965000000000000000e+03 2.514732342958119915e+01 8.498329970245411813e-01 1.461900965064816087e-02 -1.505471238037384030e+00
2.966000000000000000e+03 2.510147250493976756e+01 8.462417522782696988e-01 1.460574927244051927e-02 -1.498142365841576673e+00
2.967000000000000000e+03 2.505532840494897684e+01 8.426916346783717149e-01 1.459250281391616562e-02 -1.490764364125618302e+00
2.968000000000000000e+03 2.500890846701930315e+01 8.391733251960279416e-01 1.457927022348515927e-02 -1.483343168893031194e+00
2.969000000000000000e+03 2.496230420713063936e+01 8.356849519063298537e-01 1.456605143848183070e-02 -1.475869857845333755e+00
2.970000000000000000e+03 2.491545847247193990e+01 8.322395184034242499e-01 1.455284638477260736e-02 -1.468357793387427668e+00
2.971000000000000000e+03 2.486838829434191211e+01 8.288203337560300366e-01 1.453965497639800840e-02 -1.460805482128454624e+00
2.972000000000000000e+03 2.482103632276454874e+01 8.254404393584965360e-01 1.452647711541936622e-02 -1.453218861182538957e+00
2.973000000000000000e+03 2.477341939433150486e+01 8.220980388705624309e-01 1.451331269189778429e-02 -1.445589014365715297e+00
2.974000000000000000e+03 2.472562853225332447e+01 8.187913549514904687e-01 1.450016158390871751e-02 -1.437921886842002506e+00
2.975000000000000000e+03 2.467760609512144043e+01 8.155186292859836206e-01 1.448702365778304843e-02 -1.430223429665219204e+00
2.976000000000000000e+03 2.462936862591594078e+01 8.122855509528255080e-01 1.447389876845506761e-02 -1.422492172667881638e+00
2.977000000000000000e+03 2.458085828275177320e+01 8.090829713851233063e-01 1.446078675987728067e-02 -1.414741510747632436e+00
2.978000000000000000e+03 2.453209140291319201e+01 8.059166177748304793e-01 1.444768746564655329e-02 -1.406955134997482926e+00
2.979000000000000000e+03 2.448315849919717735e+01 8.027848080182877766e-01 1.443460070968795306e-02 -1.399153889085420266e+00
2.980000000000000000e+03 2.443400140510492591e+01 7.996933074057361868e-01 1.442152630710873129e-02 -1.391328915324669957e+00
2.981000000000000000e+03 2.438463612045310924e+01 7.966404719027662118e-01 1.440846406508428795e-02 -1.383486225992077712e+00
2.982000000000000000e+03 2.433507852243581482e+01 7.936246764753823735e-01 1.439541378390587004e-02 -1.375639276188842297e+00
2.983000000000000000e+03 2.428527007620792233e+01 7.906443150578198464e-01 1.438237525811980437e-02 -1.367771823293352673e+00
2.984000000000000000e+03 2.423530067906742858e+01 7.876978005134771532e-01 1.436934827770392636e-02 -1.359897354959807902e+00
2.985000000000000000e+03 2.418511151978068341e+01 7.847909929391695405e-01 1.435633262937605591e-02 -1.352029376905712565e+00
2.986000000000000000e+03 2.413479220566420125e+01 7.819223429118808966e-01 1.434332809791253639e-02 -1.344151700690184414e+00
2.987000000000000000e+03 2.408420933796042007e+01 7.790903197794769586e-01 1.433033446755269114e-02 -1.336277871685563889e+00
2.988000000000000000e+03 2.403352648914226464e+01 7.763008399447567376e-01 1.431735152341200197e-02 -1.328414028484965703e+00
2.989000000000000000e+03 2.398260992766401145e+01 7.735449817418198482e-01 1.430437905296228288e-02 -1.320551475699254240e+00
2.990000000000000000e+03 2.393147431181694529e+01 7.708286987576564719e-01 1.429141684745560692e-02 -1.312711255193286686e+00
2.991000000000000000e+03 2.388020839922442207e+01 7.681431063451006347e-01 1.427846470343730086e-02 -1.304877292054970495e+00
2.992000000000000000e+03 2.382882647307761559e+01 7.655016232816261867e-01 1.426552242414315039e-02 -1.297063250854427308e+00
2.993000000000000000e+03 2.377726833570551079e+01 7.628954015688420576e-01 1.425258982096013968e-02 -1.289275394984400691e+00
2.994000000000000000e+03 2.372547358606037449e+01 7.603304680783395941e-01 1.423966671481159685e-02 -1.281512587735628594e+00
2.995000000000000000e+03 2.367360446470249968e+01 7.578054393892202922e-01 1.422675293742204326e-02 -1.273781150055566025e+00
2.996000000000000000e+03 2.362160014783503215e+01 7.553115216698703671e-01 1.421384833266555077e-02 -1.266087433238251680e+00
2.997000000000000000e+03 2.356947387700997254e+01 7.528622239545803563e-01 1.420095275766884539e-02 -1.258437819945410263e+00
2.998000000000000000e+03 2.351716438853497593e+01 7.504487879112657911e-01 1.418806608394074069e-02 -1.250831296857416230e+00
2.999000000000000000e+03 2.346483304467416175e+01 7.480773294557397923e-01 1.417518819834917912e-02 -1.243274312354276212e+00
3.000000000000000000e+03 2.341234384715832917e+01 7.457391252075065147e-01 1.416231900399557084e-02 -1.235773349124320575e+00
3.001000000000000000e+03 2.335978196248601080e+01 7.434477626688520413e-01 1.414945842097877632e-02 -1.228326683652565920e+00
3.002000000000000000e+03 2.330707792986172677e+01 7.411871673492321788e-01 1.413660638702874707e-02 -1.220944232890943004e+00
3.003000000000000000e+03 2.325438345391866690e+01 7.389710036739763899e-01 1.412376285799622072e-02 -1.213620281041091431e+00
3.004000000000000000e+03 2.320147859664000478e+01 7.367906677876108201e-01 1.411092780821418535e-02 -1.206349150218235522e+00
3.005000000000000000e+03 2.314851461520809295e+01 7.346524291314039390e-01 1.409810123070450068e-02 -1.199140057992083674e+00
3.006000000000000000e+03 2.309549398133648879e+01 7.325477168626758351e-01 1.408528313724779525e-02 -1.191987404800765926e+00
3.007000000000000000e+03 2.304227038614685341e+01 7.304902614204975553e-01 1.407247355825299619e-02 -1.184893059790579573e+00
3.008000000000000000e+03 2.298899444708139939e+01 7.284640958823832557e-01 1.405967254261449376e-02 -1.177858933228458360e+00
3.009000000000000000e+03 2.293559373028711335e+01 7.264755542188511273e-01 1.404688015725036841e-02 -1.170872120537405747e+00
3.010000000000000000e+03 2.288206989250700119e+01 7.245309860396464963e-01 1.403409648659398323e-02 -1.163949473107244836e+00
3.011000000000000000e+03 2.282849868990711784e+01 7.226218996845774623e-01 1.402132163191653971e-02 -1.157085600524786040e+00
3.012000000000000000e+03 2.277473285379730683e+01 7.207472470599766146e-01 1.400855571053412005e-02 -1.150275156279559008e+00
3.013000000000000000e+03 2.272092208573259597e+01 7.189134234189672457e-01 1.399579885482967433e-02 -1.143520266741582025e+00
3.014000000000000000e+03 2.266699308437449645e+01 7.171194104357242471e-01 1.398305121122190957e-02 -1.136830531761762186e+00
3.015000000000000000e+03 2.261294669160901449e+01 7.153642043252300686e-01 1.397031293895412661e-02 -1.130200740194363229e+00
3.016000000000000000e+03 2.255878362180889596e+01 7.136401300922806668e-01 1.395758420881419194e-02 -1.123625727143776842e+00
3.017000000000000000e+03 2.250450447517632568e+01 7.119558691763957503e-01 1.394486520174206129e-02 -1.117107802834194752e+00
3.018000000000000000e+03 2.245018403508136018e+01 7.103082314749468162e-01 1.393215610738978913e-02 -1.110649324752290168e+00
3.019000000000000000e+03 2.239567414829206626e+01 7.086962689579162644e-01 1.391945712251992269e-02 -1.104260126464220670e+00
3.020000000000000000e+03 2.234112372404295854e+01 7.071205325772347283e-01 1.390676844949980707e-02 -1.097920376305290713e+00
3.021000000000000000e+03 2.228645876428183925e+01 7.055801006666075903e-01 1.389409029455341768e-02 -1.091647432947670637e+00
3.022000000000000000e+03 2.223160522905629222e+01 7.040755500168396352e-01 1.388142286618531014e-02 -1.085436418989014440e+00
3.023000000000000000e+03 2.217678618541595981e+01 7.026052414317361938e-01 1.386876637343335654e-02 -1.079289934719462885e+00
3.024000000000000000e+03 2.212177898719152580e+01 7.011697764649870157e-01 1.385612102420851442e-02 -1.073203201763395009e+00
3.025000000000000000e+03 2.206673240813620396e+01 6.997682829677481786e-01 1.384348702362293675e-02 -1.067186348448860178e+00
3.026000000000000000e+03 2.201164667173161504e+01 6.984006433125381497e-01 1.383086457233767552e-02 -1.061234696702550551e+00
3.027000000000000000e+03 2.195644774862451953e+01 6.970660084382542809e-01 1.381825386497714456e-02 -1.055351047374274431e+00
3.028000000000000000e+03 2.190113593708115758e+01 6.957650260667567199e-01 1.380565508859617034e-02 -1.049538252138740857e+00
3.029000000000000000e+03 2.184586015936180559e+01 6.944961262358847476e-01 1.379306842119601417e-02 -1.043791785376299464e+00
3.030000000000000000e+03 2.179047227291331978e+01 6.932599780144783619e-01 1.378049403036858168e-02 -1.038122029434202620e+00
3.031000000000000000e+03 2.173512134984990851e+01 6.920542893590726496e-01 1.376793207200428977e-02 -1.032517133065917303e+00
3.032000000000000000e+03 2.167965941957070797e+01 6.908790066580646760e-01 1.375538268912387951e-02 -1.026987581703882491e+00
3.033000000000000000e+03 2.162416146302285114e+01 6.897333430879122318e-01 1.374284601083314294e-02 -1.021529055860718183e+00
3.034000000000000000e+03 2.156870257098529819e+01 6.886180068120095754e-01 1.373032215141909047e-02 -1.016152144664293377e+00
3.035000000000000000e+03 2.151313510134488638e+01 6.875307436620256007e-01 1.371781120956241593e-02 -1.010845204222837301e+00
3.036000000000000000e+03 2.145760867034428543e+01 6.864715366724303269e-01 1.370531326771533970e-02 -1.005618927825333797e+00
3.037000000000000000e+03 2.140205017370581686e+01 6.854396344277957631e-01 1.369282839161946319e-02 -1.000469204272200985e+00
3.038000000000000000e+03 2.134653520866906007e+01 6.844342935834326624e-01 1.368035663000678227e-02 -9.953994029914251529e-01
3.039000000000000000e+03 2.129099094337305331e+01 6.834547785494307082e-01 1.366789801444414851e-02 -9.904055173871008089e-01
3.040000000000000000e+03 2.123549325311789460e+01 6.825003611732933795e-01 1.365545255933262904e-02 -9.854910215728897027e-01
3.041000000000000000e+03 2.118004387097133545e+01 6.815695775863050976e-01 1.364302026209236567e-02 -9.806668703893507422e-01
3.042000000000000000e+03 2.112464467126005729e+01 6.806631992239745577e-01 1.363060110349474836e-02 -9.759217860044209214e-01
3.043000000000000000e+03 2.106929766845641794e+01 6.797790326603097011e-01 1.361819504816291597e-02 -9.712668280010687827e-01
3.044000000000000000e+03 2.101400501499496087e+01 6.789163762967092008e-01 1.360580204523257307e-02 -9.666908232463374828e-01
3.045000000000000000e+03 2.095884328156350307e+01 6.780745343700836925e-01 1.359342202917536956e-02 -9.622049359480613351e-01
3.046000000000000000e+03 2.090374060240689147e+01 6.772528166307176800e-01 1.358105492069272557e-02 -9.578055258432408570e-01
3.047000000000000000e+03 2.084869952072903843e+01 6.764490523497184160e-01 1.356870062788107650e-02 -9.534890048226828396e-01
3.048000000000000000e+03 2.079379698273771027e+01 6.756640470067454274e-01 1.355635904736412871e-02 -9.492741218901503686e-01
3.049000000000000000e+03 2.073903576391130699e+01 6.748956392872972332e-01 1.354403006571299611e-02 -9.451425362528304008e-01
3.050000000000000000e+03 2.068441874508230427e+01 6.741431577707404088e-01 1.353171356079070631e-02 -9.410982439997191973e-01
3.051000000000000000e+03 2.062994650509221373e+01 6.734061304613616628e-01 1.351940940335364348e-02 -9.371525424578499575e-01
3.052000000000000000e+03 2.057561011429057984e+01 6.726833853660947327e-01 1.350711745859326483e-02 -9.333012085750901354e-01
3.053000000000000000e+03 2.052139832357285343e+01 6.719754349447795150e-01 1.349483758784393410e-02 -9.295398918566936119e-01
3.054000000000000000e+03 2.046737423796689725e+01 6.712827945971289179e-01 1.348256965028414057e-02 -9.258717213277123381e-01
3.055000000000000000e+03 2.041352674018907720e+01 6.706052395085940754e-01 1.347031350468894280e-02 -9.222998769738738334e-01
3.056000000000000000e+03 2.035984476461682746e+01 6.699432900023092330e-01 1.345806901118720526e-02 -9.188127328141393324e-01
3.057000000000000000e+03 2.030631728777686007e+01 6.692959827169978615e-01 1.344583603303240241e-02 -9.154284267567026623e-01
3.058000000000000000e+03 2.025300760246258136e+01 6.686638416312630229e-01 1.343361443836367519e-02 -9.121354335324873830e-01
3.059000000000000000e+03 2.019975617457401285e+01 6.680466492440657600e-01 1.342140410188248298e-02 -9.089297061626553376e-01
3.060000000000000000e+03 2.014677490232816481e+01 6.674434462615855823e-01 1.340920490658986143e-02 -9.058221040052575335e-01
3.061000000000000000e+03 2.009382998936573017e+01 6.668555026258290441e-01 1.339701674533322687e-02 -9.028012506803522186e-01
3.062000000000000000e+03 2.004113333895786653e+01 6.662818601944794361e-01 1.338483952237528966e-02 -8.998781038273245825e-01
3.063000000000000000e+03 1.998859971179523498e+01 6.657223037727686421e-01 1.337267315480336095e-02 -8.970413846384353018e-01
3.064000000000000000e+03 1.993621813703988366e+01 6.651773608069788679e-01 1.336051757388659160e-02 -8.942947192239181220e-01
3.065000000000000000e+03 1.988397762317012507e+01 6.646453297397604265e-01 1.334837272625612192e-02 -8.916417815040086348e-01
3.066000000000000000e+03 1.983194143671273224e+01 6.641274795526043162e-01 1.333623857504023444e-02 -8.890788644295213317e-01
3.067000000000000000e+03 1.978002424791475633e+01 6.636221067850753830e-01 1.332411510074242751e-02 -8.866023078811907654e-01
3.068000000000000000e+03 1.972828926194041088e+01 6.631297350814346903e-01 1.331200230207334710e-02 -8.842159265469882179e-01
3.069000000000000000e+03 1.967672536660713689e+01 6.626501435542363483e-01 1.329990019655891489e-02 -8.819161527266838885e-01
3.070000000000000000e+03 1.962539569873023382e+01 6.621831093252843470e-01 1.328780882102075997e-02 -8.797068925154053476e-01
3.071000000000000000e+03 1.957421479408023757e+01 6.617269215638611479e-01 1.327572823187662780e-02 -8.775846685641884859e-01
3.072000000000000000e+03 1.952317143949979084e+01 6.612828382076025857e-01 1.326365850524219465e-02 -8.755534762195101850e-01
3.073000000000000000e+03 1.947232867566540548e+01 6.608491429954859164e-01 1.325159973689002749e-02 -8.736024978900011062e-01
3.074000000000000000e+03 1.942167523399461615e+01 6.604256021937147114e-01 1.323955204205228692e-02 -8.717358158433317072e-01
3.075000000000000000e+03 1.937127410870002109e+01 6.600127214791758901e-01 1.322751555495089125e-02 -8.699575548803134550e-01
3.076000000000000000e+03 1.932096542894189639e+01 6.596087743204047671e-01 1.321549042829428706e-02 -8.682570249883395652e-01
3.077000000000000000e+03 1.927088645058718086e+01 6.592135158767228331e-01 1.320347683245580959e-02 -8.666458624260090504e-01
3.078000000000000000e+03 1.922102586347050845e+01 6.588266970549401247e-01 1.319147495463986186e-02 -8.651134589352875714e-01
3.079000000000000000e+03 1.917137236765540464e+01 6.584480642391626892e-01 1.317948499777816390e-02 -8.636566744366471760e-01
3.080000000000000000e+03 1.912191468360674662e+01 6.580766161885764909e-01 1.316750717933592128e-02 -8.622798363046595416e-01
3.081000000000000000e+03 1.907264156320680470e+01 6.577106037733714272e-01 1.315554172996787757e-02 -8.609873102752574336e-01
3.082000000000000000e+03 1.902354180153404073e+01 6.573512438889987930e-01 1.314358889205701104e-02 -8.597686429855079249e-01
3.083000000000000000e+03 1.897467853281833783e+01 6.569967765183961639e-01 1.313164891812080605e-02 -8.586238175882573431e-01
3.084000000000000000e+03 1.892596639296494487e+01 6.566461786528914324e-01 1.311972206914215587e-02 -8.575543389400124283e-01
3.085000000000000000e+03 1.887754295057586162e+01 6.562999068764582278e-01 1.310780861281591464e-02 -8.565580329492316070e-01
3.086000000000000000e+03 1.882924873631193208e+01 6.559561829433837588e-01 1.309590882169767503e-02 -8.556327599310503684e-01
3.087000000000000000e+03 1.878129580855538094e+01 6.556147077097919107e-01 1.308402297133557692e-02 -8.547778994442122302e-01
3.088000000000000000e+03 1.873345064916867742e+01 6.552744323886762201e-01 1.307215133835492107e-02 -8.539921209408913860e-01
3.089000000000000000e+03 1.868592557984153757e+01 6.549357868189066290e-01 1.306029419851124571e-02 -8.532726400758242624e-01
3.090000000000000000e+03 1.863856165779352025e+01 6.545962222229099181e-01 1.304845182472954765e-02 -8.526189320157313567e-01
3.091000000000000000e+03 1.859149724132313608e+01 6.542561536586068982e-01 1.303662448522782680e-02 -8.520290163897228375e-01
3.092000000000000000e+03 1.854464801899634452e+01 6.539145027851684944e-01 1.302481244157688463e-02 -8.515016849121778142e-01
3.093000000000000000e+03 1.849807844043100147e+01 6.535709261480751042e-01 1.301301594687609593e-02 -8.510342719887653562e-01
3.094000000000000000e+03 1.845170459501278870e+01 6.532228436232559998e-01 1.300123524398386077e-02 -8.506248823269728643e-01
3.095000000000000000e+03 1.840566564148087991e+01 6.528713808859033518e-01 1.298947056378240393e-02 -8.502723900368200916e-01
3.096000000000000000e+03 1.835980383472826816e+01 6.525139408531623886e-01 1.297772212361836784e-02 -8.499727235528844460e-01
3.097000000000000000e+03 1.831425880428813713e+01 6.521508889968484768e-01 1.296599012580101039e-02 -8.497262930788475055e-01
3.098000000000000000e+03 1.826894757934165980e+01 6.517803533003410088e-01 1.295427475621606199e-02 -8.495290756598583570e-01
3.099000000000000000e+03 1.822386173123024022e+01 6.514019382404145908e-01 1.294257618310019724e-02 -8.493800426243671708e-01
3.100000000000000000e+03 1.817914166436417034e+01 6.510137532585240638e-01 1.293089455600489150e-02 -8.492767016657440937e-01
3.101000000000000000e+03 1.813462980077033748e+01 6.506163071452096824e-01 1.291923000481430550e-02 -8.492162944920397250e-01
3.102000000000000000e+03 1.809046149109531498e+01 6.502093348650217486e-01 1.290758263899935941e-02 -8.491986487574343379e-01
3.103000000000000000e+03 1.804654839590353532e+01 6.497912562035836892e-01 1.289595254707287877e-02 -8.492240671557559351e-01
3.104000000000000000e+03 1.800287674284465211e+01 6.493641950508954874e-01 1.288433979613223639e-02 -8.492936136317920104e-01
3.105000000000000000e+03 1.795950732781133752e+01 6.489272937221799431e-01 1.287274443168648363e-02 -8.494068839784647551e-01
3.106000000000000000e+03 1.791642694776314571e+01 6.484796841392774791e-01 1.286116647757378460e-02 -8.495642334479646118e-01
3.107000000000000000e+03 1.787362268272819676e+01 6.480227161821174864e-01 1.284960593613156295e-02 -8.497645473569988006e-01
3.108000000000000000e+03 1.783108189298376445e+01 6.475555005302319200e-01 1.283806278850677454e-02 -8.500089543770324996e-01
3.109000000000000000e+03 1.778879221493990670e+01 6.470786226947510267e-01 1.282653699521653021e-02 -8.502971114791709750e-01
3.110000000000000000e+03 1.774681583926222928e+01 6.465911715405803228e-01 1.281502849677632928e-02 -8.506286887295381183e-01
3.111000000000000000e+03 1.770506665376510114e+01 6.460944533290524650e-01 1.280353721460119297e-02 -8.510041112549457942e-01
3.112000000000000000e+03 1.766360736965751599e+01 6.455860489106799438e-01 1.279206305201025830e-02 -8.514223298740578594e-01
3.113000000000000000e+03 1.762242666217080611e+01 6.450687276237768719e-01 1.278060589542292548e-02 -8.518837915793396887e-01
3.114000000000000000e+03 1.758151344416979001e+01 6.445400474878867358e-01 1.276916561566078002e-02 -8.523867245092002776e-01
3.115000000000000000e+03 1.754085685531794070e+01 6.440012691132750433e-01 1.275774206940911114e-02 -8.529315941111672572e-01
3.116000000000000000e+03 1.750044625038935564e+01 6.434521557503861677e-01 1.274633510080411432e-02 -8.535166452899959344e-01
3.117000000000000000e+03 1.746034547032859052e+01 6.428924588600536394e-01 1.273494454306493481e-02 -8.541408729113156850e-01
3.118000000000000000e+03 1.742054426215307572e+01 6.423219180189969624e-01 1.272357022033760408e-02 -8.548047638053954955e-01
3.119000000000000000e+03 1.738103254882260273e+01 6.417410036659609851e-01 1.271221194946608318e-02 -8.555073246004251120e-01
3.120000000000000000e+03 1.734172613167887889e+01 6.411486885130819324e-01 1.270086954194871338e-02 -8.562468237356418710e-01
3.121000000000000000e+03 1.730276381009024433e+01 6.405461616430209171e-01 1.268954280582599778e-02 -8.570230191487243632e-01
3.122000000000000000e+03 1.726406166588492042e+01 6.399323714261760943e-01 1.267823154768152327e-02 -8.578341861220092346e-01
3.123000000000000000e+03 1.722568446624744709e+01 6.393069967936019227e-01 1.266693557461730409e-02 -8.586786021424982485e-01
3.124000000000000000e+03 1.718754851515066662e+01 6.386697043402392859e-01 1.265565469618886232e-02 -8.595560317651810278e-01
3.125000000000000000e+03 1.714964448948493470e+01 6.380216339385866853e-01 1.264438872634242664e-02 -8.604647544692427541e-01
3.126000000000000000e+03 1.711211170848177332e+01 6.373616845125585906e-01 1.263313748530484927e-02 -8.614045351971043596e-01
3.127000000000000000e+03 1.707479241903650902e+01 6.366894853319556846e-01 1.262190080136276621e-02 -8.623721665455372776e-01
3.128000000000000000e+03 1.703775176709264727e+01 6.360053959720695094e-01 1.261067851264979604e-02 -8.633674106492823519e-01
3.129000000000000000e+03 1.700098065113618517e+01 6.353090206085846292e-01 1.259947046876298653e-02 -8.643877985409595954e-01
3.130000000000000000e+03 1.696454427744399851e+01 6.345999508228024055e-01 1.258827653228465453e-02 -8.654316006978908238e-01
3.131000000000000000e+03 1.692828501515164419e+01 6.338792512471237428e-01 1.257709658016711342e-02 -8.664970834150121926e-01
3.132000000000000000e+03 1.689241665427309869e+01 6.331450025354410371e-01 1.256593050505136477e-02 -8.675825080140935341e-01
3.133000000000000000e+03 1.685670727817367265e+01 6.323982440291529006e-01 1.255477821632585908e-02 -8.686861300538124553e-01
3.134000000000000000e+03 1.682137065767082262e+01 6.316385167378717469e-01 1.254363964109720363e-02 -8.698054557058845226e-01
3.135000000000000000e+03 1.678624912570776218e+01 6.308653490054035862e-01 1.253251472500512866e-02 -8.709394694720902219e-01
3.136000000000000000e+03 1.675140783975447789e+01 6.300789993458238980e-01 1.252140343278756486e-02 -8.720849192220565538e-01
3.137000000000000000e+03 1.671683764339691081e+01 6.292782279443944748e-01 1.251030574873834150e-02 -8.732407724172905894e-01
3.138000000000000000e+03 1.668252934668480236e+01 6.284640108436774231e-01 1.249922167695292907e-02 -8.744037583160803040e-01
3.139000000000000000e+03 1.664847372423881566e+01 6.276358257843825950e-01 1.248815124134577785e-02 -8.755728241999475303e-01
3.140000000000000000e+03 1.661466151462389007e+01 6.267923950611646866e-01 1.247709448558432209e-02 -8.767446775814307092e-01
3.141000000000000000e+03 1.658108342098204346e+01 6.259346568885094664e-01 1.246605147269063893e-02 -8.779174995989760255e-01
3.142000000000000000e+03 1.654780439640784806e+01 6.250620512560949305e-01 1.245502228458946967e-02 -8.790879728989087205e-01
3.143000000000000000e+03 1.651474079652429694e+01 6.241747484692271586e-01 1.244400702140436091e-02 -8.802549950353674157e-01
3.144000000000000000e+03 1.648195751774523288e+01 6.232729063539177439e-01 1.243300580060218395e-02 -8.814144778529996449e-01
3.145000000000000000e+03 1.644937086863459186e+01 6.223559274666885521e-01 1.242201875597666490e-02 -8.825645465638904952e-01
3.146000000000000000e+03 1.641704571034043525e+01 6.214232019791746664e-01 1.241104603641770589e-02 -8.837025676433940546e-01
3.147000000000000000e+03 1.638497261349387202e+01 6.204755934023158392e-01 1.240008780464564413e-02 -8.848258909062436395e-01
3.148000000000000000e+03 1.635314215001946891e+01 6.195124673051326525e-01 1.238914423570080560e-02 -8.859311059181316228e-01
3.149000000000000000e+03 1.632147061875249960e+01 6.185331770481908853e-01 1.237821551537269908e-02 -8.870155269189083924e-01
3.150000000000000000e+03 1.629002290578077350e+01 6.175385495216609844e-01 1.236730183849523053e-02 -8.880757064127641209e-01
3.151000000000000000e+03 1.625879043897166198e+01 6.165279372831075078e-01 1.235640340717362139e-02 -8.891102330312423696e-01
3.152000000000000000e+03 1.622784214969061622e+01 6.155007745207141667e-01 1.234552042889725844e-02 -8.901177269041208318e-01
3.153000000000000000e+03 1.619702496635849442e+01 6.144579925886762828e-01 1.233465311464638885e-02 -8.910995856873820120e-01
3.154000000000000000e+03 1.616640873248078591e+01 6.133982825126493843e-01 1.232380167690153884e-02 -8.920556995956878676e-01
3.155000000000000000e+03 1.613598908438923019e+01 6.123225520902028096e-01 1.231296632766755959e-02 -8.929859363810773720e-01
3.156000000000000000e+03 1.610583603002454467e+01 6.112309546453970066e-01 1.230214727647287176e-02 -8.938908834889832677e-01
3.157000000000000000e+03 1.607579682660771070e+01 6.101228891277915567e-01 1.229134472836753041e-02 -8.947711045572142030e-01
3.158000000000000000e+03 1.604601597661993040e+01 6.089984858857310224e-01 1.228055888200064831e-02 -8.956249102590384537e-01
3.159000000000000000e+03 1.601641525440867397e+01 6.078571211038297228e-01 1.226978992768147821e-02 -8.964543003461932225e-01
3.160000000000000000e+03 1.598699085086439453e+01 6.067003882547548077e-01 1.225903804554660109e-02 -8.972590203472839976e-01
3.161000000000000000e+03 1.595781338351731726e+01 6.055268983699010343e-01 1.224830340378521044e-02 -8.980380466328504729e-01
3.162000000000000000e+03 1.592880505544727932e+01 6.043367371694478019e-01 1.223758615700452218e-02 -8.987918143325327458e-01
3.163000000000000000e+03 1.589996251442713593e+01 6.031314651863767251e-01 1.222688644463376315e-02 -8.995199882601155883e-01
3.164000000000000000e+03 1.587128257717789026e+01 6.019089180492481761e-01 1.221620438951591565e-02 -9.002229480321466415e-01
3.165000000000000000e+03 1.584283651966296524e+01 6.006713777993893943e-01 1.220554009660309615e-02 -9.009003018656790429e-01
3.166000000000000000e+03 1.581454723232617177e+01 5.994174018413677141e-01 1.219489365184493572e-02 -9.015516289007391437e-01
3.167000000000000000e+03 1.578641207522834833e+01 5.981470229277784378e-01 1.218426512117689285e-02 -9.021772215431126396e-01
3.168000000000000000e+03 1.575850288149895206e+01 5.968617493025573095e-01 1.217365454971796462e-02 -9.027758564875387748e-01
3.169000000000000000e+03 1.573066882555025003e+01 5.955601078378166546e-01 1.216306196114247916e-02 -9.033477656071865480e-01
3.170000000000000000e+03 1.570313069205424306e+01 5.942435868646142039e-01 1.215248735724816856e-02 -9.038924070192126958e-01
3.171000000000000000e+03 1.567566375707704829e+01 5.929106936468977462e-01 1.214193071765036838e-02 -9.044092075119892771e-01
3.172000000000000000e+03 1.564841490495638610e+01 5.915628972192097379e-01 1.213139199973875017e-02 -9.048975621589223639e-01
3.173000000000000000e+03 1.562130835731444023e+01 5.901986858673841096e-01 1.212087113878576074e-02 -9.053583196241583586e-01
3.174000000000000000e+03 1.559434280279065810e+01 5.888202528079078402e-01 1.211036804826397945e-02 -9.057885819748132672e-01
3.175000000000000000e+03 1.556751710797000854e+01 5.874253251700051193e-01 1.209988262029359704e-02 -9.061898755453589027e-01
3.176000000000000000e+03 1.554090459405412439e+01 5.860160781862759904e-01 1.208941472637124932e-02 -9.065607222880760485e-01
3.177000000000000000e+03 1.551435589479887156e+01 5.845924498508876521e-01 1.207896421816482234e-02 -9.068996108352814778e-01
3.178000000000000000e+03 1.548801893181013511e+01 5.831543696008459898e-01 1.206853092857547959e-02 -9.072072247475808648e-01
3.179000000000000000e+03 1.546174463619537143e+01 5.817032441650866748e-01 1.205811467287992537e-02 -9.074871851129441280e-01
3.180000000000000000e+03 1.543568120522014731e+01 5.802382435709987352e-01 1.204771525007424307e-02 -9.077274794554828219e-01
3.181000000000000000e+03 1.540975410547408941e+01 5.787600155037750937e-01 1.203733244432554118e-02 -9.079383461260693844e-01
3.182000000000000000e+03 1.538396319370040644e+01 5.772699426580394366e-01 1.202696602656497943e-02 -9.081077040247618193e-01
3.183000000000000000e+03 1.535823413584452624e+01 5.757671715867582751e-01 1.201661575615072843e-02 -9.082531508952471633e-01
3.184000000000000000e+03 1.533271552645573621e+01 5.742530699025543139e-01 1.200628138268123452e-02 -9.083551080337820549e-01
3.185000000000000000e+03 1.530725888900972720e+01 5.727267694608172421e-01 1.199596264788452792e-02 -9.084162469700549636e-01
3.186000000000000000e+03 1.528193864482950204e+01 5.711888807301312987e-01 1.198565928749252552e-02 -9.084466326625759702e-01
3.187000000000000000e+03 1.525675496316095625e+01 5.696400073193123026e-01 1.197537103323654747e-02 -9.084340100100977144e-01
3.188000000000000000e+03 1.523163374506240686e+01 5.680807461762474864e-01 1.196509761484428405e-02 -9.083809455309186376e-01
3.189000000000000000e+03 1.520664945772890242e+01 5.665102021182828462e-01 1.195483876206284921e-02 -9.082899706055577171e-01
3.190000000000000000e+03 1.518180226785294096e+01 5.649297022093270337e-01 1.194459420662531864e-02 -9.081561530839379337e-01
3.191000000000000000e+03 1.515701802566726819e+01 5.633398246230465478e-01 1.193436368424523851e-02 -9.079819539569896625e-01
3.192000000000000000e+03 1.513229681628949663e+01 5.617411416824861226e-01 1.192414693652545793e-02 -9.077623706401881654e-01
3.193000000000000000e+03 1.510763866097518182e+01 5.601334772307511312e-01 1.191394371282868125e-02 -9.074997936703677048e-01
3.194000000000000000e+03 1.508311778590693919e+01 5.585173925077747681e-01 1.190375377207973130e-02 -9.071891500131135100e-01
3.195000000000000000e+03 1.505865975761590292e+01 5.568941863579920382e-01 1.189357688442592084e-02 -9.068327597821659314e-01
3.196000000000000000e+03 1.503419003666253673e+01 5.552636669336836750e-01 1.188341283283625427e-02 -9.064254795681746524e-01
3.197000000000000000e+03 1.500985681566506180e+01 5.536263804091664520e-01 1.187326141456707292e-02 -9.059769875284697793e-01
3.198000000000000000e+03 1.498558530674147882e+01 5.519828683554429682e-01 1.186312244249609384e-02 -9.054746416842550660e-01
3.199000000000000000e+03 1.496137486499474889e+01 5.503336679503993967e-01 1.185299574627156696e-02 -9.049206217289212928e-01
3.200000000000000000e+03 1.493715041207476446e+01 5.486785693542773901e-01 1.184288117335814856e-02 -9.043170723931253097e-01
3.201000000000000000e+03 1.491291260120769735e+01 5.470194716949858815e-01 1.183277858986717460e-02 -9.036588657803630298e-01
3.202000000000000000e+03 1.488881691253675221e+01 5.453548367370539829e-01 1.182268788125758613e-02 -9.029490299855611468e-01
3.203000000000000000e+03 1.486464884387872054e+01 5.436844927996260513e-01 1.181260895283729913e-02 -9.021833206462985810e-01
3.204000000000000000e+03 1.484056513491095153e+01 5.420097505330924159e-01 1.180254173007719981e-02 -9.013648871267881946e-01
3.205000000000000000e+03 1.481649949591855098e+01 5.403289461198500510e-01 1.179248615874590317e-02 -9.004968442704992526e-01
3.206000000000000000e+03 1.479245973988333240e+01 5.386441270002632065e-01 1.178244220484633668e-02 -8.995748441596569389e-01
3.207000000000000000e+03 1.476845349836886534e+01 5.369536237328518258e-01 1.177240985439730221e-02 -8.985945045822906208e-01
3.208000000000000000e+03 1.474456250570512950e+01 5.352579928846262769e-01 1.176238911298760001e-02 -8.975662658563342555e-01
3.209000000000000000e+03 1.472057118342674187e+01 5.335577887356689475e-01 1.175238000521253330e-02 -8.964931059096273858e-01
3.210000000000000000e+03 1.469670947848073617e+01 5.318528206533508218e-01 1.174238257385331989e-02 -8.953556837172608196e-01
3.211000000000000000e+03 1.467283574906632992e+01 5.301428961359366809e-01 1.173239687900272388e-02 -8.941717662488527507e-01
3.212000000000000000e+03 1.464903103814874719e+01 5.284285638556815989e-01 1.172242299690419605e-02 -8.929368018193136747e-01
3.213000000000000000e+03 1.462522766249984052e+01 5.267088853610027988e-01 1.171246101879594610e-02 -8.916536336506593052e-01
3.214000000000000000e+03 1.460150635424354348e+01 5.249851494582726819e-01 1.170251104943555685e-02 -8.903176433403420242e-01
3.215000000000000000e+03 1.457772485177638089e+01 5.232556725722904423e-01 1.169257320572879982e-02 -8.889241793891198284e-01
3.216000000000000000e+03 1.455403789352286559e+01 5.215217416314824606e-01 1.168264761502850989e-02 -8.874908424381622307e-01
3.217000000000000000e+03 1.453037724336119396e+01 5.197831572616873341e-01 1.167273441348728492e-02 -8.859980586630185062e-01
3.218000000000000000e+03 1.450667455167405073e+01 5.180397196592337883e-01 1.166283374428048365e-02 -8.844559351315017803e-01
3.219000000000000000e+03 1.448300993338722797e+01 5.162912287929212196e-01 1.165294575578202686e-02 -8.828596899182180602e-01
3.220000000000000000e+03 1.445938912887147154e+01 5.145389702750059469e-01 1.164307059968204376e-02 -8.812193657323244000e-01
3.221000000000000000e+03 1.443574351561120039e+01 5.127834870559253577e-01 1.163320842909229720e-02 -8.795301167545314103e-01
3.222000000000000000e+03 1.441207868701872208e+01 5.110230939528878080e-01 1.162335939663159540e-02 -8.777870655872381800e-01
3.223000000000000000e+03 1.438847446426468046e+01 5.092598205274827539e-01 1.161352365253781084e-02 -8.759927318667827256e-01
3.224000000000000000e+03 1.436486205750346379e+01 5.074927257666264069e-01 1.160370134278337038e-02 -8.741570325377990835e-01
3.225000000000000000e+03 1.434117264439572104e+01 5.057230981225816491e-01 1.159389260724647333e-02 -8.722749970900929295e-01
3.226000000000000000e+03 1.431756023180344073e+01 5.039507415313245753e-01 1.158409757793658554e-02 -8.703416245601089951e-01
3.227000000000000000e+03 1.429388168201843179e+01 5.021754612746875956e-01 1.157431637728994697e-02 -8.683593121958917971e-01
3.228000000000000000e+03 1.427021670747728699e+01 5.003985498410323807e-01 1.156454911657061636e-02 -8.663304274359331369e-01
3.229000000000000000e+03 1.424657074629915776e+01 4.986190729392386278e-01 1.155479589437756992e-02 -8.642573082524384054e-01
3.230000000000000000e+03 1.422287497108874277e+01 4.968375838614184636e-01 1.154505679523872182e-02 -8.621348351592488246e-01
3.231000000000000000e+03 1.419906058040924712e+01 4.950553808338372108e-01 1.153533188837447231e-02 -8.599727166355244368e-01
3.232000000000000000e+03 1.417535593985066811e+01 4.932722786961366568e-01 1.152562122658696425e-02 -8.577657761127508440e-01
3.233000000000000000e+03 1.415154375307993995e+01 4.914888375890031913e-01 1.151592484528750349e-02 -8.555088090783692367e-01
3.234000000000000000e+03 1.412762961839367826e+01 4.897056202999403585e-01 1.150624276171321146e-02 -8.532188685448000021e-01
3.235000000000000000e+03 1.410376774914967868e+01 4.879224496072314121e-01 1.149657497428267262e-02 -8.508832670310693125e-01
3.236000000000000000e+03 1.407981527554760426e+01 4.861413797971140816e-01 1.148692146215751948e-02 -8.485041471126814061e-01
3.237000000000000000e+03 1.405585223077348012e+01 4.843622398288102704e-01 1.147728218491481100e-02 -8.460836251843530942e-01
3.238000000000000000e+03 1.403181013392577725e+01 4.825848620126762523e-01 1.146765708250243113e-02 -8.436237919378970496e-01
3.239000000000000000e+03 1.400769483976400487e+01 4.808105678513507342e-01 1.145804607526809162e-02 -8.411341412046111632e-01
3.240000000000000000e+03 1.398358653675479779e+01 4.790399397035595697e-01 1.144844906424869260e-02 -8.385944287102252703e-01
3.241000000000000000e+03 1.395934260992628495e+01 4.772728209508819708e-01 1.143886593154476092e-02 -8.360289560971365663e-01
3.242000000000000000e+03 1.393504333759043945e+01 4.755105446672104330e-01 1.142929654097420665e-02 -8.334248596044296908e-01
3.243000000000000000e+03 1.391069475191788740e+01 4.737529624407674778e-01 1.141974073882450792e-02 -8.307841090650200933e-01
3.244000000000000000e+03 1.388630291594834176e+01 4.719999302038896394e-01 1.141019835473570943e-02 -8.281086517624078880e-01
3.245000000000000000e+03 1.386179963257422010e+01 4.702535368952742156e-01 1.140066920282654071e-02 -8.254004129994236827e-01
3.246000000000000000e+03 1.383719100307462391e+01 4.685136476045523302e-01 1.139115308285781197e-02 -8.226538683271139574e-01
3.247000000000000000e+03 1.381255741776034718e+01 4.667801322293971267e-01 1.138164978161066744e-02 -8.198857575350367854e-01
3.248000000000000000e+03 1.378783069530878791e+01 4.650543512949948943e-01 1.137215907430689892e-02 -8.170830867977658674e-01
3.249000000000000000e+03 1.376294263889752223e+01 4.633376704306079730e-01 1.136268072619591590e-02 -8.142551277333104354e-01
3.250000000000000000e+03 1.373804787522134774e+01 4.616292320083744127e-01 1.135321449415730398e-02 -8.113962762659616690e-01
3.251000000000000000e+03 1.371300476216233299e+01 4.599302850060890679e-01 1.134376012848534176e-02 -8.085155102665918525e-01
3.252000000000000000e+03 1.368782378997023130e+01 4.582408319404548958e-01 1.133431737457163413e-02 -8.055984792829642416e-01
3.253000000000000000e+03 1.366259057244868558e+01 4.565607537017917217e-01 1.132488597478820309e-02 -8.026602727679703619e-01
3.254000000000000000e+03 1.363731636283786486e+01 4.548891941392116944e-01 1.131546567031623679e-02 -7.997011069953950946e-01
3.255000000000000000e+03 1.361186375731709575e+01 4.532282743645832945e-01 1.130605620296545530e-02 -7.967063256985456032e-01
3.256000000000000000e+03 1.358639238306044561e+01 4.515756645278993786e-01 1.129665731702952230e-02 -7.936909708128316865e-01
3.257000000000000000e+03 1.356076461740686590e+01 4.499327551249532875e-01 1.128726876109679804e-02 -7.906477846664335951e-01
3.258000000000000000e+03 1.353513984333196341e+01 4.482987144362668985e-01 1.127789028981118248e-02 -7.875694956740939556e-01
3.259000000000000000e+03 1.350938016925113239e+01 4.466734599829622065e-01 1.126852166560075690e-02 -7.844711040307116301e-01
3.260000000000000000e+03 1.348349611833605977e+01 4.450576586391677414e-01 1.125916266032470948e-02 -7.813453122516799132e-01
3.261000000000000000e+03 1.345757233389353758e+01 4.434512410710185759e-01 1.124981305677690523e-02 -7.781922392139960509e-01
3.262000000000000000e+03 1.343161900191866742e+01 4.418526590071193971e-01 1.124047265019392262e-02 -7.750119924436432717e-01
3.263000000000000000e+03 1.340549755791836084e+01 4.402633423507940624e-01 1.123114124955798890e-02 -7.718046687502149172e-01
3.264000000000000000e+03 1.337936637910345183e+01 4.386824994334292405e-01 1.122181867884390963e-02 -7.685629265074299665e-01
3.265000000000000000e+03 1.335308650847334455e+01 4.371100884496263439e-01 1.121250477805202199e-02 -7.653016996807703309e-01
3.266000000000000000e+03 1.332674163243324905e+01 4.355468175486197913e-01 1.120319940417882111e-02 -7.620136283477715322e-01
3.267000000000000000e+03 1.330034094093808328e+01 4.339911735820529692e-01 1.119390243199484825e-02 -7.586913443653287015e-01
3.268000000000000000e+03 1.327389340625212633e+01 4.324446220334656754e-01 1.118461375463570585e-02 -7.553497570314045007e-01
3.269000000000000000e+03 1.324733349584707298e+01 4.309071500888023154e-01 1.117533328409132248e-02 -7.519814835885716420e-01
3.270000000000000000e+03 1.322066973697974035e+01 4.293787523835563280e-01 1.116606095147897049e-02 -7.485865632237602707e-01
3.271000000000000000e+03 1.319398471545680529e+01 4.278601739112544711e-01 1.115679670717936549e-02 -7.451724576606898465e-01
3.272000000000000000e+03 1.316721222509208289e+01 4.263499387532465046e-01 1.114754052076838593e-02 -7.417317666949015953e-01
3.273000000000000000e+03 1.314036011937719017e+01 4.248502928251522426e-01 1.113829238082339988e-02 -7.382719421739154519e-01
3.274000000000000000e+03 1.311351031383054710e+01 4.233597755893035997e-01 1.112905229452845410e-02 -7.347930035189277342e-01
3.275000000000000000e+03 1.308652165549955448e+01 4.218791627940368660e-01 1.111982028713983175e-02 -7.312875382906416366e-01
3.276000000000000000e+03 1.305947562861797984e+01 4.204084951891380872e-01 1.111059640127757923e-02 -7.277704161494655821e-01
3.277000000000000000e+03 1.303237922632614953e+01 4.189478214128514177e-01 1.110138069608786367e-02 -7.242267909564866768e-01
3.278000000000000000e+03 1.300516495743670298e+01 4.174964552053164191e-01 1.109217324625449801e-02 -7.206715281220176239e-01
3.279000000000000000e+03 1.297798798818572763e+01 4.160552039586046802e-01 1.108297414088187105e-02 -7.170972066942081780e-01
3.280000000000000000e+03 1.295063188285976175e+01 4.146233974180642545e-01 1.107378348228888441e-02 -7.135038332946740391e-01
3.281000000000000000e+03 1.292325144829752404e+01 4.132026018955438640e-01 1.106460138459086293e-02 -7.098988426475513203e-01
3.282000000000000000e+03 1.289577847609296946e+01 4.117914204587289073e-01 1.105542797234420303e-02 -7.062748130526427248e-01
3.283000000000000000e+03 1.286829317098771419e+01 4.103906928075456984e-01 1.104626337898897796e-02 -7.026466086557004997e-01
3.284000000000000000e+03 1.284065274480069974e+01 4.090012667968958571e-01 1.103710774527542730e-02 -6.989993815111653630e-01
3.285000000000000000e+03 1.281301141285138279e+01 4.076225127910999557e-01 1.102796121761053134e-02 -6.953479988945711066e-01
3.286000000000000000e+03 1.278530042170855197e+01 4.062552950251495654e-01 1.101882394639585976e-02 -6.916850453574279189e-01
3.287000000000000000e+03 1.275752519572320587e+01 4.048990002824657264e-01 1.100969608435167432e-02 -6.880179649816998699e-01
3.288000000000000000e+03 1.272961678269576069e+01 4.035545092496783393e-01 1.100057778476242962e-02 -6.843467768293198805e-01
3.289000000000000000e+03 1.270165471709896643e+01 4.022212251878593547e-01 1.099146919984800123e-02 -6.806715037900901155e-01
3.290000000000000000e+03 1.267364418222197031e+01 4.009000452808647030e-01 1.098237047905424764e-02 -6.769921730770102064e-01
3.291000000000000000e+03 1.264559030615565938e+01 3.995903893002073493e-01 1.097328176747731920e-02 -6.733088167196716878e-01
3.292000000000000000e+03 1.261742389050155033e+01 3.982924281120736598e-01 1.096420320423287589e-02 -6.696289004061952710e-01
3.293000000000000000e+03 1.258914998921716943e+01 3.970070836760334898e-01 1.095513492099267454e-02 -6.659524672731674810e-01
3.294000000000000000e+03 1.256084791998985040e+01 3.957338005356399457e-01 1.094607704055318778e-02 -6.622721383947792750e-01
3.295000000000000000e+03 1.253244842454646424e+01 3.944727743160378330e-01 1.093702967554419092e-02 -6.586028266721877245e-01
3.296000000000000000e+03 1.250395652933639923e+01 3.932249517135260053e-01 1.092799292717092953e-02 -6.549371672194770344e-01
3.297000000000000000e+03 1.247545155498777980e+01 3.919898019769453845e-01 1.091896688411971711e-02 -6.512826596017460279e-01
3.298000000000000000e+03 1.244686427446541899e+01 3.907675453961713674e-01 1.090995162161760741e-02 -6.476393832706321962e-01
3.299000000000000000e+03 1.241819977139020104e+01 3.895591532825503633e-01 1.090094720059129295e-02 -6.440074264002342286e-01
3.300000000000000000e+03 1.238946316343989551e+01 3.883641194413025577e-01 1.089195366693375064e-02 -6.403943147223686294e-01
3.301000000000000000e+03 1.236065921484042107e+01 3.871833977389663173e-01 1.088297105098839923e-02 -6.367923351825868217e-01
3.302000000000000000e+03 1.233179116095012517e+01 3.860170723285671901e-01 1.087399936716299323e-02 -6.332145028421677369e-01
3.303000000000000000e+03 1.230286189257086704e+01 3.848637160243457700e-01 1.086503861366236445e-02 -6.296511665918274048e-01
3.304000000000000000e+03 1.227387435230658141e+01 3.837248810245271757e-01 1.085608877240421162e-02 -6.261001148114337944e-01
3.305000000000000000e+03 1.224483153641938316e+01 3.825991561936746277e-01 1.084714980912109862e-02 -6.225665758496634616e-01
3.306000000000000000e+03 1.221566221213917736e+01 3.814873668675599627e-01 1.083822167354108086e-02 -6.190483618010949041e-01
3.307000000000000000e+03 1.218651805145341527e+01 3.803896034697478168e-01 1.082930429977716283e-02 -6.155507256819934270e-01
3.308000000000000000e+03 1.215725364535754949e+01 3.793052214653385712e-01 1.082039760687309414e-02 -6.120640768521163899e-01
3.309000000000000000e+03 1.212787220265583521e+01 3.782343269818733145e-01 1.081150149944444354e-02 -6.085862665347174794e-01
3.310000000000000000e+03 1.209845126330162479e+01 3.771762910871857000e-01 1.080261586848133872e-02 -6.051300166322391982e-01
3.311000000000000000e+03 1.206899412733930887e+01 3.761327210744997984e-01 1.079374059225735559e-02 -6.016932067864769751e-01
3.312000000000000000e+03 1.203950413351311077e+01 3.751015177242820187e-01 1.078487553739475302e-02 -5.982588748347116292e-01
3.313000000000000000e+03 1.200983608659075585e+01 3.740843035936674554e-01 1.077602055999588720e-02 -5.948472157121657000e-01
3.314000000000000000e+03 1.198021623550114434e+01 3.730804802725415370e-01 1.076717550687615946e-02 -5.914487267441318474e-01
3.315000000000000000e+03 1.195049943129731318e+01 3.720901996570159520e-01 1.075834021689566974e-02 -5.880687781851058338e-01
3.316000000000000000e+03 1.192068910411028959e+01 3.711136210449079709e-01 1.074951452236346666e-02 -5.847053285981316240e-01
3.317000000000000000e+03 1.189086297161717631e+01 3.701494253933690359e-01 1.074069825046554058e-02 -5.813489252767032323e-01
3.318000000000000000e+03 1.186095018012822422e+01 3.691985294187879463e-01 1.073189122480372633e-02 -5.780124180588894767e-01
3.319000000000000000e+03 1.183102842990746773e+01 3.682611141787621167e-01 1.072309326684604824e-02 -5.746938179795733070e-01
3.320000000000000000e+03 1.180095254878163935e+01 3.673358821562329179e-01 1.071430419751806876e-02 -5.713911543644389912e-01
3.321000000000000000e+03 1.177094875118809369e+01 3.664237713510338779e-01 1.070552383875864912e-02 -5.680950468622567584e-01
3.322000000000000000e+03 1.174079751067759680e+01 3.655242410185368662e-01 1.069675201498906762e-02 -5.648258475673655354e-01
3.323000000000000000e+03 1.171065066956984246e+01 3.646367572506738486e-01 1.068798855464737040e-02 -5.615667862265771859e-01
3.324000000000000000e+03 1.168043716225322726e+01 3.637622785543624948e-01 1.067923329162116970e-02 -5.583233973878630740e-01
3.325000000000000000e+03 1.165016014079783169e+01 3.629002844171096420e-01 1.067048606667893307e-02 -5.551012356831136474e-01
3.326000000000000000e+03 1.161989696692998741e+01 3.620502608802697586e-01 1.066174672876069561e-02 -5.518984477978871039e-01
3.327000000000000000e+03 1.158957635395521812e+01 3.612124432746847136e-01 1.065301513626274420e-02 -5.487132011276810717e-01
3.328000000000000000e+03 1.155927549373452123e+01 3.603870732838484470e-01 1.064429115819324860e-02 -5.455436840695673251e-01
3.329000000000000000e+03 1.152892291625026466e+01 3.595743988396821189e-01 1.063557467523770436e-02 -5.423955346493334329e-01
3.330000000000000000e+03 1.149852133436778878e+01 3.587731883459406856e-01 1.062686558069153575e-02 -5.392744124331360078e-01
3.331000000000000000e+03 1.146814763882866295e+01 3.579837019094628259e-01 1.061816378131218153e-02 -5.361637137234219752e-01
3.332000000000000000e+03 1.143780432703274741e+01 3.572054627240538460e-01 1.060946919803260231e-02 -5.330839985922554147e-01
3.333000000000000000e+03 1.140734521616274932e+01 3.564394854624269304e-01 1.060078176651203449e-02 -5.300261359447807630e-01
3.334000000000000000e+03 1.137699542520752161e+01 3.556838191508303049e-01 1.059210143759465456e-02 -5.269884454707342014e-01
3.335000000000000000e+03 1.134660853835156935e+01 3.549402325670832914e-01 1.058342817762920364e-02 -5.239692694788078420e-01
3.336000000000000000e+03 1.131618658883730788e+01 3.542067857713074863e-01 1.057476196860174245e-02 -5.209818297663317832e-01
3.337000000000000000e+03 1.128580577575045396e+01 3.534845155002858119e-01 1.056610280818409513e-02 -5.180156003517649710e-01
3.338000000000000000e+03 1.125546789824992722e+01 3.527722351997710226e-01 1.055745070959201656e-02 -5.150756778695899651e-01
3.339000000000000000e+03 1.122510035774518933e+01 3.520702490754609171e-01 1.054880570133280744e-02 -5.121619823132841365e-01
3.340000000000000000e+03 1.119470472800733241e+01 3.513788662972965327e-01 1.054016782681368829e-02 -5.092766854945478538e-01
3.341000000000000000e+03 1.116443104268480546e+01 3.506976580373472596e-01 1.053153714383701575e-02 -5.064190112926610920e-01
3.342000000000000000e+03 1.113413209917811564e+01 3.500254573414466885e-01 1.052291372393220417e-02 -5.035904355803927368e-01
3.343000000000000000e+03 1.110388344888615286e+01 3.493625875046687534e-01 1.051429765159405706e-02 -5.007924577859624859e-01
3.344000000000000000e+03 1.107368626971785730e+01 3.487101191055910210e-01 1.050568902339211325e-02 -4.980251152770027168e-01
3.345000000000000000e+03 1.104346737335467132e+01 3.480654128643626555e-01 1.049708794704379625e-02 -4.952899547420823168e-01
3.346000000000000000e+03 1.101330206370201381e+01 3.474302906953786740e-01 1.048849454028607381e-02 -4.925870608798239014e-01
3.347000000000000000e+03 1.098326557844488427e+01 3.468036072235239908e-01 1.047990892975352202e-02 -4.899180277568030983e-01
3.348000000000000000e+03 1.095321024764738738e+01 3.461849638250583672e-01 1.047133124979161313e-02 -4.872829874741981815e-01
3.349000000000000000e+03 1.092328548784891851e+01 3.455739656578212249e-01 1.046276164111279924e-02 -4.846835815041631301e-01
3.350000000000000000e+03 1.089334354401597338e+01 3.449709643608352416e-01 1.045420024952081056e-02 -4.821207321712345784e-01
3.351000000000000000e+03 1.086345840435644838e+01 3.443748939277905263e-01 1.044564722455601675e-02 -4.795944645501583059e-01
3.352000000000000000e+03 1.083369972036310891e+01 3.437871782891656069e-01 1.043710271809965458e-02 -4.771048578661413742e-01
3.353000000000000000e+03 1.080398749042115369e+01 3.432055949523642457e-01 1.042856688303447042e-02 -4.746518368584866088e-01
3.354000000000000000e+03 1.077431600101090226e+01 3.426323815360125535e-01 1.042003987180970329e-02 -4.722353498127569993e-01
3.355000000000000000e+03 1.074467955388365148e+01 3.420660644478638046e-01 1.041152183512921922e-02 -4.698553685065304797e-01
3.356000000000000000e+03 1.071507247662507112e+01 3.415074014281822001e-01 1.040301292062933806e-02 -4.675118881486459710e-01
3.357000000000000000e+03 1.068556341652194597e+01 3.409564100728859626e-01 1.039451327156399804e-02 -4.652041844773485701e-01
3.358000000000000000e+03 1.065607250013928642e+01 3.404131105318292660e-01 1.038602302562713180e-02 -4.629330421930121231e-01
3.359000000000000000e+03 1.062666847705744466e+01 3.398767825372907003e-01 1.037754231373335702e-02 -4.606977835403634480e-01
3.360000000000000000e+03 1.059727159515737860e+01 3.393489366077017677e-01 1.036907125898030649e-02 -4.584984967313359139e-01
3.361000000000000000e+03 1.056795074342536012e+01 3.388281140664112789e-01 1.036060997563513844e-02 -4.563352930230600846e-01
3.362000000000000000e+03 1.053862632617208916e+01 3.383143439160783417e-01 1.035215856823547102e-02 -4.542090494620774077e-01
3.363000000000000000e+03 1.050944168815075130e+01 3.378091427032807181e-01 1.034371713077745537e-02 -4.521184374492455138e-01
3.364000000000000000e+03 1.048024313696899412e+01 3.373110573733529294e-01 1.033528574602567487e-02 -4.500651224862943778e-01
3.365000000000000000e+03 1.045109993381377400e+01 3.368208649809720789e-01 1.032686448494542393e-02 -4.480470785584922400e-01
3.366000000000000000e+03 1.042200716488840584e+01 3.363378583809330524e-01 1.031845340622099434e-02 -4.460652735441532624e-01
3.367000000000000000e+03 1.039296002957003218e+01 3.358620745995823942e-01 1.031005255593010067e-02 -4.441199549305102634e-01
3.368000000000000000e+03 1.036395384424870336e+01 3.353935518666779081e-01 1.030166196732197441e-02 -4.422091640311605620e-01
3.369000000000000000e+03 1.033498404533442816e+01 3.349315866477429182e-01 1.029328166075175674e-02 -4.403339357153482347e-01
3.370000000000000000e+03 1.030612047492618721e+01 3.344777048521602736e-01 1.028491164368153070e-02 -4.384945841132690814e-01
3.371000000000000000e+03 1.027721024812744766e+01 3.340297190214654988e-01 1.027655191085239533e-02 -4.366899596579893461e-01
3.372000000000000000e+03 1.024839773805501331e+01 3.335891565486850396e-01 1.026820244456248463e-02 -4.349196774633711793e-01
3.373000000000000000e+03 1.021967887449605961e+01 3.331545740327795935e-01 1.025986321505784581e-02 -4.331841171930203016e-01
3.374000000000000000e+03 1.019097542628536246e+01 3.327267569940698388e-01 1.025153418103549353e-02 -4.314836800897275393e-01
3.375000000000000000e+03 1.016228356641665087e+01 3.323050055699617866e-01 1.024321529025512025e-02 -4.298173031653233500e-01
3.376000000000000000e+03 1.013367386941660442e+01 3.318893628914597604e-01 1.023490648024867264e-02 -4.281846875607456249e-01
3.377000000000000000e+03 1.010514274102379240e+01 3.314798721201653309e-01 1.022660767914377634e-02 -4.265862983956464904e-01
3.378000000000000000e+03 1.007668669773282133e+01 3.310758334859643104e-01 1.021831880648654128e-02 -4.250218789423419463e-01
3.379000000000000000e+03 1.004822807874508861e+01 3.306772898302696717e-01 1.021003977426281420e-02 -4.234904504638613565e-01
3.380000000000000000e+03 1.001991217490138553e+01 3.302835408098713788e-01 1.020177048789383881e-02 -4.219925405505610128e-01
3.381000000000000000e+03 9.991587238619493050e+00 3.298953712765151369e-01 1.019351084730350451e-02 -4.205279544397979574e-01
3.382000000000000000e+03 9.963398745967223746e+00 3.295120798119235972e-01 1.018526074802854169e-02 -4.190957748335829014e-01
3.383000000000000000e+03 9.935195122362769027e+00 3.291329642736079419e-01 1.017702008236852015e-02 -4.176958473786161474e-01
3.384000000000000000e+03 9.907122004053423581e+00 3.287580645062796458e-01 1.016878874056969737e-02 -4.163287804683145632e-01
3.385000000000000000e+03 9.879176530370379794e+00 3.283874193839291245e-01 1.016056661196405343e-02 -4.149929736965032867e-01
3.386000000000000000e+03 9.851207336883360810e+00 3.280203238525197795e-01 1.015235358616905365e-02 -4.136890746526354357e-01
3.387000000000000000e+03 9.823360249528347410e+00 3.276560716434802623e-01 1.014414955422057903e-02 -4.124162645228154345e-01
3.388000000000000000e+03 9.795632576736947428e+00 3.272954408229120649e-01 1.013595440971262578e-02 -4.111737435266419882e-01
3.389000000000000000e+03 9.768021669688524256e+00 3.269377223313995051e-01 1.012776804989179436e-02 -4.099629591797036010e-01
3.390000000000000000e+03 9.740450632228110805e+00 3.265822055347615827e-01 1.011959037669398105e-02 -4.087816633609311912e-01
3.391000000000000000e+03 9.712991165033978191e+00 3.262289209405752621e-01 1.011142129773653052e-02 -4.076313404005474927e-01
3.392000000000000000e+03 9.685714992576873072e+00 3.258771544104676066e-01 1.010326072724602488e-02 -4.065105212924880473e-01
3.393000000000000000e+03 9.658471006940736459e+00 3.255276755484531881e-01 1.009510858689118863e-02 -4.054184975870129271e-01
3.394000000000000000e+03 9.631405247087862165e+00 3.251782805749359184e-01 1.008696480656860218e-02 -4.043560639330301409e-01
3.395000000000000000e+03 9.604440909559833983e+00 3.248304777271046051e-01 1.007882932507540158e-02 -4.033210607651183111e-01
3.396000000000000000e+03 9.577649761724426725e+00 3.244828016299090012e-01 1.007070209068837950e-02 -4.023143166706814045e-01
3.397000000000000000e+03 9.550880720553243108e+00 3.241352701934935299e-01 1.006258306165903893e-02 -4.013351910568205283e-01
3.398000000000000000e+03 9.524354117521721008e+00 3.237871559965755930e-01 1.005447220659104988e-02 -4.003830594875688043e-01
3.399000000000000000e+03 9.497918861081043218e+00 3.234384718461638109e-01 1.004636950471314571e-02 -3.994565705063246597e-01
3.400000000000000000e+03 9.471572419311097946e+00 3.230884849984707596e-01 1.003827494603670017e-02 -3.985558737891079506e-01
3.401000000000000000e+03 9.445385803879887021e+00 3.227365469455458769e-01 1.003018853144779961e-02 -3.976812628211072176e-01
3.402000000000000000e+03 9.419352808509360742e+00 3.223838401570864320e-01 1.002211027262793139e-02 -3.968313321443331376e-01
3.403000000000000000e+03 9.393540770067083656e+00 3.220286597874770784e-01 1.001404019194261120e-02 -3.960070478675923877e-01
3.404000000000000000e+03 9.367794166646740806e+00 3.216730120285680172e-01 1.000597832210003459e-02 -3.952079043980367135e-01
3.405000000000000000e+03 9.342180319991486570e+00 3.213151856577595167e-01 9.997924705915876148e-03 -3.944348953883686226e-01
3.406000000000000000e+03 9.316692263516625161e+00 3.209564374535233133e-01 9.989879395750144581e-03 -3.936875419967642009e-01
3.407000000000000000e+03 9.291397311947692472e+00 3.205965350871879949e-01 9.981842453015152619e-03 -3.929668638209675713e-01
3.408000000000000000e+03 9.266214214015423778e+00 3.202352426968883559e-01 9.973813947529426224e-03 -3.922716643113663970e-01
3.409000000000000000e+03 9.241210290202069189e+00 3.198730636283992901e-01 9.965793956834719663e-03 -3.916022445293774190e-01
3.410000000000000000e+03 9.216304302960292461e+00 3.195090118379868005e-01 9.957782565381111811e-03 -3.909596598912552512e-01
3.411000000000000000e+03 9.191563595399534492e+00 3.191443259774884300e-01 9.949779863716068026e-03 -3.903427484031026795e-01
3.412000000000000000e+03 9.166906962349862908e+00 3.187780122963362328e-01 9.941785947601190082e-03 -3.897525872430441241e-01
3.413000000000000000e+03 9.142401789790177702e+00 3.184113015661709234e-01 9.933800917051550591e-03 -3.891880353207354815e-01
3.414000000000000000e+03 9.118041210047678646e+00 3.180424491524196928e-01 9.925824875368379971e-03 -3.886501898553683110e-01
3.415000000000000000e+03 9.093818391236718313e+00 3.176726776136141184e-01 9.917857928183174826e-03 -3.881379289324264348e-01
3.416000000000000000e+03 9.069652259862204247e+00 3.173017196128766204e-01 9.909900182406977676e-03 -3.876516252451998046e-01
3.417000000000000000e+03 9.045684641043427732e+00 3.169293035120495650e-01 9.901951745251984238e-03 -3.871901743214286595e-01
3.418000000000000000e+03 9.021834563758567072e+00 3.165558961334003496e-01 9.894012723202902718e-03 -3.867547082659167357e-01
3.419000000000000000e+03 8.998169684600361151e+00 3.161812170188200155e-01 9.886083221054733916e-03 -3.863433954844107676e-01
3.420000000000000000e+03 8.974534876429098418e+00 3.158049811967740816e-01 9.878163340936271103e-03 -3.859573829348820206e-01
3.421000000000000000e+03 8.951072218917522250e+00 3.154268991169213998e-01 9.870253181366609938e-03 -3.855955958559316721e-01
3.422000000000000000e+03 8.927775303367516457e+00 3.150481622574211049e-01 9.862352836428812941e-03 -3.852577086837008502e-01
3.423000000000000000e+03 8.904563521791603264e+00 3.146677288899415448e-01 9.854462394866361427e-03 -3.849434017970497779e-01
3.424000000000000000e+03 8.881504922695057758e+00 3.142852953625246970e-01 9.846581939363311178e-03 -3.846523611018921041e-01
3.425000000000000000e+03 8.858519081985921417e+00 3.139012960451866840e-01 9.838711545830582106e-03 -3.843842776197739508e-01
3.426000000000000000e+03 8.835748525007220522e+00 3.135154176082701749e-01 9.830851282754782955e-03 -3.841381042461642359e-01
3.427000000000000000e+03 8.813038746098458276e+00 3.131273418085802063e-01 9.823001210688979759e-03 -3.839135410188516118e-01
3.428000000000000000e+03 8.790458196713718309e+00 3.127374882783967025e-01 9.815161381738981769e-03 -3.837110347213636974e-01
3.429000000000000000e+03 8.768001154503428651e+00 3.123455288120986495e-01 9.807331839213109456e-03 -3.835288071518341835e-01
3.430000000000000000e+03 8.745662009372347612e+00 3.119518729956751169e-01 9.799512617337502104e-03 -3.833665689124952647e-01
3.431000000000000000e+03 8.723435265479189127e+00 3.115554396638699486e-01 9.791703741026884511e-03 -3.832232905246908961e-01
3.432000000000000000e+03 8.701315542664115554e+00 3.111566282051491106e-01 9.783905225812978418e-03 -3.830986877245688427e-01
3.433000000000000000e+03 8.679371860797802540e+00 3.107550900241998759e-01 9.776117077831202387e-03 -3.829924782593760457e-01
3.434000000000000000e+03 8.657524789535742116e+00 3.103512141821951897e-01 9.768339293892893543e-03 -3.829028958542953220e-01
3.435000000000000000e+03 8.635769298504895275e+00 3.099446416995236819e-01 9.760571861683733919e-03 -3.828296611948517891e-01
3.436000000000000000e+03 8.614174756407575018e+00 3.095350083662113949e-01 9.752814759980193635e-03 -3.827717530695158854e-01
3.437000000000000000e+03 8.592662079056371027e+00 3.091219447197230963e-01 9.745067959051390005e-03 -3.827288936924885809e-01
3.438000000000000000e+03 8.571300861383420511e+00 3.087058188603331033e-01 9.737331421042921126e-03 -3.827000626913218961e-01
3.439000000000000000e+03 8.550086524412337852e+00 3.082862507637276206e-01 9.729605100529687550e-03 -3.826842396042919314e-01
3.440000000000000000e+03 8.528940312247337729e+00 3.078635979361518116e-01 9.721888945031096491e-03 -3.826804035469950072e-01
3.441000000000000000e+03 8.507932139111078484e+00 3.074367268966107791e-01 9.714182895686563138e-03 -3.826882757181292449e-01
3.442000000000000000e+03 8.487057734947079268e+00 3.070059845065323256e-01 9.706486887932913241e-03 -3.827068334038375985e-01
3.443000000000000000e+03 8.466312924651473892e+00 3.065709694564045518e-01 9.698800852227374217e-03 -3.827343096555588797e-01
3.444000000000000000e+03 8.445693623465878375e+00 3.061320179296010413e-01 9.691124714861821393e-03 -3.827696786408417151e-01
3.445000000000000000e+03 8.425121548578152542e+00 3.056887179282154476e-01 9.683458398731163361e-03 -3.828119124918835103e-01
3.446000000000000000e+03 8.404741347994328038e+00 3.052413949409356619e-01 9.675801824170745039e-03 -3.828607238262885515e-01
3.447000000000000000e+03 8.384474894195406591e+00 3.047888834376822342e-01 9.668154909843101885e-03 -3.829135940947889782e-01
3.448000000000000000e+03 8.364392696182623155e+00 3.043314982113912714e-01 9.660517573525807117e-03 -3.829709731156752950e-01
3.449000000000000000e+03 8.344342476411526377e+00 3.038695487113508564e-01 9.652889733004663478e-03 -3.830303360853463679e-01
3.450000000000000000e+03 8.324469149721892336e+00 3.034025962134046517e-01 9.645271306877787471e-03 -3.830906402799478250e-01
3.451000000000000000e+03 8.304694955307436288e+00 3.029302307871860611e-01 9.637662215372811564e-03 -3.831510975321032464e-01
3.452000000000000000e+03 8.285016951396253049e+00 3.024521736805966254e-01 9.630062381141977351e-03 -3.832119492871500221e-01
3.453000000000000000e+03 8.265506643696690858e+00 3.019689177891620724e-01 9.622471729968710974e-03 -3.832736909323537500e-01
3.454000000000000000e+03 8.246161291117738656e+00 3.014809507074643347e-01 9.614890191507357783e-03 -3.833353273652998494e-01
3.455000000000000000e+03 8.226903900762273736e+00 3.009872690724826882e-01 9.607317699888378790e-03 -3.833988296965759046e-01
3.456000000000000000e+03 8.207731790177522413e+00 3.004883499185397877e-01 9.599754194342384472e-03 -3.834631922619432531e-01
3.457000000000000000e+03 8.188716582891524709e+00 2.999846650236714374e-01 9.592199619686145318e-03 -3.835296321594104940e-01
3.458000000000000000e+03 8.169855637270696747e+00 2.994751952574307152e-01 9.584653926785724823e-03 -3.835971319305783722e-01
3.459000000000000000e+03 8.151072042738990220e+00 2.989611447753330320e-01 9.577117072949779472e-03 -3.836661534268601126e-01
3.460000000000000000e+03 8.132437466888159605e+00 2.984414840295049887e-01 9.569589022216367508e-03 -3.837371518301666562e-01
3.461000000000000000e+03 8.113949301978392370e+00 2.979166639660574822e-01 9.562069745571541435e-03 -3.838098325082602846e-01
3.462000000000000000e+03 8.095604945871720304e+00 2.973863875436706383e-01 9.554559221105684771e-03 -3.838853792102723816e-01
3.463000000000000000e+03 8.077327516395358842e+00 2.968510954287840176e-01 9.547057434070575777e-03 -3.839619967469272144e-01
3.464000000000000000e+03 8.059262983660451241e+00 2.963104803521597330e-01 9.539564376827541770e-03 -3.840408533614915743e-01
3.465000000000000000e+03 8.041260184298209879e+00 2.957649728069636774e-01 9.532080048765871616e-03 -3.841216234109717798e-01
3.466000000000000000e+03 8.023390805173587381e+00 2.952142554082287651e-01 9.524604456138273736e-03 -3.842039727285059825e-01
3.467000000000000000e+03 8.005652249006923071e+00 2.946587485939768380e-01 9.517137611752385026e-03 -3.842875583168623987e-01
3.468000000000000000e+03 7.988041917930844171e+00 2.940981249876777892e-01 9.509679534674282328e-03 -3.843735137138292179e-01
3.469000000000000000e+03 7.970557213951239284e+00 2.935320522673751098e-01 9.502230249803464771e-03 -3.844599916794130823e-01
3.470000000000000000e+03 7.953195539793587621e+00 2.929616788713716447e-01 9.494789787411710494e-03 -3.845481065760827932e-01
3.471000000000000000e+03 7.935954300109150594e+00 2.923851770253011462e-01 9.487358182623435027e-03 -3.846374770616773353e-01
3.472000000000000000e+03 7.918838331362853644e+00 2.918044282962315439e-01 9.479935474808024592e-03 -3.847277114661043496e-01
3.473000000000000000e+03 7.901837618618755776e+00 2.912183381178932717e-01 9.472521706982641940e-03 -3.848191503371887756e-01
3.474000000000000000e+03 7.884957011040802932e+00 2.906272928430028157e-01 9.465116925137082374e-03 -3.849106376510346150e-01
3.475000000000000000e+03 7.868186510816495449e+00 2.900316741170794188e-01 9.457721177525871270e-03 -3.850024918727678047e-01
3.476000000000000000e+03 7.851530989067973643e+00 2.894303732539681984e-01 9.450334513955880797e-03 -3.850950200129670820e-01
3.477000000000000000e+03 7.834995331803999541e+00 2.888237626232673105e-01 9.442956985057935140e-03 -3.851870316903226454e-01
3.478000000000000000e+03 7.818562157621898656e+00 2.882129528644455929e-01 9.435588641503352136e-03 -3.852780673762901120e-01
3.479000000000000000e+03 7.802243818967119715e+00 2.875975644326302927e-01 9.428229533302339566e-03 -3.853676553071082034e-01
3.480000000000000000e+03 7.786037834850818129e+00 2.869772133213844278e-01 9.420879709057722318e-03 -3.854560540737096419e-01
3.481000000000000000e+03 7.769934321986286641e+00 2.863522539523045696e-01 9.413539215214070804e-03 -3.855420238799045496e-01
3.482000000000000000e+03 7.753930854199046152e+00 2.857230363963383368e-01 9.406208095412316172e-03 -3.856250548196810124e-01
3.483000000000000000e+03 7.738039893367916200e+00 2.850899064320551735e-01 9.398886389788101495e-03 -3.857053666586519047e-01
3.484000000000000000e+03 7.722244221754846372e+00 2.844524627707053499e-01 9.391574134349390743e-03 -3.857816801201979229e-01
3.485000000000000000e+03 7.706556371039993358e+00 2.838102999531483817e-01 9.384271360429423739e-03 -3.858534451918656516e-01
3.486000000000000000e+03 7.690959197518849599e+00 2.831644940837070856e-01 9.376978094136331765e-03 -3.859208409369999648e-01
3.487000000000000000e+03 7.675457882285059874e+00 2.825138887206621874e-01 9.369694355872204561e-03 -3.859825468121276804e-01
3.488000000000000000e+03 7.660050219263534466e+00 2.818602947887982046e-01 9.362420159980561554e-03 -3.860387138403655882e-01
3.489000000000000000e+03 7.644726616320184576e+00 2.812018051334549407e-01 9.355155514341597506e-03 -3.860887359508578531e-01
3.490000000000000000e+03 7.629492381075825946e+00 2.805402229416960047e-01 9.347900420159186222e-03 -3.861319926694629090e-01
3.491000000000000000e+03 7.614338007903193706e+00 2.798743762998279760e-01 9.340654871722250258e-03 -3.861671061509023839e-01
3.492000000000000000e+03 7.599268891346484089e+00 2.792053181129181549e-01 9.333418856330159136e-03 -3.861949123972688858e-01
3.493000000000000000e+03 7.584283040699655309e+00 2.785318691707023842e-01 9.326192354215468230e-03 -3.862132613027421391e-01
3.494000000000000000e+03 7.569363650890750250e+00 2.778558180703645797e-01 9.318975338588908822e-03 -3.862214735649297515e-01
3.495000000000000000e+03 7.554531099772262337e+00 2.771759786154492922e-01 9.311767775783559228e-03 -3.862203405971678660e-01
3.496000000000000000e+03 7.539761234715748550e+00 2.764933897417156117e-01 9.304569625373737551e-03 -3.862076674418119526e-01
3.497000000000000000e+03 7.525067082527821860e+00 2.758076014239567719e-01 9.297380840502324911e-03 -3.861827297145075111e-01
3.498000000000000000e+03 7.510439420340937033e+00 2.751189032644346666e-01 9.290201368195333265e-03 -3.861462735489783471e-01
3.499000000000000000e+03 7.495876486353065360e+00 2.744275817424947084e-01 9.283031149706333016e-03 -3.860960585417481661e-01
3.500000000000000000e+03 7.481369120132687733e+00 2.737331774652194127e-01 9.275870121061895179e-03 -3.860320575622369632e-01
3.501000000000000000e+03 7.466923718651289121e+00 2.730359376627740087e-01 9.268718213495417968e-03 -3.859536349270410449e-01
3.502000000000000000e+03 7.452534542152527308e+00 2.723367164912881000e-01 9.261575354092436985e-03 -3.858614806738316361e-01
3.503000000000000000e+03 7.438203972519665363e+00 2.716341035664654457e-01 9.254441466332811311e-03 -3.857541905928813519e-01
3.504000000000000000e+03 7.423934406596210067e+00 2.709289143248793663e-01 9.247316470795335225e-03 -3.856333165324314360e-01
3.505000000000000000e+03 7.409720823614240892e+00 2.702212187741940275e-01 9.240200285800892130e-03 -3.854974237263845693e-01
3.506000000000000000e+03 7.395573065885490571e+00 2.695103415840648386e-01 9.233092828137848262e-03 -3.853487763245835307e-01
3.507000000000000000e+03 7.381486120943479889e+00 2.687963478475963730e-01 9.225994013805961097e-03 -3.851851662292740675e-01
3.508000000000000000e+03 7.367462402081883965e+00 2.680800431732444644e-01 9.218903758718971844e-03 -3.850080843081502557e-01
3.509000000000000000e+03 7.353504315478918585e+00 2.673607452719515276e-01 9.211821979432236948e-03 -3.848167777476481644e-01
3.510000000000000000e+03 7.339606827351627949e+00 2.666385125546438806e-01 9.204748593885609537e-03 -3.846119642664849181e-01
3.511000000000000000e+03 7.325779744583728714e+00 2.659134013898053484e-01 9.197683522106245291e-03 -3.843928608186402140e-01
3.512000000000000000e+03 7.312017997015845872e+00 2.651862090311470910e-01 9.190626686895823558e-03 -3.841601549805948590e-01
3.513000000000000000e+03 7.298323918342908279e+00 2.644555023701352092e-01 9.183578014466758921e-03 -3.839130336618276629e-01
3.514000000000000000e+03 7.284692385454139441e+00 2.637228178736419903e-01 9.176537435078615731e-03 -3.836528973338191872e-01
3.515000000000000000e+03 7.271118243055345154e+00 2.629867189960457541e-01 9.169504883600437806e-03 -3.833789030763027350e-01
3.516000000000000000e+03 7.257618585257430865e+00 2.622479961164216888e-01 9.162480300024830257e-03 -3.830916788112309068e-01
3.517000000000000000e+03 7.244180753960050900e+00 2.615059524550751857e-01 9.155463629930025646e-03 -3.827910948583441719e-01
3.518000000000000000e+03 7.230806906114646715e+00 2.607613755048909798e-01 9.148454824870273089e-03 -3.824762639974948475e-01
3.519000000000000000e+03 7.217491726186293199e+00 2.600143086169637852e-01 9.141453842744493019e-03 -3.821492557073369323e-01
3.520000000000000000e+03 7.204244709089492993e+00 2.592640510908746920e-01 9.134460647989580892e-03 -3.818076678797566736e-01
3.521000000000000000e+03 7.191060445061193462e+00 2.585113867692911405e-01 9.127475211843353101e-03 -3.814535409057073223e-01
3.522000000000000000e+03 7.177933475038006605e+00 2.577556127868895208e-01 9.120497512390770417e-03 -3.810859293912396972e-01
3.523000000000000000e+03 7.164873146443500929e+00 2.569982538337330924e-01 9.113527534612655967e-03 -3.807046163994375898e-01
3.524000000000000000e+03 7.151866470938504250e+00 2.562378623975949954e-01 9.106565270381981186e-03 -3.803108563529674080e-01
3.525000000000000000e+03 7.138915266087405342e+00 2.554752186959915461e-01 9.099610718276057719e-03 -3.799029180919034077e-01
3.526000000000000000e+03 7.126028727331489954e+00 2.547103594220551104e-01 9.092663883409526915e-03 -3.794820276224906141e-01
3.527000000000000000e+03 7.113193715309837906e+00 2.539433206647749297e-01 9.085724777153062273e-03 -3.790479111763987996e-01
3.528000000000000000e+03 7.100411898716578740e+00 2.531741379934241976e-01 9.078793416764074573e-03 -3.786002809508075551e-01
3.529000000000000000e+03 7.087684899071919453e+00 2.524028465411191080e-01 9.071869824993286993e-03 -3.781403208497038371e-01
3.530000000000000000e+03 7.075006864185929167e+00 2.516294810875897570e-01 9.064954029599428878e-03 -3.776669723811023061e-01
3.531000000000000000e+03 7.062371898638667211e+00 2.508548189761898861e-01 9.058046062770129525e-03 -3.771806489060977596e-01
3.532000000000000000e+03 7.049788922895973364e+00 2.500781516899247547e-01 9.051145960570073160e-03 -3.766817500444696321e-01
3.533000000000000000e+03 7.037244534225489900e+00 2.492995134369148102e-01 9.044253762251885237e-03 -3.761691760825033315e-01
3.534000000000000000e+03 7.024747579680138188e+00 2.485204240649616092e-01 9.037369509599471953e-03 -3.756447850633955476e-01
3.535000000000000000e+03 7.012292017405295397e+00 2.477394321302330837e-01 9.030493246179452371e-03 -3.751067073552789566e-01
3.536000000000000000e+03 6.999871776531898071e+00 2.469580576555363838e-01 9.023625016594897727e-03 -3.745567740878468221e-01
3.537000000000000000e+03 6.987488188810911716e+00 2.461763351974903535e-01 9.016764865755519387e-03 -3.739938317273281410e-01
3.538000000000000000e+03 6.975135135244133089e+00 2.453935567582664623e-01 9.009912838061935950e-03 -3.734189420158541828e-01
3.539000000000000000e+03 6.962821334468251244e+00 2.446112432017196747e-01 9.003068976617645616e-03 -3.728309250601504199e-01
3.540000000000000000e+03 6.950533204293685152e+00 2.438279444835708409e-01 8.996233322493904158e-03 -3.722308164454347090e-01
3.541000000000000000e+03 6.938272006657300928e+00 2.430459252414821358e-01 8.989405913922107055e-03 -3.716181531694594531e-01
3.542000000000000000e+03 6.926031565640354160e+00 2.422637365189787007e-01 8.982586785624026640e-03 -3.709932022626546977e-01
3.543000000000000000e+03 6.913813127061348318e+00 2.414821585194211195e-01 8.975775968036361213e-03 -3.703569609092211001e-01
3.544000000000000000e+03 6.901617932800682809e+00 2.407012293390290436e-01 8.968973486717228896e-03 -3.697081852350259656e-01
3.545000000000000000e+03 6.889439794868204459e+00 2.399209878746952074e-01 8.962179361657862317e-03 -3.690471046173663394e-01
3.546000000000000000e+03 6.877272525877160092e+00 2.391422167311905156e-01 8.955393606796646644e-03 -3.683746789921000797e-01
3.547000000000000000e+03 6.865117369191136909e+00 2.383642137879885270e-01 8.948616229450303758e-03 -3.676911133332491088e-01
3.548000000000000000e+03 6.852968143661822609e+00 2.375885064457831375e-01 8.941847229901562361e-03 -3.669958578104923763e-01
3.549000000000000000e+03 6.840826101383684410e+00 2.368143946873461081e-01 8.935086601049236493e-03 -3.662890936247565343e-01
3.550000000000000000e+03 6.828692499991067422e+00 2.360426653233119454e-01 8.928334328098450762e-03 -3.655717331820595994e-01
3.551000000000000000e+03 6.816554297379432192e+00 2.352733061940684156e-01 8.921590388351970449e-03 -3.648423968661662076e-01
3.552000000000000000e+03 6.804422946839576269e+00 2.345068198197803599e-01 8.914854751107204045e-03 -3.641031997013419730e-01
3.553000000000000000e+03 6.792288172694039616e+00 2.337421670547566999e-01 8.908127377594020346e-03 -3.633517365741683602e-01
3.554000000000000000e+03 6.780161988085498415e+00 2.329797958599982566e-01 8.901408221014778938e-03 -3.625893056955740157e-01
3.555000000000000000e+03 6.768034123311918115e+00 2.322194128668552404e-01 8.894697226707059395e-03 -3.618157089715599573e-01
3.556000000000000000e+03 6.755916593921874380e+00 2.314614691154641413e-01 8.887994332327588815e-03 -3.610307378972447689e-01
3.557000000000000000e+03 6.743799128175293589e+00 2.307056744526185810e-01 8.881299468169467221e-03 -3.602334309538925416e-01
3.558000000000000000e+03 6.731686305941581239e+00 2.299517404342650839e-01 8.874612557562524401e-03 -3.594257880239771219e-01
3.559000000000000000e+03 6.719582698751956684e+00 2.292001232275736322e-01 8.867933517298471138e-03 -3.586053422882302666e-01
3.560000000000000000e+03 6.707478009483777370e+00 2.284505380073281466e-01 8.861262258218914958e-03 -3.577740745005257295e-01
3.561000000000000000e+03 6.695391638508866095e+00 2.277027018569462158e-01 8.854598685771335534e-03 -3.569302420639146600e-01
3.562000000000000000e+03 6.683305824284793140e+00 2.269570766687944996e-01 8.847942700722895640e-03 -3.560750648135340146e-01
3.563000000000000000e+03 6.671225065635240092e+00 2.262133835388361880e-01 8.841294199888214897e-03 -3.552082682799804769e-01
3.564000000000000000e+03 6.659161260304691687e+00 2.254713456656897985e-01 8.834653076860734394e-03 -3.543288268032083188e-01
3.565000000000000000e+03 6.647096558283828394e+00 2.247306884137651450e-01 8.828019222927132800e-03 -3.534386779914764354e-01
3.566000000000000000e+03 6.635050211907166151e+00 2.239918822107718477e-01 8.821392527853936724e-03 -3.525352946589448422e-01
3.567000000000000000e+03 6.623004287214910413e+00 2.232546569391573033e-01 8.814772880804823407e-03 -3.516213419727053924e-01
3.568000000000000000e+03 6.610970513938966953e+00 2.225194876667293264e-01 8.808160171249940218e-03 -3.506950208920396328e-01
3.569000000000000000e+03 6.598945710257640762e+00 2.217853662011561311e-01 8.801554289863334352e-03 -3.497567539806410997e-01
3.570000000000000000e+03 6.586934062777737076e+00 2.210535153235493599e-01 8.794955129440854003e-03 -3.488077000353498325e-01
3.571000000000000000e+03 6.574924836543137197e+00 2.203236746706398741e-01 8.788362585821253570e-03 -3.478467830458470966e-01
3.572000000000000000e+03 6.562936940376554062e+00 2.195963292959428881e-01 8.781776558763878734e-03 -3.468758923401469851e-01
3.573000000000000000e+03 6.550959495549825817e+00 2.188704812194815219e-01 8.775196952786121565e-03 -3.458931973693566420e-01
3.574000000000000000e+03 6.538988973289612261e+00 2.181473636563070750e-01 8.768623678006197755e-03 -3.449005763571542094e-01
3.575000000000000000e+03 6.527029190861422414e+00 2.174259840583428194e-01 8.762056650897775620e-03 -3.438969310822796999e-01
3.576000000000000000e+03 6.515083879678397416e+00 2.167068383399841369e-01 8.755495794998277570e-03 -3.428833870193623290e-01
3.577000000000000000e+03 6.503149253826621567e+00 2.159904252569030958e-01 8.748941041609214000e-03 -3.418603222918667472e-01
3.578000000000000000e+03 6.491228864096550311e+00 2.152757607833032938e-01 8.742392330337632120e-03 -3.408266251268856073e-01
3.579000000000000000e+03 6.479318739102405189e+00 2.145640923326146143e-01 8.735849609602858168e-03 -3.397841511514168578e-01
3.580000000000000000e+03 6.467414811971519129e+00 2.138544417911139306e-01 8.729312837104319378e-03 -3.387325238292551166e-01
3.581000000000000000e+03 6.455520347578179496e+00 2.131473197350966797e-01 8.722781980126820614e-03 -3.376721060784423911e-01
3.582000000000000000e+03 6.443638513640359555e+00 2.124424969659582385e-01 8.716257015791139054e-03 -3.366032577087714750e-01
3.583000000000000000e+03 6.431757524045242036e+00 2.117404902184966131e-01 8.709737931215507864e-03 -3.355263356889922610e-01
3.584000000000000000e+03 6.419895209564073113e+00 2.110410765272113520e-01 8.703224723551691508e-03 -3.344416944084205867e-01
3.585000000000000000e+03 6.408032163904003653e+00 2.103447789306670812e-01 8.696717399990104916e-03 -3.333496859328536344e-01
3.586000000000000000e+03 6.396178600652675073e+00 2.096513808338726359e-01 8.690215977559305471e-03 -3.322514030895166726e-01
3.587000000000000000e+03 6.384337213898801267e+00 2.089614117086752432e-01 8.683720482891279721e-03 -3.311464512058384657e-01
3.588000000000000000e+03 6.372495752819356873e+00 2.082739186169632328e-01 8.677230951927414684e-03 -3.300359196874125267e-01
3.589000000000000000e+03 6.360656738563157830e+00 2.075909232471634946e-01 8.670747429417671043e-03 -3.289201537444885193e-01
3.590000000000000000e+03 6.348822611552840556e+00 2.069099935881847097e-01 8.664269968440744749e-03 -3.277987546176762135e-01
3.591000000000000000e+03 6.336988307625462724e+00 2.062331579719141883e-01 8.657798629791461573e-03 -3.266735511377059087e-01
3.592000000000000000e+03 6.325156119676167421e+00 2.055602195781973951e-01 8.651333481242555121e-03 -3.255448857642366800e-01
3.593000000000000000e+03 6.313328274662636019e+00 2.048909849580057840e-01 8.644874596824161581e-03 -3.244116147941559225e-01
3.594000000000000000e+03 6.301492082624526425e+00 2.042252640496324267e-01 8.638422055934239646e-03 -3.232763084098117523e-01
3.595000000000000000e+03 6.289657084470817949e+00 2.035628701928380302e-01 8.631975942464877039e-03 -3.221385653618518696e-01
3.596000000000000000e+03 6.277810488177071768e+00 2.029051058111110972e-01 8.625536343864004599e-03 -3.209987273377103989e-01
3.597000000000000000e+03 6.265961745391646076e+00 2.022517910819309483e-01 8.619103350099584226e-03 -3.198578791506839214e-01
3.598000000000000000e+03 6.254112844686845030e+00 2.016027496152453247e-01 8.612677052651311269e-03 -3.187171060901559105e-01
3.599000000000000000e+03 6.242258318296760145e+00 2.009585512951553576e-01 8.606257543430608642e-03 -3.175767512683582705e-01
3.600000000000000000e+03 6.230392677229152909e+00 2.003182837796467775e-01 8.599844913761275564e-03 -3.164371586342154541e-01
3.601000000000000000e+03 6.218517864752462820e+00 1.996839795982005283e-01 8.593439253243210715e-03 -3.152999971896150444e-01
3.602000000000000000e+03 6.206635889908856285e+00 1.990538408907847889e-01 8.587040648740220175e-03 -3.141640620985345911e-01
3.603000000000000000e+03 6.194748778720359006e+00 1.984297575052133833e-01 8.580649183282664308e-03 -3.130294739250265579e-01
3.604000000000000000e+03 6.182851133645542063e+00 1.978099085608757413e-01 8.574264935099518495e-03 -3.118970975999395545e-01
3.605000000000000000e+03 6.170937567862794459e+00 1.971947051258016448e-01 8.567887976598811961e-03 -3.107648284170733133e-01
3.606000000000000000e+03 6.159017567555929773e+00 1.965845617069462981e-01 8.561518373450692845e-03 -3.096342777194660001e-01
3.607000000000000000e+03 6.147085783695198202e+00 1.959791534092171772e-01 8.555156183690144217e-03 -3.085040875557166218e-01
3.608000000000000000e+03 6.135136893464829377e+00 1.953781587631569505e-01 8.548801456961678535e-03 -3.073743878624657921e-01
3.609000000000000000e+03 6.123173032837311069e+00 1.947827453865189351e-01 8.542454233738418917e-03 -3.062453109679996177e-01
3.610000000000000000e+03 6.111203800251066909e+00 1.941911129643767442e-01 8.536114544706915885e-03 -3.051155060973097521e-01
3.611000000000000000e+03 6.099216546302277386e+00 1.936044359184959374e-01 8.529782410202902537e-03 -3.039865965595012764e-01
3.612000000000000000e+03 6.087213517971046706e+00 1.930224063853029359e-01 8.523457839739158326e-03 -3.028579800819693468e-01
3.613000000000000000e+03 6.075197003750767877e+00 1.924454627080206537e-01 8.517140831677049578e-03 -3.017290574975353690e-01
3.614000000000000000e+03 6.063169334811624012e+00 1.918725609177386326e-01 8.510831372960802818e-03 -3.006007185990819397e-01
3.615000000000000000e+03 6.051125457132872754e+00 1.913041460587251441e-01 8.504529438987263462e-03 -2.994716281521126455e-01
3.616000000000000000e+03 6.039075216346825314e+00 1.907406665027212567e-01 8.498234993591561801e-03 -2.983434259304709180e-01
3.617000000000000000e+03 6.027006215090270125e+00 1.901818310974438819e-01 8.491947989130740546e-03 -2.972140413947902959e-01
3.618000000000000000e+03 6.014920953172640417e+00 1.896273519843522659e-01 8.485668366690917244e-03 -2.960858650745101239e-01
3.619000000000000000e+03 6.002829396969874942e+00 1.890776874156775700e-01 8.479396056383613212e-03 -2.949568347472316665e-01
3.620000000000000000e+03 5.990726691463208020e+00 1.885318132305617012e-01 8.473130977822915244e-03 -2.938278639916663271e-01
3.621000000000000000e+03 5.978608013400466881e+00 1.879909370107721578e-01 8.466873040626914787e-03 -2.926991282177699438e-01
3.622000000000000000e+03 5.966483423860529989e+00 1.874540410504104138e-01 8.460622145079267284e-03 -2.915708077095992001e-01
3.623000000000000000e+03 5.954348150157754205e+00 1.869223393452676685e-01 8.454378182867944985e-03 -2.904423450003291718e-01
3.624000000000000000e+03 5.942204865683576642e+00 1.863940777262071691e-01 8.448141037909204579e-03 -2.893139307541762739e-01
3.625000000000000000e+03 5.930048827531875233e+00 1.858704765172441153e-01 8.441910587282728043e-03 -2.881865039797713579e-01
3.626000000000000000e+03 5.917890155465502566e+00 1.853512735026383029e-01 8.435686702224621733e-03 -2.870595237395638932e-01
3.627000000000000000e+03 5.905724112079705712e+00 1.848362095735436306e-01 8.429469249181807330e-03 -2.859339407049570903e-01
3.628000000000000000e+03 5.893560809480117513e+00 1.843257715389685081e-01 8.423258090925716049e-03 -2.848092260312971580e-01
3.629000000000000000e+03 5.881395488937851468e+00 1.838197064309217144e-01 8.417053087771927608e-03 -2.836863429126453284e-01
3.630000000000000000e+03 5.869230798844989216e+00 1.833185071490910645e-01 8.410854098726334993e-03 -2.825655182903005214e-01
3.631000000000000000e+03 5.857061930839456920e+00 1.828211839295696695e-01 8.404660982767419089e-03 -2.814469858997174501e-01
3.632000000000000000e+03 5.844898897675234295e+00 1.823282356581205077e-01 8.398473600057063115e-03 -2.803302436452827506e-01
3.633000000000000000e+03 5.832744241059675261e+00 1.818394213374422697e-01 8.392291813223554109e-03 -2.792162823120356574e-01
3.634000000000000000e+03 5.820593024683632599e+00 1.813552457288476472e-01 8.386115488567640747e-03 -2.781053572638586546e-01
3.635000000000000000e+03 5.808447684169363967e+00 1.808747308179371183e-01 8.379944497322953934e-03 -2.769977314775160515e-01
3.636000000000000000e+03 5.796318020606404886e+00 1.803991299597401676e-01 8.373778716781426004e-03 -2.758936757368192216e-01
3.637000000000000000e+03 5.784191481046161876e+00 1.799274708375724896e-01 8.367618031519245825e-03 -2.747934688213234944e-01
3.638000000000000000e+03 5.772077722926197474e+00 1.794595267714153286e-01 8.361462334395282359e-03 -2.736973976888781857e-01
3.639000000000000000e+03 5.759971467133459200e+00 1.789958166851592647e-01 8.355311527601083296e-03 -2.726057576515445446e-01
3.640000000000000000e+03 5.747889635121785190e+00 1.785361194028841081e-01 8.349165523588088222e-03 -2.715195953791380568e-01
3.641000000000000000e+03 5.735819346434053223e+00 1.780809592842161615e-01 8.343024245954625689e-03 -2.704384805550406057e-01
3.642000000000000000e+03 5.723762485435638148e+00 1.776293776836576077e-01 8.336887630130592960e-03 -2.693634773686363060e-01
3.643000000000000000e+03 5.711728270298602972e+00 1.771819042539068134e-01 8.330755624106567225e-03 -2.682949161539603389e-01
3.644000000000000000e+03 5.699718394376852793e+00 1.767383284031141810e-01 8.324628188892234035e-03 -2.672331363590938480e-01
3.645000000000000000e+03 5.687719596704096325e+00 1.762984420910128636e-01 8.318505299004281747e-03 -2.661784866710670827e-01
3.646000000000000000e+03 5.675748231740991301e+00 1.758627826240838354e-01 8.312386942710787638e-03 -2.651320679657566126e-01
3.647000000000000000e+03 5.663798271383808647e+00 1.754311469444329863e-01 8.306273122256270514e-03 -2.640927620726641334e-01
3.648000000000000000e+03 5.651878448000582367e+00 1.750025915877276295e-01 8.300163853841049239e-03 -2.630631745494293461e-01
3.649000000000000000e+03 5.639975114791286437e+00 1.745784039799967990e-01 8.294059167585179568e-03 -2.620414635805026760e-01
3.650000000000000000e+03 5.628104247171742180e+00 1.741569025481249644e-01 8.287959107278992238e-03 -2.610302540707469809e-01
3.651000000000000000e+03 5.616251628327082024e+00 1.737401366567701833e-01 8.281863730053727959e-03 -2.600283524638299371e-01
3.652000000000000000e+03 5.604431106386843275e+00 1.733265016131212422e-01 8.275773105902531693e-03 -2.590363472972438963e-01
3.653000000000000000e+03 5.592633775407048091e+00 1.729158950628175984e-01 8.269687317076791430e-03 -2.580539800812760576e-01
3.654000000000000000e+03 5.580858086157350684e+00 1.725097024740134544e-01 8.263606457367584507e-03 -2.570817450595190290e-01
3.655000000000000000e+03 5.569102424449764221e+00 1.721070829124561885e-01 8.257530631266791349e-03 -2.561186607252617375e-01
3.656000000000000000e+03 5.557372546794379531e+00 1.717079403307474050e-01 8.251459953050471058e-03 -2.551652411732178716e-01
3.657000000000000000e+03 5.545659303223747116e+00 1.713129235165467001e-01 8.245394545726928565e-03 -2.542212675967807090e-01
3.658000000000000000e+03 5.533960930726000704e+00 1.709211975347035839e-01 8.239334539937425567e-03 -2.532872739513063465e-01
3.659000000000000000e+03 5.522283062066363435e+00 1.705341578487568899e-01 8.233280072699911134e-03 -2.523623184337281389e-01
3.660000000000000000e+03 5.510616449924603977e+00 1.701502304211626460e-01 8.227231286195719681e-03 -2.514462119644229610e-01
3.661000000000000000e+03 5.498974118124109189e+00 1.697700715031508767e-01 8.221188326393819024e-03 -2.505395181562856122e-01
3.662000000000000000e+03 5.487331944517607418e+00 1.693943390734894139e-01 8.215151341723079051e-03 -2.496420676069987243e-01
3.663000000000000000e+03 5.475710382654491504e+00 1.690222071116506963e-01 8.209120481618968970e-03 -2.487537006899329939e-01
3.664000000000000000e+03 5.464092759784486830e+00 1.686535940453700311e-01 8.203095895151201952e-03 -2.478735246693175853e-01
3.665000000000000000e+03 5.452484713472832922e+00 1.682891626926663886e-01 8.197077729516328085e-03 -2.470028849854907504e-01
3.666000000000000000e+03 5.440884487882224896e+00 1.679280916980993577e-01 8.191066128718954217e-03 -2.461401653505091991e-01
3.667000000000000000e+03 5.429290371590597353e+00 1.675703039789205873e-01 8.185061232075003732e-03 -2.452867303653434583e-01
3.668000000000000000e+03 5.417708135108881606e+00 1.672172095006567993e-01 8.179063172892638012e-03 -2.444424684436853068e-01
3.669000000000000000e+03 5.406121326265425964e+00 1.668672482072597607e-01 8.173072077144037662e-03 -2.436057917436088016e-01
3.670000000000000000e+03 5.394543276981211832e+00 1.665210898063564093e-01 8.167088062189433589e-03 -2.427788359424836173e-01
3.671000000000000000e+03 5.382965112604270352e+00 1.661786623689981146e-01 8.161111235622749149e-03 -2.419600318155222252e-01
3.672000000000000000e+03 5.371392900838220186e+00 1.658398951044978142e-01 8.155141694142206688e-03 -2.411500478442526740e-01
3.673000000000000000e+03 5.359825373193660702e+00 1.655039754651688733e-01 8.149179522540890216e-03 -2.403480759696608737e-01
3.674000000000000000e+03 5.348261359104863999e+00 1.651723204261987821e-01 8.143224792820548050e-03 -2.395555456963419094e-01
3.675000000000000000e+03 5.336699790906347829e+00 1.648441194154161293e-01 8.137277563389902491e-03 -2.387709241774927937e-01
3.676000000000000000e+03 5.325139707972255110e+00 1.645193055934775772e-01 8.131337878382128084e-03 -2.379949159917874035e-01
3.677000000000000000e+03 5.313580259978568421e+00 1.641978129591152580e-01 8.125405767147670516e-03 -2.372282345721023478e-01
3.678000000000000000e+03 5.302028137606630942e+00 1.638788334547183756e-01 8.119481243836655301e-03 -2.364693736367212140e-01
3.679000000000000000e+03 5.290482717262745993e+00 1.635637882473870430e-01 8.113564307128919711e-03 -2.357198069732734658e-01
3.680000000000000000e+03 5.278943489900135511e+00 1.632518706600982195e-01 8.107654940126980334e-03 -2.349787885355614503e-01
3.681000000000000000e+03 5.267410060535362426e+00 1.629430174536234399e-01 8.101753110359303026e-03 -2.342455808935823558e-01
3.682000000000000000e+03 5.255882146811480027e+00 1.626371659337181308e-01 8.095858770007031274e-03 -2.335216836869807300e-01
3.683000000000000000e+03 5.244367004969157975e+00 1.623342538940287239e-01 8.089971856126724689e-03 -2.328063765665017992e-01
3.684000000000000000e+03 5.232857141493696851e+00 1.620342195593806045e-01 8.084092291192631827e-03 -2.320989476540995244e-01
3.685000000000000000e+03 5.221360022319573524e+00 1.617370015297782682e-01 8.078219983674380864e-03 -2.314001791713379552e-01
3.686000000000000000e+03 5.209868354374674659e+00 1.614417958900017935e-01 8.072354828742869803e-03 -2.307101188957388083e-01
3.687000000000000000e+03 5.198397221464029272e+00 1.611492846599187900e-01 8.066496709143290353e-03 -2.300288229602800716e-01
3.688000000000000000e+03 5.186946935890358823e+00 1.608594072352809434e-01 8.060645496214120104e-03 -2.293556129856093584e-01
3.689000000000000000e+03 5.175510459475782810e+00 1.605721031693704837e-01 8.054801050946344687e-03 -2.286913045546863643e-01
3.690000000000000000e+03 5.164095680650144793e+00 1.602865692852495916e-01 8.048963225178635411e-03 -2.280352358444681093e-01
3.691000000000000000e+03 5.152703120877458076e+00 1.600034881287473454e-01 8.043131862930166798e-03 -2.273882389393774017e-01
3.692000000000000000e+03 5.141340782351131011e+00 1.597220565770596790e-01 8.037306801719774907e-03 -2.267496684658157069e-01
3.693000000000000000e+03 5.130009281890188788e+00 1.594429571281112124e-01 8.031487874067278973e-03 -2.261203729076707025e-01
3.694000000000000000e+03 5.118709269575357546e+00 1.591653865104994403e-01 8.025674908946796304e-03 -2.254997232417280950e-01
3.695000000000000000e+03 5.107441418815167999e+00 1.588892841391882915e-01 8.019867733362329165e-03 -2.248870985829845293e-01
3.696000000000000000e+03 5.096213844636376500e+00 1.586153320668398370e-01 8.014066173893144920e-03 -2.242841146640021377e-01
3.697000000000000000e+03 5.085019808542694975e+00 1.583419835956449140e-01 8.008270058271607650e-03 -2.236894239624432901e-01
3.698000000000000000e+03 5.073874850240859935e+00 1.580699202399898917e-01 8.002479216987315111e-03 -2.231031726818292205e-01
3.699000000000000000e+03 5.062772207675449998e+00 1.577990803394818398e-01 7.996693484845916050e-03 -2.225255150493093415e-01
3.700000000000000000e+03 5.051712520822633223e+00 1.575294018476692537e-01 7.990912702495212364e-03 -2.219558704450312614e-01
3.701000000000000000e+03 5.040696015153554477e+00 1.572601154756284036e-01 7.985136717922142191e-03 -2.213951649749563433e-01
3.702000000000000000e+03 5.029736212730653300e+00 1.569913383899668169e-01 7.979365387885692731e-03 -2.208428994086534813e-01
3.703000000000000000e+03 5.018823918952530327e+00 1.567239660948086810e-01 7.973598579258247415e-03 -2.202993383127864468e-01
3.704000000000000000e+03 5.007957307202707042e+00 1.564566650229039513e-01 7.967836170342719807e-03 -2.197640112185275663e-01
3.705000000000000000e+03 4.997149340205184309e+00 1.561910723369353826e-01 7.962078051988232333e-03 -2.192371982299847477e-01
3.706000000000000000e+03 4.986383193686052095e+00 1.559258532057767321e-01 7.956324128684261893e-03 -2.187199299560001475e-01
3.707000000000000000e+03 4.975671677760492351e+00 1.556619006065099731e-01 7.950574319517974761e-03 -2.182102732593310945e-01
3.708000000000000000e+03 4.965005233946039098e+00 1.553993639415748862e-01 7.944828558950484121e-03 -2.177092738536935412e-01
3.709000000000000000e+03 4.954389073307192248e+00 1.551376489962526251e-01 7.939086797553049357e-03 -2.172172420373238710e-01
3.710000000000000000e+03 4.943820888768181376e+00 1.548769035666368032e-01 7.933349002472804209e-03 -2.167337525934640019e-01
3.711000000000000000e+03 4.933305710178791159e+00 1.546172745827009698e-01 7.927615157866689174e-03 -2.162591303522498898e-01
3.712000000000000000e+03 4.922833618654038013e+00 1.543581652317596309e-01 7.921885265082705824e-03 -2.157929644038265038e-01
3.713000000000000000e+03 4.912409460404297157e+00 1.541012062572076069e-01 7.916159342789453809e-03 -2.153348508077201906e-01
3.714000000000000000e+03 4.902030563156224652e+00 1.538443132373544242e-01 7.910437426825902077e-03 -2.148858781281893504e-01
3.715000000000000000e+03 4.891701595362206945e+00 1.535891148948670681e-01 7.904719569989967706e-03 -2.144456559506939808e-01
3.716000000000000000e+03 4.881412284680040514e+00 1.533350103760754701e-01 7.899005841621981050e-03 -2.140130575646806421e-01
3.717000000000000000e+03 4.871167135901163014e+00 1.530821405508390187e-01 7.893296327042925026e-03 -2.135899339777575234e-01
3.718000000000000000e+03 4.860970579740170550e+00 1.528299023025583014e-01 7.887591126812565009e-03 -2.131744282311021366e-01
3.719000000000000000e+03 4.850812122542991212e+00 1.525791769935108400e-01 7.881890355945298313e-03 -2.127676607373419349e-01
3.720000000000000000e+03 4.840703495313750437e+00 1.523293590854477852e-01 7.876194142840091741e-03 -2.123692720849956750e-01
3.721000000000000000e+03 4.830626663344924410e+00 1.520805846055705568e-01 7.870502628212846033e-03 -2.119789085160617426e-01
3.722000000000000000e+03 4.820600690189150050e+00 1.518329882728227942e-01 7.864815963833326345e-03 -2.115969645614470818e-01
3.723000000000000000e+03 4.810607463638415737e+00 1.515859606245530677e-01 7.859134311158845476e-03 -2.112230971650208566e-01
3.724000000000000000e+03 4.800651132587723247e+00 1.513403764836365462e-01 7.853457839917315705e-03 -2.108577111420243955e-01
3.725000000000000000e+03 4.790728404187802880e+00 1.510956235809085002e-01 7.847786726558071344e-03 -2.104997304570943584e-01
3.726000000000000000e+03 4.780843411497622597e+00 1.508518310231931336e-01 7.842121152685501903e-03 -2.101488265079843321e-01
3.727000000000000000e+03 4.770992868037655654e+00 1.506091264218184511e-01 7.836461303366813735e-03 -2.098061607353459979e-01
3.728000000000000000e+03 4.761173507594359755e+00 1.503668930216396360e-01 7.830807365446536272e-03 -2.094714130543089414e-01
3.729000000000000000e+03 4.751389524122431318e+00 1.501252553357212971e-01 7.825159525854091108e-03 -2.091435244589261999e-01
3.730000000000000000e+03 4.741630298238720620e+00 1.498850791106609015e-01 7.819517969850925052e-03 -2.088229252949070081e-01
3.731000000000000000e+03 4.731900122055866298e+00 1.496449999524731012e-01 7.813882879322669658e-03 -2.085093065215803676e-01
3.732000000000000000e+03 4.722195925347111967e+00 1.494051374684636779e-01 7.808254431061926321e-03 -2.082023623137561341e-01
3.733000000000000000e+03 4.712514714791837811e+00 1.491663523996898943e-01 7.802632795148444801e-03 -2.079025326644580451e-01
3.734000000000000000e+03 4.702868441150034329e+00 1.489280180842933177e-01 7.797018133292192565e-03 -2.076080318139725545e-01
3.735000000000000000e+03 4.693239439115846956e+00 1.486902489317863951e-01 7.791410597326944333e-03 -2.073207907014448792e-01
3.736000000000000000e+03 4.683639863462238040e+00 1.484524147231506275e-01 7.785810327788062098e-03 -2.070390283890442551e-01
3.737000000000000000e+03 4.674059699230914688e+00 1.482153690871396978e-01 7.780217452479085312e-03 -2.067631945202055288e-01
3.738000000000000000e+03 4.664503911342245956e+00 1.479784781322862619e-01 7.774632085297705601e-03 -2.064929977619594237e-01
3.739000000000000000e+03 4.654970166544067034e+00 1.477411060902558415e-01 7.769054325051647121e-03 -2.062274055922528049e-01
3.740000000000000000e+03 4.645456267834154218e+00 1.475041009601760489e-01 7.763484254541327435e-03 -2.059668725979221238e-01
3.741000000000000000e+03 4.635960159545067683e+00 1.472668231441087994e-01 7.757921939633328698e-03 -2.057111117685377077e-01
3.742000000000000000e+03 4.626494788090607102e+00 1.470293739287508450e-01 7.752367428617156116e-03 -2.054598371368879239e-01
3.743000000000000000e+03 4.617043534828727758e+00 1.467925954633524377e-01 7.746820751634484435e-03 -2.052120207562563026e-01
3.744000000000000000e+03 4.607619644714372242e+00 1.465543565637217605e-01 7.741281920306110863e-03 -2.049681210251682595e-01
3.745000000000000000e+03 4.598214228561596784e+00 1.463162382078344592e-01 7.735750927532146146e-03 -2.047278540094558119e-01
3.746000000000000000e+03 4.588833404359633938e+00 1.460775908373354859e-01 7.730227747438243348e-03 -2.044909361121698688e-01
3.747000000000000000e+03 4.579468582285624478e+00 1.458377628455991004e-01 7.724712335504959650e-03 -2.042563410813924285e-01
3.748000000000000000e+03 4.570141032076687537e+00 1.455975862320593450e-01 7.719204628895047493e-03 -2.040237855310490234e-01
3.749000000000000000e+03 4.560835024024157747e+00 1.453571480828022566e-01 7.713704546878257136e-03 -2.037929859645567221e-01
3.750000000000000000e+03 4.551549822476562923e+00 1.451150477224690816e-01 7.708211991490174220e-03 -2.035644014765117527e-01
3.751000000000000000e+03 4.542299619946669864e+00 1.448721343716797283e-01 7.702726848337291057e-03 -2.033371028074964504e-01
3.752000000000000000e+03 4.533076208683555208e+00 1.446278634436362343e-01 7.697248987504971308e-03 -2.031105509526380248e-01
3.753000000000000000e+03 4.523878865776211455e+00 1.443831973930079227e-01 7.691778264680114441e-03 -2.028857896642788372e-01
3.754000000000000000e+03 4.514714404197753161e+00 1.441376108740495821e-01 7.686314522329354762e-03 -2.026623763223777130e-01
3.755000000000000000e+03 4.505582306453237429e+00 1.438905764040669388e-01 7.680857591115006905e-03 -2.024406103423870007e-01
3.756000000000000000e+03 4.496482142554153683e+00 1.436430500282848410e-01 7.675407291284615761e-03 -2.022207902488968034e-01
3.757000000000000000e+03 4.487413559007522146e+00 1.433944999756688043e-01 7.669963434271751500e-03 -2.020032135900921566e-01
3.758000000000000000e+03 4.478376267265678834e+00 1.431451351611884859e-01 7.664525824323527130e-03 -2.017874340221520735e-01
3.759000000000000000e+03 4.469384888437905268e+00 1.428951623491539202e-01 7.659094260197054846e-03 -2.015730040682496005e-01
3.760000000000000000e+03 4.460416942516578942e+00 1.426440433176240918e-01 7.653668536961992855e-03 -2.013609607164167647e-01
3.761000000000000000e+03 4.451494547682713687e+00 1.423919805290444762e-01 7.648248447788961145e-03 -2.011508540104964826e-01
3.762000000000000000e+03 4.442610124142291284e+00 1.421391742968499960e-01 7.642833785774471450e-03 -2.009437183239259350e-01
3.763000000000000000e+03 4.433770951564583562e+00 1.418850799530738116e-01 7.637424345760582788e-03 -2.007383581201108991e-01
3.764000000000000000e+03 4.424969443128789592e+00 1.416306363569998505e-01 7.632019926194123435e-03 -2.005350620643844006e-01
3.765000000000000000e+03 4.416212846594860686e+00 1.413760373946304494e-01 7.626620330892338456e-03 -2.003341172911925205e-01
3.766000000000000000e+03 4.407500947255362789e+00 1.411199891490474700e-01 7.621225370804035615e-03 -2.001358093413597994e-01
3.767000000000000000e+03 4.398833484728434939e+00 1.408626812467492495e-01 7.615834865694713976e-03 -1.999389364283578052e-01
3.768000000000000000e+03 4.390210141943835076e+00 1.406050440296485460e-01 7.610448645746722279e-03 -1.997445235484193449e-01
3.769000000000000000e+03 4.381630534771975505e+00 1.403465200577346528e-01 7.605066553091940039e-03 -1.995528510733041438e-01
3.770000000000000000e+03 4.373109059089303585e+00 1.400872926225869286e-01 7.599688443242607824e-03 -1.993627118455415514e-01
3.771000000000000000e+03 4.364622883514528873e+00 1.398275429214931864e-01 7.594314186330869583e-03 -1.991751252806356343e-01
3.772000000000000000e+03 4.356193653351764894e+00 1.395667072320654900e-01 7.588943668345068429e-03 -1.989888802803055634e-01
3.773000000000000000e+03 4.347813200152972790e+00 1.393049625926103818e-01 7.583576792104322097e-03 -1.988049921619296223e-01
3.774000000000000000e+03 4.339480677570864309e+00 1.390424839779027533e-01 7.578213478134939070e-03 -1.986229883980734912e-01
3.775000000000000000e+03 4.331195128201228428e+00 1.387794443104797826e-01 7.572853665387671226e-03 -1.984423941964622018e-01
3.776000000000000000e+03 4.322955479909928123e+00 1.385152716373756199e-01 7.567497311782436960e-03 -1.982642180747542782e-01
3.777000000000000000e+03 4.314767971677936131e+00 1.382501348123736928e-01 7.562144394579526849e-03 -1.980864947497035233e-01
3.778000000000000000e+03 4.306623867236349490e+00 1.379842006735923221e-01 7.556794910562870254e-03 -1.979109705462329116e-01
3.779000000000000000e+03 4.298529168355853969e+00 1.377176340564845169e-01 7.551448876048954401e-03 -1.977364177704879489e-01
3.780000000000000000e+03 4.290482330888901963e+00 1.374505978071553502e-01 7.546106326757708906e-03 -1.975638344376794420e-01
3.781000000000000000e+03 4.282474267056283423e+00 1.371825099610962384e-01 7.540767317421013388e-03 -1.973912443040325426e-01
3.782000000000000000e+03 4.274518062308315436e+00 1.369135294272635639e-01 7.535431921276688171e-03 -1.972196394187600565e-01
3.783000000000000000e+03 4.266604409825357713e+00 1.366438131673920198e-01 7.530100229416028350e-03 -1.970485229804527505e-01
3.784000000000000000e+03 4.258731329620196071e+00 1.363727733757046090e-01 7.524772349893719785e-03 -1.968781377038368863e-01
3.785000000000000000e+03 4.250904175286948750e+00 1.361020488340364265e-01 7.519448406715064162e-03 -1.967079800067136341e-01
3.786000000000000000e+03 4.243120785034947495e+00 1.358295622469735398e-01 7.514128538684864203e-03 -1.965382855329900480e-01
3.787000000000000000e+03 4.235364061986951256e+00 1.355569486077787267e-01 7.508812898117708801e-03 -1.963678004966822876e-01
3.788000000000000000e+03 4.227653982114329523e+00 1.352828696992248725e-01 7.503501649373296549e-03 -1.961967528680367556e-01
3.789000000000000000e+03 4.219973320964712116e+00 1.350089567901310295e-01 7.498194967360319145e-03 -1.960253665467593664e-01
3.790000000000000000e+03 4.212319662997047409e+00 1.347338679719464749e-01 7.492893035855388573e-03 -1.958523755332726712e-01
3.791000000000000000e+03 4.204697984666345256e+00 1.344577451859988171e-01 7.487596045817623142e-03 -1.956787379438198748e-01
3.792000000000000000e+03 4.197105809604455118e+00 1.341807285710236441e-01 7.482304193543677130e-03 -1.955031788394656911e-01
3.793000000000000000e+03 4.189540649187083687e+00 1.339029564810953199e-01 7.477017678857272344e-03 -1.953266470756499229e-01
3.794000000000000000e+03 4.181992586622824248e+00 1.336245655040530500e-01 7.471736703212367332e-03 -1.951471152969606604e-01
3.795000000000000000e+03 4.174474002899318137e+00 1.333456904804161958e-01 7.466461467762704196e-03 -1.949655224589555702e-01
3.796000000000000000e+03 4.166967590866196502e+00 1.330657216877173532e-01 7.461192171483562764e-03 -1.947813166618956038e-01
3.797000000000000000e+03 4.159478366093050106e+00 1.327855333655152681e-01 7.455929009259590519e-03 -1.945946835027470567e-01
3.798000000000000000e+03 4.152003965630465032e+00 1.325037695607340915e-01 7.450672170028280715e-03 -1.944043174208491820e-01
3.799000000000000000e+03 4.144549516513182041e+00 1.322220439938939784e-01 7.445421834958308900e-03 -1.942103928932829571e-01
3.800000000000000000e+03 4.137097933691911145e+00 1.319389974005225619e-01 7.440178175736697312e-03 -1.940123357904564583e-01
3.801000000000000000e+03 4.129654729558060566e+00 1.316554929798754714e-01 7.434941352878157717e-03 -1.938096486543732511e-01
3.802000000000000000e+03 4.122218996622106779e+00 1.313708889864220741e-01 7.429711514179033853e-03 -1.936036439720146274e-01
3.803000000000000000e+03 4.114790159158270733e+00 1.310860233498599148e-01 7.424488793233935922e-03 -1.933927393156544827e-01
3.804000000000000000e+03 4.107367752969253161e+00 1.308002467780071398e-01 7.419273308151397295e-03 -1.931783173347619842e-01
3.805000000000000000e+03 4.099944004521820951e+00 1.305136512869011778e-01 7.414065160329753879e-03 -1.929602686427303593e-01
3.806000000000000000e+03 4.092533550812646581e+00 1.302255845564288250e-01 7.408864433440309934e-03 -1.927377345576363754e-01
3.807000000000000000e+03 4.085121446297065084e+00 1.299376212968371136e-01 7.403671192562915823e-03 -1.925120783573621985e-01
3.808000000000000000e+03 4.077715165581659917e+00 1.296483634307823984e-01 7.398485483423164130e-03 -1.922824281941923619e-01
3.809000000000000000e+03 4.070314893081474317e+00 1.293578971313449899e-01 7.393307331894133708e-03 -1.920493912046513652e-01
3.810000000000000000e+03 4.062920953211532016e+00 1.290670500156524958e-01 7.388136743642320474e-03 -1.918128249493672444e-01
3.811000000000000000e+03 4.055526382639050631e+00 1.287751626692327511e-01 7.382973703914815465e-03 -1.915733230382872798e-01
3.812000000000000000e+03 4.048139214686530707e+00 1.284830600162052971e-01 7.377818177580409108e-03 -1.913299865913836439e-01
3.813000000000000000e+03 4.040760192383526572e+00 1.281893371750085220e-01 7.372670109318159998e-03 -1.910833955548509322e-01
3.814000000000000000e+03 4.033390193681062996e+00 1.278955593351424891e-01 7.367529423982433628e-03 -1.908341230175295000e-01
3.815000000000000000e+03 4.026022798750511278e+00 1.276003191092185685e-01 7.362396027153517500e-03 -1.905805067025768129e-01
3.816000000000000000e+03 4.018666569501644581e+00 1.273051792460394294e-01 7.357269805910933089e-03 -1.903245916543461203e-01
3.817000000000000000e+03 4.011315329512773253e+00 1.270079871489787904e-01 7.352150629680849134e-03 -1.900654447397033542e-01
3.818000000000000000e+03 4.003977869681384583e+00 1.267110460953841111e-01 7.347038351347628254e-03 -1.898021260139548250e-01
3.819000000000000000e+03 3.996648226056473074e+00 1.264122012510840720e-01 7.341932808408141442e-03 -1.895366600957047454e-01
3.820000000000000000e+03 3.989327955180952845e+00 1.261130108909014058e-01 7.336833824392829245e-03 -1.892673506950589835e-01
3.821000000000000000e+03 3.982018695174446954e+00 1.258135465893325255e-01 7.331741210292796324e-03 -1.889954661799918834e-01
3.822000000000000000e+03 3.974722154398839358e+00 1.255123932567886458e-01 7.326654766190060335e-03 -1.887200397899571336e-01
3.823000000000000000e+03 3.967440099454516922e+00 1.252111061864380204e-01 7.321574282951479919e-03 -1.884408410412970192e-01
3.824000000000000000e+03 3.960174342611524789e+00 1.249082684111073177e-01 7.316499543975732260e-03 -1.881591186338377741e-01
3.825000000000000000e+03 3.952926728785843391e+00 1.246054334208121089e-01 7.311430327107241306e-03 -1.878746291876197128e-01
3.826000000000000000e+03 3.945691693823961455e+00 1.243011825203004517e-01 7.306366406461659371e-03 -1.875863801594504776e-01
3.827000000000000000e+03 3.938485964314778265e+00 1.239970675470688788e-01 7.301307554442200420e-03 -1.872948584334341859e-01
3.828000000000000000e+03 3.931289117094129537e+00 1.236916682292871633e-01 7.296253543635932218e-03 -1.869998019044560589e-01
3.829000000000000000e+03 3.924125277419816538e+00 1.233857920691355803e-01 7.291204148793300512e-03 -1.867016852391792658e-01
3.830000000000000000e+03 3.916973965227644516e+00 1.230787602059416203e-01 7.286159148757630731e-03 -1.864002342984624194e-01
3.831000000000000000e+03 3.909844365348919659e+00 1.227713787945357848e-01 7.281118328384949927e-03 -1.860959119008863960e-01
3.832000000000000000e+03 3.902745601197620928e+00 1.224637105384563801e-01 7.276081480344021718e-03 -1.857876894109826149e-01
3.833000000000000000e+03 3.895664437295141003e+00 1.221550747280730626e-01 7.271048406923952441e-03 -1.854760181721461509e-01
3.834000000000000000e+03 3.888609837544351855e+00 1.218462757836968058e-01 7.266018921708484665e-03 -1.851613439280200279e-01
3.835000000000000000e+03 3.881583240702427773e+00 1.215366319533008888e-01 7.260992851178982299e-03 -1.848426212418165238e-01
3.836000000000000000e+03 3.874578550054451398e+00 1.212269466902508031e-01 7.255970036167245889e-03 -1.845210277582187697e-01
3.837000000000000000e+03 3.867604409028225554e+00 1.209165373505491636e-01 7.250950333196799075e-03 -1.841955072766570389e-01
3.838000000000000000e+03 3.860654479331057320e+00 1.206062065699569918e-01 7.245933615691351609e-03 -1.838664840061969841e-01
3.839000000000000000e+03 3.853729718586051067e+00 1.202960137956332887e-01 7.240919774998768460e-03 -1.835343769709517625e-01
3.840000000000000000e+03 3.846830945680445701e+00 1.199852753224383284e-01 7.235908721277134470e-03 -1.831981144108420223e-01
3.841000000000000000e+03 3.839958835631605005e+00 1.196740499988905304e-01 7.230900384204515599e-03 -1.828581051874313135e-01
3.842000000000000000e+03 3.833113915664810190e+00 1.193631392626139376e-01 7.225894713521655889e-03 -1.825154960094204915e-01
3.843000000000000000e+03 3.826289134186346974e+00 1.190526015053282177e-01 7.220891679355862479e-03 -1.821684573124260076e-01
3.844000000000000000e+03 3.819492144424598390e+00 1.187424949423850906e-01 7.215891272398170311e-03 -1.818173831534243001e-01
3.845000000000000000e+03 3.812715590897554296e+00 1.184321348117624018e-01 7.210893503890284870e-03 -1.814626627491398025e-01
3.846000000000000000e+03 3.805959395609231688e+00 1.181215790776708879e-01 7.205898405389480309e-03 -1.811046805138478433e-01
3.847000000000000000e+03 3.799223332109437745e+00 1.178123712985763571e-01 7.200906028381885357e-03 -1.807423304212886495e-01
3.848000000000000000e+03 3.792507029144745800e+00 1.175030836495560421e-01 7.195916443697374099e-03 -1.803759873712957318e-01
3.849000000000000000e+03 3.785809975514867975e+00 1.171937739643907489e-01 7.190929740787146453e-03 -1.800052787058847303e-01
3.850000000000000000e+03 3.779116669388200567e+00 1.168852429320584169e-01 7.185946026741216359e-03 -1.796313127303020563e-01
3.851000000000000000e+03 3.772441454801731542e+00 1.165775268975067225e-01 7.180965425254154030e-03 -1.792529693163124882e-01
3.852000000000000000e+03 3.765777309203413026e+00 1.162705760469142785e-01 7.175988075365147614e-03 -1.788706283851716483e-01
3.853000000000000000e+03 3.759124788130520312e+00 1.159643191178836158e-01 7.171014130090993394e-03 -1.784846699397772685e-01
3.854000000000000000e+03 3.752484347571623413e+00 1.156586849890139518e-01 7.166043754931372169e-03 -1.780939836274175458e-01
3.855000000000000000e+03 3.745856354742189698e+00 1.153536027089899496e-01 7.161077126200167571e-03 -1.776996829117774013e-01
3.856000000000000000e+03 3.739226242843415537e+00 1.150482586900783283e-01 7.156114429400613902e-03 -1.773013908925745452e-01
3.857000000000000000e+03 3.732609093201302297e+00 1.147440680765198368e-01 7.151155857332123882e-03 -1.768994688037070495e-01
3.858000000000000000e+03 3.725997649319934268e+00 1.144402177621181710e-01 7.146201608304391696e-03 -1.764927875004659585e-01
3.859000000000000000e+03 3.719392043139418291e+00 1.141366377578371116e-01 7.141251884171498539e-03 -1.760824416265321379e-01
3.860000000000000000e+03 3.712777523076250752e+00 1.138332583838549267e-01 7.136306888424122710e-03 -1.756680354313919501e-01
3.861000000000000000e+03 3.706176465679784204e+00 1.135307531314191376e-01 7.131366824201868307e-03 -1.752499112688975513e-01
3.862000000000000000e+03 3.699566676976660862e+00 1.132275673492630919e-01 7.126431892343456850e-03 -1.748269210877853863e-01
3.863000000000000000e+03 3.692963117391975914e+00 1.129258609500764510e-01 7.121502289442980041e-03 -1.744001406048119596e-01
3.864000000000000000e+03 3.686351059417006137e+00 1.126233372512030761e-01 7.116578206012890914e-03 -1.739698979660644629e-01
3.865000000000000000e+03 3.679738098514905964e+00 1.123221570208290526e-01 7.111659824580544680e-03 -1.735350309172898342e-01
3.866000000000000000e+03 3.673117023343247745e+00 1.120207673183345881e-01 7.106747317934765384e-03 -1.730966009889167712e-01
3.867000000000000000e+03 3.666488112188963200e+00 1.117198441999388281e-01 7.101840847478575053e-03 -1.726541793361595356e-01
3.868000000000000000e+03 3.659859143658643621e+00 1.114193214039531921e-01 7.096940561639732484e-03 -1.722080752650825830e-01
3.869000000000000000e+03 3.653215693176220746e+00 1.111191332109795621e-01 7.092046594446103740e-03 -1.717578505899524932e-01
3.870000000000000000e+03 3.646573140451489614e+00 1.108192144690521158e-01 7.087159064163687378e-03 -1.713045481724584929e-01
3.871000000000000000e+03 3.639909822379990612e+00 1.105195006185825390e-01 7.082278072164231199e-03 -1.708469777881466700e-01
3.872000000000000000e+03 3.633241323560231884e+00 1.102199277172732084e-01 7.077403701901075796e-03 -1.703861731856866624e-01
3.873000000000000000e+03 3.626561055404336820e+00 1.099211752999925962e-01 7.072536018017633319e-03 -1.699209351338401286e-01
3.874000000000000000e+03 3.619869974296344939e+00 1.096224378983782638e-01 7.067675065729578723e-03 -1.694530313319926595e-01
3.875000000000000000e+03 3.613169156800636994e+00 1.093243964056300754e-01 7.062820870275260746e-03 -1.689805109686961238e-01
3.876000000000000000e+03 3.606452373639210229e+00 1.090262467609625779e-01 7.057973436616750071e-03 -1.685051331541365105e-01
3.877000000000000000e+03 3.599728375818312287e+00 1.087286713141980832e-01 7.053132749281559692e-03 -1.680264243308127181e-01
3.878000000000000000e+03 3.592983752691784272e+00 1.084316103450223695e-01 7.048298772456502992e-03 -1.675439068779016605e-01
3.879000000000000000e+03 3.586234928967994673e+00 1.081350049223031295e-01 7.043471450180997448e-03 -1.670585848891210090e-01
3.880000000000000000e+03 3.579468735217524511e+00 1.078380540931543480e-01 7.038650706798828260e-03 -1.665699729485926317e-01
3.881000000000000000e+03 3.572694402414182235e+00 1.075429290820222317e-01 7.033836447551985831e-03 -1.660783247599264822e-01
3.882000000000000000e+03 3.565906415088048842e+00 1.072473449642216137e-01 7.029028559352894397e-03 -1.655838904429163538e-01
3.883000000000000000e+03 3.559114218493559356e+00 1.069527318747913319e-01 7.024226911714009577e-03 -1.650861738374568843e-01
3.884000000000000000e+03 3.552312497895193211e+00 1.066582923515919240e-01 7.019431357885437886e-03 -1.645861611545061109e-01
3.885000000000000000e+03 3.545496026941599155e+00 1.063647155335165212e-01 7.014641736084049894e-03 -1.640833497881649394e-01
3.886000000000000000e+03 3.538674515102842033e+00 1.060719486782050469e-01 7.009857870849175304e-03 -1.635779769787829852e-01
3.887000000000000000e+03 3.531850312504735800e+00 1.057799400194561756e-01 7.005079574588850451e-03 -1.630702771411710050e-01
3.888000000000000000e+03 3.525018399054425267e+00 1.054886387892548100e-01 7.000306649220471196e-03 -1.625604820323930944e-01
3.889000000000000000e+03 3.518181229606897276e+00 1.051979952394939827e-01 6.995538887791424507e-03 -1.620488209233653110e-01
3.890000000000000000e+03 3.511348721876548229e+00 1.049087034980842603e-01 6.990776076368604777e-03 -1.615355207737185494e-01
3.891000000000000000e+03 3.504501102153537939e+00 1.046199730846023163e-01 6.986017995851805280e-03 -1.610200635739879316e-01
3.892000000000000000e+03 3.497663175944349501e+00 1.043325002705556975e-01 6.981264423858691247e-03 -1.605026721944937396e-01
3.893000000000000000e+03 3.490822603045214301e+00 1.040454967588319707e-01 6.976515136680184505e-03 -1.599843105651633790e-01
3.894000000000000000e+03 3.483981882826588272e+00 1.037604038778036780e-01 6.971769911196614745e-03 -1.594644553502259088e-01
3.895000000000000000e+03 3.477143484392585471e+00 1.034756927544528693e-01 6.967028526821226510e-03 -1.589433246325189786e-01
3.896000000000000000e+03 3.470302405237268850e+00 1.031928070121921892e-01 6.962290767400973815e-03 -1.584218780911659241e-01
3.897000000000000000e+03 3.463475871916511295e+00 1.029102201075604711e-01 6.957556423075389115e-03 -1.578988458370349512e-01
3.898000000000000000e+03 3.456643900897482524e+00 1.026301208615637423e-01 6.952825292102888903e-03 -1.573759284304582229e-01
3.899000000000000000e+03 3.449823570204994638e+00 1.023502422897910324e-01 6.948097182533750568e-03 -1.568518543700178625e-01
3.900000000000000000e+03 3.443017009713440935e+00 1.020727756371822004e-01 6.943371913911451990e-03 -1.563283229373990946e-01
3.901000000000000000e+03 3.436211460906620552e+00 1.017969249462580966e-01 6.938649318757812538e-03 -1.558054898967866642e-01
3.902000000000000000e+03 3.429416619815092382e+00 1.015225699593385739e-01 6.933929243978902320e-03 -1.552817952986980110e-01
3.903000000000000000e+03 3.422634703799984468e+00 1.012495745811269748e-01 6.929211552181219376e-03 -1.547593358237449035e-01
3.904000000000000000e+03 3.415867801682547000e+00 1.009778039850050546e-01 6.924496122774601720e-03 -1.542357511891043753e-01
3.905000000000000000e+03 3.409110438523631714e+00 1.007078674581751987e-01 6.919782852938212436e-03 -1.537123954685455651e-01
3.906000000000000000e+03 3.402371854902162873e+00 1.004396327407817702e-01 6.915071658447907374e-03 -1.531891373746742946e-01
3.907000000000000000e+03 3.395646288891113862e+00 1.001729688691935377e-01 6.910362474327831975e-03 -1.526651032138469366e-01
3.908000000000000000e+03 3.388927829325739882e+00 9.990700334833083063e-02 6.905655255294883450e-03 -1.521409055033108582e-01
3.909000000000000000e+03 3.382225270291836505e+00 9.964309349813960104e-02 6.900949976078552157e-03 -1.516164145703604860e-01
3.910000000000000000e+03 3.375539825102566560e+00 9.938036944898698266e-02 6.896246631476313053e-03 -1.510907586483825893e-01
3.911000000000000000e+03 3.368865126572963664e+00 9.911944832131873440e-02 6.891545236330291063e-03 -1.505652953052403209e-01
3.912000000000000000e+03 3.362209513589085486e+00 9.885946288932508097e-02 6.886845825201090565e-03 -1.500384116781466326e-01
3.913000000000000000e+03 3.355558892103220003e+00 9.860029008876043666e-02 6.882148452006994592e-03 -1.495114672263824496e-01
3.914000000000000000e+03 3.348928737535137312e+00 9.834329385401460732e-02 6.877453189350177416e-03 -1.489835939508563079e-01
3.915000000000000000e+03 3.342304673084893984e+00 9.808686810911027010e-02 6.872760127738799033e-03 -1.484554106266509632e-01
3.916000000000000000e+03 3.335694474417608912e+00 9.783237944824174637e-02 6.868069374669368531e-03 -1.479260515134027121e-01
3.917000000000000000e+03 3.329098363556037832e+00 9.757896729022765003e-02 6.863381053498571020e-03 -1.473961377392163374e-01
3.918000000000000000e+03 3.322509017167803336e+00 9.732725805246912609e-02 6.858695302248858476e-03 -1.468648059981897402e-01
3.919000000000000000e+03 3.315926432470737595e+00 9.707639380908816840e-02 6.854012272173383262e-03 -1.463334227575788515e-01
3.920000000000000000e+03 3.309350508921063305e+00 9.682700362849540332e-02 6.849332126328695411e-03 -1.458011272744703379e-01
3.921000000000000000e+03 3.302781058993773833e+00 9.657897506525142672e-02 6.844655037953819611e-03 -1.452685457931471025e-01
3.922000000000000000e+03 3.296217819607184296e+00 9.633145415639050857e-02 6.839981188797831721e-03 -1.447348202234653991e-01
3.923000000000000000e+03 3.289660464087740710e+00 9.608581675732219551e-02 6.835310767367461932e-03 -1.442005794959154430e-01
3.924000000000000000e+03 3.283101186216682787e+00 9.584121152694805024e-02 6.830643967148873966e-03 -1.436657110690772732e-01
3.925000000000000000e+03 3.276539569647471506e+00 9.559827409771937123e-02 6.825980984685340799e-03 -1.431301037751024907e-01
3.926000000000000000e+03 3.269982600828203356e+00 9.535615572989648847e-02 6.821322017781326214e-03 -1.425936478289367149e-01
3.927000000000000000e+03 3.263422396962574190e+00 9.511549464575871915e-02 6.816667263588135038e-03 -1.420577205070717164e-01
3.928000000000000000e+03 3.256858504044682245e+00 9.487618751826583374e-02 6.812016916738437497e-03 -1.415214719811752064e-01
3.929000000000000000e+03 3.250290481349543015e+00 9.463738946449641587e-02 6.807371167516150685e-03 -1.409847966677736653e-01
3.930000000000000000e+03 3.243725342365852526e+00 9.440048537893322433e-02 6.802730200061837644e-03 -1.404483332392451322e-01
3.931000000000000000e+03 3.237147853607374337e+00 9.416537575127290061e-02 6.798094190670690359e-03 -1.399119789668604730e-01
3.932000000000000000e+03 3.230572544799582335e+00 9.393047665924741940e-02 6.793463306081800115e-03 -1.393756325715223010e-01
3.933000000000000000e+03 3.223984293230377940e+00 9.369791960635158456e-02 6.788837701964103855e-03 -1.388399370777680109e-01
3.934000000000000000e+03 3.217390332675496012e+00 9.346612316405089604e-02 6.784217521463711993e-03 -1.383047941664098945e-01
3.935000000000000000e+03 3.210790549700272667e+00 9.323573564434446681e-02 6.779602893843371739e-03 -1.377701070365134339e-01
3.936000000000000000e+03 3.204177492507768843e+00 9.300592091685655483e-02 6.774993933298749035e-03 -1.372365232719366390e-01
3.937000000000000000e+03 3.197551235556495008e+00 9.277807257608459979e-02 6.770390737929996017e-03 -1.367039492078091500e-01
3.938000000000000000e+03 3.190919386479452502e+00 9.255135692338294084e-02 6.765793388771093424e-03 -1.361715499723901157e-01
3.939000000000000000e+03 3.184274806896906007e+00 9.232642713404941304e-02 6.761201949084054072e-03 -1.356407208745460946e-01
3.940000000000000000e+03 3.177625330576679730e+00 9.210170907412634778e-02 6.756616463798771968e-03 -1.351113732816647539e-01
3.941000000000000000e+03 3.170964053650775938e+00 9.187934397252496554e-02 6.752036959050672534e-03 -1.345841631836520447e-01
3.942000000000000000e+03 3.164284193764636210e+00 9.165776006253577302e-02 6.747463441993256650e-03 -1.340582627526359927e-01
3.943000000000000000e+03 3.157601376391276471e+00 9.143761525380512956e-02 6.742895900694848184e-03 -1.335343317535597207e-01
3.944000000000000000e+03 3.150916493152666753e+00 9.121882578382123352e-02 6.738334304312449709e-03 -1.330130319505577752e-01
3.945000000000000000e+03 3.144215700707029271e+00 9.100130904452631564e-02 6.733778603342057897e-03 -1.324942843537096904e-01
3.946000000000000000e+03 3.137507560218278702e+00 9.078498357372880023e-02 6.729228730087643412e-03 -1.319780121413758611e-01
3.947000000000000000e+03 3.130793320531446433e+00 9.057051188138687259e-02 6.724684599317371642e-03 -1.314641407524374250e-01
3.948000000000000000e+03 3.124074341994482751e+00 9.035707193569732232e-02 6.720146109011893888e-03 -1.309540836532640251e-01
3.949000000000000000e+03 3.117352090872812731e+00 9.014532849406520221e-02 6.715613141362906241e-03 -1.304470282639433321e-01
3.950000000000000000e+03 3.110628132763606946e+00 8.993446175377216301e-02 6.711085563807971111e-03 -1.299436502384026804e-01
3.951000000000000000e+03 3.103896563498982797e+00 8.972513844583046572e-02 6.706563230277604731e-03 -1.294438265541690836e-01
3.952000000000000000e+03 3.097165886136676871e+00 8.951728261003762122e-02 6.702045982539257644e-03 -1.289472029178472812e-01
3.953000000000000000e+03 3.090429688081718140e+00 8.931007629492355993e-02 6.697533651635678015e-03 -1.284548550891293495e-01
3.954000000000000000e+03 3.083703906217686974e+00 8.910493112406812910e-02 6.693026059433108098e-03 -1.279656333340845886e-01
3.955000000000000000e+03 3.076967389664072350e+00 8.890103127512546943e-02 6.688523020229242798e-03 -1.274791338808263508e-01
3.956000000000000000e+03 3.070243600694373853e+00 8.869830480865376066e-02 6.684024342475121394e-03 -1.269964418704939424e-01
3.957000000000000000e+03 3.063518891558949520e+00 8.849742365645764386e-02 6.679529830478467267e-03 -1.265171601324797945e-01
3.958000000000000000e+03 3.056801919680445678e+00 8.829757510431532341e-02 6.675039286217453183e-03 -1.260416378036103568e-01
3.959000000000000000e+03 3.050093922473678276e+00 8.809943311947182609e-02 6.670552511077373729e-03 -1.255687419352995993e-01
3.960000000000000000e+03 3.043396133855186036e+00 8.790218699729801521e-02 6.666069307690670846e-03 -1.250988289432982403e-01
3.961000000000000000e+03 3.036702344101840367e+00 8.770651268771174902e-02 6.661589481643338806e-03 -1.246322590438402184e-01
3.962000000000000000e+03 3.030021173270136536e+00 8.751234427568467533e-02 6.657112843303092907e-03 -1.241686535211048298e-01
3.963000000000000000e+03 3.023353774782260306e+00 8.731961680146473059e-02 6.652639209393375157e-03 -1.237076376597829319e-01
3.964000000000000000e+03 3.016693824436493365e+00 8.712826624492303607e-02 6.648168404720751143e-03 -1.232503265077155435e-01
3.965000000000000000e+03 3.010049794943818746e+00 8.693822950945179207e-02 6.643700263655367283e-03 -1.227948679523723080e-01
3.966000000000000000e+03 3.003422660935378907e+00 8.674944440511198063e-02 6.639234631606851823e-03 -1.223423854813448924e-01
3.967000000000000000e+03 2.996805889684243329e+00 8.656184963116624054e-02 6.634771366373347704e-03 -1.218932640806675155e-01
3.968000000000000000e+03 2.990207717626748973e+00 8.637612759301026288e-02 6.630310339332184250e-03 -1.214464074659857840e-01
3.969000000000000000e+03 2.983621429257794055e+00 8.619147587826661572e-02 6.625851436596488439e-03 -1.210022094811349647e-01
3.970000000000000000e+03 2.977055063724589612e+00 8.600783574248359320e-02 6.621394559914900099e-03 -1.205610684785620862e-01
3.971000000000000000e+03 2.970509123925368922e+00 8.582589208905021250e-02 6.616939627508008730e-03 -1.201219016915376081e-01
3.972000000000000000e+03 2.963984000018533127e+00 8.564558777845705795e-02 6.612486574718570362e-03 -1.196866022780581768e-01
3.973000000000000000e+03 2.957472537283098113e+00 8.546604932351377359e-02 6.608035354491864632e-03 -1.192533538306957408e-01
3.974000000000000000e+03 2.950989746815048775e+00 8.528796393950240085e-02 6.603585937746792901e-03 -1.188225730733585284e-01
3.975000000000000000e+03 2.944520805478230141e+00 8.511120244972190940e-02 6.599138313475934499e-03 -1.183946813639256967e-01
3.976000000000000000e+03 2.938073053878120344e+00 8.493571066448367402e-02 6.594692488801703195e-03 -1.179701046934486935e-01
3.977000000000000000e+03 2.931646283604399716e+00 8.476143507416546152e-02 6.590248488784919596e-03 -1.175477880068573483e-01
3.978000000000000000e+03 2.925240167337638919e+00 8.458839710880521057e-02 6.585806356068250010e-03 -1.171281665253634391e-01
3.979000000000000000e+03 2.918854261699862285e+00 8.441661883023243718e-02 6.581366150407487632e-03 -1.167116800508910951e-01
3.980000000000000000e+03 2.912488011170926150e+00 8.424597434034949983e-02 6.576927948009790234e-03 -1.162972872627117127e-01
3.981000000000000000e+03 2.906140753031165147e+00 8.407656117361385351e-02 6.572491840721324773e-03 -1.158861798518910774e-01
3.982000000000000000e+03 2.899811723283852505e+00 8.390832885417906506e-02 6.568057935100734233e-03 -1.154780682986843443e-01
3.983000000000000000e+03 2.893507491849867108e+00 8.374115315384215996e-02 6.563626351348170532e-03 -1.150726674887434381e-01
3.984000000000000000e+03 2.887219685218770593e+00 8.357505891684394173e-02 6.559197222082738601e-03 -1.146704394882493983e-01
3.985000000000000000e+03 2.880947279986138643e+00 8.341007146696338692e-02 6.554770691080181490e-03 -1.142703649738680272e-01
3.986000000000000000e+03 2.874689183695007699e+00 8.324614229812506150e-02 6.550346911832166490e-03 -1.138744001730263439e-01
3.987000000000000000e+03 2.868451672996843005e+00 8.308322333193141063e-02 6.545926046084843929e-03 -1.134807912749434960e-01
3.988000000000000000e+03 2.862233547289929625e+00 8.292119260827124361e-02 6.541508262264694902e-03 -1.130900170335195770e-01
3.989000000000000000e+03 2.856026139490488003e+00 8.276022567699098387e-02 6.537093733889945239e-03 -1.127025601823269108e-01
3.990000000000000000e+03 2.849828183837197049e+00 8.260012702069570445e-02 6.532682637919196358e-03 -1.123189073525842629e-01
3.991000000000000000e+03 2.843653255576467309e+00 8.244092429733108907e-02 6.528275153038202820e-03 -1.119380633197240016e-01
3.992000000000000000e+03 2.837492640673652478e+00 8.228257118085276212e-02 6.523871458047524920e-03 -1.115605222594367729e-01
3.993000000000000000e+03 2.831345060699231198e+00 8.212509590333445797e-02 6.519471730140169452e-03 -1.111860391586068780e-01
3.994000000000000000e+03 2.825209255882503712e+00 8.196837837982384745e-02 6.515076143257995597e-03 -1.108158582369233730e-01
3.995000000000000000e+03 2.819083996331464892e+00 8.181244731810624615e-02 6.510684866481037184e-03 -1.104489986897830706e-01
3.996000000000000000e+03 2.812975521317632399e+00 8.165725734433149086e-02 6.506298062490116149e-03 -1.100859687832201617e-01
3.997000000000000000e+03 2.806875264777291878e+00 8.150276326316346909e-02 6.501915886037035013e-03 -1.097265372712255826e-01
3.998000000000000000e+03 2.800789578787982848e+00 8.134884575135063745e-02 6.497538482535789722e-03 -1.093712189912020710e-01
3.999000000000000000e+03 2.794717458027863088e+00 8.119545990224835696e-02 6.493165986811981483e-03 -1.090197891229297000e-01
4.000000000000000000e+03 2.788650548637235715e+00 8.104270948751582382e-02 6.488798521797805099e-03 -1.086720259564985247e-01
4.001000000000000000e+03 2.782595259426674517e+00 8.089041367368184077e-02 6.484436197493541158e-03 -1.083284409417056421e-01
4.002000000000000000e+03 2.776549938231449133e+00 8.073859001936177504e-02 6.480079109994810703e-03 -1.079887547909461482e-01
4.003000000000000000e+03 2.770520281031342069e+00 8.058734285451707446e-02 6.475727340646591362e-03 -1.076526784306380963e-01
4.004000000000000000e+03 2.764489806100652647e+00 8.043662797125504527e-02 6.471380955350839771e-03 -1.073214113466570141e-01
4.005000000000000000e+03 2.758471857076219891e+00 8.028647545521142015e-02 6.467040004027304820e-03 -1.069931845322104891e-01
4.006000000000000000e+03 2.752457608129818212e+00 8.013691538348140242e-02 6.462704520215608109e-03 -1.066699459663730948e-01
4.007000000000000000e+03 2.746445779974201251e+00 7.998797780656810574e-02 6.458374520859316847e-03 -1.063499322328243651e-01
4.008000000000000000e+03 2.740450069782773390e+00 7.983961844741165048e-02 6.454050006202827552e-03 -1.060343540096573278e-01
4.009000000000000000e+03 2.734454581613980473e+00 7.969194153490755106e-02 6.449730959862709154e-03 -1.057221962041525465e-01
4.010000000000000000e+03 2.728465824348129676e+00 7.954490265336869315e-02 6.445417349091568313e-03 -1.054139321132099849e-01
4.011000000000000000e+03 2.722475568392462186e+00 7.939845729352201786e-02 6.441109125131024883e-03 -1.051100377436635785e-01
4.012000000000000000e+03 2.716497984881120598e+00 7.925270940388902396e-02 6.436806223757987611e-03 -1.048095061373624931e-01
4.013000000000000000e+03 2.710525072046105599e+00 7.910761424157043697e-02 6.432508565957516938e-03 -1.045135615460581480e-01
4.014000000000000000e+03 2.704556364153374304e+00 7.896320120792180153e-02 6.428216058715230212e-03 -1.042212024249485336e-01
4.015000000000000000e+03 2.698598926149567756e+00 7.881942526701958551e-02 6.423928595960015468e-03 -1.039321727802590134e-01
4.016000000000000000e+03 2.692637634074976916e+00 7.867638978191716925e-02 6.419646059633791167e-03 -1.036477050149346157e-01
4.017000000000000000e+03 2.686694594910556511e+00 7.853397508315779207e-02 6.415368320838566070e-03 -1.033668057668435114e-01
4.018000000000000000e+03 2.680754855422006422e+00 7.839220987249970185e-02 6.411095241088258199e-03 -1.030892272644093610e-01
4.019000000000000000e+03 2.674825820686110411e+00 7.825112264229394654e-02 6.406826673639183511e-03 -1.028162101786719712e-01
4.020000000000000000e+03 2.668907531874279648e+00 7.811074166196403656e-02 6.402562464912667922e-03 -1.025467694662408613e-01
4.021000000000000000e+03 2.663000085333342870e+00 7.797102068106313844e-02 6.398302455968485000e-03 -1.022806657278803738e-01
4.022000000000000000e+03 2.657103622952797117e+00 7.783198748291184077e-02 6.394046483985263776e-03 -1.020184052266483593e-01
4.023000000000000000e+03 2.651225750611737819e+00 7.769359530419711612e-02 6.389794383791292005e-03 -1.017597542351759421e-01
4.024000000000000000e+03 2.645359243049290932e+00 7.755587138850227047e-02 6.385545989450345725e-03 -1.015044818865276505e-01
4.025000000000000000e+03 2.639511747107803785e+00 7.741876840582216646e-02 6.381301135771409554e-03 -1.012531030229280454e-01
4.026000000000000000e+03 2.633683486540504326e+00 7.728223872241232750e-02 6.377059659860304444e-03 -1.010053925367775662e-01
4.027000000000000000e+03 2.627867251982922259e+00 7.714630867054832197e-02 6.372821402602577012e-03 -1.007611282133469982e-01
4.028000000000000000e+03 2.622078104531234022e+00 7.701100425106324754e-02 6.368586210142362578e-03 -1.005208335697005545e-01
4.029000000000000000e+03 2.616308796115518032e+00 7.687627683575087856e-02 6.364353935250931932e-03 -1.002830293646429782e-01
4.030000000000000000e+03 2.610552045411119071e+00 7.674200315301465958e-02 6.360124438669881655e-03 -1.000489134540712005e-01
4.031000000000000000e+03 2.604822814219051708e+00 7.660835669082204091e-02 6.355897590361621677e-03 -9.981812662072724052e-02
4.032000000000000000e+03 2.599121157592739095e+00 7.647513913042197631e-02 6.351673270623939445e-03 -9.959053536193178402e-02
4.033000000000000000e+03 2.593439644687503431e+00 7.634237459929180125e-02 6.347451371181673553e-03 -9.936615758382599806e-02
4.034000000000000000e+03 2.587785636998729988e+00 7.621008680536706104e-02 6.343231796103731938e-03 -9.914479115521662722e-02
4.035000000000000000e+03 2.582158997246843501e+00 7.607822473809663921e-02 6.339014462545007958e-03 -9.892645957336872187e-02
4.036000000000000000e+03 2.576559512463766577e+00 7.594681121961938119e-02 6.334799301519299444e-03 -9.871111478808025641e-02
4.037000000000000000e+03 2.570979461224204066e+00 7.581572003832820483e-02 6.330586258407455182e-03 -9.849863715294474020e-02
4.038000000000000000e+03 2.565433323509652030e+00 7.568497306677875180e-02 6.326375293317812280e-03 -9.828898393660784327e-02
4.039000000000000000e+03 2.559920636329663601e+00 7.555451739479414341e-02 6.322166381400006786e-03 -9.808204069323588070e-02
4.040000000000000000e+03 2.554433420372558938e+00 7.542429959649912807e-02 6.317959512951292281e-03 -9.787769547655911229e-02
4.041000000000000000e+03 2.548971035944924246e+00 7.529426571375172350e-02 6.313754693359670440e-03 -9.767598733078626527e-02
4.042000000000000000e+03 2.543547611499852756e+00 7.516450980643987756e-02 6.309551942958751061e-03 -9.747673479044202671e-02
4.043000000000000000e+03 2.538147474645155111e+00 7.503482823474562358e-02 6.305351296711290791e-03 -9.727998149256383842e-02
4.044000000000000000e+03 2.532777152619523520e+00 7.490523962696263305e-02 6.301152803726891433e-03 -9.708547609726646266e-02
4.045000000000000000e+03 2.527435661805161438e+00 7.477568772876698466e-02 6.296956526714852544e-03 -9.689319217191157130e-02
4.046000000000000000e+03 2.522121939847950411e+00 7.464618995365078502e-02 6.292762541250883877e-03 -9.670310523499675570e-02
4.047000000000000000e+03 2.516842278591630677e+00 7.451668879942509316e-02 6.288570934984117310e-03 -9.651496979536852705e-02
4.048000000000000000e+03 2.511588044376661166e+00 7.438712611552580900e-02 6.284381806629214286e-03 -9.632876493866751599e-02
4.049000000000000000e+03 2.506372825850362585e+00 7.425736880341789192e-02 6.280195265009903480e-03 -9.614447135864885585e-02
4.050000000000000000e+03 2.501180442220842792e+00 7.412758021845954060e-02 6.276011427850875998e-03 -9.596184838539825734e-02
4.051000000000000000e+03 2.496016873317252305e+00 7.399756355068982938e-02 6.271830420638812784e-03 -9.578083670985074183e-02
4.052000000000000000e+03 2.490880326949934442e+00 7.386731763766056502e-02 6.267652375282243941e-03 -9.560150398367847635e-02
4.053000000000000000e+03 2.485768902507455191e+00 7.373700110667615049e-02 6.263477428833341167e-03 -9.542395039980666738e-02
4.054000000000000000e+03 2.480688103547351364e+00 7.360647471209626203e-02 6.259305722086484086e-03 -9.524812856688273655e-02
4.055000000000000000e+03 2.475628561572325470e+00 7.347582130641527876e-02 6.255137398196337038e-03 -9.507428908281370661e-02
4.056000000000000000e+03 2.470595758434276590e+00 7.334504869347427403e-02 6.250972601240153623e-03 -9.490223757291950391e-02
4.057000000000000000e+03 2.465580322025895388e+00 7.321423818327334188e-02 6.246811474856415157e-03 -9.473230024990786369e-02
4.058000000000000000e+03 2.460587748775504568e+00 7.308324744660102401e-02 6.242654160764380365e-03 -9.456435810474410342e-02
4.059000000000000000e+03 2.455623555955134929e+00 7.295223048878728134e-02 6.238500797461112024e-03 -9.439844105372442729e-02
4.060000000000000000e+03 2.450671005467443209e+00 7.282119193881635144e-02 6.234351518841839239e-03 -9.423465353703136538e-02
4.061000000000000000e+03 2.445735682530194577e+00 7.269006132369887352e-02 6.230206452944152089e-03 -9.407302583753859859e-02
4.062000000000000000e+03 2.440823218873291012e+00 7.255891591075021296e-02 6.226065720703777284e-03 -9.391351397076191931e-02
4.063000000000000000e+03 2.435924443874482925e+00 7.242768356615042480e-02 6.221929434835733567e-03 -9.375622242999639977e-02
4.064000000000000000e+03 2.431045105311985033e+00 7.229643988248682374e-02 6.217797698734720858e-03 -9.360118123556310232e-02
4.065000000000000000e+03 2.426183591113852511e+00 7.216518532258224539e-02 6.213670605555937122e-03 -9.344834583996634858e-02
4.066000000000000000e+03 2.421330935544819152e+00 7.203391949830072194e-02 6.209548237339657106e-03 -9.329781988938315451e-02
4.067000000000000000e+03 2.416493109775308845e+00 7.190264116675099126e-02 6.205430664253891969e-03 -9.314955800668921204e-02
4.068000000000000000e+03 2.411668741631721069e+00 7.177134822738043263e-02 6.201317943966409840e-03 -9.300351428176296953e-02
4.069000000000000000e+03 2.406849119639177914e+00 7.163996343645623321e-02 6.197210121156030392e-03 -9.285979076825535972e-02
4.070000000000000000e+03 2.402047909672280657e+00 7.150863153997343014e-02 6.193107227105035945e-03 -9.271834028580949738e-02
4.071000000000000000e+03 2.397256587285436780e+00 7.137727357234721626e-02 6.189009279493539080e-03 -9.257918921344780727e-02
4.072000000000000000e+03 2.392481581059171081e+00 7.124588399104787861e-02 6.184916282242021793e-03 -9.244236315537586457e-02
4.073000000000000000e+03 2.387707131597418098e+00 7.111445639446017930e-02 6.180828225560298060e-03 -9.230766404632008426e-02
4.074000000000000000e+03 2.382954718230251956e+00 7.098298352405506273e-02 6.176745086106451808e-03 -9.217519009817903841e-02
4.075000000000000000e+03 2.378208774570501838e+00 7.085153155085995025e-02 6.172666827209942302e-03 -9.204481578368486905e-02
4.076000000000000000e+03 2.373468685197153150e+00 7.072009151201612276e-02 6.168593399340424437e-03 -9.191648894456486141e-02
4.077000000000000000e+03 2.368748783082798681e+00 7.058857931508580319e-02 6.164524740598260888e-03 -9.179023077107949236e-02
4.078000000000000000e+03 2.364033776144488286e+00 7.045698430992523853e-02 6.160460777372747318e-03 -9.166598721987166687e-02
4.079000000000000000e+03 2.359338169960661258e+00 7.032544357764540510e-02 6.156401425074670489e-03 -9.154355472002179139e-02
4.080000000000000000e+03 2.354646836190678716e+00 7.019387051899855789e-02 6.152346589033010245e-03 -9.142302586805345355e-02
4.081000000000000000e+03 2.349974433955225983e+00 7.006217771134544414e-02 6.148296165366115042e-03 -9.130426944110629772e-02
4.082000000000000000e+03 2.345313405376354687e+00 6.993049976589178762e-02 6.144250042063988983e-03 -9.118715324873853667e-02
4.083000000000000000e+03 2.340671110795120136e+00 6.979867335029554809e-02 6.140208100069963898e-03 -9.107169270377986348e-02
4.084000000000000000e+03 2.336032680028282016e+00 6.966683146408518545e-02 6.136170214433404012e-03 -9.095775369469473459e-02
4.085000000000000000e+03 2.331413003438589815e+00 6.953495774525619844e-02 6.132136255511649002e-03 -9.084527544388004694e-02
4.086000000000000000e+03 2.326812154137037236e+00 6.940288647801581834e-02 6.128106090233709745e-03 -9.073412194986145429e-02
4.087000000000000000e+03 2.322230236747407250e+00 6.927082258521539970e-02 6.124079583323608321e-03 -9.062423056378879349e-02
4.088000000000000000e+03 2.317659950958367077e+00 6.913859880120398760e-02 6.120056598620637889e-03 -9.051546343203516198e-02
4.089000000000000000e+03 2.313101440043655810e+00 6.900626994776337675e-02 6.116037000363734599e-03 -9.040760750512803756e-02
4.090000000000000000e+03 2.308569711027852911e+00 6.887381580800479297e-02 6.112020654406791036e-03 -9.030067167951313922e-02
4.091000000000000000e+03 2.304050056474752584e+00 6.874121541760827570e-02 6.108007429491859978e-03 -9.019444110257533731e-02
4.092000000000000000e+03 2.299557473331158786e+00 6.860844707243918261e-02 6.103997198455563510e-03 -9.008884859396970590e-02
4.093000000000000000e+03 2.295077228392865987e+00 6.847556261952211787e-02 6.099989839348807577e-03 -8.998367751276228899e-02
4.094000000000000000e+03 2.290624277673922293e+00 6.834253889722062547e-02 6.095985236568571101e-03 -8.987893317288153661e-02
4.095000000000000000e+03 2.286191260889634869e+00 6.820927774224012918e-02 6.091983281854304252e-03 -8.977432285301946424e-02
4.096000000000000000e+03 2.281778208225099469e+00 6.807582884684068580e-02 6.087983875226743447e-03 -8.966977577159958301e-02
4.097000000000000000e+03 2.277385105844669688e+00 6.794224119821505592e-02 6.083986925864014357e-03 -8.956514593904249533e-02
4.098000000000000000e+03 2.273019318649516229e+00 6.780841451761811245e-02 6.079992352825173800e-03 -8.946021213943367023e-02
4.099000000000000000e+03 2.268673300229943290e+00 6.767432211661091046e-02 6.076000085743325438e-03 -8.935497504157979831e-02
4.100000000000000000e+03 2.264346873558675810e+00 6.754008518607149125e-02 6.072010065314234137e-03 -8.924913718656167505e-02
4.101000000000000000e+03 2.260047290995642388e+00 6.740552921723635960e-02 6.068022243773196246e-03 -8.914266256759330320e-02
4.102000000000000000e+03 2.255767137321806892e+00 6.727071034197687482e-02 6.064036585186950191e-03 -8.903552405929174296e-02
4.103000000000000000e+03 2.251513849825060642e+00 6.713568613588201395e-02 6.060053065631405833e-03 -8.892780734056868197e-02
4.104000000000000000e+03 2.247287368051173573e+00 6.700036493848458841e-02 6.056071673265576646e-03 -8.881959693493973740e-02
4.105000000000000000e+03 2.243080133040693536e+00 6.686480299117887605e-02 6.052092408315386078e-03 -8.871097615797458869e-02
4.106000000000000000e+03 2.238899372365460216e+00 6.672898159046423971e-02 6.048115282853222356e-03 -8.860202705989243810e-02
4.107000000000000000e+03 2.234737387453678448e+00 6.659288137490859683e-02 6.044140320533246576e-03 -8.849268179670415069e-02
4.108000000000000000e+03 2.230608696792921730e+00 6.645648232847470305e-02 6.040167556168138385e-03 -8.838309398201935063e-02
4.109000000000000000e+03 2.226498039634109638e+00 6.631991235067451196e-02 6.036197035241837316e-03 -8.827326719979047831e-02
4.110000000000000000e+03 2.222412377273741413e+00 6.618307584214860873e-02 6.032228813268008215e-03 -8.816327778180674257e-02
4.111000000000000000e+03 2.218351183123343784e+00 6.604602512515465873e-02 6.028262955125706334e-03 -8.805297759774094457e-02
4.112000000000000000e+03 2.214313875128128828e+00 6.590873759618172401e-02 6.024299534148005661e-03 -8.794258824462784785e-02
4.113000000000000000e+03 2.210299820387062297e+00 6.577119001237116680e-02 6.020338631380182590e-03 -8.783203241487186341e-02
4.114000000000000000e+03 2.206308340271528223e+00 6.563350706181793337e-02 6.016380334488144639e-03 -8.772145379874148052e-02
4.115000000000000000e+03 2.202338715986399187e+00 6.549558994924270516e-02 6.012424736864571684e-03 -8.761069701702102475e-02
4.116000000000000000e+03 2.198390194512239049e+00 6.535741353362289896e-02 6.008471936445851889e-03 -8.749997608919102277e-02
4.117000000000000000e+03 2.194461994864723042e+00 6.521902633187214027e-02 6.004522034689995652e-03 -8.738920579886957918e-02
4.118000000000000000e+03 2.190553314603874924e+00 6.508047623946050519e-02 6.000575135390318927e-03 -8.727844731256732824e-02
4.119000000000000000e+03 2.186663336524598211e+00 6.494158768430505213e-02 5.996631343550613835e-03 -8.716775953177373359e-02
4.120000000000000000e+03 2.182791235457955725e+00 6.480255589965835950e-02 5.992690764195395502e-03 -8.705705044705148998e-02
4.121000000000000000e+03 2.178936185111752355e+00 6.466327837785453003e-02 5.988753501244542705e-03 -8.694644847913818309e-02
4.122000000000000000e+03 2.175104793230768774e+00 6.452380057712121808e-02 5.984819656374523907e-03 -8.683593098816336231e-02
4.123000000000000000e+03 2.171281394903999296e+00 6.438401879396214722e-02 5.980889327857420550e-03 -8.672547277090120188e-02
4.124000000000000000e+03 2.167480057555029926e+00 6.424412587101223371e-02 5.976962609576759455e-03 -8.661504599525653159e-02
4.125000000000000000e+03 2.163685160442158750e+00 6.410401693663118905e-02 5.973039589934591928e-03 -8.650469442275696141e-02
4.126000000000000000e+03 2.159910827462813820e+00 6.396366083055064766e-02 5.969120350941864613e-03 -8.639438478560895751e-02
4.127000000000000000e+03 2.156141505993563356e+00 6.382317439624171640e-02 5.965204967322399257e-03 -8.628415530322479376e-02
4.128000000000000000e+03 2.152391398918031218e+00 6.368245107299408403e-02 5.961293505669067704e-03 -8.617389278692974552e-02
4.129000000000000000e+03 2.148652470933595016e+00 6.354160660712278308e-02 5.957386023780996548e-03 -8.606370401887508681e-02
4.130000000000000000e+03 2.144924166195926407e+00 6.340053336200639211e-02 5.953482569961180207e-03 -8.595347001869635406e-02
4.131000000000000000e+03 2.141205983657587630e+00 6.325927174722309476e-02 5.949583182565379089e-03 -8.584314315175498034e-02
4.132000000000000000e+03 2.137497480166286490e+00 6.311786166403544895e-02 5.945687889502625049e-03 -8.573282139353202713e-02
4.133000000000000000e+03 2.133790844593875136e+00 6.297626823498463089e-02 5.941796707966380889e-03 -8.562230261633442530e-02
4.134000000000000000e+03 2.130100613074837224e+00 6.283453038478364894e-02 5.937909644178326028e-03 -8.551167885181029660e-02
4.135000000000000000e+03 2.126419100085094271e+00 6.269261228779898776e-02 5.934026693328166811e-03 -8.540081630767086540e-02
4.136000000000000000e+03 2.122746112357106973e+00 6.255062623378651598e-02 5.930147839560140355e-03 -8.528980107666649102e-02
4.137000000000000000e+03 2.119074092024974210e+00 6.240853550966990460e-02 5.926273056130929896e-03 -8.517841916659960044e-02
4.138000000000000000e+03 2.115417829207703271e+00 6.226630298297885363e-02 5.922402305640444599e-03 -8.506667650574084583e-02
4.139000000000000000e+03 2.111762462087473757e+00 6.212411396938920943e-02 5.918535540324713733e-03 -8.495457611924511765e-02
4.140000000000000000e+03 2.108115473257400119e+00 6.198178198213011303e-02 5.914672702583079547e-03 -8.484196959492316947e-02
4.141000000000000000e+03 2.104484401957288142e+00 6.183949158505253063e-02 5.910813725448809536e-03 -8.472877997205247036e-02
4.142000000000000000e+03 2.100847127380160995e+00 6.169720414294226768e-02 5.906958533282366530e-03 -8.461507606814611115e-02
4.143000000000000000e+03 2.097226148339692120e+00 6.155495497433370600e-02 5.903107042446532719e-03 -8.450070110936630519e-02
4.144000000000000000e+03 2.093606867081359457e+00 6.141270480351379568e-02 5.899259162153759617e-03 -8.438556991667583995e-02
4.145000000000000000e+03 2.089997011294030038e+00 6.127048834685638184e-02 5.895414795307323333e-03 -8.426959467812397686e-02
4.146000000000000000e+03 2.086396915515372541e+00 6.112834004880805805e-02 5.891573839432887559e-03 -8.415283357470534908e-02
4.147000000000000000e+03 2.082799515589540018e+00 6.098629410148536517e-02 5.887736187658546005e-03 -8.403504514088491750e-02
4.148000000000000000e+03 2.079212627885884679e+00 6.084431018081279396e-02 5.883901729754088296e-03 -8.391628259609557050e-02
4.149000000000000000e+03 2.075629229836183587e+00 6.070242203319595881e-02 5.880070353156229349e-03 -8.379644820872347855e-02
4.150000000000000000e+03 2.072057167107718367e+00 6.056073749506859366e-02 5.876241944058718282e-03 -8.367544192889547761e-02
4.151000000000000000e+03 2.068489552151425936e+00 6.041920885603047769e-02 5.872416388461981426e-03 -8.355317601626162383e-02
4.152000000000000000e+03 2.064934826073306695e+00 6.027776102760928206e-02 5.868593573283282031e-03 -8.342976735776222452e-02
4.153000000000000000e+03 2.061386684057663121e+00 6.013653483016025841e-02 5.864773387409505725e-03 -8.330512243014664975e-02
4.154000000000000000e+03 2.057846235892717868e+00 5.999537383285866859e-02 5.860955722664662644e-03 -8.317929421928482725e-02
4.155000000000000000e+03 2.054314571531208777e+00 5.985441863984199140e-02 5.857140474936128015e-03 -8.305233371477120652e-02
4.156000000000000000e+03 2.050800183568201707e+00 5.971351264011998811e-02 5.853327545019098611e-03 -8.292414140215136065e-02
4.157000000000000000e+03 2.047289248244969162e+00 5.957264772586461782e-02 5.849516839582243923e-03 -8.279476445319890188e-02
4.158000000000000000e+03 2.043797618637445801e+00 5.943189002574311014e-02 5.845708271969713050e-03 -8.266432249537782051e-02
4.159000000000000000e+03 2.040318821325408205e+00 5.929123135417472407e-02 5.841901762954846040e-03 -8.253263624356831085e-02
4.160000000000000000e+03 2.036853765347241829e+00 5.915058922692617571e-02 5.838097241460688674e-03 -8.239982181338942335e-02
4.161000000000000000e+03 2.033395881528198945e+00 5.900995544313942381e-02 5.834294645146844219e-03 -8.226584506098207072e-02
4.162000000000000000e+03 2.029960832424241080e+00 5.886932181621982313e-02 5.830493920872213513e-03 -8.213067018635121508e-02
4.163000000000000000e+03 2.026534510959238755e+00 5.872875447095986939e-02 5.826695025153251668e-03 -8.199433404838638029e-02
4.164000000000000000e+03 2.023125036538840238e+00 5.858824528954388600e-02 5.822897924446841615e-03 -8.185687190794638246e-02
4.165000000000000000e+03 2.019733039905802219e+00 5.844771192383215602e-02 5.819102595348634582e-03 -8.171831744952029464e-02
4.166000000000000000e+03 2.016351662004526979e+00 5.830722065746379162e-02 5.815309024686710418e-03 -8.157862851429563411e-02
4.167000000000000000e+03 2.012988838513510181e+00 5.816668928272867439e-02 5.811517209511766861e-03 -8.143783567879808727e-02
4.168000000000000000e+03 2.009645014894351878e+00 5.802625852826825276e-02 5.807727157004133160e-03 -8.129589369461687198e-02
4.169000000000000000e+03 2.006313147105728500e+00 5.788584636764473185e-02 5.803938884198531038e-03 -8.115283005744401701e-02
4.170000000000000000e+03 2.002993559619941966e+00 5.774551944571123391e-02 5.800152417686736152e-03 -8.100874500445137683e-02
4.171000000000000000e+03 1.999686518974706617e+00 5.760519595286932304e-02 5.796367793195443541e-03 -8.086358865700028764e-02
4.172000000000000000e+03 1.996399664587178213e+00 5.746486848324608432e-02 5.792585055065347516e-03 -8.071738386023555312e-02
4.173000000000000000e+03 1.993125726699799038e+00 5.732460404180375613e-02 5.788804255651024480e-03 -8.057015188518502902e-02
4.174000000000000000e+03 1.989864814925962566e+00 5.718439548394375904e-02 5.785025454626261179e-03 -8.042183812737134507e-02
4.175000000000000000e+03 1.986616993853195456e+00 5.704416152165141252e-02 5.781248718195854466e-03 -8.027253493679403773e-02
4.176000000000000000e+03 1.983382287410616396e+00 5.690404386316740004e-02 5.777474118310559591e-03 -8.012225874443562601e-02
4.177000000000000000e+03 1.980160683602028016e+00 5.676388723383989088e-02 5.773701731733714426e-03 -7.997095003736624796e-02
4.178000000000000000e+03 1.976944711201881644e+00 5.662383364911718897e-02 5.769931639134432723e-03 -7.981877046656594976e-02
4.179000000000000000e+03 1.973749158460315956e+00 5.648380243478209189e-02 5.766163924096006678e-03 -7.966558283529860673e-02
4.180000000000000000e+03 1.970559080155332765e+00 5.634386164897034477e-02 5.762398672130896252e-03 -7.951154533974666427e-02
4.181000000000000000e+03 1.967374373337972937e+00 5.620400523605838250e-02 5.758635969630285581e-03 -7.935666584089838549e-02
4.182000000000000000e+03 1.964202354704343012e+00 5.606430159793017454e-02 5.754875902844053433e-03 -7.920087612175850944e-02
4.183000000000000000e+03 1.961042909634179487e+00 5.592467074768212032e-02 5.751118556872335946e-03 -7.904432899645442989e-02
4.184000000000000000e+03 1.957881069534064267e+00 5.578510716440692602e-02 5.747364014622240516e-03 -7.888695258615455175e-02
4.185000000000000000e+03 1.954731587526107761e+00 5.564575408100527060e-02 5.743612355824846520e-03 -7.872882171614044300e-02
4.186000000000000000e+03 1.951586945416061702e+00 5.550660635460143155e-02 5.739863656091107220e-03 -7.857000933117704033e-02
4.187000000000000000e+03 1.948454500639433595e+00 5.536758475465592549e-02 5.736117986007054428e-03 -7.841036363088234318e-02
4.188000000000000000e+03 1.945319349424504241e+00 5.522875881834373585e-02 5.732375410240938066e-03 -7.825010232754067707e-02
4.189000000000000000e+03 1.942188901473871798e+00 5.509012400508417340e-02 5.728635986805653835e-03 -7.808914408870404333e-02
4.190000000000000000e+03 1.939063170761167854e+00 5.495175026901494286e-02 5.724899766274325549e-03 -7.792755423707682649e-02
4.191000000000000000e+03 1.935942207650890312e+00 5.481355921419056587e-02 5.721166791174660260e-03 -7.776532190389587318e-02
4.192000000000000000e+03 1.932818673849432844e+00 5.467569551820768842e-02 5.717437095434732726e-03 -7.760258288873719823e-02
4.193000000000000000e+03 1.929700130253479085e+00 5.453815552124866017e-02 5.713710703875193690e-03 -7.743924825682481361e-02
4.194000000000000000e+03 1.926586754162803228e+00 5.440101008347584394e-02 5.709987631893656893e-03 -7.727545006080563383e-02
4.195000000000000000e+03 1.923471340985652311e+00 5.426418174195824645e-02 5.706267885128117612e-03 -7.711116994972369576e-02
4.196000000000000000e+03 1.920354162067588577e+00 5.412781613595452068e-02 5.702551459346468128e-03 -7.694646205231475689e-02
4.197000000000000000e+03 1.917242965231183316e+00 5.399183631419777335e-02 5.698838340355844544e-03 -7.678137873205929942e-02
4.198000000000000000e+03 1.914130689668703811e+00 5.385638844464459701e-02 5.695128504037467836e-03 -7.661604491547888141e-02
4.199000000000000000e+03 1.911017750341993837e+00 5.372139612262684383e-02 5.691421916501116646e-03 -7.645036100869435913e-02
4.200000000000000000e+03 1.907904608392150481e+00 5.358693179796194389e-02 5.687718534339280749e-03 -7.628437437140728195e-02
4.201000000000000000e+03 1.904784407395116119e+00 5.345306016608864647e-02 5.684018304964545687e-03 -7.611826414498581994e-02
4.202000000000000000e+03 1.901672883654402124e+00 5.331973973930042437e-02 5.680321167043044656e-03 -7.595192420044290238e-02
4.203000000000000000e+03 1.898563593929797122e+00 5.318684701314624341e-02 5.676627051102692452e-03 -7.578523176321361188e-02
4.204000000000000000e+03 1.895450130659682264e+00 5.305455594702557925e-02 5.672935880076831333e-03 -7.561821129112712703e-02
4.205000000000000000e+03 1.892340974788637720e+00 5.292266942399497659e-02 5.669247570085336231e-03 -7.545081170522265068e-02
4.206000000000000000e+03 1.889237206418644455e+00 5.279128781401436210e-02 5.665562031138980138e-03 -7.528305504196476650e-02
4.207000000000000000e+03 1.886132500131004752e+00 5.266036328466666694e-02 5.661879168093605745e-03 -7.511481369131137176e-02
4.208000000000000000e+03 1.883027976678778526e+00 5.252992266375115099e-02 5.658198881476082798e-03 -7.494610762215411781e-02
4.209000000000000000e+03 1.879932197701174701e+00 5.239991888434916700e-02 5.654521068451537000e-03 -7.477688162550732986e-02
4.210000000000000000e+03 1.876831446816057403e+00 5.227030528042573426e-02 5.650845623857946899e-03 -7.460707969351042246e-02
4.211000000000000000e+03 1.873741722402218812e+00 5.214118416599089478e-02 5.647172441183309285e-03 -7.443671939964484341e-02
4.212000000000000000e+03 1.870664161726576680e+00 5.201250971308445104e-02 5.643501413648718129e-03 -7.426574342900682524e-02
4.213000000000000000e+03 1.867585035132235394e+00 5.188416224725220932e-02 5.639832435179939832e-03 -7.409409395898863826e-02
4.214000000000000000e+03 1.864512881999345728e+00 5.175631967667622402e-02 5.636165401530199986e-03 -7.392186132307174140e-02
4.215000000000000000e+03 1.861448791637815070e+00 5.162878895213602465e-02 5.632500211260395816e-03 -7.374898697221943245e-02
4.216000000000000000e+03 1.858386397726324857e+00 5.150174891309510644e-02 5.628836766792897316e-03 -7.357541213560742088e-02
4.217000000000000000e+03 1.855341586357712513e+00 5.137508174699205454e-02 5.625174975292665351e-03 -7.340115219543678904e-02
4.218000000000000000e+03 1.852300492495154716e+00 5.124874441696158911e-02 5.621514749671884664e-03 -7.322622249200325117e-02
4.219000000000000000e+03 1.849264065301031490e+00 5.112284295518340627e-02 5.617856009398488996e-03 -7.305063840868697422e-02
4.220000000000000000e+03 1.846240635385285822e+00 5.099733533806926483e-02 5.614198681339414507e-03 -7.287434116969686293e-02
4.221000000000000000e+03 1.843231054123841028e+00 5.087210577847686016e-02 5.610542700420610880e-03 -7.269727220039480520e-02
4.222000000000000000e+03 1.840221261791870067e+00 5.074733615110858104e-02 5.606888010382982644e-03 -7.251952176652172455e-02
4.223000000000000000e+03 1.837226854653313035e+00 5.062291173189509275e-02 5.603234564241398735e-03 -7.234110619064618164e-02
4.224000000000000000e+03 1.834241084035734382e+00 5.049879262204862163e-02 5.599582324787138674e-03 -7.216189363031040582e-02
4.225000000000000000e+03 1.831264567826009992e+00 5.037501375387287011e-02 5.595931264967522051e-03 -7.198197555148312665e-02
4.226000000000000000e+03 1.828297860806176844e+00 5.025161061229219822e-02 5.592281368144928766e-03 -7.180144392818794963e-02
4.227000000000000000e+03 1.825341453947336268e+00 5.012861923909780332e-02 5.588632628234631479e-03 -7.162024271947947662e-02
4.228000000000000000e+03 1.822395774323424922e+00 5.000592766931578892e-02 5.584985049772675340e-03 -7.143839075787167259e-02
4.229000000000000000e+03 1.819461185648023172e+00 4.988364735126760152e-02 5.581338647865716728e-03 -7.125598178114289638e-02
4.230000000000000000e+03 1.816530561082905226e+00 4.976174173078520835e-02 5.577693448012337185e-03 -7.107311017439409129e-02
4.231000000000000000e+03 1.813611570060171374e+00 4.964017481906379120e-02 5.574049485847957543e-03 -7.088972242269553359e-02
4.232000000000000000e+03 1.810704395601553829e+00 4.951913404325528761e-02 5.570406806713506728e-03 -7.070583997506486862e-02
4.233000000000000000e+03 1.807801737264885800e+00 4.939843597757554577e-02 5.566765465259510166e-03 -7.052163353610926833e-02
4.234000000000000000e+03 1.804911099690903464e+00 4.927812060981422160e-02 5.563125524781818189e-03 -7.033705165077151766e-02
4.235000000000000000e+03 1.802025083214834122e+00 4.915830277184408958e-02 5.559487056656356799e-03 -7.015219211918490017e-02
4.236000000000000000e+03 1.799151101757438198e+00 4.903880071905894478e-02 5.555850139508823095e-03 -6.996700485511862799e-02
4.237000000000000000e+03 1.796281674347842472e+00 4.891980467801687604e-02 5.552214858409489952e-03 -6.978166329145517321e-02
4.238000000000000000e+03 1.793409287133295615e+00 4.880120829038382679e-02 5.548581303970101172e-03 -6.959619294665508882e-02
4.239000000000000000e+03 1.790556112421969326e+00 4.868305430875499024e-02 5.544949571415102273e-03 -6.941054568884590104e-02
4.240000000000000000e+03 1.787699731098208122e+00 4.856531174041085752e-02 5.541319759537536443e-03 -6.922489684718864666e-02
4.241000000000000000e+03 1.784847422259203453e+00 4.844809869151191217e-02 5.537691969668391556e-03 -6.903927376940115213e-02
4.242000000000000000e+03 1.781999027752595000e+00 4.833123665927289286e-02 5.534066304614765515e-03 -6.885385292881296415e-02
4.243000000000000000e+03 1.779154386905603458e+00 4.821499335981539042e-02 5.530442867517041707e-03 -6.866858847848300584e-02
4.244000000000000000e+03 1.776313342928943273e+00 4.809911703498365859e-02 5.526821760807036632e-03 -6.848365792320378065e-02
4.245000000000000000e+03 1.773475749280130076e+00 4.798380213004675710e-02 5.523203085041213621e-03 -6.829909067267543599e-02
4.246000000000000000e+03 1.770634047569685565e+00 4.786902073397487217e-02 5.519586937861850617e-03 -6.811506514652808375e-02
4.247000000000000000e+03 1.767795558696526603e+00 4.775481970516178704e-02 5.515973412897104064e-03 -6.793161161257127434e-02
4.248000000000000000e+03 1.764960203646884107e+00 4.764109781240542102e-02 5.512362598781695051e-03 -6.774876072725770360e-02
4.249000000000000000e+03 1.762120509046592787e+00 4.752790286045428803e-02 5.508754578133895179e-03 -6.756661779499281706e-02
4.250000000000000000e+03 1.759283897408834285e+00 4.741535739793286547e-02 5.505149426673980849e-03 -6.738536274646070301e-02
4.251000000000000000e+03 1.756450384573403189e+00 4.730328461926372463e-02 5.501547212341801989e-03 -6.720500214105980252e-02
4.252000000000000000e+03 1.753605088792343336e+00 4.719179460791875225e-02 5.497947994513755626e-03 -6.702544233349701230e-02
4.253000000000000000e+03 1.750762871531498677e+00 4.708092092706604032e-02 5.494351823381721928e-03 -6.684671341530358524e-02
4.254000000000000000e+03 1.747923792925515807e+00 4.697054900035110142e-02 5.490758739237518518e-03 -6.666869720261059395e-02
4.255000000000000000e+03 1.745073114450140350e+00 4.686071323810946099e-02 5.487168772062522154e-03 -6.649142436834874770e-02
4.256000000000000000e+03 1.742225871076572563e+00 4.675152274652735057e-02 5.483581941071125933e-03 -6.631477731130780429e-02
4.257000000000000000e+03 1.739374874228079682e+00 4.664286418651732852e-02 5.479998254482324783e-03 -6.613893586551426729e-02
4.258000000000000000e+03 1.736520425926908029e+00 4.653469890114635132e-02 5.476417709254559514e-03 -6.596363447898331844e-02
4.259000000000000000e+03 1.733662890515688559e+00 4.642721147627882489e-02 5.472840291125823618e-03 -6.578905363507385473e-02
4.260000000000000000e+03 1.730810122400604945e+00 4.632021546683577629e-02 5.469265974561483661e-03 -6.561500275872197974e-02
4.261000000000000000e+03 1.727947751366622153e+00 4.621382194287253220e-02 5.465694722987005441e-03 -6.544151451500931915e-02
4.262000000000000000e+03 1.725091179077478332e+00 4.610799378368612977e-02 5.462126489050424596e-03 -6.526854771108298037e-02
4.263000000000000000e+03 1.722226149670728734e+00 4.600276852388789778e-02 5.458561215006508052e-03 -6.509613590458354637e-02
4.264000000000000000e+03 1.719360744976934585e+00 4.589803549892786105e-02 5.454998833236517942e-03 -6.492409031620664794e-02
4.265000000000000000e+03 1.716495667286985549e+00 4.579383297562388683e-02 5.451439266839112202e-03 -6.475259414934930735e-02
4.266000000000000000e+03 1.713639091656404601e+00 4.569019958210360222e-02 5.447882430367569084e-03 -6.458138552785118447e-02
4.267000000000000000e+03 1.710769519235256553e+00 4.558717430527719355e-02 5.444328230569782899e-03 -6.441057467525009017e-02
4.268000000000000000e+03 1.707910055376309133e+00 4.548457363812645482e-02 5.440776567327168349e-03 -6.424012399478820634e-02
4.269000000000000000e+03 1.705054120315040223e+00 4.538258584599701162e-02 5.437227334577451020e-03 -6.406999670467185271e-02
4.270000000000000000e+03 1.702195156386443253e+00 4.528110241366622990e-02 5.433680421375680636e-03 -6.390023119271798224e-02
4.271000000000000000e+03 1.699341478236454206e+00 4.518016374536265589e-02 5.430135712922685293e-03 -6.373079252311925069e-02
4.272000000000000000e+03 1.696486552690412486e+00 4.507981059694551873e-02 5.426593091761940449e-03 -6.356172107924183690e-02
4.273000000000000000e+03 1.693638705250356535e+00 4.497993550845007238e-02 5.423052438905072263e-03 -6.339290979018612215e-02
4.274000000000000000e+03 1.690798828036649715e+00 4.488057993780795313e-02 5.419513635018784019e-03 -6.322440134285442492e-02
4.275000000000000000e+03 1.687967801097497889e+00 4.478171141020249185e-02 5.415976561649707074e-03 -6.305623969316725974e-02
4.276000000000000000e+03 1.685139057057500001e+00 4.468344636858412322e-02 5.412441102398503345e-03 -6.288839586031132189e-02
4.277000000000000000e+03 1.682320859278059855e+00 4.458560447264860171e-02 5.408907144164224953e-03 -6.272084228713130372e-02
4.278000000000000000e+03 1.679506581748736682e+00 4.448830286697379871e-02 5.405374578241979588e-03 -6.255355291516370708e-02
4.279000000000000000e+03 1.676696987683022666e+00 4.439143619644625449e-02 5.401843301500492030e-03 -6.238665182461645975e-02
4.280000000000000000e+03 1.673907651734203972e+00 4.429512230717613797e-02 5.398313217456605743e-03 -6.221996760338794480e-02
4.281000000000000000e+03 1.671116955795445280e+00 4.419925654519504116e-02 5.394784237310185949e-03 -6.205362768171750198e-02
4.282000000000000000e+03 1.668340367201683883e+00 4.410380888998513549e-02 5.391256280888732065e-03 -6.188768697733781909e-02
4.283000000000000000e+03 1.665578435483208830e+00 4.400889823722348854e-02 5.387729277520982712e-03 -6.172205367011561472e-02
4.284000000000000000e+03 1.662824216479872774e+00 4.391449526366580230e-02 5.384203166845301196e-03 -6.155678638928025609e-02
4.285000000000000000e+03 1.660078125412666417e+00 4.382049670917325529e-02 5.380677899524529025e-03 -6.139194569424200748e-02
4.286000000000000000e+03 1.657347933903192017e+00 4.372694822539416326e-02 5.377153437785739919e-03 -6.122759411648661526e-02
4.287000000000000000e+03 1.654626482628159811e+00 4.363382152286949395e-02 5.373629755957068203e-03 -6.106379619546460635e-02
4.288000000000000000e+03 1.651921393139531347e+00 4.354123721873482539e-02 5.370106840794319075e-03 -6.090046994093634841e-02
4.289000000000000000e+03 1.649225353620026313e+00 4.344901913230849594e-02 5.366584691759352689e-03 -6.073768398975332855e-02
4.290000000000000000e+03 1.646538403842666476e+00 4.335728854918999980e-02 5.363063321121710331e-03 -6.057558333809958534e-02
4.291000000000000000e+03 1.643867935839811611e+00 4.326594423221853669e-02 5.359542753948340517e-03 -6.041401793290721717e-02
4.292000000000000000e+03 1.641213838632724187e+00 4.317503383378931692e-02 5.356023028026033438e-03 -6.025321122529400664e-02
4.293000000000000000e+03 1.638561072064903978e+00 4.308445675612416342e-02 5.352504193547782951e-03 -6.009309161375113451e-02
4.294000000000000000e+03 1.635924239826300308e+00 4.299433556234147358e-02 5.348986312758687023e-03 -5.993366384962400123e-02
4.295000000000000000e+03 1.633303022991658526e+00 4.290464455183640863e-02 5.345469459495457570e-03 -5.977508330161021566e-02
4.296000000000000000e+03 1.630682184347933772e+00 4.281528403611981060e-02 5.341953718520082821e-03 -5.961735879623396989e-02
4.297000000000000000e+03 1.628076143474527226e+00 4.272622889743959984e-02 5.338439184815459322e-03 -5.946050115288711857e-02
4.298000000000000000e+03 1.625484412228752618e+00 4.263760286326772481e-02 5.334925962780604283e-03 -5.930459742935468431e-02
4.299000000000000000e+03 1.622899029241841706e+00 4.254930707924936550e-02 5.331414165230502489e-03 -5.914973659454257626e-02
4.300000000000000000e+03 1.620319423268802517e+00 4.246139151640988124e-02 5.327903912482244431e-03 -5.899600947958203584e-02
4.301000000000000000e+03 1.617752351536388744e+00 4.237376118326968005e-02 5.324395331172754146e-03 -5.884334756480964768e-02
4.302000000000000000e+03 1.615189415928420358e+00 4.228648331892202045e-02 5.320888553149426617e-03 -5.869185656295787534e-02
4.303000000000000000e+03 1.612629562047693810e+00 4.219955446030192181e-02 5.317383714227671976e-03 -5.854148271588074243e-02
4.304000000000000000e+03 1.610079155972128584e+00 4.211297135660437702e-02 5.313880952922523000e-03 -5.839217388866263514e-02
4.305000000000000000e+03 1.607537135725084942e+00 4.202673095659513469e-02 5.310380409147491022e-03 -5.824395378534897444e-02
4.306000000000000000e+03 1.604987591176140871e+00 4.194083039554982739e-02 5.306882222886496331e-03 -5.809677331219161023e-02
4.307000000000000000e+03 1.602444342394630183e+00 4.185534126536333971e-02 5.303386532875634454e-03 -5.795065907369170710e-02
4.308000000000000000e+03 1.599906377721107109e+00 4.177026103393298440e-02 5.299893475245191256e-03 -5.780556473383719612e-02
4.309000000000000000e+03 1.597365290131501414e+00 4.168551303126874497e-02 5.296403182235548575e-03 -5.766151951125900871e-02
4.310000000000000000e+03 1.594820141713937378e+00 4.160116928603570241e-02 5.292915780875153201e-03 -5.751847954108197519e-02
4.311000000000000000e+03 1.592277471129727395e+00 4.151715337735546740e-02 5.289431391822807527e-03 -5.737640208855630808e-02
4.312000000000000000e+03 1.589736443984402392e+00 4.143361183830066713e-02 5.285950128069248112e-03 -5.723539404793805824e-02
4.313000000000000000e+03 1.587188859438557476e+00 4.135046844067941096e-02 5.282472093898591889e-03 -5.709541474292655072e-02
4.314000000000000000e+03 1.584634012990851604e+00 4.126772131500847790e-02 5.278997383851477196e-03 -5.695642443116321479e-02
4.315000000000000000e+03 1.582078701969595214e+00 4.118536865319801649e-02 5.275526081704522488e-03 -5.681845852876832997e-02
4.316000000000000000e+03 1.579522373675743774e+00 4.110348297827944725e-02 5.272058259691156205e-03 -5.668155327207764771e-02
4.317000000000000000e+03 1.576957129526705748e+00 4.102191399702923708e-02 5.268593977688885814e-03 -5.654559710028236180e-02
4.318000000000000000e+03 1.574390013506410169e+00 4.094088285478054284e-02 5.265133282657494598e-03 -5.641070202776105741e-02
4.319000000000000000e+03 1.571820729731254307e+00 4.086016500418804265e-02 5.261676208062358862e-03 -5.627675790308635240e-02
4.320000000000000000e+03 1.569241644253246859e+00 4.077990731132163926e-02 5.258222773552564781e-03 -5.614380379226522472e-02
4.321000000000000000e+03 1.566660071077687455e+00 4.070003377576515702e-02 5.254772984659732658e-03 -5.601180509985297096e-02
4.322000000000000000e+03 1.564075987228002562e+00 4.062061693666170481e-02 5.251326832710737774e-03 -5.588080211367582595e-02
4.323000000000000000e+03 1.561482032002531328e+00 4.054158072779374261e-02 5.247884294831342035e-03 -5.575068713825091088e-02
4.324000000000000000e+03 1.558893218775782685e+00 4.046299760121749994e-02 5.244445334115875948e-03 -5.562157590258902384e-02
4.325000000000000000e+03 1.556294934099244021e+00 4.038479138341278391e-02 5.241009899963016902e-03 -5.549328757216625413e-02
4.326000000000000000e+03 1.553687504525983698e+00 4.030696011669446244e-02 5.237577928410839731e-03 -5.536601330309343094e-02
4.327000000000000000e+03 1.551086192530462204e+00 4.022957605053285868e-02 5.234149342788926157e-03 -5.523957341606435673e-02
4.328000000000000000e+03 1.548476621557453470e+00 4.015248849963011513e-02 5.230724054365523332e-03 -5.511408596249536135e-02
4.329000000000000000e+03 1.545874197246453585e+00 4.007584382109845300e-02 5.227301963171167992e-03 -5.498944676040682517e-02
4.330000000000000000e+03 1.543264674373477918e+00 3.999963970679444591e-02 5.223882958870924506e-03 -5.486570083762741523e-02
4.331000000000000000e+03 1.540656148423553251e+00 3.992372517715702535e-02 5.220466921879101697e-03 -5.474281961194616547e-02
4.332000000000000000e+03 1.538049334749694852e+00 3.984817199334362431e-02 5.217053724408569730e-03 -5.462084949338805173e-02
4.333000000000000000e+03 1.535452417340241515e+00 3.977297751831152667e-02 5.213643231724550582e-03 -5.449968907286118630e-02
4.334000000000000000e+03 1.532851327065597902e+00 3.969813899609755947e-02 5.210235303379230284e-03 -5.437931201557984207e-02
4.335000000000000000e+03 1.530254303085063494e+00 3.962357926455820079e-02 5.206829794592712432e-03 -5.425984139039857768e-02
4.336000000000000000e+03 1.527669598841199905e+00 3.954936960267545210e-02 5.203426557654367707e-03 -5.414110401705489461e-02
4.337000000000000000e+03 1.525083187878182311e+00 3.947550687738435315e-02 5.200025443324733307e-03 -5.402315050074891351e-02
4.338000000000000000e+03 1.522510753073482936e+00 3.940191354131928475e-02 5.196626302300528556e-03 -5.390603243291443303e-02
4.339000000000000000e+03 1.519945678964821800e+00 3.932858619799471656e-02 5.193228986681869275e-03 -5.378957959244104470e-02
4.340000000000000000e+03 1.517388756017857609e+00 3.925552131683871654e-02 5.189833351444323763e-03 -5.367391998178362711e-02
4.341000000000000000e+03 1.514840743318232708e+00 3.918271523213338881e-02 5.186439255825485081e-03 -5.355888560982102753e-02
4.342000000000000000e+03 1.512309788227902407e+00 3.911016414213047687e-02 5.183046564782386838e-03 -5.344460680915737172e-02
4.343000000000000000e+03 1.509781704638493816e+00 3.903778982496262928e-02 5.179655150339756292e-03 -5.333091801530463055e-02
4.344000000000000000e+03 1.507271963508806323e+00 3.896566248875136390e-02 5.176264892873059208e-03 -5.321787779573679961e-02
4.345000000000000000e+03 1.504781115358833299e+00 3.889370363734060559e-02 5.172875682313707660e-03 -5.310547175682194670e-02
4.346000000000000000e+03 1.502302211800196075e+00 3.882190892054879910e-02 5.169487419353617323e-03 -5.299361258106048689e-02
4.347000000000000000e+03 1.499835656070317658e+00 3.875027385056264290e-02 5.166100016423693861e-03 -5.288243719361586381e-02
4.348000000000000000e+03 1.497389197583663067e+00 3.867879380171421883e-02 5.162713398683966247e-03 -5.277178680541823319e-02
4.349000000000000000e+03 1.494955642205998414e+00 3.860738972678898900e-02 5.159327504784089538e-03 -5.266165263624116716e-02
4.350000000000000000e+03 1.492542561805200396e+00 3.853613100711960476e-02 5.155942287622556144e-03 -5.255217593087021383e-02
4.351000000000000000e+03 1.490149958885624182e+00 3.846494344141763999e-02 5.152557714853674836e-03 -5.244313444940737479e-02
4.352000000000000000e+03 1.487770122513966120e+00 3.839377318194469452e-02 5.149173769349920521e-03 -5.233477898398801453e-02
4.353000000000000000e+03 1.485410054204686414e+00 3.832279421419456517e-02 5.145790449452450864e-03 -5.222692255834467806e-02
4.354000000000000000e+03 1.483061801637149957e+00 3.825188324781678140e-02 5.142407769145190127e-03 -5.211960250384842924e-02
4.355000000000000000e+03 1.480739601146768836e+00 3.818106541614046945e-02 5.139025758000513242e-03 -5.201293187485024616e-02
4.356000000000000000e+03 1.478427880964676921e+00 3.811043999080150624e-02 5.135644461033283571e-03 -5.190687657323344445e-02
4.357000000000000000e+03 1.476133262303042537e+00 3.803988324554918171e-02 5.132263938356318618e-03 -5.180140388346806540e-02
4.358000000000000000e+03 1.473847421159598658e+00 3.796941987109723332e-02 5.128884264783461003e-03 -5.169655671690617793e-02
4.359000000000000000e+03 1.471584234520932011e+00 3.789914868869557335e-02 5.125505529172348987e-03 -5.159237928221346858e-02
4.360000000000000000e+03 1.469327787220466419e+00 3.782901979621645927e-02 5.122127833696797118e-03 -5.148884274909074771e-02
4.361000000000000000e+03 1.467091804864924187e+00 3.775905741486163675e-02 5.118751292977432622e-03 -5.138606803947352170e-02
4.362000000000000000e+03 1.464860233917301358e+00 3.768928560145163448e-02 5.115376033079794584e-03 -5.128388006116737369e-02
4.363000000000000000e+03 1.462639247734478953e+00 3.761957967678838943e-02 5.112002190423349003e-03 -5.118240190480340818e-02
4.364000000000000000e+03 1.460434969735674660e+00 3.755011192168011130e-02 5.108629910528164966e-03 -5.108168334992080339e-02
4.365000000000000000e+03 1.458231197130070322e+00 3.748083158701764894e-02 5.105259346710389577e-03 -5.098162650038604721e-02
4.366000000000000000e+03 1.456041408626833844e+00 3.741168773845014034e-02 5.101890658747405133e-03 -5.088235711663712663e-02
4.367000000000000000e+03 1.453856775637173415e+00 3.734270353386520691e-02 5.098524011312996658e-03 -5.078385310917254286e-02
4.368000000000000000e+03 1.451675885635123953e+00 3.727390193335261559e-02 5.095159572545483392e-03 -5.068609301364501718e-02
4.369000000000000000e+03 1.449497323981449259e+00 3.720523140903375658e-02 5.091797512423403525e-03 -5.058898161313148123e-02
4.370000000000000000e+03 1.447327112567576846e+00 3.713678878850304454e-02 5.088438001234952927e-03 -5.049272125970053621e-02
4.371000000000000000e+03 1.445156435081047963e+00 3.706852211367264727e-02 5.085081207908572279e-03 -5.039714322606655972e-02
4.372000000000000000e+03 1.442983932298311345e+00 3.700045348378073334e-02 5.081727298498393830e-03 -5.030237615992801115e-02
4.373000000000000000e+03 1.440808283805136591e+00 3.693253048092876023e-02 5.078376434518221648e-03 -5.020832600285067560e-02
4.374000000000000000e+03 1.438635646149797997e+00 3.686477472935417721e-02 5.075028771464330443e-03 -5.011504731228029474e-02
4.375000000000000000e+03 1.436457377233939958e+00 3.679720760426553883e-02 5.071684457273488086e-03 -5.002252031736935389e-02
4.376000000000000000e+03 1.434279758702492025e+00 3.672985022409818584e-02 5.068343630914368819e-03 -4.993072511153055781e-02
4.377000000000000000e+03 1.432094290991577257e+00 3.666257487584710650e-02 5.065006421004060976e-03 -4.983971584798464055e-02
4.378000000000000000e+03 1.429907414555577017e+00 3.659555070849324770e-02 5.061672944533641104e-03 -4.974939780533001871e-02
4.379000000000000000e+03 1.427718231942391336e+00 3.652872374098622976e-02 5.058343305739370320e-03 -4.965989872556542117e-02
4.380000000000000000e+03 1.425518514148399252e+00 3.646196542204242774e-02 5.055017594967181616e-03 -4.957104875489484058e-02
4.381000000000000000e+03 1.423314991188339373e+00 3.639544404050314846e-02 5.051695887850405318e-03 -4.948297464293386488e-02
4.382000000000000000e+03 1.421099643321229511e+00 3.632903045063696351e-02 5.048378244399480755e-03 -4.939557969504709128e-02
4.383000000000000000e+03 1.418886846488138564e+00 3.626281805013754911e-02 5.045064708401489524e-03 -4.930884084977817106e-02
4.384000000000000000e+03 1.416661376565223618e+00 3.619675135649495779e-02 5.041755306919369455e-03 -4.922273434545743065e-02
4.385000000000000000e+03 1.414430409509140230e+00 3.613077456831047946e-02 5.038450049910435900e-03 -4.913730996086521086e-02
4.386000000000000000e+03 1.412186380265234797e+00 3.606498012703563544e-02 5.035148930015166148e-03 -4.905246812904906495e-02
4.387000000000000000e+03 1.409944124132649357e+00 3.599931157811761540e-02 5.031851922542689322e-03 -4.896818275970035717e-02
4.388000000000000000e+03 1.407688876878759654e+00 3.593378641718281835e-02 5.028558985603125836e-03 -4.888442693488553870e-02
4.389000000000000000e+03 1.405435699066461153e+00 3.586834751924382336e-02 5.025270060363967381e-03 -4.880117289584266077e-02
4.390000000000000000e+03 1.403170045754565720e+00 3.580301170247194437e-02 5.021985071480345592e-03 -4.871839203716602645e-02
4.391000000000000000e+03 1.400899760455751153e+00 3.573779544194742586e-02 5.018703927729574812e-03 -4.863598062488671409e-02
4.392000000000000000e+03 1.398625356282047427e+00 3.567271486753352538e-02 5.015426522766508813e-03 -4.855398265561815252e-02
4.393000000000000000e+03 1.396354866277903506e+00 3.560771147889706112e-02 5.012152735946369571e-03 -4.847229273815322620e-02
4.394000000000000000e+03 1.394074122792334558e+00 3.554272642798627507e-02 5.008882433430033275e-03 -4.839095324946556670e-02
4.395000000000000000e+03 1.391791319556638928e+00 3.547784908572331614e-02 5.005615469291450903e-03 -4.830978294550524604e-02
4.396000000000000000e+03 1.389514717883838513e+00 3.541301990819736151e-02 5.002351686812023419e-03 -4.822882269621905221e-02
4.397000000000000000e+03 1.387230352219523288e+00 3.534825328801815408e-02 4.999090919820494382e-03 -4.814796410712972319e-02
4.398000000000000000e+03 1.384954018630837336e+00 3.528348898861765476e-02 4.995832994232320134e-03 -4.806724669733328237e-02
4.399000000000000000e+03 1.382679265917245548e+00 3.521881499674230781e-02 4.992577729541979557e-03 -4.798641224636735619e-02
4.400000000000000000e+03 1.380407098194279980e+00 3.515409610739286123e-02 4.989324940450280861e-03 -4.790564768069168616e-02
4.401000000000000000e+03 1.378145970178383362e+00 3.508942204333876519e-02 4.986074438530272920e-03 -4.782470900608992020e-02
4.402000000000000000e+03 1.375882081658580836e+00 3.502466900416630058e-02 4.982826033908745698e-03 -4.774371003932505880e-02
4.403000000000000000e+03 1.373631345442960949e+00 3.496001240806823757e-02 4.979579537036711578e-03 -4.766270520814176737e-02
4.404000000000000000e+03 1.371387371198549143e+00 3.489533021269975582e-02 4.976334760347115790e-03 -4.758160004610886840e-02
4.405000000000000000e+03 1.369158596011968765e+00 3.483072290435705598e-02 4.973091520017426485e-03 -4.750044838497525373e-02
4.406000000000000000e+03 1.366938560036743189e+00 3.476606780208429948e-02 4.969849637603294089e-03 -4.741937812902889682e-02
4.407000000000000000e+03 1.364728180933955759e+00 3.470146476405606278e-02 4.966608941690004581e-03 -4.733836846078535998e-02
4.408000000000000000e+03 1.362535743703400692e+00 3.463686477570215166e-02 4.963369269481878246e-03 -4.725739846214720152e-02
4.409000000000000000e+03 1.360354606001605182e+00 3.457229280612686417e-02 4.960130468273269214e-03 -4.717644716579194597e-02
4.410000000000000000e+03 1.358192902540774849e+00 3.450777353069002518e-02 4.956892396844158298e-03 -4.709556788635482771e-02
4.411000000000000000e+03 1.356043823400820747e+00 3.444333133717864676e-02 4.953654926808791215e-03 -4.701481398075943452e-02
4.412000000000000000e+03 1.353907891588394197e+00 3.437884176514435092e-02 4.950417943780630395e-03 -4.693409032029378924e-02
4.413000000000000000e+03 1.351792956412592339e+00 3.431440292980128537e-02 4.947181348421962437e-03 -4.685352474200153716e-02
4.414000000000000000e+03 1.349699331092819143e+00 3.425003839441270043e-02 4.943945057366676450e-03 -4.677309665937134930e-02
4.415000000000000000e+03 1.347619788056392043e+00 3.418562289315139890e-02 4.940709004009133029e-03 -4.669271136800320215e-02
4.416000000000000000e+03 1.345554411972828213e+00 3.412132803843567069e-02 4.937473139110596689e-03 -4.661249719525516200e-02
4.417000000000000000e+03 1.343518025512601577e+00 3.405702805910716668e-02 4.934237431279381303e-03 -4.653243409171013700e-02
4.418000000000000000e+03 1.341488189406249365e+00 3.399274550755727875e-02 4.931001867230702142e-03 -4.645250220010011671e-02
4.419000000000000000e+03 1.339486913928739087e+00 3.392850269861863444e-02 4.927766451930716031e-03 -4.637268185011107074e-02
4.420000000000000000e+03 1.337494490796239610e+00 3.386424743176967567e-02 4.924531208563959726e-03 -4.629295354595886619e-02
4.421000000000000000e+03 1.335523035718274576e+00 3.380007584719969815e-02 4.921296178248256784e-03 -4.621344651363193390e-02
4.422000000000000000e+03 1.333568207117989068e+00 3.373593529696908289e-02 4.918061419735243571e-03 -4.613406725654446011e-02
4.423000000000000000e+03 1.331630009597237541e+00 3.367184720057399966e-02 4.914827008774570564e-03 -4.605479665551401314e-02
4.424000000000000000e+03 1.329706856395039605e+00 3.360775848256447595e-02 4.911593037478602375e-03 -4.597576421136263108e-02
4.425000000000000000e+03 1.327798546876395758e+00 3.354376442754899990e-02 4.908359613348455518e-03 -4.589680229630898473e-02
4.426000000000000000e+03 1.325903302296888686e+00 3.347973726669633415e-02 4.905126858332303774e-03 -4.581796608472857996e-02
4.427000000000000000e+03 1.324020745141766042e+00 3.341577188257312259e-02 4.901894907621999649e-03 -4.573931064274211478e-02
4.428000000000000000e+03 1.322148936607133951e+00 3.335181439507690221e-02 4.898663908371818018e-03 -4.566081657958579593e-02
4.429000000000000000e+03 1.320288100339817694e+00 3.328788501507159991e-02 4.895434018306556515e-03 -4.558246426082679381e-02
4.430000000000000000e+03 1.318435432814374142e+00 3.322400376371386493e-02 4.892205404214707010e-03 -4.550423373376515784e-02
4.431000000000000000e+03 1.316591056799337744e+00 3.316011619152690187e-02 4.888978240279924850e-03 -4.542610464898001743e-02
4.432000000000000000e+03 1.314752832764832791e+00 3.309631623106741583e-02 4.885752706481015332e-03 -4.534813046223674926e-02
4.433000000000000000e+03 1.312919341838127529e+00 3.303254906488482801e-02 4.882528986820506081e-03 -4.527028978344672938e-02
4.434000000000000000e+03 1.311089897675290938e+00 3.296883397770945107e-02 4.879307267541292334e-03 -4.519256057424998058e-02
4.435000000000000000e+03 1.309263072810109341e+00 3.290511579086313060e-02 4.876087735333388233e-03 -4.511492006114781184e-02
4.436000000000000000e+03 1.307436710708203220e+00 3.284148771403606892e-02 4.872870575454562106e-03 -4.503741893174800087e-02
4.437000000000000000e+03 1.305610166250064763e+00 3.277781992870901911e-02 4.869655969983372780e-03 -4.496003268099083017e-02
4.438000000000000000e+03 1.303782089015726564e+00 3.271427957354319793e-02 4.866444095998684848e-03 -4.488266152553909566e-02
4.439000000000000000e+03 1.301950434776423693e+00 3.265081076057331499e-02 4.863235123799227420e-03 -4.480542745410662914e-02
4.440000000000000000e+03 1.300114705084971956e+00 3.258735742624440518e-02 4.860029215256001477e-03 -4.472815416190302484e-02
4.441000000000000000e+03 1.298273729345670091e+00 3.252393761543699580e-02 4.856826522154101926e-03 -4.465096124102094916e-02
4.442000000000000000e+03 1.296426417613198989e+00 3.246056919841368293e-02 4.853627184640607606e-03 -4.457374412232747996e-02
4.443000000000000000e+03 1.294571027016429898e+00 3.239726987118610874e-02 4.850431329835334059e-03 -4.449654542401041551e-02
4.444000000000000000e+03 1.292706655893243850e+00 3.233405715596661401e-02 4.847239070479187305e-03 -4.441933203748135717e-02
4.445000000000000000e+03 1.290833994214967584e+00 3.227087411815674628e-02 4.844050503719703020e-03 -4.434199506959581039e-02
4.446000000000000000e+03 1.288950130381957937e+00 3.220781221730462107e-02 4.840865710137508444e-03 -4.426457264181420798e-02
4.447000000000000000e+03 1.287056728035646413e+00 3.214473989031176038e-02 4.837684752765470698e-03 -4.418702699510339976e-02
4.448000000000000000e+03 1.285151859430317733e+00 3.208182253669195072e-02 4.834507676375626554e-03 -4.410931873605244968e-02
4.449000000000000000e+03 1.283235208720060472e+00 3.201892825147256011e-02 4.831334506902846583e-03 -4.403140680716429584e-02
4.450000000000000000e+03 1.281307331413606310e+00 3.195614781082455752e-02 4.828165251049536776e-03 -4.395324846479773534e-02
4.451000000000000000e+03 1.279368210346886414e+00 3.189342183110266404e-02 4.824999896041275854e-03 -4.387480889719383437e-02
4.452000000000000000e+03 1.277416634358278458e+00 3.183083363002443128e-02 4.821838409610089068e-03 -4.379616439808275974e-02
4.453000000000000000e+03 1.275455275272946443e+00 3.176824208538409078e-02 4.818680740070391787e-03 -4.371732490600458571e-02
4.454000000000000000e+03 1.273482473728073217e+00 3.170580304636077401e-02 4.815526816705448590e-03 -4.363822438284335054e-02
4.455000000000000000e+03 1.271500406729880073e+00 3.164337506795012606e-02 4.812376550178116760e-03 -4.355894368271054362e-02
4.456000000000000000e+03 1.269509140205994591e+00 3.158103939809728949e-02 4.809229833242736028e-03 -4.347948772786221910e-02
4.457000000000000000e+03 1.267509594479391044e+00 3.151872856317038812e-02 4.806086541570399849e-03 -4.339985982618317639e-02
4.458000000000000000e+03 1.265502051683236040e+00 3.145652350532272823e-02 4.802946534678114929e-03 -4.332013599600144371e-02
4.459000000000000000e+03 1.263489119198222044e+00 3.139435645198753594e-02 4.799809657187513977e-03 -4.324016788030023845e-02
4.460000000000000000e+03 1.261469778150166254e+00 3.133223377045486063e-02 4.796675739975794425e-03 -4.316010278592585098e-02
4.461000000000000000e+03 1.259447544933250507e+00 3.127016168854247768e-02 4.793544601670978941e-03 -4.307978947632997574e-02
4.462000000000000000e+03 1.257421546772967247e+00 3.120814629921424624e-02 4.790416050146503735e-03 -4.299944678920018803e-02
4.463000000000000000e+03 1.255393938999020076e+00 3.114619356549874762e-02 4.787289884123822024e-03 -4.291884658891147869e-02
4.464000000000000000e+03 1.253366179231708122e+00 3.108423504208803964e-02 4.784165894979769060e-03 -4.283813096032129675e-02
4.465000000000000000e+03 1.251339758122707035e+00 3.102227644794323599e-02 4.781043868423266036e-03 -4.275721801928189514e-02
4.466000000000000000e+03 1.249315444079965420e+00 3.096039767198517298e-02 4.777923586404141283e-03 -4.267617341168847278e-02
4.467000000000000000e+03 1.247296241934443328e+00 3.089860421208945676e-02 4.774804829018770846e-03 -4.259498754653223695e-02
4.468000000000000000e+03 1.245282180304759123e+00 3.083675289790403090e-02 4.771687376352229046e-03 -4.251357568060910863e-02
4.469000000000000000e+03 1.243274755817031174e+00 3.077507188179157832e-02 4.768571010443838597e-03 -4.243207513797654651e-02
4.470000000000000000e+03 1.241276177596350783e+00 3.071334352701541454e-02 4.765455517145682218e-03 -4.235032541047539789e-02
4.471000000000000000e+03 1.239287126322285992e+00 3.065164724960079898e-02 4.762340688001649031e-03 -4.226846250987057602e-02
4.472000000000000000e+03 1.237308970642566397e+00 3.059006239130131199e-02 4.759226322091461223e-03 -4.218639906575253479e-02
4.473000000000000000e+03 1.235343755542012811e+00 3.052844537628124702e-02 4.756112227714738398e-03 -4.210412153933121987e-02
4.474000000000000000e+03 1.233390477103638361e+00 3.046687541928020174e-02 4.752998224146341710e-03 -4.202169030017164492e-02
4.475000000000000000e+03 1.231451757631196298e+00 3.040535739897518019e-02 4.749884143122615546e-03 -4.193901684845022931e-02
4.476000000000000000e+03 1.229528636177902978e+00 3.034389614877117808e-02 4.746769830369558345e-03 -4.185616101731194638e-02
4.477000000000000000e+03 1.227620559778082043e+00 3.028249646420600599e-02 4.743655146886916960e-03 -4.177310818555257654e-02
4.478000000000000000e+03 1.225729089792916948e+00 3.022108882676202354e-02 4.740539970191148984e-03 -4.168984361868171423e-02
4.479000000000000000e+03 1.223854923754156276e+00 3.015975226175132695e-02 4.737424195308876339e-03 -4.160635252032512943e-02
4.480000000000000000e+03 1.221997889625708433e+00 3.009841721152418242e-02 4.734307735707450789e-03 -4.152262007717901632e-02
4.481000000000000000e+03 1.220159169702277779e+00 3.003716267669651746e-02 4.731190523985257662e-03 -4.143870578039599017e-02
4.482000000000000000e+03 1.218337583005017599e+00 2.997591908921862225e-02 4.728072512410367439e-03 -4.135459488933213024e-02
4.483000000000000000e+03 1.216534782907423784e+00 2.991476545330105236e-02 4.724953673325006480e-03 -4.127019845488087701e-02
4.484000000000000000e+03 1.214750056304103376e+00 2.985363221828302160e-02 4.721833999249506857e-03 -4.118565046922217920e-02
4.485000000000000000e+03 1.212983295208860168e+00 2.979259841917811583e-02 4.718713502978639021e-03 -4.110086217274975390e-02
4.486000000000000000e+03 1.211232769751718452e+00 2.973166883273171274e-02 4.715592217282528129e-03 -4.101589347200881169e-02
4.487000000000000000e+03 1.209499587923119845e+00 2.967069970011174118e-02 4.712470194594726471e-03 -4.093065579843464807e-02
4.488000000000000000e+03 1.207782499672454879e+00 2.960991871751233670e-02 4.709347506412376455e-03 -4.084528351111768596e-02
4.489000000000000000e+03 1.206080130531307359e+00 2.954918220691164776e-02 4.706224242609957469e-03 -4.075968817385007548e-02
4.490000000000000000e+03 1.204392473532316599e+00 2.948849510621842293e-02 4.703100510491785118e-03 -4.067392994366537951e-02
4.491000000000000000e+03 1.202717925190906811e+00 2.942786240763533082e-02 4.699976433717632796e-03 -4.058799468481880113e-02
4.492000000000000000e+03 1.201055522342328041e+00 2.936736344623426531e-02 4.696852151117553859e-03 -4.050186821060190734e-02
4.493000000000000000e+03 1.199403465735734864e+00 2.930700333781520450e-02 4.693727815334410199e-03 -4.041553623585212446e-02
4.494000000000000000e+03 1.197761358654487518e+00 2.924671298355237606e-02 4.690603591301662802e-03 -4.032913289138254781e-02
4.495000000000000000e+03 1.196127989283558790e+00 2.918657192486432198e-02 4.687479654643357356e-03 -4.024264353272431066e-02
4.496000000000000000e+03 1.194500599406873365e+00 2.912658549701446428e-02 4.684356189985633759e-03 -4.015597896253008531e-02
4.497000000000000000e+03 1.192880096339202334e+00 2.906675911647521940e-02 4.681233389182543753e-03 -4.006919821661963227e-02
4.498000000000000000e+03 1.191262151436103256e+00 2.900702400108659887e-02 4.678111449444703231e-03 -3.998235992997029725e-02
4.499000000000000000e+03 1.189647612644582741e+00 2.894753430750519885e-02 4.674990571408163369e-03 -3.989544798430977313e-02
4.500000000000000000e+03 1.188033603554299100e+00 2.888822143333109188e-02 4.671870957240921787e-03 -3.980844572173333762e-02
4.501000000000000000e+03 1.186419512133514598e+00 2.882908806573255059e-02 4.668752808658424049e-03 -3.972148227076141569e-02
4.502000000000000000e+03 1.184802645529927867e+00 2.877012463551125235e-02 4.665636324979311605e-03 -3.963438026397338165e-02
4.503000000000000000e+03 1.183182601388702571e+00 2.871131858492275563e-02 4.662521701172272354e-03 -3.954725654883977509e-02
4.504000000000000000e+03 1.181557533500280588e+00 2.865265745843686984e-02 4.659409126031100259e-03 -3.946015287416153317e-02
4.505000000000000000e+03 1.179926392633939169e+00 2.859420318860038043e-02 4.656298780233891939e-03 -3.937296154235856577e-02
4.506000000000000000e+03 1.178288195530582172e+00 2.853594353104410911e-02 4.653190834677784979e-03 -3.928572248299239816e-02
4.507000000000000000e+03 1.176642036121004375e+00 2.847771778298528733e-02 4.650085448772776735e-03 -3.919847462916102587e-02
4.508000000000000000e+03 1.174986353195472288e+00 2.841973676963933243e-02 4.646982768834831759e-03 -3.911110729870557329e-02
4.509000000000000000e+03 1.173320425766928521e+00 2.836184001088843873e-02 4.643882926690693150e-03 -3.902380584875350666e-02
4.510000000000000000e+03 1.171643639028596029e+00 2.830408999093593503e-02 4.640786038378088944e-03 -3.893645736718740619e-02
4.511000000000000000e+03 1.169955492163145427e+00 2.824647502592010986e-02 4.637692202924180614e-03 -3.884902205597413893e-02
4.512000000000000000e+03 1.168254862261461469e+00 2.818898354889033675e-02 4.634601501365131181e-03 -3.876160748734602118e-02
4.513000000000000000e+03 1.166541495626979064e+00 2.813167839475308463e-02 4.631513995899282608e-03 -3.867417144969566983e-02
4.514000000000000000e+03 1.164815269403441933e+00 2.807439966765115993e-02 4.628429729226587845e-03 -3.858667050199476867e-02
4.515000000000000000e+03 1.163075451988099251e+00 2.801728472683696555e-02 4.625348724073528178e-03 -3.849913425259059857e-02
4.516000000000000000e+03 1.161322190704709767e+00 2.796032248703015505e-02 4.622270982850454173e-03 -3.841159107872619410e-02
4.517000000000000000e+03 1.159555769706712702e+00 2.790342770321245155e-02 4.619196487568912220e-03 -3.832399385428734290e-02
4.518000000000000000e+03 1.157776609442137561e+00 2.784666382247388480e-02 4.616125199891308803e-03 -3.823629425254117253e-02
4.519000000000000000e+03 1.155983779179533988e+00 2.778994585123360436e-02 4.613057061472816689e-03 -3.814859134041737043e-02
4.520000000000000000e+03 1.154179450960017173e+00 2.773341177415117320e-02 4.609991994327960162e-03 -3.806083447955111582e-02
4.521000000000000000e+03 1.152362952632326243e+00 2.767690257090547196e-02 4.606929901488202722e-03 -3.797297193606079951e-02
4.522000000000000000e+03 1.150535962224653597e+00 2.762055648551937220e-02 4.603870667838757744e-03 -3.788502521427773023e-02
4.523000000000000000e+03 1.148698044321804224e+00 2.756428904317809181e-02 4.600814161103007616e-03 -3.779708911394120963e-02
4.524000000000000000e+03 1.146851842218287842e+00 2.750816446913249488e-02 4.597760232954941143e-03 -3.770903465998165505e-02
4.525000000000000000e+03 1.144997869371655375e+00 2.745209855602276719e-02 4.594708720344373859e-03 -3.762095487362663443e-02
4.526000000000000000e+03 1.143137471110492909e+00 2.739623008278211855e-02 4.591659446919003212e-03 -3.753279343047234706e-02
4.527000000000000000e+03 1.141271328489479764e+00 2.734040083152234832e-02 4.588612224573677956e-03 -3.744456759173066251e-02
4.528000000000000000e+03 1.139400932737936412e+00 2.728474985692972907e-02 4.585566855143192490e-03 -3.735621972224731357e-02
4.529000000000000000e+03 1.137527830558400010e+00 2.722919350317373754e-02 4.582523132152123251e-03 -3.726791451345623507e-02
4.530000000000000000e+03 1.135653611724748879e+00 2.717372253931825063e-02 4.579480842663190450e-03 -3.717944480714806960e-02
4.531000000000000000e+03 1.133779153422725949e+00 2.711840216073727397e-02 4.576439769181120561e-03 -3.709090024123094104e-02
4.532000000000000000e+03 1.131906092791160612e+00 2.706314913997034596e-02 4.573399691636049341e-03 -3.700229592784554100e-02
4.533000000000000000e+03 1.130036070773245527e+00 2.700802896219439003e-02 4.570360389301419968e-03 -3.691364683340218888e-02
4.534000000000000000e+03 1.128169975906152311e+00 2.695303297601807369e-02 4.567321642844975223e-03 -3.682496787503396207e-02
4.535000000000000000e+03 1.126310159511086484e+00 2.689822696189586929e-02 4.564283236256690135e-03 -3.673619973268834465e-02
4.536000000000000000e+03 1.124457451221447357e+00 2.684345399939166293e-02 4.561244958850484144e-03 -3.664735751029708777e-02
4.537000000000000000e+03 1.122613374659558128e+00 2.678892873653512113e-02 4.558206607130061046e-03 -3.655853082744974641e-02
4.538000000000000000e+03 1.120779392195396795e+00 2.673442027253694273e-02 4.555167986643382169e-03 -3.646966105764923305e-02
4.539000000000000000e+03 1.118956893075523817e+00 2.668014356103035403e-02 4.552128913759096070e-03 -3.638068998018396255e-02
4.540000000000000000e+03 1.117146439362636468e+00 2.662594229275346350e-02 4.549089217288577840e-03 -3.629178271105750614e-02
4.541000000000000000e+03 1.115349241128094304e+00 2.657195744817962557e-02 4.546048740071047430e-03 -3.620288207744087883e-02
4.542000000000000000e+03 1.113566403984481035e+00 2.651810731410729483e-02 4.543007340354810256e-03 -3.611400582131596426e-02
4.543000000000000000e+03 1.111798920386823486e+00 2.646438461861879560e-02 4.539964893176939159e-03 -3.602517237953883206e-02
4.544000000000000000e+03 1.110047661947501263e+00 2.641085653214992821e-02 4.536921291386030071e-03 -3.593640094067498264e-02
4.545000000000000000e+03 1.108311887165964515e+00 2.635751610134427075e-02 4.533876446678918731e-03 -3.584778577822569229e-02
4.546000000000000000e+03 1.106593692984007005e+00 2.630428224994605518e-02 4.530830290362893899e-03 -3.575919915897127210e-02
4.547000000000000000e+03 1.104892067846954040e+00 2.625129691358503783e-02 4.527782774016229743e-03 -3.567073707867507437e-02
4.548000000000000000e+03 1.103208088525144071e+00 2.619847933954922228e-02 4.524733869877986883e-03 -3.558249643820406843e-02
4.549000000000000000e+03 1.101541204178981825e+00 2.614589750496300671e-02 4.521683571132147951e-03 -3.549442649532345839e-02
4.550000000000000000e+03 1.099892207218617690e+00 2.609347098344628330e-02 4.518631891943226259e-03 -3.540655172570149334e-02
4.551000000000000000e+03 1.098260262798409714e+00 2.604126621191380983e-02 4.515578867328806992e-03 -3.531896265714844219e-02
4.552000000000000000e+03 1.096645139494581755e+00 2.598926803722222123e-02 4.512524552852521971e-03 -3.523163979211957342e-02
4.553000000000000000e+03 1.095045726883361104e+00 2.593745960360882216e-02 4.509469024067817508e-03 -3.514455538293736331e-02
4.554000000000000000e+03 1.093463011418115194e+00 2.588589850437550410e-02 4.506412375894441012e-03 -3.505768257940337917e-02
4.555000000000000000e+03 1.091894882337373529e+00 2.583449393190137902e-02 4.503354721666446431e-03 -3.497099540074214558e-02
4.556000000000000000e+03 1.090341338396348059e+00 2.578330381199572113e-02 4.500296192150740615e-03 -3.488454298406276632e-02
4.557000000000000000e+03 1.088800038813463100e+00 2.573231195376323582e-02 4.497236934343469723e-03 -3.479822669261135870e-02
4.558000000000000000e+03 1.087271512068773927e+00 2.568150233345129971e-02 4.494177110137701284e-03 -3.471217148590503149e-02
4.559000000000000000e+03 1.085753965927587661e+00 2.563093337832392585e-02 4.491116894795188323e-03 -3.462620588259242294e-02
4.560000000000000000e+03 1.084246269473461144e+00 2.558051511637816564e-02 4.488056475431212444e-03 -3.454045617103858323e-02
4.561000000000000000e+03 1.082746478857216976e+00 2.553023202722114540e-02 4.484996049243983665e-03 -3.445490064672453168e-02
4.562000000000000000e+03 1.081254077843059935e+00 2.548021732582592125e-02 4.481935821742568347e-03 -3.436951811438818810e-02
4.563000000000000000e+03 1.079767019020215768e+00 2.543030726178921799e-02 4.478876004883692100e-03 -3.428421353679316635e-02
4.564000000000000000e+03 1.078283965255986132e+00 2.538063538759429555e-02 4.475816815164803363e-03 -3.419918938257681534e-02
4.565000000000000000e+03 1.076803560086036171e+00 2.533111257438373787e-02 4.472758471639002448e-03 -3.411427700396130885e-02
4.566000000000000000e+03 1.075323698260494565e+00 2.528172414622254296e-02 4.469701193913311159e-03 -3.402953083337984658e-02
4.567000000000000000e+03 1.073844510499223137e+00 2.523252988028287097e-02 4.466645200234422783e-03 -3.394493117860351850e-02
4.568000000000000000e+03 1.072362434136930220e+00 2.518351544012112364e-02 4.463590705452594697e-03 -3.386053271980990487e-02
4.569000000000000000e+03 1.070877654587846672e+00 2.513466665936293573e-02 4.460537919129794505e-03 -3.377631587454152373e-02
4.570000000000000000e+03 1.069388175448478862e+00 2.508596954192547981e-02 4.457487043626927152e-03 -3.369226101581398319e-02
4.571000000000000000e+03 1.067893545007772671e+00 2.503748454567979523e-02 4.454438272307376968e-03 -3.360842269342623895e-02
4.572000000000000000e+03 1.066391153846601325e+00 2.498912373207073934e-02 4.451391787824139114e-03 -3.352470672520573014e-02
4.573000000000000000e+03 1.064880702953986402e+00 2.494094790023879821e-02 4.448347760493741830e-03 -3.344124156099144429e-02
4.574000000000000000e+03 1.063360499889402178e+00 2.489286945308933838e-02 4.445306346772572893e-03 -3.335800681659420452e-02
4.575000000000000000e+03 1.061831182431788534e+00 2.484502381480074157e-02 4.442267687890502116e-03 -3.327498179812572732e-02
4.576000000000000000e+03 1.060289784424170101e+00 2.479732372971480553e-02 4.439231908664506565e-03 -3.319214546549641154e-02
4.577000000000000000e+03 1.058737171622403661e+00 2.474975639629429028e-02 4.436199116339542212e-03 -3.310955068595990147e-02
4.578000000000000000e+03 1.057172105419271979e+00 2.470238346685084407e-02 4.433169399735888312e-03 -3.302710136069274272e-02
4.579000000000000000e+03 1.055594219437521630e+00 2.465511819672186120e-02 4.430142828514309870e-03 -3.294492382668337549e-02
4.580000000000000000e+03 1.054002537914416449e+00 2.460809686137881494e-02 4.427119452597447560e-03 -3.286299543095334147e-02
4.581000000000000000e+03 1.052397707026863527e+00 2.456115877137053649e-02 4.424099301786801192e-03 -3.278129309703951832e-02
4.582000000000000000e+03 1.050779025113375509e+00 2.451436625612238643e-02 4.421082385619154453e-03 -3.269979333214806383e-02
4.583000000000000000e+03 1.049147414304380188e+00 2.446770752914475752e-02 4.418068693320145041e-03 -3.261854652537454075e-02
4.584000000000000000e+03 1.047502448200317904e+00 2.442124525398710333e-02 4.415058194053922587e-03 -3.253752840324940221e-02
4.585000000000000000e+03 1.045844578133346969e+00 2.437489369262933400e-02 4.412050837247781347e-03 -3.245678862648945784e-02
4.586000000000000000e+03 1.044175129684463688e+00 2.432871583809875782e-02 4.409046553192628656e-03 -3.237637654370058987e-02
4.587000000000000000e+03 1.042494812325387654e+00 2.428270056242960717e-02 4.406045253776545711e-03 -3.229619266836192271e-02
4.588000000000000000e+03 1.040803713569723232e+00 2.423683689840045938e-02 4.403046833405603946e-03 -3.221643443045997535e-02
4.589000000000000000e+03 1.039103520523789070e+00 2.419111403760187962e-02 4.400051170044064208e-03 -3.213692768173802977e-02
4.590000000000000000e+03 1.037395283387917866e+00 2.414552132817738769e-02 4.397058126505366642e-03 -3.205772102613166363e-02
4.591000000000000000e+03 1.035680149333565447e+00 2.410012255593526817e-02 4.394067551778243520e-03 -3.197893732024202629e-02
4.592000000000000000e+03 1.033958609829397801e+00 2.405483309120085705e-02 4.391079282506139131e-03 -3.190047661142884905e-02
4.593000000000000000e+03 1.032232718519488834e+00 2.400971701986218468e-02 4.388093144647221312e-03 -3.182238763122413605e-02
4.594000000000000000e+03 1.030503108566686921e+00 2.396476428976121800e-02 4.385108955135772965e-03 -3.174464502395954457e-02
4.595000000000000000e+03 1.028771952092184749e+00 2.391996499076708138e-02 4.382126523708214892e-03 -3.166737227892495177e-02
4.596000000000000000e+03 1.027039976461621817e+00 2.387523506765487635e-02 4.379145654738771098e-03 -3.159039611278408044e-02
4.597000000000000000e+03 1.025308680057608113e+00 2.383071345024944526e-02 4.376166149139470649e-03 -3.151391510553767233e-02
4.598000000000000000e+03 1.023579576472033681e+00 2.378631634828049651e-02 4.373187806315449039e-03 -3.143783123365088972e-02
4.599000000000000000e+03 1.021854924247880048e+00 2.374210866455165464e-02 4.370210426120959939e-03 -3.136219565531305625e-02
4.600000000000000000e+03 1.020135485281256083e+00 2.369800685642234339e-02 4.367233810765873588e-03 -3.128698594282501577e-02
4.601000000000000000e+03 1.018422714849193111e+00 2.365400226111647949e-02 4.364257766743823673e-03 -3.121224759624198486e-02
4.602000000000000000e+03 1.016718672359614439e+00 2.361023681294517965e-02 4.361282106739720540e-03 -3.113799843522282659e-02
4.603000000000000000e+03 1.015024599829215113e+00 2.356655589852003560e-02 4.358306651425265452e-03 -3.106417579303839133e-02
4.604000000000000000e+03 1.013340192655139971e+00 2.352302785644432709e-02 4.355331231204334803e-03 -3.099079228843061931e-02
4.605000000000000000e+03 1.011668045306105101e+00 2.347972112142372725e-02 4.352355687853386688e-03 -3.091786160780439843e-02
4.606000000000000000e+03 1.010009183678233669e+00 2.343648136822944206e-02 4.349379876093963440e-03 -3.084524999875314089e-02
4.607000000000000000e+03 1.008363798077740459e+00 2.339345149066155913e-02 4.346403664979413967e-03 -3.077297345844167906e-02
4.608000000000000000e+03 1.006733462745162289e+00 2.335047732780868787e-02 4.343426939254026176e-03 -3.070112349831375861e-02
4.609000000000000000e+03 1.005118156487942782e+00 2.330777621000744426e-02 4.340449600374132917e-03 -3.062957005123186430e-02
4.610000000000000000e+03 1.003518484183502091e+00 2.326519411801781720e-02 4.337471567610797635e-03 -3.055833292306127380e-02
4.611000000000000000e+03 1.001936413701211004e+00 2.322272566192367521e-02 4.334492778813117848e-03 -3.048743325222364603e-02
4.612000000000000000e+03 1.000370814121042340e+00 2.318043979200993393e-02 4.331513191066764350e-03 -3.041681924491978703e-02
4.613000000000000000e+03 9.988219091561255647e-01 2.313833122622997035e-02 4.328532781156148833e-03 -3.034651475307131863e-02
4.614000000000000000e+03 9.972912747800433131e-01 2.309639472826756704e-02 4.325551545867701263e-03 -3.027654499371759678e-02
4.615000000000000000e+03 9.957781239143025376e-01 2.305455081877435045e-02 4.322569502075651951e-03 -3.020686226034076036e-02
4.616000000000000000e+03 9.942830207088220185e-01 2.301294290427095129e-02 4.319586686650171876e-03 -3.013742019339486419e-02
4.617000000000000000e+03 9.928041677130322595e-01 2.297149157119204865e-02 4.316603156216404849e-03 -3.006832232641757502e-02
4.618000000000000000e+03 9.913426082922853766e-01 2.293019171524683653e-02 4.313618986666938222e-03 -2.999952492357732536e-02
4.619000000000000000e+03 9.898977733893091768e-01 2.288903825345074694e-02 4.310634272561245095e-03 -2.993105979441113701e-02
4.620000000000000000e+03 9.884682292931221692e-01 2.284810040348631693e-02 4.307649126306555692e-03 -2.986281140051622734e-02
4.621000000000000000e+03 9.870531693588345812e-01 2.280729882934552297e-02 4.304663677180336351e-03 -2.979488822376838431e-02
4.622000000000000000e+03 9.856524211141312053e-01 2.276662848826330882e-02 4.301678070243070660e-03 -2.972725129337682598e-02
4.623000000000000000e+03 9.842649686860140967e-01 2.272615862749808452e-02 4.298692465085960854e-03 -2.965993697541886853e-02
4.624000000000000000e+03 9.828889618106539938e-01 2.268588421457694987e-02 4.295707034328205380e-03 -2.959290833971091675e-02
4.625000000000000000e+03 9.815232113416796356e-01 2.264565165113305995e-02 4.292721962269965309e-03 -2.952627794005774353e-02
4.626000000000000000e+03 9.801679426593906674e-01 2.260567875546129479e-02 4.289737443112374982e-03 -2.945986203899642053e-02
4.627000000000000000e+03 9.788203498721279594e-01 2.256581192564422952e-02 4.286753679360395981e-03 -2.939384908224001655e-02
4.628000000000000000e+03 9.774798074047880148e-01 2.252612040624911438e-02 4.283770879998737187e-03 -2.932805678415223785e-02
4.629000000000000000e+03 9.761449108253841267e-01 2.248652486982895618e-02 4.280789258657122752e-03 -2.926267488173137088e-02
4.630000000000000000e+03 9.748142321563073587e-01 2.244716883383596553e-02 4.277809031729140621e-03 -2.919767078470093813e-02
4.631000000000000000e+03 9.734870753796166509e-01 2.240789867587222525e-02 4.274830416463822925e-03 -2.913293806058687291e-02
4.632000000000000000e+03 9.721605178440602124e-01 2.236878361830870257e-02 4.271853629078630268e-03 -2.906859348742397292e-02
4.633000000000000000e+03 9.708353656515268382e-01 2.232981859472086064e-02 4.268878882874486448e-03 -2.900460555646130340e-02
4.634000000000000000e+03 9.695079950196653362e-01 2.229092425067028330e-02 4.265906386379616534e-03 -2.894101724497403702e-02
4.635000000000000000e+03 9.681785357420199523e-01 2.225224407884814418e-02 4.262936341480286044e-03 -2.887779737432205618e-02
4.636000000000000000e+03 9.668456832312430915e-01 2.221369871933348561e-02 4.259968941751229345e-03 -2.881498910580477732e-02
4.637000000000000000e+03 9.655081955834142748e-01 2.217520881171359745e-02 4.257004370772479555e-03 -2.875248702294838990e-02
4.638000000000000000e+03 9.641641615379552555e-01 2.213684356395328665e-02 4.254042800510162044e-03 -2.869048277018762527e-02
4.639000000000000000e+03 9.628139819165213442e-01 2.209859790380195102e-02 4.251084389928091144e-03 -2.862879644430927142e-02
4.640000000000000000e+03 9.614559219234116716e-01 2.206054104798642682e-02 4.248129283591121734e-03 -2.856761937821927777e-02
4.641000000000000000e+03 9.600890909238651849e-01 2.202251937037396495e-02 4.245177610535376747e-03 -2.850677126102105566e-02
4.642000000000000000e+03 9.587134499352621964e-01 2.198460210535210790e-02 4.242229483138918768e-03 -2.844636865117860722e-02
4.643000000000000000e+03 9.573283324335036815e-01 2.194678421608356120e-02 4.239284996282625256e-03 -2.838645352760092375e-02
4.644000000000000000e+03 9.559331925940031116e-01 2.190906068031730353e-02 4.236344226600114934e-03 -2.832691898191433758e-02
4.645000000000000000e+03 9.545283524140832920e-01 2.187142649258964552e-02 4.233407231936718758e-03 -2.826773205218883686e-02
4.646000000000000000e+03 9.531127763408603348e-01 2.183387666635915395e-02 4.230474050948477768e-03 -2.820908228050046304e-02
4.647000000000000000e+03 9.516863017294043825e-01 2.179633195248859706e-02 4.227544702861383424e-03 -2.815078744304115935e-02
4.648000000000000000e+03 9.502496396008124346e-01 2.175893597494886478e-02 4.224619187510782713e-03 -2.809296210717839026e-02
4.649000000000000000e+03 9.488028885323183115e-01 2.172160953134936318e-02 4.221697485458367899e-03 -2.803557194333994307e-02
4.650000000000000000e+03 9.473462758620805335e-01 2.168427344467431517e-02 4.218779558332444272e-03 -2.797858231206584723e-02
4.651000000000000000e+03 9.458808729385446146e-01 2.164699893821428467e-02 4.215865349313794100e-03 -2.792210681356277480e-02
4.652000000000000000e+03 9.444055454855472265e-01 2.160986449013413760e-02 4.212954783834300075e-03 -2.786596148759696787e-02
4.653000000000000000e+03 9.429222227522829902e-01 2.157265327855401732e-02 4.210047770420113737e-03 -2.781025925378894162e-02
4.654000000000000000e+03 9.414314591886938643e-01 2.153559420931740534e-02 4.207144201663693892e-03 -2.775496430020992292e-02
4.655000000000000000e+03 9.399331701910987880e-01 2.149854479675108662e-02 4.204243955326670938e-03 -2.770011498443000417e-02
4.656000000000000000e+03 9.384295954297172671e-01 2.146158543041157621e-02 4.201346895677939702e-03 -2.764560103836512239e-02
4.657000000000000000e+03 9.369200901456449238e-01 2.142472223938865494e-02 4.198452874856203193e-03 -2.759153504505890142e-02
4.658000000000000000e+03 9.354070582123716893e-01 2.138788709012556105e-02 4.195561734320038365e-03 -2.753780680044628365e-02
4.659000000000000000e+03 9.338914848385266865e-01 2.135116043412757861e-02 4.192673306488143951e-03 -2.748452907992697189e-02
4.660000000000000000e+03 9.323736685445361827e-01 2.131454845416255045e-02 4.189787416406872030e-03 -2.743159200492006206e-02
4.661000000000000000e+03 9.308554383417723121e-01 2.127790877698083200e-02 4.186903883444046716e-03 -2.737903452935621859e-02
4.662000000000000000e+03 9.293379135395954949e-01 2.124147045344996002e-02 4.184022523091558698e-03 -2.732682165873444660e-02
4.663000000000000000e+03 9.278229774765128779e-01 2.120501683517310443e-02 4.181143148760735513e-03 -2.727491880315185274e-02
4.664000000000000000e+03 9.263110369367347774e-01 2.116870268760766283e-02 4.178265573617199330e-03 -2.722344041289648936e-02
4.665000000000000000e+03 9.248032385501384622e-01 2.113245991624339293e-02 4.175389612332394695e-03 -2.717227862794997784e-02
4.666000000000000000e+03 9.233014567732933386e-01 2.109636897771094075e-02 4.172515082944383905e-03 -2.712147476032085100e-02
4.667000000000000000e+03 9.218067963981623203e-01 2.106028745553804524e-02 4.169641808570821381e-03 -2.707099650536490612e-02
4.668000000000000000e+03 9.203203238731214597e-01 2.102437003750570743e-02 4.166769619105176702e-03 -2.702081228340647012e-02
4.669000000000000000e+03 9.188430562021113746e-01 2.098847424010763518e-02 4.163898352828100148e-03 -2.697096557717037352e-02
4.670000000000000000e+03 9.173766931940859903e-01 2.095268038519962350e-02 4.161027857976836580e-03 -2.692142641385245061e-02
4.671000000000000000e+03 9.159221218195462422e-01 2.091706874139731206e-02 4.158157994157366671e-03 -2.687223997587729479e-02
4.672000000000000000e+03 9.144801497751759989e-01 2.088149666525241505e-02 4.155288633660003846e-03 -2.682322950461940927e-02
4.673000000000000000e+03 9.130514970001748498e-01 2.084604429374348200e-02 4.152419662682997961e-03 -2.677459060007170502e-02
4.674000000000000000e+03 9.116375308908016839e-01 2.081064311819208826e-02 4.149550982364642003e-03 -2.672622269418117522e-02
4.675000000000000000e+03 9.102380311059313778e-01 2.077537310961337022e-02 4.146682509717862161e-03 -2.667817476977997135e-02
4.676000000000000000e+03 9.088541552081930153e-01 2.074023985958852248e-02 4.143814178367980113e-03 -2.663034823730096520e-02
4.677000000000000000e+03 9.074862054994503602e-01 2.070517457167245570e-02 4.140945939202484057e-03 -2.658279407210966880e-02
4.678000000000000000e+03 9.061336254409204649e-01 2.067025690356774290e-02 4.138077760725297413e-03 -2.653556424344267681e-02
4.679000000000000000e+03 9.047979685223965785e-01 2.063534354135295248e-02 4.135209629375961003e-03 -2.648856313573740365e-02
4.680000000000000000e+03 9.034784399088624518e-01 2.060058817606965839e-02 4.132341549623273422e-03 -2.644177038008991773e-02
4.681000000000000000e+03 9.021756104088499706e-01 2.056592151167279878e-02 4.129473543820968984e-03 -2.639531511138182296e-02
4.682000000000000000e+03 9.008884460611886746e-01 2.053134839176068427e-02 4.126605652036665316e-03 -2.634910451714029406e-02
4.683000000000000000e+03 8.996172815230494280e-01 2.049687350938202493e-02 4.123737931574266227e-03 -2.630312093122913822e-02
4.684000000000000000e+03 8.983615947102938648e-01 2.046250140077381444e-02 4.120870456422995320e-03 -2.625734750323495056e-02
4.685000000000000000e+03 8.971200110066147593e-01 2.042816215622758266e-02 4.118003316485109241e-03 -2.621184242879457185e-02
4.686000000000000000e+03 8.958932798332212011e-01 2.039393426552164879e-02 4.115136616706468152e-03 -2.616659032370412252e-02
4.687000000000000000e+03 8.946805666708513849e-01 2.035982176302874452e-02 4.112270476036827480e-03 -2.612157644313102892e-02
4.688000000000000000e+03 8.934794601624077570e-01 2.032575422401124501e-02 4.109405026291539260e-03 -2.607678661281842211e-02
4.689000000000000000e+03 8.922911798966173258e-01 2.029180961224686525e-02 4.106540410790423049e-03 -2.603220715600101237e-02
4.690000000000000000e+03 8.911138995889107406e-01 2.025791714376531938e-02 4.103676783043954876e-03 -2.598789910047107771e-02
4.691000000000000000e+03 8.899464706264573755e-01 2.022408013597096557e-02 4.100814305259379774e-03 -2.594377524872030702e-02
4.692000000000000000e+03 8.887876891856425488e-01 2.019030172358214983e-02 4.097953146742819817e-03 -2.589982294711312000e-02
4.693000000000000000e+03 8.876370495070143862e-01 2.015658485884329332e-02 4.095093482301429000e-03 -2.585610400294348007e-02
4.694000000000000000e+03 8.864932690525069159e-01 2.012293231260907367e-02 4.092235490527955551e-03 -2.581260603395012579e-02
4.695000000000000000e+03 8.853550424518130679e-01 2.008934667618939018e-02 4.089379352123641634e-03 -2.576924238476957854e-02
4.696000000000000000e+03 8.842210527925215002e-01 2.005583036400492708e-02 4.086525248189931854e-03 -2.572607489473635253e-02
4.697000000000000000e+03 8.830899829823836145e-01 2.002231133364224328e-02 4.083673358427543192e-03 -2.568309096610934053e-02
4.698000000000000000e+03 8.819612699111770704e-01 1.998879165698763324e-02 4.080823859522231083e-03 -2.564027776846235576e-02
4.699000000000000000e+03 8.808321442966575709e-01 1.995534752529991296e-02 4.077976923372290605e-03 -2.559762216249361969e-02
4.700000000000000000e+03 8.797035843045634129e-01 1.992190640428272499e-02 4.075132715543900580e-03 -2.555518491083752161e-02
4.701000000000000000e+03 8.785721494113768459e-01 1.988854552791836927e-02 4.072291393615973601e-03 -2.551280869018052871e-02
4.702000000000000000e+03 8.774388879389583007e-01 1.985512454803767257e-02 4.069453105761361260e-03 -2.547057937245121584e-02
4.703000000000000000e+03 8.763019349432389360e-01 1.982172718258469815e-02 4.066617989327225846e-03 -2.542851318824334780e-02
4.704000000000000000e+03 8.751602409122571924e-01 1.978836273614704641e-02 4.063786169531757343e-03 -2.538662574282483236e-02
4.705000000000000000e+03 8.740128372011209956e-01 1.975504039181701088e-02 4.060957758283675889e-03 -2.534500625290118242e-02
4.706000000000000000e+03 8.728595863520167697e-01 1.972176921985953693e-02 4.058132853166435822e-03 -2.530352037258395276e-02
4.707000000000000000e+03 8.717004458927600785e-01 1.968848390320837929e-02 4.055311536484610020e-03 -2.526225586104258528e-02
4.708000000000000000e+03 8.705339883900375941e-01 1.965519331361251926e-02 4.052493874508767378e-03 -2.522122542234373280e-02
4.709000000000000000e+03 8.693596347171064220e-01 1.962198052085952285e-02 4.049679916886827352e-03 -2.518036668639152612e-02
4.710000000000000000e+03 8.681769149797815555e-01 1.958877995157972188e-02 4.046869696147902158e-03 -2.513983933144611077e-02
4.711000000000000000e+03 8.669869569153206834e-01 1.955560024897712648e-02 4.044063227398315107e-03 -2.509950509527865067e-02
4.712000000000000000e+03 8.657872877222340113e-01 1.952244999832471531e-02 4.041260508244118310e-03 -2.505944776285019132e-02
4.713000000000000000e+03 8.645800058553751999e-01 1.948933773587585572e-02 4.038461518743488403e-03 -2.501960175913072945e-02
4.714000000000000000e+03 8.633636093841873249e-01 1.945619767378654538e-02 4.035666221686115031e-03 -2.498004930046675634e-02
4.715000000000000000e+03 8.621396799945925116e-01 1.942318684234397783e-02 4.032874562842242959e-03 -2.494079756832911360e-02
4.716000000000000000e+03 8.609069377564989578e-01 1.939016511299453127e-02 4.030086471564667087e-03 -2.490177873994182250e-02
4.717000000000000000e+03 8.596671802426675280e-01 1.935714090650798164e-02 4.027301861385980397e-03 -2.486299859209667104e-02
4.718000000000000000e+03 8.584200781500699318e-01 1.932412263240187653e-02 4.024520630856526920e-03 -2.482446226013585930e-02
4.719000000000000000e+03 8.571661411824740284e-01 1.929119297822405252e-02 4.021742664481109918e-03 -2.478624856918868954e-02
4.720000000000000000e+03 8.559074545587719296e-01 1.925828606410412078e-02 4.018967833749080218e-03 -2.474821295238525259e-02
4.721000000000000000e+03 8.546432148713184462e-01 1.922541029740995958e-02 4.016195998387261934e-03 -2.471043320845578081e-02
4.722000000000000000e+03 8.533756649006783990e-01 1.919249980917339324e-02 4.013427007582032191e-03 -2.467291242750830824e-02
4.723000000000000000e+03 8.521048852481237779e-01 1.915971159050941508e-02 4.010660701428642692e-03 -2.463557905382403670e-02
4.724000000000000000e+03 8.508317565812922867e-01 1.912690550976134385e-02 4.007896912272832304e-03 -2.459850980112759933e-02
4.725000000000000000e+03 8.495579500552222774e-01 1.909416429746757862e-02 4.005135466379275422e-03 -2.456163258502469873e-02
4.726000000000000000e+03 8.482836888372440320e-01 1.906134784508128205e-02 4.002376185408790948e-03 -2.452502372394130964e-02
4.727000000000000000e+03 8.470099663470203044e-01 1.902868747162604277e-02 3.999618888046445331e-03 -2.448853658880547138e-02
4.728000000000000000e+03 8.457392786301249910e-01 1.899596880284672162e-02 3.996863391639459383e-03 -2.445224737036729920e-02
4.729000000000000000e+03 8.444711567898791627e-01 1.896334888650023226e-02 3.994109513796254701e-03 -2.441615801031511018e-02
4.730000000000000000e+03 8.432066134436347893e-01 1.893068763658360340e-02 3.991357074042731212e-03 -2.438019626413112304e-02
4.731000000000000000e+03 8.419481322730733019e-01 1.889806781276276784e-02 3.988605895384115911e-03 -2.434443861188053532e-02
4.732000000000000000e+03 8.406952007666890214e-01 1.886549788036303785e-02 3.985855805867132527e-03 -2.430881318101160704e-02
4.733000000000000000e+03 8.394502429517392006e-01 1.883298628707150840e-02 3.983106640050249059e-03 -2.427332264973132078e-02
4.734000000000000000e+03 8.382134099925322435e-01 1.880046717181592733e-02 3.980358240463802329e-03 -2.423789572833615763e-02
4.735000000000000000e+03 8.369847996192848472e-01 1.876802320707043545e-02 3.977610458856385527e-03 -2.420261005290600537e-02
4.736000000000000000e+03 8.357674189565376111e-01 1.873558845584274990e-02 3.974863157517698024e-03 -2.416739508908498368e-02
4.737000000000000000e+03 8.345597483036724107e-01 1.870317121270642299e-02 3.972116210400326863e-03 -2.413218073089394566e-02
4.738000000000000000e+03 8.333646479995799883e-01 1.867085399391616232e-02 3.969369504071301562e-03 -2.409712017666625419e-02
4.739000000000000000e+03 8.321804380255657385e-01 1.863857067648878527e-02 3.966622938664366230e-03 -2.406206996347634575e-02
4.740000000000000000e+03 8.310098064833241205e-01 1.860625505466472970e-02 3.963876428561779672e-03 -2.402703568026039876e-02
4.741000000000000000e+03 8.298516337514586505e-01 1.857406367956011828e-02 3.961129903045774309e-03 -2.399203083428902775e-02
4.742000000000000000e+03 8.287069314301620526e-01 1.854185586378024470e-02 3.958383306726866342e-03 -2.395702485078576166e-02
4.743000000000000000e+03 8.275758682203495642e-01 1.850971365505027499e-02 3.955636599873489645e-03 -2.392202477584375389e-02
4.744000000000000000e+03 8.264585109528903573e-01 1.847757040797510034e-02 3.952889758543761886e-03 -2.388699354849629225e-02
4.745000000000000000e+03 8.253548237707080126e-01 1.844550790753923808e-02 3.950142774578163998e-03 -2.385193168967025476e-02
4.746000000000000000e+03 8.242646683014031028e-01 1.841353350839251141e-02 3.947395655486346001e-03 -2.381682527414722556e-02
4.747000000000000000e+03 8.231878048129445125e-01 1.838150584165580345e-02 3.944648424100126796e-03 -2.378164589444410962e-02
4.748000000000000000e+03 8.221246371711048440e-01 1.834958050677111541e-02 3.941901118110457437e-03 -2.374639518868248284e-02
4.749000000000000000e+03 8.210732445638195820e-01 1.831769007841922356e-02 3.939153789499863847e-03 -2.371105279423244699e-02
4.750000000000000000e+03 8.200345853173875987e-01 1.828584123277684007e-02 3.936406503782245020e-03 -2.367564314948594414e-02
4.751000000000000000e+03 8.190073152962258352e-01 1.825404041848272679e-02 3.933659339174921596e-03 -2.364002505819013528e-02
4.752000000000000000e+03 8.179908051204286545e-01 1.822229373502988123e-02 3.930912385573594701e-03 -2.360440446018462549e-02
4.753000000000000000e+03 8.169843635040741070e-01 1.819060704335279458e-02 3.928165743453154030e-03 -2.356867296515125984e-02
4.754000000000000000e+03 8.159879737719477610e-01 1.815898600030752680e-02 3.925419522754510990e-03 -2.353287072480557407e-02
4.755000000000000000e+03 8.150000730625557299e-01 1.812736177239272425e-02 3.922673841535016803e-03 -2.349696351082714713e-02
4.756000000000000000e+03 8.140205319152766794e-01 1.809573960110507154e-02 3.919928824594584929e-03 -2.346106549184700726e-02
4.757000000000000000e+03 8.130476916349141936e-01 1.806419880242765563e-02 3.917184602122778490e-03 -2.342521630851475412e-02
4.758000000000000000e+03 8.120806018711828056e-01 1.803274420064974667e-02 3.914441308205322649e-03 -2.338930671505722730e-02
4.759000000000000000e+03 8.111190299746292576e-01 1.800123184690725908e-02 3.911699079367272555e-03 -2.335344992233558126e-02
4.760000000000000000e+03 8.101619848714661787e-01 1.796981472359834506e-02 3.908958053008062053e-03 -2.331753582326584126e-02
4.761000000000000000e+03 8.092077267043773503e-01 1.793842276447711950e-02 3.906218365919626560e-03 -2.328175090556210136e-02
4.762000000000000000e+03 8.082560049807590019e-01 1.790713427807652872e-02 3.903480152775477136e-03 -2.324598391445159215e-02
4.763000000000000000e+03 8.073058396197569930e-01 1.787580453732208127e-02 3.900743544676637913e-03 -2.321027148741644161e-02
4.764000000000000000e+03 8.063555303213129077e-01 1.784451148897418099e-02 3.898008667657339252e-03 -2.317464952460497954e-02
4.765000000000000000e+03 8.054048941677328655e-01 1.781333291257127666e-02 3.895275641367183881e-03 -2.313907884707889703e-02
4.766000000000000000e+03 8.044523030203186709e-01 1.778212358056555781e-02 3.892544577760240210e-03 -2.310359371053173974e-02
4.767000000000000000e+03 8.034976631543043757e-01 1.775096097107792259e-02 3.889815579781138490e-03 -2.306815319014896698e-02
4.768000000000000000e+03 8.025401945278767268e-01 1.771984814640027717e-02 3.887088740348987759e-03 -2.303286398902725657e-02
4.769000000000000000e+03 8.015791807983706496e-01 1.768871376662016839e-02 3.884364141196692752e-03 -2.299768326806301069e-02
4.770000000000000000e+03 8.006132330085525828e-01 1.765763495434957350e-02 3.881641852007359540e-03 -2.296264146718545243e-02
4.771000000000000000e+03 7.996417810582980845e-01 1.762654017565338377e-02 3.878921929624515839e-03 -2.292769371568894460e-02
4.772000000000000000e+03 7.986650787336605495e-01 1.759550638963377003e-02 3.876204417316420851e-03 -2.289286838376122790e-02
4.773000000000000000e+03 7.976827222487674618e-01 1.756453621383416430e-02 3.873489344286927018e-03 -2.285811850720920191e-02
4.774000000000000000e+03 7.966943964382704468e-01 1.753355794052224512e-02 3.870776725265732705e-03 -2.282354463685061507e-02
4.775000000000000000e+03 7.956991343978584430e-01 1.750257412020076939e-02 3.868066560213722065e-03 -2.278902342730560956e-02
4.776000000000000000e+03 7.946968047271998348e-01 1.747158729461452051e-02 3.865358834233034811e-03 -2.275465335145725881e-02
4.777000000000000000e+03 7.936881121903324177e-01 1.744067429666999389e-02 3.862653517645135270e-03 -2.272045758701563695e-02
4.778000000000000000e+03 7.926731117912503288e-01 1.740976341627925236e-02 3.859950566063098318e-03 -2.268630976041411534e-02
4.779000000000000000e+03 7.916512076119645025e-01 1.737885726669672476e-02 3.857249920805837055e-03 -2.265230539841572160e-02
4.780000000000000000e+03 7.906233792639127955e-01 1.734795851650874562e-02 3.854551509295520151e-03 -2.261839055090432080e-02
4.781000000000000000e+03 7.895892076269883653e-01 1.731706990443278651e-02 3.851855245703081961e-03 -2.258451040414232586e-02
4.782000000000000000e+03 7.885498424346610857e-01 1.728619425349252683e-02 3.849161031591592438e-03 -2.255083218294086714e-02
4.783000000000000000e+03 7.875042835499951321e-01 1.725533448423847982e-02 3.846468756815746379e-03 -2.251715093929920058e-02
4.784000000000000000e+03 7.864553183521295621e-01 1.722449362699757236e-02 3.843778300516512234e-03 -2.248363244844142628e-02
4.785000000000000000e+03 7.854013445673654337e-01 1.719360054972093876e-02 3.841089532056084308e-03 -2.245014472210803136e-02
4.786000000000000000e+03 7.843437920082042547e-01 1.716280710196573314e-02 3.838402312254633048e-03 -2.241662949409082423e-02
4.787000000000000000e+03 7.832841440616087336e-01 1.713196813919178052e-02 3.835716494600544847e-03 -2.238325085781859430e-02
4.788000000000000000e+03 7.822224443606811128e-01 1.710116151477798080e-02 3.833031926507174132e-03 -2.234994963775582474e-02
4.789000000000000000e+03 7.811587743862048461e-01 1.707039095198668172e-02 3.830348450736371750e-03 -2.231659202991820995e-02
4.790000000000000000e+03 7.800954735747737123e-01 1.703966033213271530e-02 3.827665906710040877e-03 -2.228326680987942343e-02
4.791000000000000000e+03 7.790326736666179919e-01 1.700889941410624676e-02 3.824984131981717678e-03 -2.224998827252205880e-02
4.792000000000000000e+03 7.779705184099122706e-01 1.697818668641935119e-02 3.822302963655812777e-03 -2.221662202126372526e-02
4.793000000000000000e+03 7.769106403576128139e-01 1.694745223317035976e-02 3.819622239828829487e-03 -2.218333074017611595e-02
4.794000000000000000e+03 7.758539235051536975e-01 1.691684914996861855e-02 3.816941801001187597e-03 -2.214997999470711548e-02
4.795000000000000000e+03 7.748004945349209471e-01 1.688623355627410366e-02 3.814261491462397902e-03 -2.211658399835174718e-02
4.796000000000000000e+03 7.737519427539930605e-01 1.685561029173179501e-02 3.811581160648427804e-03 -2.208308282432117423e-02
4.797000000000000000e+03 7.727090832920625596e-01 1.682513290999298333e-02 3.808900664440880834e-03 -2.204956531384501955e-02
4.798000000000000000e+03 7.716712063208615024e-01 1.679465797004308855e-02 3.806219866433525629e-03 -2.201597199530178767e-02
4.799000000000000000e+03 7.706412693809903125e-01 1.676419072830059864e-02 3.803538639008406490e-03 -2.198231798244919613e-02
4.800000000000000000e+03 7.696177191776257809e-01 1.673381084476221331e-02 3.800856864448136363e-03 -2.194854444957955106e-02
4.801000000000000000e+03 7.686026733634202524e-01 1.670352278371793273e-02 3.798174435912766468e-03 -2.191466828208642539e-02
4.802000000000000000e+03 7.675960231840487369e-01 1.667325273891614307e-02 3.795491258251568363e-03 -2.188071096528746567e-02
4.803000000000000000e+03 7.665983485200570380e-01 1.664307453269819534e-02 3.792807248752901560e-03 -2.184662118092563915e-02
4.804000000000000000e+03 7.656094107485014177e-01 1.661291348822911684e-02 3.790122337777025036e-03 -2.181242234238138511e-02
4.805000000000000000e+03 7.646303775987270956e-01 1.658284354828907375e-02 3.787436469227163996e-03 -2.177813831994591595e-02
4.806000000000000000e+03 7.636615917980773549e-01 1.655279012541942263e-02 3.784749600906763597e-03 -2.174371915908258207e-02
4.807000000000000000e+03 7.627033118826915814e-01 1.652282721964141651e-02 3.782061704731268757e-03 -2.170918964196509940e-02
4.808000000000000000e+03 7.617549681785213966e-01 1.649295455135805014e-02 3.779372766803709097e-03 -2.167464927503880839e-02
4.809000000000000000e+03 7.608166481353956234e-01 1.646309754458960897e-02 3.776682787378661359e-03 -2.163990085216504350e-02
4.810000000000000000e+03 7.598890968382054911e-01 1.643333016081086756e-02 3.773991780609360549e-03 -2.160511898011445789e-02
4.811000000000000000e+03 7.589714898512758268e-01 1.640365203183952875e-02 3.771299774267555544e-03 -2.157025577810674569e-02
4.812000000000000000e+03 7.580636638928628379e-01 1.637398844365080958e-02 3.768606809258067541e-03 -2.153533797341313644e-02
4.813000000000000000e+03 7.571653769647186394e-01 1.634433888766516352e-02 3.765912939031619555e-03 -2.150024400671770447e-02
4.814000000000000000e+03 7.562763120780560122e-01 1.631485132914866840e-02 3.763218228924519130e-03 -2.146514968386803793e-02
4.815000000000000000e+03 7.553960817004433670e-01 1.628537649203977075e-02 3.760522755252126547e-03 -2.143000813729174434e-02
4.816000000000000000e+03 7.545242328757127970e-01 1.625591354661611726e-02 3.757826604442056871e-03 -2.139477261854811491e-02
4.817000000000000000e+03 7.536595101278763531e-01 1.622661009730586718e-02 3.755129872019833358e-03 -2.135954500374975459e-02
4.818000000000000000e+03 7.528028330987015515e-01 1.619731647075820305e-02 3.752432661459493939e-03 -2.132420431151471271e-02
4.819000000000000000e+03 7.519513606584737886e-01 1.616810569069254341e-02 3.749735083083782176e-03 -2.128892662091429189e-02
4.820000000000000000e+03 7.511059264703420224e-01 1.613890205229297561e-02 3.747037252779852542e-03 -2.125351645170600601e-02
4.821000000000000000e+03 7.502658467083986871e-01 1.610985253316803145e-02 3.744339290706861969e-03 -2.121814953041605348e-02
4.822000000000000000e+03 7.494289278930251763e-01 1.608080680385651218e-02 3.741641320041223535e-03 -2.118277845325452005e-02
4.823000000000000000e+03 7.485959319286668023e-01 1.605183720922793988e-02 3.738943465566446720e-03 -2.114742975161462354e-02
4.824000000000000000e+03 7.477653843974926273e-01 1.602294163300374205e-02 3.736245852398465198e-03 -2.111205525801593264e-02
4.825000000000000000e+03 7.469358112323450927e-01 1.599411778177228793e-02 3.733548604560623513e-03 -2.107668060795720930e-02
4.826000000000000000e+03 7.461079753368163869e-01 1.596536318718864977e-02 3.730851843748086462e-03 -2.104133089407668813e-02
4.827000000000000000e+03 7.452796847209210984e-01 1.593667521019775588e-02 3.728155687966489690e-03 -2.100603060718404802e-02
4.828000000000000000e+03 7.444510001136804833e-01 1.590805104699104591e-02 3.725460250345639934e-03 -2.097080358121919397e-02
4.829000000000000000e+03 7.436212710995815378e-01 1.587948773693511825e-02 3.722765637877804238e-03 -2.093552437589587048e-02
4.830000000000000000e+03 7.427884003955778081e-01 1.585098217215742677e-02 3.720071950364353761e-03 -2.090036393239952731e-02
4.831000000000000000e+03 7.419540503733635939e-01 1.582253110898014514e-02 3.717379279338263714e-03 -2.086526954930091604e-02
4.832000000000000000e+03 7.411154780516938656e-01 1.579413118098059454e-02 3.714687707126938538e-03 -2.083018769943108597e-02
4.833000000000000000e+03 7.402729690630096560e-01 1.576577891367200376e-02 3.711997305968644818e-03 -2.079521256978602434e-02
4.834000000000000000e+03 7.394268713163739681e-01 1.573754502409648731e-02 3.709308137308942131e-03 -2.076036319075620293e-02
4.835000000000000000e+03 7.385753708316517008e-01 1.570935158784613275e-02 3.706620251134871459e-03 -2.072550913925062452e-02
4.836000000000000000e+03 7.377189523856938491e-01 1.568119490826538898e-02 3.703933685503405307e-03 -2.069081623363112563e-02
4.837000000000000000e+03 7.368574310702252772e-01 1.565307125280215178e-02 3.701248466099721617e-03 -2.065615226699768839e-02
4.838000000000000000e+03 7.359899544255756876e-01 1.562505115720044802e-02 3.698564606041393824e-03 -2.062160700027390950e-02
4.839000000000000000e+03 7.351164894611852407e-01 1.559705659654600333e-02 3.695882105705720379e-03 -2.058712076073651240e-02
4.840000000000000000e+03 7.342370803773239363e-01 1.556908385782247717e-02 3.693200952776777828e-03 -2.055278159929047402e-02
4.841000000000000000e+03 7.333518483249941156e-01 1.554120356245654658e-02 3.690521122349772233e-03 -2.051845390324471413e-02
4.842000000000000000e+03 7.324609903744991879e-01 1.551341212200370474e-02 3.687842577227525530e-03 -2.048429841811994292e-02
4.843000000000000000e+03 7.315647777055770407e-01 1.548563176091740518e-02 3.685165268299776288e-03 -2.045017802330588094e-02
4.844000000000000000e+03 7.306628102051597740e-01 1.545793338961442762e-02 3.682489135091342354e-03 -2.041625205012943464e-02
4.845000000000000000e+03 7.297562416767570115e-01 1.543023949269453111e-02 3.679814106380869393e-03 -2.038238206939546604e-02
4.846000000000000000e+03 7.288448045110453855e-01 1.540269556816129155e-02 3.677140100918904059e-03 -2.034857765345297193e-02
4.847000000000000000e+03 7.279297763870237192e-01 1.537507588022656545e-02 3.674467028359920586e-03 -2.031492215835068241e-02
4.848000000000000000e+03 7.270102608562379887e-01 1.534760059785743487e-02 3.671794790171246502e-03 -2.028134994323965712e-02
4.849000000000000000e+03 7.260876385662601296e-01 1.532019297863588050e-02 3.669123280635274830e-03 -2.024786929409479186e-02
4.850000000000000000e+03 7.251633324835092820e-01 1.529277652029439362e-02 3.666452387999123447e-03 -2.021448821649010283e-02
4.851000000000000000e+03 7.242365797618840473e-01 1.526549687313168840e-02 3.663781995605682167e-03 -2.018128616567452238e-02
4.852000000000000000e+03 7.233089029096082534e-01 1.523819900719577958e-02 3.661111983211520760e-03 -2.014810909707050873e-02
4.853000000000000000e+03 7.223811099255552648e-01 1.521102435586289825e-02 3.658442228129266376e-03 -2.011494885958740181e-02
4.854000000000000000e+03 7.214532797060602132e-01 1.518389179636401264e-02 3.655772606579522997e-03 -2.008187162435048911e-02
4.855000000000000000e+03 7.205269828976708091e-01 1.515679479265283174e-02 3.653102995001023499e-03 -2.004886939753480757e-02
4.856000000000000000e+03 7.196030456916653328e-01 1.512980140220780874e-02 3.650433271328234423e-03 -2.001586009848702399e-02
4.857000000000000000e+03 7.186807993193472521e-01 1.510283143012686180e-02 3.647763316294329750e-03 -1.998283620280074183e-02
4.858000000000000000e+03 7.177625295012252105e-01 1.507587928203241168e-02 3.645093014682103047e-03 -1.994986481538738379e-02
4.859000000000000000e+03 7.168475263917670759e-01 1.504901396412596133e-02 3.642422256600963762e-03 -1.991686488948516548e-02
4.860000000000000000e+03 7.159380201444542902e-01 1.502223051407951607e-02 3.639750938582314490e-03 -1.988383014234662918e-02
4.861000000000000000e+03 7.150332314493752506e-01 1.499544999649659802e-02 3.637078964754224611e-03 -1.985075483224504195e-02
4.862000000000000000e+03 7.141338221619134563e-01 1.496866806318186000e-02 3.634406247850945244e-03 -1.981763381340290522e-02
4.863000000000000000e+03 7.132411465517016769e-01 1.494202922759215769e-02 3.631732710210172285e-03 -1.978446258515477105e-02
4.864000000000000000e+03 7.123550174066221041e-01 1.491538115268775493e-02 3.629058284584061288e-03 -1.975123733475873944e-02
4.865000000000000000e+03 7.114766725606848086e-01 1.488879462208645907e-02 3.626382914953789425e-03 -1.971795497334605241e-02
4.866000000000000000e+03 7.106057993688152941e-01 1.486226639079828160e-02 3.623706557121960520e-03 -1.968461316487788923e-02
4.867000000000000000e+03 7.097427596959892115e-01 1.483579345147112774e-02 3.621029179287140690e-03 -1.965121034782675580e-02
4.868000000000000000e+03 7.088878442696855409e-01 1.480937301539104675e-02 3.618350762478887098e-03 -1.961774574932753298e-02
4.869000000000000000e+03 7.080412705989471700e-01 1.478307677545432665e-02 3.615671300767954368e-03 -1.958414510816848184e-02
4.870000000000000000e+03 7.072031816447572616e-01 1.475675375000989539e-02 3.612990801527499705e-03 -1.955055780766216597e-02
4.871000000000000000e+03 7.063736452549929101e-01 1.473055024413937215e-02 3.610309285373253588e-03 -1.951683688229878880e-02
4.872000000000000000e+03 7.055519115330255442e-01 1.470438984065609682e-02 3.607626786129592474e-03 -1.948305898608837516e-02
4.873000000000000000e+03 7.047386423124262222e-01 1.467827050888752087e-02 3.604943350550666829e-03 -1.944922723480316251e-02
4.874000000000000000e+03 7.039321987064232067e-01 1.465226457863953204e-02 3.602259038034112768e-03 -1.941534545886938051e-02
4.875000000000000000e+03 7.031338434148544092e-01 1.462629586341784860e-02 3.599573920023711304e-03 -1.938141816572131262e-02
4.876000000000000000e+03 7.023425440508797024e-01 1.460036248419887932e-02 3.596888079531234371e-03 -1.934737621258345724e-02
4.877000000000000000e+03 7.015572054959634540e-01 1.457461112637219516e-02 3.594201610377119934e-03 -1.931337389064573598e-02
4.878000000000000000e+03 7.007781600573190772e-01 1.454889131236802337e-02 3.591514616383355892e-03 -1.927926888527279128e-02
4.879000000000000000e+03 7.000049440415850865e-01 1.452320107680221163e-02 3.588827210445151485e-03 -1.924521648398281812e-02
4.880000000000000000e+03 6.992370462071447745e-01 1.449768694131807478e-02 3.586139513531469859e-03 -1.921114952755366770e-02
4.881000000000000000e+03 6.984731710276358418e-01 1.447219818931370222e-02 3.583451653627022816e-03 -1.917700119265239311e-02
4.882000000000000000e+03 6.977134737136283515e-01 1.444688111090692943e-02 3.580763764576921568e-03 -1.914292777144244867e-02
4.883000000000000000e+03 6.969573385754120887e-01 1.442158471321178248e-02 3.578075984885554194e-03 -1.910886289757979251e-02
4.884000000000000000e+03 6.962033861718814887e-01 1.439642525485725424e-02 3.575388456457731946e-03 -1.907481460567095680e-02
4.885000000000000000e+03 6.954517091720036071e-01 1.437136281159264242e-02 3.572701323383228357e-03 -1.904086525616793812e-02
4.886000000000000000e+03 6.947001656679961945e-01 1.434639439709771425e-02 3.570014730532350151e-03 -1.900687432613937244e-02
4.887000000000000000e+03 6.939503293995585853e-01 1.432153909186763795e-02 3.567328822357565543e-03 -1.897299831957263705e-02
4.888000000000000000e+03 6.931993260906146315e-01 1.429677860439257896e-02 3.564643741560879694e-03 -1.893924499365131145e-02
4.889000000000000000e+03 6.924472692226782966e-01 1.427213154495922398e-02 3.561959627839973112e-03 -1.890554757189271545e-02
4.890000000000000000e+03 6.916935531081902511e-01 1.424757913497303602e-02 3.559276616619788322e-03 -1.887198752736257354e-02
4.891000000000000000e+03 6.909376027245108798e-01 1.422313205747588981e-02 3.556594837862534723e-03 -1.883857166863910776e-02
4.892000000000000000e+03 6.901788803922771498e-01 1.419879331334943269e-02 3.553914414983717126e-03 -1.880523208075568498e-02
4.893000000000000000e+03 6.894161492293311433e-01 1.417455822205112605e-02 3.551235463716530694e-03 -1.877204892151578680e-02
4.894000000000000000e+03 6.886497074909603278e-01 1.415042928161541931e-02 3.548558091194749936e-03 -1.873910180616964599e-02
4.895000000000000000e+03 6.878784225509411154e-01 1.412639388972046668e-02 3.545882394991611234e-03 -1.870624691450343755e-02
4.896000000000000000e+03 6.871027069947029942e-01 1.410246892242420468e-02 3.543208462389721945e-03 -1.867363693967035929e-02
4.897000000000000000e+03 6.863215514146187024e-01 1.407864874710404966e-02 3.540536369619653838e-03 -1.864120107488085112e-02
4.898000000000000000e+03 6.855347563902336461e-01 1.405492009294850332e-02 3.537866181331008990e-03 -1.860901640955390374e-02
4.899000000000000000e+03 6.847421924326911880e-01 1.403129178062206828e-02 3.535197950135996262e-03 -1.857708506496468653e-02
4.900000000000000000e+03 6.839438020386638950e-01 1.400775759911375429e-02 3.532531716255838273e-03 -1.854533418815686868e-02
4.901000000000000000e+03 6.831395958539896451e-01 1.398431846768990149e-02 3.529867507308569619e-03 -1.851383553182477104e-02
4.902000000000000000e+03 6.823296377890634146e-01 1.396096717038546042e-02 3.527205338271670060e-03 -1.848257279629132721e-02
4.903000000000000000e+03 6.815140602303378925e-01 1.393771109713930374e-02 3.524545211504422505e-03 -1.845152574788872304e-02
4.904000000000000000e+03 6.806930681989900034e-01 1.391452784368222943e-02 3.521887116952008862e-03 -1.842067351679503237e-02
4.905000000000000000e+03 6.798669376094210737e-01 1.389142466594850932e-02 3.519231032404757532e-03 -1.838999462993111053e-02
4.906000000000000000e+03 6.790352699538357850e-01 1.386840136693169578e-02 3.516576924055820567e-03 -1.835954133475195538e-02
4.907000000000000000e+03 6.781992176123156080e-01 1.384545775481183655e-02 3.513924746919742503e-03 -1.832929107936743379e-02
4.908000000000000000e+03 6.773585086352204021e-01 1.382257138811176546e-02 3.511274445608345354e-03 -1.829914656634892139e-02
4.909000000000000000e+03 6.765144135618755827e-01 1.379976446160632864e-02 3.508625955060578824e-03 -1.826915866304702069e-02
4.910000000000000000e+03 6.756667689605800886e-01 1.377701469693195895e-02 3.505979201448931534e-03 -1.823930361632068731e-02
4.911000000000000000e+03 6.748169431021391329e-01 1.375432965677090766e-02 3.503334103160343424e-03 -1.820963169001810211e-02
4.912000000000000000e+03 6.739648584636058759e-01 1.373169477666974156e-02 3.500690571855329027e-03 -1.818004438896526909e-02
4.913000000000000000e+03 6.731112136497006126e-01 1.370912539309321332e-02 3.498048513567175461e-03 -1.815051738769461742e-02
4.914000000000000000e+03 6.722567336133220550e-01 1.368659991686141907e-02 3.495407829909077946e-03 -1.812117489511382712e-02
4.915000000000000000e+03 6.714029052565116951e-01 1.366411928730264236e-02 3.492768419340081584e-03 -1.809184403674126904e-02
4.916000000000000000e+03 6.705489986389211454e-01 1.364168471311877004e-02 3.490130178401275665e-03 -1.806257492383206084e-02
4.917000000000000000e+03 6.696972592313181760e-01 1.361929769648659305e-02 3.487493003061763880e-03 -1.803334360457602842e-02
4.918000000000000000e+03 6.688469575800735090e-01 1.359694519861510964e-02 3.484856789940590956e-03 -1.800412643262832776e-02
4.919000000000000000e+03 6.680003243470281626e-01 1.357463680137430302e-02 3.482221437712348759e-03 -1.797497443444709408e-02
4.920000000000000000e+03 6.671566000822433118e-01 1.355236015484030145e-02 3.479586848333787123e-03 -1.794586482440449146e-02
4.921000000000000000e+03 6.663179705273494235e-01 1.353011813406931191e-02 3.476952928287960556e-03 -1.791670108422164023e-02
4.922000000000000000e+03 6.654836168052092882e-01 1.350791399457112497e-02 3.474319589881541635e-03 -1.788761017318456562e-02
4.923000000000000000e+03 6.646549084550822384e-01 1.348573652507691761e-02 3.471686752324077037e-03 -1.785849689888761166e-02
4.924000000000000000e+03 6.638331685073189936e-01 1.346359719559208842e-02 3.469054342888752609e-03 -1.782934111858635109e-02
4.925000000000000000e+03 6.630174390155870734e-01 1.344149301901602887e-02 3.466422297848664388e-03 -1.780012351713527660e-02
4.926000000000000000e+03 6.622089326236371143e-01 1.341942140786409055e-02 3.463790563501762190e-03 -1.777097422982936228e-02
4.927000000000000000e+03 6.614073135227220845e-01 1.339738759963536585e-02 3.461159096907000764e-03 -1.774172719013430294e-02
4.928000000000000000e+03 6.606144073871960121e-01 1.337538979371817940e-02 3.458527866716881293e-03 -1.771244015618790232e-02
4.929000000000000000e+03 6.598289979624154533e-01 1.335342657032110095e-02 3.455896853717234894e-03 -1.768317189453773655e-02
4.930000000000000000e+03 6.590512812191972047e-01 1.333149687787806709e-02 3.453266051284413756e-03 -1.765375935604765467e-02
4.931000000000000000e+03 6.582828632409353231e-01 1.330961487392031718e-02 3.450635465861957591e-03 -1.762441196216762637e-02
4.932000000000000000e+03 6.575215590316242364e-01 1.328777276471505321e-02 3.448005117111283425e-03 -1.759496877976212889e-02
4.933000000000000000e+03 6.567695631374997900e-01 1.326597049709834532e-02 3.445375038034273734e-03 -1.756549279049575418e-02
4.934000000000000000e+03 6.560252786886788812e-01 1.324421573424934030e-02 3.442745274930116093e-03 -1.753597374960867705e-02
4.935000000000000000e+03 6.552885182632361971e-01 1.322251640052109732e-02 3.440115887275242094e-03 -1.750647673724671852e-02
4.936000000000000000e+03 6.545597628546524493e-01 1.320086579572178100e-02 3.437486947360026378e-03 -1.747691928384083326e-02
4.937000000000000000e+03 6.538386787725128935e-01 1.317927970563511839e-02 3.434858539909516235e-03 -1.744729418834665632e-02
4.938000000000000000e+03 6.531241209585668672e-01 1.315775179889922507e-02 3.432230761519606578e-03 -1.741774376153205905e-02
4.939000000000000000e+03 6.524156226866572039e-01 1.313628330581434120e-02 3.429603719945261645e-03 -1.738818836067515874e-02
4.940000000000000000e+03 6.517141431035348154e-01 1.311488298238806458e-02 3.426977533347892214e-03 -1.735862346863809372e-02
4.941000000000000000e+03 6.510168727202910732e-01 1.309355964505795437e-02 3.424352329378986190e-03 -1.732904534881260505e-02
4.942000000000000000e+03 6.503254105132371121e-01 1.307229984801045602e-02 3.421728244157343831e-03 -1.729952526095294291e-02
4.943000000000000000e+03 6.496368563406367258e-01 1.305111984356996727e-02 3.419105421210930258e-03 -1.727013510450342224e-02
4.944000000000000000e+03 6.489519890234375366e-01 1.303002097399482036e-02 3.416484010297350660e-03 -1.724072449018478059e-02
4.945000000000000000e+03 6.482700737857844953e-01 1.300900449032825652e-02 3.413864166161216258e-03 -1.721136635889815303e-02
4.946000000000000000e+03 6.475896126945427378e-01 1.298807151510039323e-02 3.411246047263766842e-03 -1.718213404596541719e-02
4.947000000000000000e+03 6.469098381762486971e-01 1.296722300600187602e-02 3.408629814405057974e-03 -1.715295262615450927e-02
4.948000000000000000e+03 6.462307210291946546e-01 1.294645972070863037e-02 3.406015629387610256e-03 -1.712389595812678633e-02
4.949000000000000000e+03 6.455507500147008582e-01 1.292578961163529626e-02 3.403403653626278259e-03 -1.709496374347096656e-02
4.950000000000000000e+03 6.448699112969897840e-01 1.290521293745650229e-02 3.400794046776497558e-03 -1.706615571973366455e-02
4.951000000000000000e+03 6.441867162215720866e-01 1.288472267988943591e-02 3.398186965299952907e-03 -1.703754469539369917e-02
4.952000000000000000e+03 6.435004109725454002e-01 1.286433556884794376e-02 3.395582561214861763e-03 -1.700905013498451440e-02
4.953000000000000000e+03 6.428110109059226307e-01 1.284404614879083167e-02 3.392980980673962477e-03 -1.698073868407884088e-02
4.954000000000000000e+03 6.421170882540889746e-01 1.282385602398296819e-02 3.390382362795628553e-03 -1.695260239564600271e-02
4.955000000000000000e+03 6.414187503810755420e-01 1.280377384000847690e-02 3.387786838383347824e-03 -1.692463293549251527e-02
4.956000000000000000e+03 6.407146748948405746e-01 1.278379298339224306e-02 3.385194528839458560e-03 -1.689689579275917286e-02
4.957000000000000000e+03 6.400043440755230906e-01 1.276392128316372089e-02 3.382605545137492772e-03 -1.686930736187594246e-02
4.958000000000000000e+03 6.392880502072761928e-01 1.274415871757596415e-02 3.380019986860179244e-03 -1.684185773180874729e-02
4.959000000000000000e+03 6.385654145934728243e-01 1.272449740952607752e-02 3.377437941380402944e-03 -1.681468491513558525e-02
4.960000000000000000e+03 6.378361343795241334e-01 1.270495133916722634e-02 3.374859483121327684e-03 -1.678762909987008972e-02
4.961000000000000000e+03 6.370985001313475005e-01 1.268550434845324738e-02 3.372284672951967720e-03 -1.676081202174611179e-02
4.962000000000000000e+03 6.363545981529822315e-01 1.266616957466034331e-02 3.369713557772907597e-03 -1.673417637534559479e-02
4.963000000000000000e+03 6.356028838052906194e-01 1.264693003418745042e-02 3.367146170139181504e-03 -1.670772349895089520e-02
4.964000000000000000e+03 6.348433821958803236e-01 1.262779063526857891e-02 3.364582528056977561e-03 -1.668145393408502347e-02
4.965000000000000000e+03 6.340769453528588562e-01 1.260875591075475213e-02 3.362022634969917025e-03 -1.665537484916084290e-02
4.966000000000000000e+03 6.333037657234501516e-01 1.258980775448609313e-02 3.359466479779736094e-03 -1.662947775874823800e-02
4.967000000000000000e+03 6.325226316723628894e-01 1.257095744435504300e-02 3.356914037149810043e-03 -1.660376082198676898e-02
4.968000000000000000e+03 6.317353820024300681e-01 1.255218624340383518e-02 3.354365267791969800e-03 -1.657821400807245327e-02
4.969000000000000000e+03 6.309424456544175941e-01 1.253349742894260474e-02 3.351820119040800367e-03 -1.655284141234870943e-02
4.970000000000000000e+03 6.301435804788014794e-01 1.251488661264338505e-02 3.349278525407058376e-03 -1.652761672552813949e-02
4.971000000000000000e+03 6.293400969430008596e-01 1.249635663297007926e-02 3.346740409409127651e-03 -1.650255756487766651e-02
4.972000000000000000e+03 6.285326241375451817e-01 1.247788787978043427e-02 3.344205682353588397e-03 -1.647763638906319869e-02
4.973000000000000000e+03 6.277211036483623108e-01 1.245948290399598313e-02 3.341674245442177640e-03 -1.645284741586495320e-02
4.974000000000000000e+03 6.269070113527387411e-01 1.244113674542277580e-02 3.339145990754334437e-03 -1.642819183436788899e-02
4.975000000000000000e+03 6.260911216881767105e-01 1.242284440327153655e-02 3.336620802472239477e-03 -1.640365559498778089e-02
4.976000000000000000e+03 6.252742428143188702e-01 1.240460087909502247e-02 3.334098558116898366e-03 -1.637922434640229699e-02
4.977000000000000000e+03 6.244572085660976546e-01 1.238639379171798879e-02 3.331579129865544411e-03 -1.635489094870384852e-02
4.978000000000000000e+03 6.236401272773248738e-01 1.236822570546707543e-02 3.329062385949352592e-03 -1.633064070527334710e-02
4.979000000000000000e+03 6.228253445657602194e-01 1.235009188791378471e-02 3.326548192056729379e-03 -1.630645888256429185e-02
4.980000000000000000e+03 6.220122348040051374e-01 1.233197292347793135e-02 3.324036412757952648e-03 -1.628234566029118993e-02
4.981000000000000000e+03 6.212031350713987932e-01 1.231387932422561664e-02 3.321526912977141796e-03 -1.625827908431183924e-02
4.982000000000000000e+03 6.203973937892008905e-01 1.229579957052106230e-02 3.319019559462665307e-03 -1.623425230335333661e-02
4.983000000000000000e+03 6.195973048444767262e-01 1.227772986155937010e-02 3.316514222214891894e-03 -1.621025137808421515e-02
4.984000000000000000e+03 6.188028994039367348e-01 1.225965929349500348e-02 3.314010775857387063e-03 -1.618626280222114355e-02
4.985000000000000000e+03 6.180141663766024474e-01 1.224159217654967845e-02 3.311509101050390085e-03 -1.616227359268478797e-02
4.986000000000000000e+03 6.172340160905491757e-01 1.222351835072663269e-02 3.309009085774027980e-03 -1.613827880483250168e-02
4.987000000000000000e+03 6.164608447380029999e-01 1.220544292496799840e-02 3.306510626575950764e-03 -1.611426675843852588e-02
4.988000000000000000e+03 6.156966988861253265e-01 1.218734915759700672e-02 3.304013629715215044e-03 -1.609022654367197463e-02
4.989000000000000000e+03 6.149405838879768993e-01 1.216924304475515070e-02 3.301518012216172332e-03 -1.606614809299867011e-02
4.990000000000000000e+03 6.141951439867419094e-01 1.215112362126020973e-02 3.299023702836516303e-03 -1.604202967485568801e-02
4.991000000000000000e+03 6.134584864394003745e-01 1.213299039897990789e-02 3.296530642880449169e-03 -1.601787052349244386e-02
4.992000000000000000e+03 6.127323487811170422e-01 1.211483594407401256e-02 3.294038786934132008e-03 -1.599366346105431103e-02
4.993000000000000000e+03 6.120161530368372071e-01 1.209666816312250474e-02 3.291548103441437750e-03 -1.596941722468806987e-02
4.994000000000000000e+03 6.113107176357439609e-01 1.207848801454732522e-02 3.289058575155800242e-03 -1.594511192972252259e-02
4.995000000000000000e+03 6.106152846848496019e-01 1.206029692883807750e-02 3.286570199383824498e-03 -1.592076594902385941e-02
4.996000000000000000e+03 6.099297479801767397e-01 1.204208193892934015e-02 3.284082988250233183e-03 -1.589636164416172864e-02
4.997000000000000000e+03 6.092546534150414805e-01 1.202386023295443432e-02 3.281596968623284784e-03 -1.587190479727742728e-02
4.998000000000000000e+03 6.085889717855785808e-01 1.200561970548910153e-02 3.279112181978727485e-03 -1.584738003619122135e-02
4.999000000000000000e+03 6.079330723364948508e-01 1.198736350125612950e-02 3.276628684141147992e-03 -1.582279538994788015e-02
5.000000000000000000e+03 6.072857545037101401e-01 1.196909512783912895e-02 3.274146544832937360e-03 -1.579813769436510043e-02
