0.000000000000000000e+00 0.000000000000000000e+00 0.000000000000000000e+00 0.000000000000000000e+00 0.000000000000000000e+00
1.000000000000000000e+00 0.000000000000000000e+00 0.000000000000000000e+00 0.000000000000000000e+00 0.000000000000000000e+00
2.000000000000000000e+00 9.712323691623715831e+02 3.198389645423766608e-02 1.686780532795751235e-06 2.602887514076109632e+00
3.000000000000000000e+00 9.200431229546098848e+02 4.412268194024517032e-02 3.374005165626497973e-06 2.999433127406868849e+00
4.000000000000000000e+00 8.702149976740867032e+02 4.138394337611121104e-02 5.624325179874236734e-06 2.883030816751575021e+00
5.000000000000000000e+00 8.325965465911357342e+02 3.003219362030630155e-02 8.438322568770239117e-06 2.513690993958114905e+00
6.000000000000000000e+00 8.065576567962665422e+02 1.804028702483857077e-02 1.181671613590992478e-05 2.068592578714603558e+00
7.000000000000000000e+00 7.897650875841719653e+02 9.859057567341771716e-03 1.576035579940092629e-05 1.650483811339456874e+00
8.000000000000000000e+00 7.794912023228977205e+02 5.886765402613983351e-03 2.027021591123413021e-05 1.310553868396295396e+00
9.000000000000000000e+00 7.744031602421222260e+02 4.451984608531131711e-03 2.534738755500993447e-05 1.062744645904142748e+00
1.000000000000000000e+01 7.731467610641822148e+02 3.874657607333732452e-03 3.099306994434167955e-05 9.065550648401454747e-01
1.100000000000000000e+01 7.744188786383095930e+02 3.365517318776329279e-03 3.720856108300225754e-05 8.305114992315637545e-01
1.200000000000000000e+01 7.788534305771274830e+02 2.883555312616281271e-03 4.399524756307412728e-05 8.184172861336872495e-01
1.300000000000000000e+01 7.845722849673077235e+02 2.602300583633738659e-03 5.135459376597703611e-05 8.470474713845527193e-01
1.400000000000000000e+01 7.914627316286542964e+02 2.579093740225196860e-03 5.928813047680816254e-05 8.932646758086089100e-01
1.500000000000000000e+01 7.985021500698678665e+02 2.733418338020981476e-03 6.779744306793299786e-05 9.467017085305156066e-01
1.600000000000000000e+01 8.073584706429656990e+02 2.956815769134940423e-03 7.688415927378288784e-05 1.005694064649880426e+00
1.700000000000000000e+01 8.178816735195047158e+02 3.252677233084457376e-03 8.654993674057967739e-05 1.065510616112043119e+00
1.800000000000000000e+01 8.289636444985640082e+02 3.656072208666989731e-03 9.679645045941689160e-05 1.123385633857282073e+00
1.900000000000000000e+01 8.413803624967954420e+02 4.214408154061034979e-03 1.076253799523869769e-04 1.182608458241653837e+00
2.000000000000000000e+01 8.535300801776625121e+02 4.948767856565597714e-03 1.190383969180415735e-04 1.238884186588622427e+00
2.100000000000000000e+01 8.661065020917822039e+02 5.843031879511111776e-03 1.310371526253829801e-04 1.298443328073439984e+00
2.200000000000000000e+01 8.791325432143952412e+02 6.889085296668880955e-03 1.436232659532460832e-04 1.363349834043194653e+00
2.300000000000000000e+01 8.922209436707655641e+02 8.075748537807818025e-03 1.567983114444924410e-04 1.432001583244832066e+00
2.400000000000000000e+01 9.056915409028683825e+02 9.400664653906317531e-03 1.705638080588674449e-04 1.501752529759255550e+00
2.500000000000000000e+01 9.196782664017052866e+02 1.086892293036530871e-02 1.849212088554179052e-04 1.564989968857653624e+00
2.600000000000000000e+01 9.336913755067486136e+02 1.249003610771737965e-02 1.998718906125215139e-04 1.625009623070758913e+00
2.700000000000000000e+01 9.481413711226017540e+02 1.425913267850092113e-02 2.154171446520456053e-04 1.680750843481208179e+00
2.800000000000000000e+01 9.628602976118087327e+02 1.615630831088570724e-02 2.315581683215172954e-04 1.725600286999951383e+00
2.900000000000000000e+01 9.777717319602638781e+02 1.821463507472019169e-02 2.482960578539163826e-04 1.764328154066391541e+00
3.000000000000000000e+01 9.930729123306140309e+02 2.047224557555784794e-02 2.656318014307400277e-04 1.790345337267442272e+00
3.100000000000000000e+01 1.008159098019042972e+03 2.292540206107665166e-02 2.835662735746638605e-04 1.814228277939820000e+00
3.200000000000000000e+01 1.023835282493208524e+03 2.558906610949004609e-02 3.021002311175342609e-04 1.830848239886828210e+00
3.300000000000000000e+01 1.039569889979799200e+03 2.842743282498527702e-02 3.212343097261826839e-04 1.839476235688459527e+00
3.400000000000000000e+01 1.055339439470869365e+03 3.147177033427771969e-02 3.409690215032493707e-04 1.842334335893686115e+00
3.500000000000000000e+01 1.071726049744131842e+03 3.473515916325799202e-02 3.613047537784043950e-04 1.832075256998999535e+00
3.600000000000000000e+01 1.087829640947531061e+03 3.824631497316930556e-02 3.822417691182768400e-04 1.820286603623900046e+00
3.700000000000000000e+01 1.104171499779906071e+03 4.200541153534149280e-02 4.037802070700118669e-04 1.799934776931392477e+00
3.800000000000000000e+01 1.120855013893880141e+03 4.597789396047503169e-02 4.259200858171439605e-04 1.771316521715303072e+00
3.900000000000000000e+01 1.137787662607370521e+03 5.016621412476848785e-02 4.486613062539842960e-04 1.733064572209769505e+00
4.000000000000000000e+01 1.154896661139541493e+03 5.458469368199877353e-02 4.720036556445648176e-04 1.682374287669335722e+00
4.100000000000000000e+01 1.172101899921492077e+03 5.924681741730154078e-02 4.959468145277746943e-04 1.617350687618632987e+00
4.200000000000000000e+01 1.189405392565054626e+03 6.416220429788255242e-02 5.204903612886389516e-04 1.539670473677946072e+00
4.300000000000000000e+01 1.206816684443789427e+03 6.933933928565938487e-02 5.456337809446491294e-04 1.451504020854275767e+00
4.400000000000000000e+01 1.224382463391841384e+03 7.478455257254480737e-02 5.713764739427692118e-04 1.353417216162857262e+00
4.500000000000000000e+01 1.242164274554269468e+03 8.050135103532034264e-02 5.977177634210905548e-04 1.245671419975600269e+00
4.600000000000000000e+01 1.260126194800714302e+03 8.649050557961453223e-02 6.246569067825533594e-04 1.128690096489896488e+00
4.700000000000000000e+01 1.278250985538301393e+03 9.275358164130025063e-02 6.521931044183460618e-04 1.001687930506402369e+00
4.800000000000000000e+01 1.296513079868859450e+03 9.928547168156068303e-02 6.803255125120763599e-04 8.635588673958631833e-01
4.900000000000000000e+01 1.314901767741539516e+03 1.060803248286680683e-01 7.090532529229525089e-04 7.132711707765354570e-01
5.000000000000000000e+01 1.333473194277077027e+03 1.131434322560282285e-01 7.383754251721445522e-04 5.499320486364936977e-01
5.100000000000000000e+01 1.352287060383119297e+03 1.204809654917203404e-01 7.682911199836932759e-04 3.730236816467586425e-01
5.200000000000000000e+01 1.371291008361236209e+03 1.280981618818092527e-01 7.987994288461577972e-04 1.833259885820909263e-01
5.300000000000000000e+01 1.390413950987225689e+03 1.359966821675378801e-01 8.298994575953081527e-04 -1.826657861390686144e-02
5.400000000000000000e+01 1.409636798986487065e+03 1.441789295436689267e-01 8.615903383737290701e-04 -2.317186998657244090e-01
5.500000000000000000e+01 1.428955319155460302e+03 1.526487925251037991e-01 8.938712415548995304e-04 -4.573646596830093780e-01
5.600000000000000000e+01 1.448481442723570353e+03 1.614030752546450898e-01 9.267413874134151734e-04 -6.960983055181927392e-01
5.700000000000000000e+01 1.468316346376746196e+03 1.704369874315963262e-01 9.602000572785528067e-04 -9.484869641089822556e-01
5.800000000000000000e+01 1.488417378742730989e+03 1.797475684798106044e-01 9.942466046706343718e-04 -1.214337063961588026e+00
5.900000000000000000e+01 1.508697317255554253e+03 1.893326004607681079e-01 1.028880465829287282e-03 -1.493167531024840233e+00
6.000000000000000000e+01 1.529135793310407053e+03 1.991824369339172118e-01 1.064101168394317176e-03 -1.784081279563358269e+00
6.100000000000000000e+01 1.549739820174191664e+03 2.092889270131579604e-01 1.099908343606464164e-03 -2.086326021685039667e+00
6.200000000000000000e+01 1.570514517110126235e+03 2.196499024070826256e-01 1.136301730898137087e-03 -2.400085291173630342e+00
6.300000000000000000e+01 1.591477528400959272e+03 2.302654333157839184e-01 1.173281187975292210e-03 -2.725791419449119513e+00
6.400000000000000000e+01 1.612631640135828320e+03 2.411348471526312542e-01 1.210846696968354138e-03 -3.063869291279345486e+00
6.500000000000000000e+01 1.634001921912699117e+03 2.522596999394246531e-01 1.248998370922120137e-03 -3.414803201457393911e+00
6.600000000000000000e+01 1.655625405936827519e+03 2.636344799106826176e-01 1.287736457880527593e-03 -3.779038028470244726e+00
6.700000000000000000e+01 1.677482982651145448e+03 2.752521457852583620e-01 1.327061346261986354e-03 -4.156021629254259331e+00
6.800000000000000000e+01 1.699537791666789872e+03 2.871023027902631086e-01 1.366973566758781025e-03 -4.544947025433304866e+00
6.900000000000000000e+01 1.721745542626869110e+03 2.991767850011805008e-01 1.407473796154002114e-03 -4.945036941549617815e+00
7.000000000000000000e+01 1.744076800268864190e+03 3.114681697368241742e-01 1.448562857681995764e-03 -5.355707230372212635e+00
7.100000000000000000e+01 1.766509797290502092e+03 3.239716492335523723e-01 1.490241721698782771e-03 -5.776695085098251248e+00
7.200000000000000000e+01 1.789157439916668636e+03 3.366832171886831593e-01 1.532511505433289479e-03 -6.208852232007276761e+00
7.300000000000000000e+01 1.812132874065400074e+03 3.495977681759567801e-01 1.575373471467552636e-03 -6.653091748771974956e+00
7.400000000000000000e+01 1.835445247310649165e+03 3.627042547644172554e-01 1.618829025889758017e-03 -7.109257028193098016e+00
7.500000000000000000e+01 1.859096277504752607e+03 3.759908874336998497e-01 1.662879714405684703e-03 -7.576857186483995754e+00
7.600000000000000000e+01 1.883041598034549907e+03 3.894438934725214518e-01 1.707527221317782160e-03 -8.055328694165391212e+00
7.700000000000000000e+01 1.907156505293337204e+03 4.030534504015412800e-01 1.752773361991303040e-03 -8.543282597030650294e+00
7.800000000000000000e+01 1.931426206749801850e+03 4.168084955274763415e-01 1.798620079859713583e-03 -9.040349265871386208e+00
7.900000000000000000e+01 1.955895335672888223e+03 4.306987100175665995e-01 1.845069440769119950e-03 -9.546456211071369324e+00
8.000000000000000000e+01 1.980586239390530636e+03 4.447137761355179908e-01 1.892123626699503168e-03 -1.006167951719596587e+01
8.100000000000000000e+01 2.005523398906652346e+03 4.588431906589868770e-01 1.939784930306503660e-03 -1.058585923951836349e+01
8.200000000000000000e+01 2.030717547319371533e+03 4.730771906641727531e-01 1.988055747556512643e-03 -1.111863412645236870e+01
8.300000000000000000e+01 2.056144409899187849e+03 4.874043422110092560e-01 2.036938571591608970e-03 -1.165977831781544793e+01
8.400000000000000000e+01 2.081801996570236952e+03 5.018139555690106501e-01 2.086435986122261305e-03 -1.220876883296094384e+01
8.500000000000000000e+01 2.107680888639022669e+03 5.162945996161070195e-01 2.136550657755205418e-03 -1.276545412389716461e+01
8.600000000000000000e+01 2.133776308555204196e+03 5.308369989426976465e-01 2.187285329472785610e-03 -1.332927248235976592e+01
8.700000000000000000e+01 2.160057473780778309e+03 5.454286111628554590e-01 2.238642814959330377e-03 -1.389973003092758574e+01
8.800000000000000000e+01 2.186505671528077073e+03 5.600575640640774733e-01 2.290625990877130907e-03 -1.447629415264291097e+01
8.900000000000000000e+01 2.213131902654756232e+03 5.747119871379881006e-01 2.343237791168263466e-03 -1.505850653564349884e+01
9.000000000000000000e+01 2.239939740033295948e+03 5.893755546318681926e-01 2.396481201333471381e-03 -1.564605745830185235e+01
9.100000000000000000e+01 2.266939654742375296e+03 6.040358099769983502e-01 2.450359253113215761e-03 -1.623842211015876558e+01
9.200000000000000000e+01 2.294132567601462142e+03 6.186786827157632063e-01 2.504875019711225864e-03 -1.683540378849372487e+01
9.300000000000000000e+01 2.321533726199802459e+03 6.332902575139793822e-01 2.560031611213081388e-03 -1.743651642159414195e+01
9.400000000000000000e+01 2.349136093865955445e+03 6.478588495364339117e-01 2.615832171396955882e-03 -1.804157110167352940e+01
9.500000000000000000e+01 2.376954919856864308e+03 6.623698046540849038e-01 2.672279874072225250e-03 -1.865008181856276437e+01
9.600000000000000000e+01 2.404983169335062939e+03 6.768099565031004961e-01 2.729377921175217547e-03 -1.926163687895087406e+01
9.700000000000000000e+01 2.433221236838954610e+03 6.911653980267014052e-01 2.787129541003571971e-03 -1.987582462462782829e+01
9.800000000000000000e+01 2.461676946342210158e+03 7.054214815192731969e-01 2.845537987309962064e-03 -2.049223343424655397e+01
9.900000000000000000e+01 2.490328409551691493e+03 7.195650471727558228e-01 2.904606539134943835e-03 -2.111037744159854412e+01
1.000000000000000000e+02 2.519190881098367299e+03 7.335851659501744226e-01 2.964338501263853298e-03 -2.172977082090946510e+01
1.010000000000000000e+02 2.548257331763344155e+03 7.474679397760147781e-01 3.024737205331561214e-03 -2.234992778864594598e+01
1.020000000000000000e+02 2.577528161896200345e+03 7.611920445580181438e-01 3.085806012087907464e-03 -2.297058545584169309e+01
1.030000000000000000e+02 2.606988916370938568e+03 7.747584436171460753e-01 3.147548314063679156e-03 -2.359096099490068354e+01
1.040000000000000000e+02 2.636639997983218564e+03 7.881383892617503939e-01 3.209967538556501680e-03 -2.421071732696496781e+01
1.050000000000000000e+02 2.666474382385630179e+03 8.013254212612619387e-01 3.273067151725091856e-03 -2.482929457223147196e+01
1.060000000000000000e+02 2.696485046414132739e+03 8.143056534640318311e-01 3.336850662756979651e-03 -2.544605861879697173e+01
1.070000000000000000e+02 2.726664968054868496e+03 8.270726305122069189e-01 3.401321629321239770e-03 -2.606059825850499578e+01
1.080000000000000000e+02 2.756999698051904488e+03 8.396050428028256629e-01 3.466483662210893130e-03 -2.667235377126306872e+01
1.090000000000000000e+02 2.787497073258047749e+03 8.518964398959369966e-01 3.532340431211059614e-03 -2.728069121036329037e+01
1.100000000000000000e+02 2.818142646475705078e+03 8.639255171168864766e-01 3.598895671136648385e-03 -2.788519953829405651e+01
1.110000000000000000e+02 2.848929302096369156e+03 8.756857575655538906e-01 3.666153187997065518e-03 -2.848539099417689258e+01
1.120000000000000000e+02 2.879856962938863035e+03 8.871703612381871551e-01 3.734116864894120296e-03 -2.908054502751449633e+01
1.130000000000000000e+02 2.910918026565538639e+03 8.983576024912163227e-01 3.802790668322092449e-03 -2.967031006893268952e+01
1.140000000000000000e+02 2.942104891250878609e+03 9.092331864698572907e-01 3.872178654429787696e-03 -3.025403748067494902e+01
1.150000000000000000e+02 2.973409955899731813e+03 9.197976774413845202e-01 3.942284974546344557e-03 -3.083122725925719720e+01
1.160000000000000000e+02 3.004833048313955715e+03 9.300367853722580902e-01 4.013113880968692537e-03 -3.140137947005280949e+01
1.170000000000000000e+02 3.036366568407510385e+03 9.399287942522687178e-01 4.084669732198375688e-03 -3.196391996532450364e+01
1.180000000000000000e+02 3.067995488122338429e+03 9.494742754651036565e-01 4.156956997579822413e-03 -3.251827466919942822e+01
1.190000000000000000e+02 3.099719636396345322e+03 9.586589460020636944e-01 4.229980261466631704e-03 -3.306401814607906431e+01
1.200000000000000000e+02 3.131531414032296198e+03 9.674759534730734689e-01 4.303744226901232151e-03 -3.360057646796034447e+01
1.210000000000000000e+02 3.163423221971165731e+03 9.759110193625020191e-01 4.378253717913045337e-03 -3.412737578269236849e+01
1.220000000000000000e+02 3.195380032869456954e+03 9.839572956803550596e-01 4.453513682012596661e-03 -3.464399088214781841e+01
1.230000000000000000e+02 3.227401676082960421e+03 9.916079365592556094e-01 4.529529190616080232e-03 -3.514984806928877958e+01
1.240000000000000000e+02 3.259480552555367467e+03 9.988486698458175495e-01 4.606305439451854888e-03 -3.564437372615162758e+01
1.250000000000000000e+02 3.291601634764869686e+03 1.005680082088817207e+00 4.683847747470258095e-03 -3.612714288173097543e+01
1.260000000000000000e+02 3.323764751729512682e+03 1.012087905070793159e+00 4.762161554808259228e-03 -3.659765636224578600e+01
1.270000000000000000e+02 3.355954875569564592e+03 1.018072729137209365e+00 4.841252419374504623e-03 -3.705534079180301177e+01
1.280000000000000000e+02 3.388164406531001987e+03 1.023620289718507159e+00 4.921126012696720904e-03 -3.749977144345517388e+01
1.290000000000000000e+02 3.420393172968199451e+03 1.028731180649839816e+00 5.001788114207094370e-03 -3.793044938912567687e+01
1.300000000000000000e+02 3.452626146286261701e+03 1.033391140684063680e+00 5.083244604396871744e-03 -3.834680149992147591e+01
1.310000000000000000e+02 3.484848528976627676e+03 1.037600755608734548e+00 5.165501456972459299e-03 -3.874840700229444934e+01
1.320000000000000000e+02 3.517068733676459942e+03 1.041360567871067344e+00 5.248564729464269205e-03 -3.913478574399088927e+01
1.330000000000000000e+02 3.549265690749169607e+03 1.044656253356655906e+00 5.332440552999410076e-03 -3.950553564460296485e+01
1.340000000000000000e+02 3.581440615442170383e+03 1.047503202579555870e+00 5.417135120731785686e-03 -3.986010613940807445e+01
1.350000000000000000e+02 3.613579866184069942e+03 1.049879665421450836e+00 5.502654674647186259e-03 -4.019824388006665572e+01
1.360000000000000000e+02 3.645684658045096057e+03 1.051793606169784567e+00 5.589005492329517620e-03 -4.051932418265433711e+01
1.370000000000000000e+02 3.677741349406263453e+03 1.053238133298691759e+00 5.676193871713368540e-03 -4.082294529510885894e+01
1.380000000000000000e+02 3.709743727090615266e+03 1.054221212747344705e+00 5.764226115575013867e-03 -4.110877982952532506e+01
1.390000000000000000e+02 3.741678149753099660e+03 1.054735954392745478e+00 5.853108514376484210e-03 -4.137642619432627100e+01
1.400000000000000000e+02 3.773553261381219272e+03 1.054782896969216566e+00 5.942847329109629539e-03 -4.162548287681587311e+01
1.410000000000000000e+02 3.805347992951554716e+03 1.054377436283663538e+00 6.033448772986808525e-03 -4.185562272561360686e+01
1.420000000000000000e+02 3.837056132647385766e+03 1.053505254975360073e+00 6.124918992158444840e-03 -4.206637009895975865e+01
1.430000000000000000e+02 3.868678897631584732e+03 1.052174320824003972e+00 6.217264046905602790e-03 -4.225747228092654950e+01
1.440000000000000000e+02 3.900195220774868631e+03 1.050392601552561533e+00 6.310489891244852080e-03 -4.242852806249335629e+01
1.450000000000000000e+02 3.931606320891654832e+03 1.048153207975739409e+00 6.404602353075389796e-03 -4.257906202353006364e+01
1.460000000000000000e+02 3.962883704426786153e+03 1.045471535596892876e+00 6.499607113785148965e-03 -4.270889594868815209e+01
1.470000000000000000e+02 3.994021164048726860e+03 1.042355551049020557e+00 6.595509687907613085e-03 -4.281748027415894597e+01
1.480000000000000000e+02 4.025005065391915650e+03 1.038805791933291367e+00 6.692315402873581613e-03 -4.290456263738411735e+01
1.490000000000000000e+02 4.055821775551084556e+03 1.034830223355261536e+00 6.790029378457036052e-03 -4.296974217414107500e+01
1.500000000000000000e+02 4.086457663224893622e+03 1.030436809406338750e+00 6.888656507360675987e-03 -4.301261808356582605e+01
1.510000000000000000e+02 4.116891484620543451e+03 1.025633339817818568e+00 6.988201435438566589e-03 -4.303293275578609922e+01
1.520000000000000000e+02 4.147130967682797746e+03 1.020426910259685460e+00 7.088668543930939578e-03 -4.303040689084701143e+01
1.530000000000000000e+02 4.177161371438961396e+03 1.014831870042576689e+00 7.190061929398958163e-03 -4.300475580845331081e+01
1.540000000000000000e+02 4.206982813767460357e+03 1.008862566762780633e+00 7.292385387438821663e-03 -4.295584345003028659e+01
1.550000000000000000e+02 4.236587986471085060e+03 1.002518489420402448e+00 7.395642396013718360e-03 -4.288331095889908795e+01
1.560000000000000000e+02 4.265984440444470238e+03 9.958214099870503766e-01 7.499836099761772804e-03 -4.278702237892979099e+01
1.570000000000000000e+02 4.295150015681060722e+03 9.887708131186320193e-01 7.604969295458588636e-03 -4.266669323462225805e+01
1.580000000000000000e+02 4.324092268174385026e+03 9.813958944195515510e-01 7.711044418606054565e-03 -4.252211337916743616e+01
1.590000000000000000e+02 4.352796471555484459e+03 9.736961334514268041e-01 7.818063531295127780e-03 -4.235307270846357142e+01
1.600000000000000000e+02 4.381255330572230378e+03 9.656932919941075832e-01 7.926028311309825033e-03 -4.215943544210705340e+01
1.610000000000000000e+02 4.409446696105304909e+03 9.574017004525108288e-01 8.034940042709761907e-03 -4.194091727034701478e+01
1.620000000000000000e+02 4.437363278623745828e+03 9.488356860137440174e-01 8.144799607664303734e-03 -4.169745676903733056e+01
1.630000000000000000e+02 4.464997791526270703e+03 9.400244291536988817e-01 8.255607479593663270e-03 -4.142869541253988785e+01
1.640000000000000000e+02 4.492328094469492498e+03 9.309673933405845370e-01 8.367363718124642274e-03 -4.113464612265189402e+01
1.650000000000000000e+02 4.519354335134446956e+03 9.216863232913854453e-01 8.480067965348394091e-03 -4.081502471447515745e+01
1.660000000000000000e+02 4.546061807477009097e+03 9.122029597257665934e-01 8.593719443322151222e-03 -4.046976987831462935e+01
1.670000000000000000e+02 4.572443236766604969e+03 9.025390391705135906e-01 8.708316953178044106e-03 -4.009874604304062728e+01
1.680000000000000000e+02 4.598491351210253015e+03 8.927162937636121676e-01 8.823858876186014763e-03 -3.970204050746362157e+01
1.690000000000000000e+02 4.624198881913333025e+03 8.827564510601300096e-01 8.940343174786013689e-03 -3.927951773667779634e+01
1.700000000000000000e+02 4.649558562827091009e+03 8.726738054865506022e-01 9.057767396878470614e-03 -3.883111649342392013e+01
1.710000000000000000e+02 4.674555702332992951e+03 8.624975031984557505e-01 9.176128679884730521e-03 -3.835677555193431942e+01
1.720000000000000000e+02 4.699197896565906376e+03 8.522492568370741983e-01 9.295423756731986675e-03 -3.785650797877723761e+01
1.730000000000000000e+02 4.723463030872686431e+03 8.419507736883550253e-01 9.415648962744084527e-03 -3.733025256318749285e+01
1.740000000000000000e+02 4.747343849812854387e+03 8.316237554929897247e-01 9.536800243923997111e-03 -3.677802238140011326e+01
1.750000000000000000e+02 4.770840528697116497e+03 8.213047549589901353e-01 9.658873165895325366e-03 -3.619997907747308119e+01
1.760000000000000000e+02 4.793938512130037452e+03 8.110078964742386542e-01 9.781862923940719615e-03 -3.559606051652045267e+01
1.770000000000000000e+02 4.816631170073978865e+03 8.007690339742822294e-01 9.905764353451071424e-03 -3.496627513632685691e+01
1.780000000000000000e+02 4.838904569869058832e+03 7.906090210594609591e-01 1.003057194160490891e-02 -3.431070472432613627e+01
1.790000000000000000e+02 4.860759637426196605e+03 7.805487048668461325e-01 1.015627983912880880e-02 -3.362935677442926163e+01
1.800000000000000000e+02 4.882189872027433012e+03 7.706237825947496178e-01 1.028288187277843005e-02 -3.292238733478152568e+01
1.810000000000000000e+02 4.903181346172730628e+03 7.608625162793594132e-01 1.041037155787810295e-02 -3.218995243798571693e+01
1.820000000000000000e+02 4.923734990474466031e+03 7.512931609755362228e-01 1.053874211124338801e-02 -3.143213381480376256e+01
1.830000000000000000e+02 4.943844308448557058e+03 7.419365362407566167e-01 1.066798646410966125e-02 -3.064908745833906067e+01
1.840000000000000000e+02 4.963495376355725966e+03 7.328283110238815734e-01 1.079809727499128104e-02 -2.984104362118407749e+01
1.850000000000000000e+02 4.982689128094093576e+03 7.240041468068257879e-01 1.092906694225983036e-02 -2.900793539502335960e+01
1.860000000000000000e+02 5.001411641641836468e+03 7.154848407504237340e-01 1.106088761650064409e-02 -2.815014154273887215e+01
1.870000000000000000e+02 5.019663852304847751e+03 7.072993534308591457e-01 1.119355121267280595e-02 -2.726774366042815956e+01
1.880000000000000000e+02 5.037439267516805558e+03 6.994862943655318910e-01 1.132704942131526615e-02 -2.636104615892519831e+01
1.890000000000000000e+02 5.054723966695260970e+03 6.920753509976868001e-01 1.146137371964611566e-02 -2.543020484324960506e+01
1.900000000000000000e+02 5.071518886154833126e+03 6.850991739227082489e-01 1.159651538147848937e-02 -2.447552404353478650e+01
1.910000000000000000e+02 5.087817533926224314e+03 6.785881769142677600e-01 1.173246548630179839e-02 -2.349730804489620084e+01
1.920000000000000000e+02 5.103605989634270372e+03 6.725757366456631692e-01 1.186921492825329140e-02 -2.249563823375092753e+01
1.930000000000000000e+02 5.118877761085620477e+03 6.670937355628453469e-01 1.200675442295828961e-02 -2.147081879561302387e+01
1.940000000000000000e+02 5.133641212516040468e+03 6.621762759476513827e-01 1.214507451447838400e-02 -2.042330242832419174e+01
1.950000000000000000e+02 5.147882422746784869e+03 6.578574513079668007e-01 1.228416558033338345e-02 -1.935331892122747632e+01
1.960000000000000000e+02 5.161602326854592320e+03 6.541713462787362987e-01 1.242401783612634078e-02 -1.826132085282208806e+01
1.970000000000000000e+02 5.174801859401531146e+03 6.511535222002728940e-01 1.256462133848323254e-02 -1.714761216984542358e+01
1.980000000000000000e+02 5.187481954377274633e+03 6.488380456928881657e-01 1.270596598727292102e-02 -1.601257103433137630e+01
1.990000000000000000e+02 5.199621260102845554e+03 6.472589742491038356e-01 1.284804152635149639e-02 -1.485650125311464897e+01
2.000000000000000000e+02 5.211235565999403661e+03 6.464503561628015538e-01 1.299083754348579443e-02 -1.367992940831110893e+01
2.010000000000000000e+02 5.222310807413618022e+03 6.464483494807349295e-01 1.313434347026810368e-02 -1.248307876030235697e+01
2.020000000000000000e+02 5.232839787355742374e+03 6.472864364747453747e-01 1.327854857450534547e-02 -1.126651946886318534e+01
2.030000000000000000e+02 5.242800311456752752e+03 6.489994662285272220e-01 1.342344196482243845e-02 -1.003044408130913467e+01
2.040000000000000000e+02 5.252199898086379108e+03 6.516215355875413229e-01 1.356901258079987876e-02 -8.775342189303392715e+00
2.050000000000000000e+02 5.261008923227118430e+03 6.551874747962163070e-01 1.371524918918927589e-02 -7.501629007678345396e+00
2.060000000000000000e+02 5.269234904013655978e+03 6.597306189698619594e-01 1.386214037789691364e-02 -6.209645370757576721e+00
2.070000000000000000e+02 5.276863071977815707e+03 6.652865222556898495e-01 1.400967454892719684e-02 -4.899739440524744971e+00
2.080000000000000000e+02 5.283886086505790445e+03 6.718892436519788847e-01 1.415783991106274974e-02 -3.572482125097645955e+00
2.090000000000000000e+02 5.290333748303784887e+03 6.795720898464046034e-01 1.430662447193610173e-02 -2.228377369392986473e+00
2.100000000000000000e+02 5.296191287617438320e+03 6.883705865686511327e-01 1.445601602956771148e-02 -8.679512916689506863e-01
2.110000000000000000e+02 5.301466219462751724e+03 6.983195072721155583e-01 1.460600216355916262e-02 5.082790191835983018e-01
2.120000000000000000e+02 5.306173487009717974e+03 7.094513874948012999e-01 1.475657022636755154e-02 1.899783222197485522e+00
2.130000000000000000e+02 5.310313176620061313e+03 7.218017247454090457e-01 1.490770733409411096e-02 3.306040012948319173e+00
2.140000000000000000e+02 5.313892802989626034e+03 7.354052643783511867e-01 1.505940035780649680e-02 4.726522270375226320e+00
2.150000000000000000e+02 5.316912452541526363e+03 7.502893141388561338e-01 1.521163591468485156e-02 6.160674775195770003e+00
2.160000000000000000e+02 5.319357355170290248e+03 7.664967721188093996e-01 1.536440035970310439e-02 7.607935012688201937e+00
2.170000000000000000e+02 5.321227597736790813e+03 7.840549277659307759e-01 1.551767977766521991e-02 9.067718319319837406e+00
2.180000000000000000e+02 5.322523267459970157e+03 8.029910615095098292e-01 1.567145997601116988e-02 1.053955159629925653e+01
2.190000000000000000e+02 5.323237023655870871e+03 8.233473015618427704e-01 1.582572647787593850e-02 1.202278360707451377e+01
2.200000000000000000e+02 5.323361526173044695e+03 8.451509106279606609e-01 1.598046451654863004e-02 1.351692668450471757e+01
2.210000000000000000e+02 5.322904292172873284e+03 8.684291427278134634e-01 1.613565903036474555e-02 1.502127045960090967e+01
2.220000000000000000e+02 5.321850554451703829e+03 8.932241000284847354e-01 1.629129465914375477e-02 1.653540184888348819e+01
2.230000000000000000e+02 5.320207831608197012e+03 9.195555912358094330e-01 1.644735574120867808e-02 1.805853650557795831e+01
2.240000000000000000e+02 5.317983643049876264e+03 9.474582734985702581e-01 1.660382631221574493e-02 1.959018737372687013e+01
2.250000000000000000e+02 5.315178080690673596e+03 9.769519391716195988e-01 1.676069010482141713e-02 2.112957042262341290e+01
2.260000000000000000e+02 5.311783808988353485e+03 1.008078657741602546e+00 1.691793055011840685e-02 2.267619891714278069e+01
2.270000000000000000e+02 5.307808350021551632e+03 1.040865634261137762e+00 1.707553078032015767e-02 2.422936343538780335e+01
2.280000000000000000e+02 5.303251798453467018e+03 1.075332637895363597e+00 1.723347363284811681e-02 2.578842900470830912e+01
2.290000000000000000e+02 5.298121678234398132e+03 1.111514287179317995e+00 1.739174165638699213e-02 2.735276082004925513e+01
2.300000000000000000e+02 5.292410657540135617e+03 1.149437765184896376e+00 1.755031711818764301e-02 2.892172424563818822e+01
2.310000000000000000e+02 5.286126262148857677e+03 1.189115391399006239e+00 1.770918201297529831e-02 3.049461053300327862e+01
2.320000000000000000e+02 5.279276018703026239e+03 1.230581763713863408e+00 1.786831807348868151e-02 3.207078538932857725e+01
2.330000000000000000e+02 5.271852597957650687e+03 1.273864045275667323e+00 1.802770678259911150e-02 3.364954041162646092e+01
2.340000000000000000e+02 5.263856099766182524e+03 1.318981964744576629e+00 1.818732938724696921e-02 3.523016737124279274e+01
2.350000000000000000e+02 5.255301481352379597e+03 1.365962673266230665e+00 1.834716691333373312e-02 3.681210678168828565e+01
2.360000000000000000e+02 5.246173987117138495e+03 1.414833316402423824e+00 1.850720018257601129e-02 3.839457648177562277e+01
2.370000000000000000e+02 5.236496003686147560e+03 1.465598749371667342e+00 1.866740983066374551e-02 3.997686877010190187e+01
2.380000000000000000e+02 5.226260204640559095e+03 1.518286107452303524e+00 1.882777632661978770e-02 4.155835040534464753e+01
2.390000000000000000e+02 5.215474120489551751e+03 1.572907664542881667e+00 1.898827999343009540e-02 4.313831403937744824e+01
2.400000000000000000e+02 5.204137853479422120e+03 1.629497975234748042e+00 1.914890103000239235e-02 4.471590393371431560e+01
2.410000000000000000e+02 5.192251505793290562e+03 1.688069305041797197e+00 1.930961953398977957e-02 4.629063594380271951e+01
2.420000000000000000e+02 5.179830036091524562e+03 1.748633915791959481e+00 1.947041552561624284e-02 4.786165468360535868e+01
2.430000000000000000e+02 5.166873545942125020e+03 1.811211494327548355e+00 1.963126897232090814e-02 4.942825350955910579e+01
2.440000000000000000e+02 5.153382136345124309e+03 1.875814296163911266e+00 1.979215981419954820e-02 5.098987451985482267e+01
2.450000000000000000e+02 5.139370764250607863e+03 1.942462002558268175e+00 1.995306798975550466e-02 5.254573713604720098e+01
2.460000000000000000e+02 5.124846957320334695e+03 2.011152007485564663e+00 2.011397346227082258e-02 5.409520951953670220e+01
2.470000000000000000e+02 5.109803385385897855e+03 2.081911416475682230e+00 2.027485624632071812e-02 5.563758571988349644e+01
2.480000000000000000e+02 5.094262430355991455e+03 2.154752476905587688e+00 2.043569643445198106e-02 5.717208567348601633e+01
2.490000000000000000e+02 5.078216759218835250e+03 2.229672578400760496e+00 2.059647422402835146e-02 5.869815233613216776e+01
2.500000000000000000e+02 5.061681322298331906e+03 2.306698823346345684e+00 2.075716994336420512e-02 6.021500598039365570e+01
2.510000000000000000e+02 5.044648699073546595e+03 2.385814074960891151e+00 2.091776407827675849e-02 6.172179482541353934e+01
2.520000000000000000e+02 5.027125988084095297e+03 2.467039663052798648e+00 2.107823729762843545e-02 6.321789836257752881e+01
2.530000000000000000e+02 5.009112773346019821e+03 2.550374964169401792e+00 2.123857047826532840e-02 6.470254974255195179e+01
2.540000000000000000e+02 4.990623493104926638e+03 2.635834212625094874e+00 2.139874472972500691e-02 6.617490799222714770e+01
2.550000000000000000e+02 4.971642869558664643e+03 2.723409359193635471e+00 2.155874141746609227e-02 6.763435514656499947e+01
2.560000000000000000e+02 4.952185335491210026e+03 2.813114641658619242e+00 2.171854218553086538e-02 6.908012482882672600e+01
2.570000000000000000e+02 4.932257892362209532e+03 2.904949443516960272e+00 2.187812897783599983e-02 7.051167366573426420e+01
2.580000000000000000e+02 4.911874966858215885e+03 2.998905722788908879e+00 2.203748405837525209e-02 7.192801273351045666e+01
2.590000000000000000e+02 4.891043554053901062e+03 3.094997725883497974e+00 2.219659003023272126e-02 7.332963892642516157e+01
2.600000000000000000e+02 4.869785502336377249e+03 3.193217417966338179e+00 2.235542985279747805e-02 7.471437507806027156e+01
2.610000000000000000e+02 4.848100371540240303e+03 3.293564196833365987e+00 2.251398685814371900e-02 7.608301550483234621e+01
2.620000000000000000e+02 4.826010002948764850e+03 3.396037465037846648e+00 2.267224476509000636e-02 7.743412615808225041e+01
2.630000000000000000e+02 4.803521377456386290e+03 3.500636630370199232e+00 2.283018769245641344e-02 7.876775879640044309e+01
2.640000000000000000e+02 4.780641472197465191e+03 3.607353677991081309e+00 2.298780017017316296e-02 8.008247964266593044e+01
2.650000000000000000e+02 4.757369832139206665e+03 3.716173170917197233e+00 2.314506714887354030e-02 8.137908355625187085e+01
2.660000000000000000e+02 4.733713426740510840e+03 3.827087107209654615e+00 2.330197400801578556e-02 8.265539418487497869e+01
2.670000000000000000e+02 4.709686649925637539e+03 3.940080063763434559e+00 2.345850656209807691e-02 8.391072097171561950e+01
2.680000000000000000e+02 4.685289035022439748e+03 4.055144053499039281e+00 2.361465106552684476e-02 8.514585915233507762e+01
2.690000000000000000e+02 4.660520111467079005e+03 4.172271097504991033e+00 2.377039421539049388e-02 8.635863274139062185e+01
2.700000000000000000e+02 4.635386833173477498e+03 4.291438368830085892e+00 2.392572315337966257e-02 8.754983720964895610e+01
2.710000000000000000e+02 4.609911006917409395e+03 4.412637906378176211e+00 2.408062546552925190e-02 8.871729680054781397e+01
2.720000000000000000e+02 4.584084722283011615e+03 4.535854330350774788e+00 2.423508918091027767e-02 8.986180720710549963e+01
2.730000000000000000e+02 4.557937206876636083e+03 4.661049986039707882e+00 2.438910276878021935e-02 9.098193572340179003e+01
2.740000000000000000e+02 4.531460542898847052e+03 4.788224371121394540e+00 2.454265513455285500e-02 9.207847825132927255e+01
2.750000000000000000e+02 4.504669094033026340e+03 4.917347280995818970e+00 2.469573561452932664e-02 9.314925945196326040e+01
2.760000000000000000e+02 4.477584648842700517e+03 5.048403379377564448e+00 2.484833396975276096e-02 9.419507542224771157e+01
2.770000000000000000e+02 4.450206707478604585e+03 5.181369913733131050e+00 2.500044037852045334e-02 9.521449384624521883e+01
2.780000000000000000e+02 4.422542195196947432e+03 5.316224144116834083e+00 2.515204542827059742e-02 9.620682533159765626e+01
2.790000000000000000e+02 4.394605462484737473e+03 5.452928486953189768e+00 2.530314010697399044e-02 9.717286624084476898e+01
2.800000000000000000e+02 4.366410856841746863e+03 5.591452800567904724e+00 2.545371579366920156e-02 9.811118451252232830e+01
2.810000000000000000e+02 4.337957866217890114e+03 5.731781814015111998e+00 2.560376424857002675e-02 9.902183383243635717e+01
2.820000000000000000e+02 4.309260832556470632e+03 5.873870557448954699e+00 2.575327760316305920e-02 9.990412512465967154e+01
2.830000000000000000e+02 4.280334095239035378e+03 6.017696361044925446e+00 2.590224834968826023e-02 1.007573693825473811e+02
2.840000000000000000e+02 4.251177134531990305e+03 6.163229142063729071e+00 2.605066933105902940e-02 1.015808776646422729e+02
2.850000000000000000e+02 4.221804285135186547e+03 6.310431405311733855e+00 2.619853373066725888e-02 1.023747039255168261e+02
2.860000000000000000e+02 4.192222451277889377e+03 6.459273100297053816e+00 2.634583506236430617e-02 1.031389021764727261e+02
2.870000000000000000e+02 4.162453391914131316e+03 6.609701908278562854e+00 2.649256716111149726e-02 1.038727836461449243e+02
2.880000000000000000e+02 4.132496579112635118e+03 6.761695241162258618e+00 2.663872417390561118e-02 1.045749167760315430e+02
2.890000000000000000e+02 4.102358911594382334e+03 6.915208243488069506e+00 2.678430055144924785e-02 1.052468413910468001e+02
2.900000000000000000e+02 4.072062143213625404e+03 7.070203506263196935e+00 2.692929104050131861e-02 1.058863831796189743e+02
2.910000000000000000e+02 4.041613169680766532e+03 7.226658495737888543e+00 2.707369067727435560e-02 1.064943392041310659e+02
2.920000000000000000e+02 4.011011457028544555e+03 7.384439271870212984e+00 2.721749478134183331e-02 1.070700208858769713e+02
2.930000000000000000e+02 3.980271326769839561e+03 7.543619907797925350e+00 2.736069895119638481e-02 1.076134825051314721e+02
2.940000000000000000e+02 3.949407099294468935e+03 7.704125929430486686e+00 2.750329906042182568e-02 1.081232926909576832e+02
2.950000000000000000e+02 3.918418237255477834e+03 7.865808599347406727e+00 2.764529125525150288e-02 1.086002485911014475e+02
2.960000000000000000e+02 3.887319059045726135e+03 8.028742051195816742e+00 2.778667195334147064e-02 1.090436616915218480e+02
2.970000000000000000e+02 3.856109025460753401e+03 8.192777589054552223e+00 2.792743784366594553e-02 1.094521006459588790e+02
2.980000000000000000e+02 3.824809881501700147e+03 8.357915105316429560e+00 2.806758588805733853e-02 1.098263626104632067e+02
2.990000000000000000e+02 3.793428514663225542e+03 8.524080230541839498e+00 2.820711332338643462e-02 1.101665018976151345e+02
3.000000000000000000e+02 3.761971811660466756e+03 8.691198617311643559e+00 2.834601766608253054e-02 1.104718299707342339e+02
3.010000000000000000e+02 3.730454050182899209e+03 8.859345113894070423e+00 2.848429671625659840e-02 1.107423947811498977e+02
3.020000000000000000e+02 3.698889360714849772e+03 9.028299882517851316e+00 2.862194856608587731e-02 1.109782189465276332e+02
3.030000000000000000e+02 3.667284408003739827e+03 9.198140848754993826e+00 2.875897160507569911e-02 1.111793187254176587e+02
3.040000000000000000e+02 3.635653284346677992e+03 9.368797394493149966e+00 2.889536453040564279e-02 1.113457103379429327e+02
3.050000000000000000e+02 3.604010081204358357e+03 9.540198925238355443e+00 2.903112635634891303e-02 1.114766671244887277e+02
3.060000000000000000e+02 3.572354032453328273e+03 9.712349153902829713e+00 2.916625642524097936e-02 1.115722052093829291e+02
3.070000000000000000e+02 3.540706656079269123e+03 9.885103250570484335e+00 2.930075441941013686e-02 1.116323406594223684e+02
3.080000000000000000e+02 3.509074612357759634e+03 1.005846497676744100e+01 2.943462037375154522e-02 1.116570894773522014e+02
3.090000000000000000e+02 3.477464560477623309e+03 1.023236383520189285e+01 2.956785468913017412e-02 1.116464675952807397e+02
3.100000000000000000e+02 3.445875730105268303e+03 1.040665506999796719e+01 2.970045814638853920e-02 1.116004908680367578e+02
3.110000000000000000e+02 3.414337063043286435e+03 1.058141680092578518e+01 2.983243192076666037e-02 1.115176893964273290e+02
3.120000000000000000e+02 3.382840357979385317e+03 1.075650432259222455e+01 2.996377759667107760e-02 1.113995645306553968e+02
3.130000000000000000e+02 3.351407125534808074e+03 1.093192152214435886e+01 3.009449718275926736e-02 1.112453890183796545e+02
3.140000000000000000e+02 3.320044018055184097e+03 1.110752374543542054e+01 3.022459312692654665e-02 1.110551783380271047e+02
3.150000000000000000e+02 3.288750257850550497e+03 1.128324064769262769e+01 3.035406833130528323e-02 1.108289478569664368e+02
3.160000000000000000e+02 3.257547350484841900e+03 1.145915047716399471e+01 3.048292616704677965e-02 1.105667128247027051e+02
3.170000000000000000e+02 3.226441942913112598e+03 1.163503437423132958e+01 3.061117048865303475e-02 1.102692312011025422e+02
3.180000000000000000e+02 3.195448108422082441e+03 1.181089635603884780e+01 3.073880564783351699e-02 1.099357751445348015e+02
3.190000000000000000e+02 3.164565061471792433e+03 1.198666618257691674e+01 3.086583650677905688e-02 1.095663595101869134e+02
3.200000000000000000e+02 3.133799442642678059e+03 1.216234792376333829e+01 3.099226845042900996e-02 1.091617418433410620e+02
3.210000000000000000e+02 3.103180175237562253e+03 1.233779710899380788e+01 3.111810739799847694e-02 1.087219367026460191e+02
3.220000000000000000e+02 3.072691610037322334e+03 1.251294357768899346e+01 3.124335981327137565e-02 1.082462156534935218e+02
3.230000000000000000e+02 3.042362665419405857e+03 1.268771719581251212e+01 3.136803271388882014e-02 1.077353357665345044e+02
3.240000000000000000e+02 3.012185115429328107e+03 1.286204785587212918e+01 3.149213367923204415e-02 1.071900539411441144e+02
3.250000000000000000e+02 2.982180444866968173e+03 1.303593976040397884e+01 3.161567085663376242e-02 1.066096412289699487e+02
3.260000000000000000e+02 2.952347850779648525e+03 1.320932285492848202e+01 3.173865296675382891e-02 1.059948541677224512e+02
3.270000000000000000e+02 2.922701384169898120e+03 1.338205282789155603e+01 3.186108930656190996e-02 1.053449634348658606e+02
3.280000000000000000e+02 2.893247664913714289e+03 1.355405967758942865e+01 3.198298975116421750e-02 1.046607251816181048e+02
3.290000000000000000e+02 2.863993310093029777e+03 1.372534771206732707e+01 3.210436475382552612e-02 1.039436381919423411e+02
3.300000000000000000e+02 2.834952362341976823e+03 1.389577269848930108e+01 3.222522534400830418e-02 1.031922297015624963e+02
3.310000000000000000e+02 2.806124004806455105e+03 1.406533899700338175e+01 3.234558312393667062e-02 1.024072552374100695e+02
3.320000000000000000e+02 2.777522274570116679e+03 1.423397671006745036e+01 3.246545026289866798e-02 1.015887272719329815e+02
3.330000000000000000e+02 2.749146349293268486e+03 1.440154168225985210e+01 3.258483949012674907e-02 1.007381437227232510e+02
3.340000000000000000e+02 2.721010260668831506e+03 1.456803835057499441e+01 3.270376408555659975e-02 9.985477377209311101e+01
3.350000000000000000e+02 2.693128037791856059e+03 1.473332261017858968e+01 3.282223786883036593e-02 9.893937203705509376e+01
3.360000000000000000e+02 2.665498850543979643e+03 1.489739894815955701e+01 3.294027518669020993e-02 9.799195005926002011e+01
3.370000000000000000e+02 2.638129294743839182e+03 1.506019759274141556e+01 3.305789089838063327e-02 9.701400480524706893e+01
3.380000000000000000e+02 2.611025963910819883e+03 1.522164879648017788e+01 3.317510035945724772e-02 9.600480448665894073e+01
3.390000000000000000e+02 2.584202877743166027e+03 1.538168283593606844e+01 3.329191940411184436e-02 9.496584556589994008e+01
3.400000000000000000e+02 2.557666625558609212e+03 1.554030429482417652e+01 3.340836432595810368e-02 9.389713857668957075e+01
3.410000000000000000e+02 2.531416366448054760e+03 1.569729492962912865e+01 3.352445185716700082e-02 9.279869378996284013e+01
3.420000000000000000e+02 2.505458686141526414e+03 1.585265937022078475e+01 3.364019914656544985e-02 9.167052120989394837e+01
3.430000000000000000e+02 2.479800168834210126e+03 1.600632798542149260e+01 3.375562373635534325e-02 9.051411624014413349e+01
3.440000000000000000e+02 2.454439969022356763e+03 1.615815688255932869e+01 3.387074353805247240e-02 8.932874550510899780e+01
3.450000000000000000e+02 2.429384668398713075e+03 1.630815075750590282e+01 3.398557680695420136e-02 8.811516102159033892e+01
3.460000000000000000e+02 2.404640847704848056e+03 1.645616576017268073e+01 3.410014211632763498e-02 8.687337169044207030e+01
3.470000000000000000e+02 2.380207658589901257e+03 1.660220662800425728e+01 3.421445833071014991e-02 8.560412896351466827e+01
3.480000000000000000e+02 2.356091680525254105e+03 1.674605526792601751e+01 3.432854457876194365e-02 8.430744117067200705e+01
3.490000000000000000e+02 2.332306921022573988e+03 1.688786502380145294e+01 3.444242022573353046e-02 8.298554485712951134e+01
3.500000000000000000e+02 2.308852530803640548e+03 1.702749212432439307e+01 3.455610484574920399e-02 8.163770493568685538e+01
3.510000000000000000e+02 2.285742583884399210e+03 1.716494146460434678e+01 3.466961819396258832e-02 8.026540705359647632e+01
3.520000000000000000e+02 2.262983992129657963e+03 1.730014399856275276e+01 3.478298017911651135e-02 7.886936382255774447e+01
3.530000000000000000e+02 2.240576306089320042e+03 1.743303077825105163e+01 3.489621083600157742e-02 7.744953724427205088e+01
3.540000000000000000e+02 2.218526505454824928e+03 1.756360715550293961e+01 3.500933029856576062e-02 7.600811752449497760e+01
3.550000000000000000e+02 2.196848999272200672e+03 1.769172993073389222e+01 3.512235877345817187e-02 7.454432322609170569e+01
3.560000000000000000e+02 2.175535912748673582e+03 1.781740448623777695e+01 3.523531651434915618e-02 7.305885827757644790e+01
3.570000000000000000e+02 2.154594229204866224e+03 1.794056193494617801e+01 3.534822379709404855e-02 7.155242630160898898e+01
3.580000000000000000e+02 2.134030933567409193e+03 1.806113340317870097e+01 3.546110089564791235e-02 7.002573061369689356e+01
3.590000000000000000e+02 2.113845584202877490e+03 1.817897574636923252e+01 3.557396805934412432e-02 6.847873138602670906e+01
3.600000000000000000e+02 2.094037741442274637e+03 1.829409439878438093e+01 3.568684549109948229e-02 6.691287415154820906e+01
3.610000000000000000e+02 2.074614396094639233e+03 1.840642052220933778e+01 3.579975332691380518e-02 6.532707849400007660e+01
3.620000000000000000e+02 2.055575112898181942e+03 1.851588528862681926e+01 3.591271161682673546e-02 6.372316074290412047e+01
3.630000000000000000e+02 2.036934315710206874e+03 1.862241987937727927e+01 3.602574030722317106e-02 6.210167409688742879e+01
3.640000000000000000e+02 2.018676717531695431e+03 1.872602976780628836e+01 3.613885922448600851e-02 6.046324572633941585e+01
3.650000000000000000e+02 2.000824175772029776e+03 1.882664615138916986e+01 3.625208806049779603e-02 5.880865105667661652e+01
3.660000000000000000e+02 1.983368837195193464e+03 1.892420023434953436e+01 3.636544635919033985e-02 5.713866520125026227e+01
3.670000000000000000e+02 1.966317708105427982e+03 1.901869751026397637e+01 3.647895350501296347e-02 5.545391439440518155e+01
3.680000000000000000e+02 1.949670369366167279e+03 1.910999491064414002e+01 3.659262871298933628e-02 5.375524740920807432e+01
3.690000000000000000e+02 1.933426404805466518e+03 1.919824650502959784e+01 3.670649101997036645e-02 5.204336414030449731e+01
3.700000000000000000e+02 1.917600257957247550e+03 1.928316066502918247e+01 3.682055927780666926e-02 5.031888988794570139e+01
3.710000000000000000e+02 1.902176661986323552e+03 1.936496574890967182e+01 3.693485214770621250e-02 4.858267249268019583e+01
3.720000000000000000e+02 1.887170066503001181e+03 1.944337013160695449e+01 3.704938809630333590e-02 4.683533663517968648e+01
3.730000000000000000e+02 1.872572639110467662e+03 1.951852788929602411e+01 3.716418539287200118e-02 4.507765525475431190e+01
3.740000000000000000e+02 1.858391407142242770e+03 1.959037024689770234e+01 3.727926210785201949e-02 4.331040098351517287e+01
3.750000000000000000e+02 1.844618544235099080e+03 1.965882842760777649e+01 3.739463611277914906e-02 4.153412329720222829e+01
3.760000000000000000e+02 1.831261083692462989e+03 1.972383365191203808e+01 3.751032508116078357e-02 3.974966850120818407e+01
3.770000000000000000e+02 1.818326061735624535e+03 1.978539142009782736e+01 3.762634649037142204e-02 3.795765974774197815e+01
3.780000000000000000e+02 1.805798232394953629e+03 1.984343294425281812e+01 3.774271762450179951e-02 3.615879417169800547e+01
3.790000000000000000e+02 1.793692065894863390e+03 1.989788943076672467e+01 3.785945557789398286e-02 3.435384289269713065e+01
3.800000000000000000e+02 1.782007178477858588e+03 1.994876636282904059e+01 3.797657725952054142e-02 3.254350245030850175e+01
3.810000000000000000e+02 1.770735760673796904e+03 1.999606921591875874e+01 3.809409939767641196e-02 3.072839480646589294e+01
3.820000000000000000e+02 1.759884862264288358e+03 2.003958060628657734e+01 3.821203854504804515e-02 2.890929019858484494e+01
3.830000000000000000e+02 1.749454107141465556e+03 2.007952884146513739e+01 3.833041108409299125e-02 2.708695857536460494e+01
3.840000000000000000e+02 1.739435693214604726e+03 2.011577080072787993e+01 3.844923323271053767e-02 2.526224388329823256e+01
3.850000000000000000e+02 1.729829249015614778e+03 2.014831191859266113e+01 3.856852104941567438e-02 2.343584121937725939e+01
3.860000000000000000e+02 1.720641833603661553e+03 2.017723190030505620e+01 3.868829043864650125e-02 2.160866825202391084e+01
3.870000000000000000e+02 1.711873079770176446e+03 2.020246187031711926e+01 3.880855715578543363e-02 1.978141952370684109e+01
3.880000000000000000e+02 1.703507765596245463e+03 2.022408150528501736e+01 3.892933681144079838e-02 1.795493787229805704e+01
3.890000000000000000e+02 1.695552956114835752e+03 2.024202189904787375e+01 3.905064487556007824e-02 1.612999158462606886e+01
3.900000000000000000e+02 1.688008289825280372e+03 2.025628841212664355e+01 3.917249668037851157e-02 1.430734868425764716e+01
3.910000000000000000e+02 1.680873406964637525e+03 2.026688638721524782e+01 3.929490742292102851e-02 1.248777693599723904e+01
3.920000000000000000e+02 1.674133092734988168e+03 2.027374686467499743e+01 3.941789216633759252e-02 1.067204385060818694e+01
3.930000000000000000e+02 1.667801847340412905e+03 2.027694943204238953e+01 3.954146584037214474e-02 8.860842406253985004e+00
3.940000000000000000e+02 1.661864459129048782e+03 2.027642508902355090e+01 3.966564324046374657e-02 7.054865337167617767e+00
3.950000000000000000e+02 1.656320574648068714e+03 2.027210481350779148e+01 3.979043902601064192e-02 5.254953706046434192e+00
3.960000000000000000e+02 1.651169841906797728e+03 2.026414241108854952e+01 3.991586771711624210e-02 3.461792347304093909e+00
3.970000000000000000e+02 1.646404482000859389e+03 2.025239452956459019e+01 4.004194369000949744e-02 1.676132723411579484e+00
3.980000000000000000e+02 1.642031574148624486e+03 2.023694064248146063e+01 4.016868117130593940e-02 -1.013259226537761293e-01
3.990000000000000000e+02 1.638043342287623773e+03 2.021771163064908450e+01 4.029609423062308071e-02 -1.869847420935039750e+00
4.000000000000000000e+02 1.634439440134735150e+03 2.019486119869031882e+01 4.042419677206207651e-02 -3.628715123472940451e+00
4.010000000000000000e+02 1.631219614080173642e+03 2.016824517276862139e+01 4.055300252402877642e-02 -5.377219662017110657e+00
4.020000000000000000e+02 1.628376548538969701e+03 2.013793933376197742e+01 4.068252502791007419e-02 -7.114644519394825117e+00
4.030000000000000000e+02 1.625910449029779102e+03 2.010401871620549130e+01 4.081277762506994172e-02 -8.840302729185861352e+00
4.040000000000000000e+02 1.623821522660203755e+03 2.006640975714811503e+01 4.094377344297737281e-02 -1.055345996381086593e+01
4.050000000000000000e+02 1.622095121496226056e+03 2.002511314573255063e+01 4.107552537959322653e-02 -1.225342663858123693e+01
4.060000000000000000e+02 1.620731456044502238e+03 1.998027810577819707e+01 4.120804608667093943e-02 -1.393958018907144947e+01
4.070000000000000000e+02 1.619730738643999985e+03 1.993183097735738585e+01 4.134134795213747354e-02 -1.561109764265314936e+01
4.080000000000000000e+02 1.619085755218106442e+03 1.987969806640060000e+01 4.147544308129055141e-02 -1.726730474292875783e+01
4.090000000000000000e+02 1.618781865386493564e+03 1.982410277781339758e+01 4.161034327696112867e-02 -1.890752737453469479e+01
4.100000000000000000e+02 1.618834144336914505e+03 1.976497134657289223e+01 4.174606001888214735e-02 -2.053101727129143583e+01
4.110000000000000000e+02 1.619213099451033031e+03 1.970230425436657740e+01 4.188260444230090113e-02 -2.213732342522143526e+01
4.120000000000000000e+02 1.619933810642547542e+03 1.963617622872867940e+01 4.201998731626789552e-02 -2.372569780989590171e+01
4.130000000000000000e+02 1.620989075345805531e+03 1.956658767518263531e+01 4.215821902095621271e-02 -2.529568963969215289e+01
4.140000000000000000e+02 1.622371693712036404e+03 1.949361324340416601e+01 4.229730952513381659e-02 -2.684662537639305668e+01
4.150000000000000000e+02 1.624067040408033108e+03 1.941732754288863205e+01 4.243726836311915301e-02 -2.837798013770557404e+01
4.160000000000000000e+02 1.626090206518564173e+03 1.933765657512769920e+01 4.257810461183979267e-02 -2.988922912116040465e+01
4.170000000000000000e+02 1.628419144546273401e+03 1.925474915031589873e+01 4.271982686798155709e-02 -3.137962474441729910e+01
4.180000000000000000e+02 1.631061523715794692e+03 1.916860546904509022e+01 4.286244322535715662e-02 -3.284871662051315866e+01
4.190000000000000000e+02 1.634002731672302843e+03 1.907922568852975331e+01 4.300596125280171933e-02 -3.429583156400268962e+01
4.200000000000000000e+02 1.637250444730472282e+03 1.898660992184138152e+01 4.315038797240204616e-02 -3.572044499906595405e+01
4.210000000000000000e+02 1.640790057916325623e+03 1.889090680416216728e+01 4.329572983861815910e-02 -3.712195809954246783e+01
4.220000000000000000e+02 1.644614398506225371e+03 1.879204207453643605e+01 4.344199271814925406e-02 -3.849969777942840210e+01
4.230000000000000000e+02 1.648731154508547661e+03 1.869001570916022459e+01 4.358918187075500744e-02 -3.985313953384609675e+01
4.240000000000000000e+02 1.653125733036117708e+03 1.858497620417953655e+01 4.373730193134916372e-02 -4.118175886247468043e+01
4.250000000000000000e+02 1.657790973822041906e+03 1.847692344099345618e+01 4.388635689302189391e-02 -4.248503125996771956e+01
4.260000000000000000e+02 1.662727149324632819e+03 1.836593153609203100e+01 4.403635009172643389e-02 -4.376272934037120876e+01
4.270000000000000000e+02 1.667912251420448911e+03 1.825214884040551411e+01 4.418728419205622537e-02 -4.501440284301204287e+01
4.280000000000000000e+02 1.673361418288545337e+03 1.813564937166717073e+01 4.433916117504036608e-02 -4.623967575691953868e+01
4.290000000000000000e+02 1.679045222627374187e+03 1.801643281380161454e+01 4.449198232698674260e-02 -4.743824631124940083e+01
4.300000000000000000e+02 1.684963955213619784e+03 1.789457308333836849e+01 4.464574823045325269e-02 -4.860958983171671122e+01
4.310000000000000000e+02 1.691117911543597529e+03 1.777029261234455859e+01 4.480045875683641432e-02 -4.975347871558139445e+01
4.320000000000000000e+02 1.697492535160711668e+03 1.764351664686244092e+01 4.495611306067325008e-02 -5.086953672113184410e+01
4.330000000000000000e+02 1.704095559419820574e+03 1.751431894739999606e+01 4.511270957587980995e-02 -5.195723895821928551e+01
4.340000000000000000e+02 1.710905009033468787e+03 1.738284750492797315e+01 4.527024601382820951e-02 -5.301635757984732322e+01
4.350000000000000000e+02 1.717928626856578830e+03 1.724902740639433674e+01 4.542871936324643922e-02 -5.404636750477088469e+01
4.360000000000000000e+02 1.725159303752286860e+03 1.711300653528937943e+01 4.558812589194699560e-02 -5.504696639268048131e+01
4.370000000000000000e+02 1.732589935244502385e+03 1.697478415370978055e+01 4.574846115054762713e-02 -5.601777750090994346e+01
4.380000000000000000e+02 1.740213421454864147e+03 1.683450803597283141e+01 4.590971997773530405e-02 -5.695842395871033403e+01
4.390000000000000000e+02 1.748030095375147766e+03 1.669217733423880645e+01 4.607189650746559839e-02 -5.786852875807682040e+01
4.400000000000000000e+02 1.756025437724292260e+03 1.654786542868003707e+01 4.623498417778747205e-02 -5.874793759514056291e+01
4.410000000000000000e+02 1.764192361893054567e+03 1.640171992717254668e+01 4.639897574139086739e-02 -5.959634744359921399e+01
4.420000000000000000e+02 1.772516357124185333e+03 1.625373981451117444e+01 4.656386327745352938e-02 -6.041352939622691309e+01
4.430000000000000000e+02 1.780997773431334736e+03 1.610407258617380677e+01 4.672963820519854955e-02 -6.119910580542928358e+01
4.440000000000000000e+02 1.789622108054528326e+03 1.595279139760073051e+01 4.689629129870549057e-02 -6.195292169187879239e+01
4.450000000000000000e+02 1.798382290356597196e+03 1.579989506401506638e+01 4.706381270277502221e-02 -6.267474760168776982e+01
4.460000000000000000e+02 1.807271253308816995e+03 1.564560519428707153e+01 4.723219195020456757e-02 -6.336435388115376810e+01
4.470000000000000000e+02 1.816281933318040956e+03 1.548992048980861647e+01 4.740141797980908234e-02 -6.402180780207200428e+01
4.480000000000000000e+02 1.825422126746707363e+03 1.533298816193074465e+01 4.757147915544115979e-02 -6.464695356857900777e+01
4.490000000000000000e+02 1.834677347974630720e+03 1.517488108141763981e+01 4.774236328562507514e-02 -6.523970944258182669e+01
4.500000000000000000e+02 1.844040542607779798e+03 1.501559777844517818e+01 4.791405764380458204e-02 -6.580006773523469121e+01
4.510000000000000000e+02 1.853512131004003777e+03 1.485535866223853674e+01 4.808654898898992447e-02 -6.632793930500102420e+01
4.520000000000000000e+02 1.863092710889661703e+03 1.469415757690579127e+01 4.825982358678786166e-02 -6.682313276984379513e+01
4.530000000000000000e+02 1.872760640942503414e+03 1.453213596228965976e+01 4.843386723042468478e-02 -6.728552384527358754e+01
4.540000000000000000e+02 1.882516566970499298e+03 1.436936091802129312e+01 4.860866526182382880e-02 -6.771491369550921036e+01
4.550000000000000000e+02 1.892346279960909897e+03 1.420589948721515938e+01 4.878420259263810399e-02 -6.811117749223646456e+01
4.560000000000000000e+02 1.902243000933628309e+03 1.404181865670188145e+01 4.896046372476747094e-02 -6.847411583941189406e+01
4.570000000000000000e+02 1.912199952396988692e+03 1.387718535730132707e+01 4.913743277076249721e-02 -6.880360333213135959e+01
4.580000000000000000e+02 1.922202929808211593e+03 1.371214074763935109e+01 4.931509347344052024e-02 -6.909936569804196438e+01
4.590000000000000000e+02 1.932237729740077157e+03 1.354675164749806626e+01 4.949342922492790814e-02 -6.936149977383544751e+01
4.600000000000000000e+02 1.942319863105138893e+03 1.338108482171488234e+01 4.967242308496824105e-02 -6.959010207977006246e+01
4.610000000000000000e+02 1.952420271484194245e+03 1.321520698062058763e+01 4.985205779833884465e-02 -6.978445169323731534e+01
4.620000000000000000e+02 1.962561895519158270e+03 1.304933334752399254e+01 5.003231581124774341e-02 -6.994679869954633489e+01
4.630000000000000000e+02 1.972715677858658864e+03 1.288353052522314002e+01 5.021317928673262043e-02 -7.007567866892084396e+01
4.640000000000000000e+02 1.982904559920819111e+03 1.271786506357297952e+01 5.039463011899983358e-02 -7.017185532899027578e+01
4.650000000000000000e+02 1.993099484859850236e+03 1.255247774359222568e+01 5.057664994640011236e-02 -7.023534921705331158e+01
4.660000000000000000e+02 2.003315966000722710e+03 1.238743501110380230e+01 5.075922016340132098e-02 -7.026692334256863148e+01
4.670000000000000000e+02 2.013539803229832614e+03 1.222287754442659846e+01 5.094232193112473162e-02 -7.026585467460306234e+01
4.680000000000000000e+02 2.023756796301212717e+03 1.205887168809790744e+01 5.112593618678235724e-02 -7.023290547454243438e+01
4.690000000000000000e+02 2.033967601454479563e+03 1.189548373714418794e+01 5.131004365156056207e-02 -7.016809478372151432e+01
4.700000000000000000e+02 2.044158017943595951e+03 1.173277993788922835e+01 5.149462483753524528e-02 -7.007144125125461187e+01
4.710000000000000000e+02 2.054313844679411432e+03 1.157090077230487601e+01 5.167966005302439270e-02 -6.994222029192413004e+01
4.720000000000000000e+02 2.064435736884336620e+03 1.140998667539585654e+01 5.186512940694353035e-02 -6.978193541930984622e+01
4.730000000000000000e+02 2.074509492657389274e+03 1.125002946912108648e+01 5.205101281178543815e-02 -6.958911839376696662e+01
4.740000000000000000e+02 2.084535766352747032e+03 1.109109521386566222e+01 5.223728998553763686e-02 -6.936601473093689663e+01
4.750000000000000000e+02 2.094507783517586176e+03 1.093339849294557631e+01 5.242394045246880074e-02 -6.911115534492469692e+01
4.760000000000000000e+02 2.104426197591636992e+03 1.077700527963676969e+01 5.261094354308976095e-02 -6.882529922207766049e+01
4.770000000000000000e+02 2.114276804865288796e+03 1.062190722175338919e+01 5.279827839283945945e-02 -6.850920490965008014e+01
4.780000000000000000e+02 2.124067686248747577e+03 1.046831877676874889e+01 5.298592394039430137e-02 -6.816288767468920184e+01
4.790000000000000000e+02 2.133799493897147386e+03 1.031630579544914639e+01 5.317385892477406034e-02 -6.778740230218774343e+01
4.800000000000000000e+02 2.143450594543482566e+03 1.016600837354133624e+01 5.336206188232575642e-02 -6.738216888327885101e+01
4.810000000000000000e+02 2.153036496340362191e+03 1.001734371897618381e+01 5.355051114284539032e-02 -6.694794414982381170e+01
4.820000000000000000e+02 2.162528137052324382e+03 9.870600421134655633e+00 5.373918482547374031e-02 -6.648503866505410542e+01
4.830000000000000000e+02 2.171933595957877060e+03 9.725769900602960760e+00 5.392806083438384662e-02 -6.599383680301536970e+01
4.840000000000000000e+02 2.181238667099906252e+03 9.582992111496105636e+00 5.411711685420669132e-02 -6.547472246022734055e+01
4.850000000000000000e+02 2.190429144390803231e+03 9.442332692288649909e+00 5.430633034571467205e-02 -6.492800476759035178e+01
4.860000000000000000e+02 2.199513106718405652e+03 9.303857250684737679e+00 5.449567854137035011e-02 -6.435414093655890611e+01
4.870000000000000000e+02 2.208476347899344546e+03 9.167631365013567901e+00 5.468513844141897895e-02 -6.375343912106583133e+01
4.880000000000000000e+02 2.217312090133367292e+03 9.033869152657226564e+00 5.487468681018518868e-02 -6.312642983124649021e+01
4.890000000000000000e+02 2.226028412404254141e+03 8.902487570484792556e+00 5.506430017302600677e-02 -6.247364307943131223e+01
4.900000000000000000e+02 2.234611108775451157e+03 8.773700684346858125e+00 5.525395481393455266e-02 -6.179553409344053705e+01
4.910000000000000000e+02 2.243060830183316284e+03 8.647573969559601892e+00 5.544362677387440486e-02 -6.109270616419581046e+01
4.920000000000000000e+02 2.251378227772698210e+03 8.524098595929958222e+00 5.563329185005564531e-02 -6.036553922562684704e+01
4.930000000000000000e+02 2.259563952926090678e+03 8.403414279808512077e+00 5.582292559619807248e-02 -5.961470983693178738e+01
4.940000000000000000e+02 2.267611228934691553e+03 8.285660718651739032e+00 5.601250332387737452e-02 -5.884052262912849329e+01
4.950000000000000000e+02 2.275513279361237437e+03 8.170903309107735879e+00 5.620200010504398935e-02 -5.804372742199387858e+01
4.960000000000000000e+02 2.283270756393341799e+03 8.059133148624447074e+00 5.639139077587607823e-02 -5.722470210429263915e+01
4.970000000000000000e+02 2.290869455785633363e+03 7.950489887584760496e+00 5.658064994187109176e-02 -5.638404690090342086e+01
4.980000000000000000e+02 2.298310030242826997e+03 7.845038880444917595e+00 5.676975198437648334e-02 -5.552236152177253814e+01
4.990000000000000000e+02 2.305585704339718632e+03 7.742845470900473259e+00 5.695867106858869960e-02 -5.464017087823172147e+01
5.000000000000000000e+02 2.312689702830441547e+03 7.644049277069089321e+00 5.714738115296238291e-02 -5.373792508318109640e+01
5.010000000000000000e+02 2.319615216054015036e+03 7.548641304753855863e+00 5.733585600009680205e-02 -5.281628812744290968e+01
5.020000000000000000e+02 2.326362724595087002e+03 7.456760969388405158e+00 5.752406918919575340e-02 -5.187588965555597298e+01
5.030000000000000000e+02 2.332925246129998413e+03 7.368399077528962948e+00 5.771199412996173839e-02 -5.091720177466770281e+01
5.040000000000000000e+02 2.339303226578708745e+03 7.283769284031657243e+00 5.789960407804137926e-02 -4.994106749890813290e+01
5.050000000000000000e+02 2.345504540002623799e+03 7.202788109287440399e+00 5.808687215178476304e-02 -4.894803219988781962e+01
5.060000000000000000e+02 2.351514775089448904e+03 7.125594925503968113e+00 5.827377135064171904e-02 -4.793871502659742845e+01
5.070000000000000000e+02 2.357341805128924079e+03 7.052269681172180782e+00 5.846027457467375260e-02 -4.691373462465723776e+01
5.080000000000000000e+02 2.362978646124632178e+03 6.982877472954477582e+00 5.864635464550148336e-02 -4.587378342293385458e+01
5.090000000000000000e+02 2.368418313346933246e+03 6.917468547481462338e+00 5.883198432844408826e-02 -4.481947907000797215e+01
5.100000000000000000e+02 2.373676106226161664e+03 6.856100588208781765e+00 5.901713635580859568e-02 -4.375151300500675688e+01
5.110000000000000000e+02 2.378730181383834406e+03 6.798823860531423513e+00 5.920178345115589130e-02 -4.267042761127346751e+01
5.120000000000000000e+02 2.383595835959930355e+03 6.745688641956674836e+00 5.938589835457493138e-02 -4.157691335489885631e+01
5.130000000000000000e+02 2.388258652277892452e+03 6.696760080634645007e+00 5.956945384875107080e-02 -4.047166022257606244e+01
5.140000000000000000e+02 2.392719067756828281e+03 6.652088483793941798e+00 5.975242278569863064e-02 -3.935520915978727174e+01
5.150000000000000000e+02 2.396977518016180056e+03 6.611716747934454297e+00 5.993477811411136030e-02 -3.822824921033016921e+01
5.160000000000000000e+02 2.401034436676457062e+03 6.575702645725894691e+00 6.011649290714560917e-02 -3.709154323864956382e+01
5.170000000000000000e+02 2.404882826806409867e+03 6.544081686108858875e+00 6.029754039051440223e-02 -3.594563080197090699e+01
5.180000000000000000e+02 2.408515689068563461e+03 6.516911686252362834e+00 6.047789397083063595e-02 -3.479127385776035908e+01
5.190000000000000000e+02 2.411940878214044460e+03 6.494228203311709358e+00 6.065752726375149562e-02 -3.362915963645299655e+01
5.200000000000000000e+02 2.415143961125920214e+03 6.476074249690942253e+00 6.083641412228130846e-02 -3.245990064847530476e+01
5.210000000000000000e+02 2.418132786716754708e+03 6.462500294906016407e+00 6.101452866470331859e-02 -3.128425754205084530e+01
5.220000000000000000e+02 2.420900343976097702e+03 6.453541982398049548e+00 6.119184530212316148e-02 -3.010284197675508011e+01
5.230000000000000000e+02 2.423439618473594237e+03 6.449234988097868104e+00 6.136833876546959887e-02 -2.891633948184536251e+01
5.240000000000000000e+02 2.425765877217396792e+03 6.449600165588720735e+00 6.154398413189021699e-02 -2.772550946433207386e+01
5.250000000000000000e+02 2.427864670016258060e+03 6.454665833018564669e+00 6.171875685041589704e-02 -2.653096236678205599e+01
5.260000000000000000e+02 2.429751256102651496e+03 6.464452918258790426e+00 6.189263276653900886e-02 -2.533338252636789889e+01
5.270000000000000000e+02 2.431418605510472844e+03 6.478989817460317546e+00 6.206558814600077190e-02 -2.413345390012929315e+01
5.280000000000000000e+02 2.432867112314785572e+03 6.498304968554845296e+00 6.223759969724429464e-02 -2.293193435745313735e+01
5.290000000000000000e+02 2.434097166130547066e+03 6.522411996400375500e+00 6.240864459284782562e-02 -2.172935855524632487e+01
5.300000000000000000e+02 2.435116580322888240e+03 6.551324571321639034e+00 6.257870048947866692e-02 -2.052663221533589422e+01
5.310000000000000000e+02 2.435910878477961433e+03 6.585071267643173520e+00 6.274774554653818337e-02 -1.932436358251611708e+01
5.320000000000000000e+02 2.436495292739019987e+03 6.623650995412060816e+00 6.291575844336191881e-02 -1.812345770232030873e+01
5.330000000000000000e+02 2.436862765252060854e+03 6.667077572314294542e+00 6.308271839486287447e-02 -1.692444787942506679e+01
5.340000000000000000e+02 2.437006233127501673e+03 6.715364868778633145e+00 6.324860516561266188e-02 -1.572823852277049639e+01
5.350000000000000000e+02 2.436940913415770865e+03 6.768534238119370272e+00 6.341339908249160606e-02 -1.453543660429495255e+01
5.360000000000000000e+02 2.436652304594578709e+03 6.826584804915275306e+00 6.357708104545903294e-02 -1.334694593736854173e+01
5.370000000000000000e+02 2.436155613324287970e+03 6.889515751826164269e+00 6.373963253677919494e-02 -1.216329863583495552e+01
5.380000000000000000e+02 2.435443755963943204e+03 6.957333749693365377e+00 6.390103562891248645e-02 -1.098524939274141943e+01
5.390000000000000000e+02 2.434524500304650246e+03 7.030023245872857984e+00 6.406127299036985800e-02 -9.813552640682429384e+00
5.400000000000000000e+02 2.433383323814666710e+03 7.107583607702474993e+00 6.422032789029219479e-02 -8.648813995782855812e+00
5.410000000000000000e+02 2.432042840451678330e+03 7.190021695848654026e+00 6.437818420132296326e-02 -7.491713119326725234e+00
5.420000000000000000e+02 2.430495945534408747e+03 7.277322152581664483e+00 6.453482640123120451e-02 -6.343003729008342972e+00
5.430000000000000000e+02 2.428735529180597950e+03 7.369477116831342656e+00 6.469023957279688986e-02 -5.203313044853367764e+00
5.440000000000000000e+02 2.426776761407303638e+03 7.466478797468150574e+00 6.484440940250460472e-02 -4.073312652776571063e+00
5.450000000000000000e+02 2.424619950441116998e+03 7.568289761508848912e+00 6.499732217800975598e-02 -2.953621947652339763e+00
5.460000000000000000e+02 2.422257971141089456e+03 7.674909790849514302e+00 6.514896478431828064e-02 -1.844867571860199673e+00
5.470000000000000000e+02 2.419698550132540731e+03 7.786301600316312133e+00 6.529932469893828806e-02 -7.476908554965949749e-01
5.480000000000000000e+02 2.416941980848904677e+03 7.902383410839780353e+00 6.544838998598595525e-02 3.372967417486677499e-01
5.490000000000000000e+02 2.413988551983150955e+03 8.023296371558032547e+00 6.559614928949276946e-02 1.409444534842025254e+00
5.500000000000000000e+02 2.410838547596569697e+03 8.148810293259410642e+00 6.574259182585302785e-02 2.468133170526530140e+00
5.510000000000000000e+02 2.407507031931232177e+03 8.279067552524711715e+00 6.588770737575558312e-02 3.512710214693512079e+00
5.520000000000000000e+02 2.403979063419185877e+03 8.413917744663017118e+00 6.603148627546814864e-02 4.542534646233290729e+00
5.530000000000000000e+02 2.400269337619862199e+03 8.553360183022702401e+00 6.617391940786561400e-02 5.556965765786549660e+00
5.540000000000000000e+02 2.396385117600747890e+03 8.697394265620982168e+00 6.631499819291970799e-02 6.555377813453898028e+00
5.550000000000000000e+02 2.392318805717848136e+03 8.845945192924743239e+00 6.645471457843502017e-02 7.537122814283744532e+00
5.560000000000000000e+02 2.388070228798194421e+03 8.999012536099296966e+00 6.659306103045811720e-02 8.501560278804779713e+00
5.570000000000000000e+02 2.383661494972041965e+03 9.156521671205979374e+00 6.673003052382343869e-02 9.448124045203670107e+00
5.580000000000000000e+02 2.379077567001419993e+03 9.318472347367114494e+00 6.686561653308073505e-02 1.037614398583984077e+01
5.590000000000000000e+02 2.374325689210473683e+03 9.484790120877605091e+00 6.699981302352069068e-02 1.128518026982473899e+01
5.600000000000000000e+02 2.369405674209576318e+03 9.655474923281417432e+00 6.713261444285421875e-02 1.217464450387640795e+01
5.610000000000000000e+02 2.364332188066990057e+03 9.830378211889799545e+00 6.726401571324594486e-02 1.304394828594348610e+01
5.620000000000000000e+02 2.359090180323155892e+03 1.000957438827225054e+01 6.739401222410022763e-02 1.389272604223616980e+01
5.630000000000000000e+02 2.353694310902509642e+03 1.019291509817194807e+01 6.752259982545845418e-02 1.472024074563725193e+01
5.640000000000000000e+02 2.348151808465281647e+03 1.038040064989936440e+01 6.764977482232614747e-02 1.552605245356688002e+01
5.650000000000000000e+02 2.342447613802574779e+03 1.057195716465586344e+01 6.777553396974135558e-02 1.630972116022991614e+01
5.660000000000000000e+02 2.336596378375590120e+03 1.076758514431870672e+01 6.789987446882939093e-02 1.707080678279294972e+01
5.670000000000000000e+02 2.330605322643214549e+03 1.096706233815920761e+01 6.802279396377007570e-02 1.780872058048086615e+01
5.680000000000000000e+02 2.324466807781506759e+03 1.117046372803560494e+01 6.814429053986897911e-02 1.852309655812099365e+01
5.690000000000000000e+02 2.318188049144986962e+03 1.137771582800012737e+01 6.826436272253218196e-02 1.921349431810063635e+01
5.700000000000000000e+02 2.311768831266469078e+03 1.158867096836933364e+01 6.838300947740540148e-02 1.987947332977957871e+01
5.710000000000000000e+02 2.305216364598270957e+03 1.180333014674491032e+01 6.850023021138676449e-02 2.052051863184696501e+01
5.720000000000000000e+02 2.298537857192744468e+03 1.202154589446137578e+01 6.861602477496016317e-02 2.113641223565006300e+01
5.730000000000000000e+02 2.291733086372918024e+03 1.224331941099825372e+01 6.873039346532532068e-02 2.172663884295543468e+01
5.740000000000000000e+02 2.284801827093884640e+03 1.246857771381846902e+01 6.884333703054064391e-02 2.229098009972332406e+01
5.750000000000000000e+02 2.277766136995177931e+03 1.269717363865751203e+01 6.895485667475148572e-02 2.282914316433194912e+01
5.760000000000000000e+02 2.270610929591212425e+03 1.292910869026332499e+01 6.906495406415336102e-02 2.334076069330587444e+01
5.770000000000000000e+02 2.263358257757462070e+03 1.316423590856139647e+01 6.917363133391357666e-02 2.382546511054846761e+01
5.780000000000000000e+02 2.256000458553646240e+03 1.340248271927992896e+01 6.928089109584574523e-02 2.428288859308354830e+01
5.790000000000000000e+02 2.248544723293003244e+03 1.364385093401010174e+01 6.938673644665349638e-02 2.471288590732693180e+01
5.800000000000000000e+02 2.240998240802589407e+03 1.388811961619853541e+01 6.949117097691481781e-02 2.511508869386872433e+01
5.810000000000000000e+02 2.233368197377831166e+03 1.413529078210703460e+01 6.959419878057919451e-02 2.548912830382277050e+01
5.820000000000000000e+02 2.225654348381403906e+03 1.438521798318720180e+01 6.969582446479825888e-02 2.583471006822701455e+01
5.830000000000000000e+02 2.217856446538046384e+03 1.463782915641749049e+01 6.979605316000637993e-02 2.615161328400928298e+01
5.840000000000000000e+02 2.209989098575972548e+03 1.489312662407499843e+01 6.989489053033862143e-02 2.643946834952515701e+01
5.850000000000000000e+02 2.202052051764104363e+03 1.515081567593749945e+01 6.999234278399685261e-02 2.669805388470514274e+01
5.860000000000000000e+02 2.194045050549096231e+03 1.541097312046316681e+01 7.008841668364858279e-02 2.692707386678817372e+01
5.870000000000000000e+02 2.185975264841437820e+03 1.567345301637076638e+01 7.018311955663081303e-02 2.712645475068861245e+01
5.880000000000000000e+02 2.177857289951657549e+03 1.593810952269054937e+01 7.027645930492441850e-02 2.729597403796890021e+01
5.890000000000000000e+02 2.169676004776663376e+03 1.620487118175380559e+01 7.036844441454240262e-02 2.743548311397245598e+01
5.900000000000000000e+02 2.161453426892018342e+03 1.647366663512087115e+01 7.045908396473099522e-02 2.754475866759625546e+01
5.910000000000000000e+02 2.153189285693420970e+03 1.674435033945363216e+01 7.054838763621830433e-02 2.762372552874006715e+01
5.920000000000000000e+02 2.144883307395396059e+03 1.701685113283982886e+01 7.063636571886275362e-02 2.767208523791114061e+01
5.930000000000000000e+02 2.136542643334930290e+03 1.729102366705218330e+01 7.072302911850465723e-02 2.768983601804621131e+01
5.940000000000000000e+02 2.128167013230738121e+03 1.756679697376288729e+01 7.080838936271741102e-02 2.767690134450145933e+01
5.950000000000000000e+02 2.119770990201055156e+03 1.784402589669364403e+01 7.089245860566296964e-02 2.763320421626636758e+01
5.960000000000000000e+02 2.111354287337807818e+03 1.812263965772187646e+01 7.097524963164669742e-02 2.755866714389465955e+01
5.970000000000000000e+02 2.102916614391183430e+03 1.840249328892329217e+01 7.105677585761462078e-02 2.745313785416172792e+01
5.980000000000000000e+02 2.094465106113579623e+03 1.868344191506895058e+01 7.113705133429196192e-02 2.731668641247374651e+01
5.990000000000000000e+02 2.086006893913321619e+03 1.896548931957212503e+01 7.121609074597652633e-02 2.714915951049965415e+01
6.000000000000000000e+02 2.077541677519209316e+03 1.924841652586556151e+01 7.129390940886834449e-02 2.695062615608986079e+01
6.010000000000000000e+02 2.069083969104095559e+03 1.953215441548559994e+01 7.137052326806342384e-02 2.672114793738242611e+01
6.020000000000000000e+02 2.060618400361330714e+03 1.981656448155264982e+01 7.144594889294576812e-02 2.646083267208170398e+01
6.030000000000000000e+02 2.052174128917014968e+03 2.010158378930997713e+01 7.152020347171046677e-02 2.616955788683351614e+01
6.040000000000000000e+02 2.043735739142389548e+03 2.038707520607222889e+01 7.159330480172064470e-02 2.584742338280124230e+01
6.050000000000000000e+02 2.035310097380540356e+03 2.067290168336011646e+01 7.166527128345608066e-02 2.549445409195432433e+01
6.060000000000000000e+02 2.026911495332735512e+03 2.095900053899050164e+01 7.173612190795089494e-02 2.511074863466891571e+01
6.070000000000000000e+02 2.018531936756568939e+03 2.124530917210994829e+01 7.180587624512138611e-02 2.469625646011845888e+01
6.080000000000000000e+02 2.010185707678746439e+03 2.153161649467724104e+01 7.187455443038848202e-02 2.425114925499078211e+01
6.090000000000000000e+02 2.001879663117258588e+03 2.181786006391293853e+01 7.194217714961813337e-02 2.377559808449562695e+01
6.100000000000000000e+02 1.993598370515578381e+03 2.210390323018320302e+01 7.200876562292116145e-02 2.326962481718836528e+01
6.110000000000000000e+02 1.985370965040699730e+03 2.238953513534389117e+01 7.207434158697621773e-02 2.273332496762266786e+01
6.120000000000000000e+02 1.977182009536494661e+03 2.267476784504739840e+01 7.213892727629402091e-02 2.216679340531195308e+01
6.130000000000000000e+02 1.969038349842276148e+03 2.295946492948038653e+01 7.220254540326320747e-02 2.157019863101648127e+01
6.140000000000000000e+02 1.960961686618139538e+03 2.324349002857280766e+01 7.226521913715573675e-02 2.094378276984994613e+01
6.150000000000000000e+02 1.952929148727082065e+03 2.352670685015612762e+01 7.232697208212329754e-02 2.028778728120671815e+01
6.160000000000000000e+02 1.944969861980086989e+03 2.380905345157857056e+01 7.238782825446490876e-02 1.960260151952031649e+01
6.170000000000000000e+02 1.937075809131798223e+03 2.409046795427055443e+01 7.244781205898910559e-02 1.888839131082854195e+01
6.180000000000000000e+02 1.929253828536869605e+03 2.437088854176807828e+01 7.250694826481168809e-02 1.814554464819018875e+01
6.190000000000000000e+02 1.921503329308769253e+03 2.465003060718455075e+01 7.256526198066778899e-02 1.737430026889833812e+01
6.200000000000000000e+02 1.913831148233801514e+03 2.492798101916655540e+01 7.262277862980257015e-02 1.657497050003715344e+01
6.210000000000000000e+02 1.906251549987566705e+03 2.520460385176674833e+01 7.267952392445116427e-02 1.574779268684918065e+01
6.220000000000000000e+02 1.898756513952318983e+03 2.547961466579650391e+01 7.273552384033118989e-02 1.489315203893746897e+01
6.230000000000000000e+02 1.891345447837177062e+03 2.575310049115165967e+01 7.279080459105173595e-02 1.401135877577415201e+01
6.240000000000000000e+02 1.884032616247380702e+03 2.602485127305692103e+01 7.284539260248557024e-02 1.310264812303713988e+01
6.250000000000000000e+02 1.876817427501056500e+03 2.629480557080692549e+01 7.289931448743033893e-02 1.216732887627162185e+01
6.260000000000000000e+02 1.869706718895459062e+03 2.656275342144203933e+01 7.295259702060925833e-02 1.120578339786547595e+01
6.270000000000000000e+02 1.862692471868444045e+03 2.682863347140473564e+01 7.300526711400975866e-02 1.021824476383528513e+01
6.280000000000000000e+02 1.855796382307941940e+03 2.709231012363976276e+01 7.305735179272548896e-02 9.205093895447381769e+00
6.290000000000000000e+02 1.849003005602508892e+03 2.735372210216849354e+01 7.310887817155563295e-02 8.166859557145718540e+00
6.300000000000000000e+02 1.842326611990317588e+03 2.761280816611875721e+01 7.315987343224018835e-02 7.103921220786303614e+00
6.310000000000000000e+02 1.835766616647508499e+03 2.786928425671314358e+01 7.321036480143724989e-02 6.016657631202862788e+00
6.320000000000000000e+02 1.829322436570883838e+03 2.812323776274930154e+01 7.326037952964592481e-02 4.905595372088780159e+00
6.330000000000000000e+02 1.823008347452233238e+03 2.837445896650294230e+01 7.330994487119454894e-02 3.771037447678093013e+00
6.340000000000000000e+02 1.816816342091917249e+03 2.862281245863241708e+01 7.335908806503721458e-02 2.613508983270836694e+00
6.350000000000000000e+02 1.810753272305397104e+03 2.886831141904059450e+01 7.340783631668917897e-02 1.433504661152678716e+00
6.360000000000000000e+02 1.804825992367982735e+03 2.911074619669008356e+01 7.345621678143128552e-02 2.314961490919469622e-01
6.370000000000000000e+02 1.799033930799405880e+03 2.935013000791570548e+01 7.350425654841638567e-02 -9.920010440413851160e-01
6.380000000000000000e+02 1.793376518838165111e+03 2.958625323267762042e+01 7.355198262613289739e-02 -2.236472137588951803e+00
6.390000000000000000e+02 1.787860618904913736e+03 2.981912911281658296e+01 7.359942192892192370e-02 -3.501425363043131345e+00
6.400000000000000000e+02 1.782485668004012268e+03 3.004854804825238546e+01 7.364660126478601854e-02 -4.786348878178508848e+00
6.410000000000000000e+02 1.777258534514956864e+03 3.027452329518710172e+01 7.369354732422346566e-02 -6.090725621987493454e+00
6.420000000000000000e+02 1.772171233221470629e+03 3.049684526225416903e+01 7.374028667044627006e-02 -7.413973885782983331e+00
6.430000000000000000e+02 1.767245495481896569e+03 3.071552720867522268e+01 7.378684573051132178e-02 -8.755506737571719711e+00
6.440000000000000000e+02 1.762458485784859704e+03 3.093043382386823836e+01 7.383325078766295180e-02 -1.011472459093897314e+01
6.450000000000000000e+02 1.757831941999997753e+03 3.114135550805136532e+01 7.387952797466601496e-02 -1.149104342967489600e+01
6.460000000000000000e+02 1.753365320263395006e+03 3.134830550333629517e+01 7.392570326819548898e-02 -1.288387994762628708e+01
6.470000000000000000e+02 1.749050651706171948e+03 3.155114847328297856e+01 7.397180248412359160e-02 -1.429256983304948747e+01
6.480000000000000000e+02 1.744894827524259426e+03 3.174974906695732457e+01 7.401785127363615102e-02 -1.571665747012562520e+01
6.490000000000000000e+02 1.740897313938208981e+03 3.194412048297608209e+01 7.406387512019575736e-02 -1.715533137984298406e+01
6.500000000000000000e+02 1.737072437246681147e+03 3.213412733252566511e+01 7.410989933714914879e-02 -1.860807790996273781e+01
6.510000000000000000e+02 1.733404840263285223e+03 3.231978278408665517e+01 7.415594906605020575e-02 -2.007417024980154352e+01
6.520000000000000000e+02 1.729901560385723769e+03 3.250102575102359737e+01 7.420204927533229078e-02 -2.155299257221221154e+01
6.530000000000000000e+02 1.726569664900669068e+03 3.267779513100893496e+01 7.424822475958761658e-02 -2.304401301407848734e+01
6.540000000000000000e+02 1.723408796069827986e+03 3.285002978933093232e+01 7.429450013908703299e-02 -2.454662609846832666e+01
6.550000000000000000e+02 1.720426027805596732e+03 3.301759427239225175e+01 7.434089985954478452e-02 -2.606022701143717768e+01
6.560000000000000000e+02 1.717606152242227608e+03 3.318057593872109123e+01 7.438744819196878300e-02 -2.758406302794517728e+01
6.570000000000000000e+02 1.714963678157648474e+03 3.333883925495939593e+01 7.443416923263167229e-02 -2.911767920541314325e+01
6.580000000000000000e+02 1.712498260840824059e+03 3.349232292687996448e+01 7.448108690289206857e-02 -3.066024982435736490e+01
6.590000000000000000e+02 1.710209558760789605e+03 3.364089132939454885e+01 7.452822494885269489e-02 -3.221124693168353303e+01
6.600000000000000000e+02 1.708097233535737132e+03 3.378455735408216043e+01 7.457560694077741692e-02 -3.376999463105569532e+01
6.610000000000000000e+02 1.706160949903498022e+03 3.392318527220973579e+01 7.462325627214919099e-02 -3.533581764089642974e+01
6.620000000000000000e+02 1.704407804044500608e+03 3.405671358228193668e+01 7.467119615824653611e-02 -3.690811556849486408e+01
6.630000000000000000e+02 1.702830038506743449e+03 3.418515500709711574e+01 7.471944963419138719e-02 -3.848614004971491909e+01
6.640000000000000000e+02 1.701434755586275060e+03 3.430837364031111747e+01 7.476803955248643996e-02 -4.006921758932885069e+01
6.650000000000000000e+02 1.700221632260395154e+03 3.442638207753621771e+01 7.481698857970292549e-02 -4.165674955045456329e+01
6.660000000000000000e+02 1.699182920176702964e+03 3.453911856294156735e+01 7.486631919258243673e-02 -4.324806357660045819e+01
6.670000000000000000e+02 1.698325730698597454e+03 3.464659555338744212e+01 7.491605367320479381e-02 -4.484241358033003166e+01
6.680000000000000000e+02 1.697657178205741957e+03 3.474867686506961206e+01 7.496621410347804881e-02 -4.643912829854874502e+01
6.690000000000000000e+02 1.697162095050952075e+03 3.484530052120361887e+01 7.501682235857221048e-02 -4.803761128040666506e+01
6.700000000000000000e+02 1.696855030026629947e+03 3.493655303273035884e+01 7.506790009956743059e-02 -4.963711802431814135e+01
6.710000000000000000e+02 1.696728249935061513e+03 3.502237226153730631e+01 7.511946876503304560e-02 -5.123697881562603840e+01
6.720000000000000000e+02 1.696781453019046467e+03 3.510262170122200587e+01 7.517154956184968206e-02 -5.283659871339300906e+01
6.730000000000000000e+02 1.697014340649008545e+03 3.517738760839453249e+01 7.522416345487968614e-02 -5.443516040282369772e+01
6.740000000000000000e+02 1.697426617368155121e+03 3.524660758249054027e+01 7.527733115580294287e-02 -5.603214416586188662e+01
6.750000000000000000e+02 1.698025419295668826e+03 3.531021913013620406e+01 7.533107311105463610e-02 -5.762673359890499825e+01
6.760000000000000000e+02 1.698803029136585337e+03 3.536823394604703452e+01 7.538540948871552683e-02 -5.921826129921667103e+01
6.770000000000000000e+02 1.699759161300677533e+03 3.542066362695899073e+01 7.544036016471396267e-02 -6.080613456649337678e+01
6.780000000000000000e+02 1.700886105277346360e+03 3.546737110209627986e+01 7.549594470810055968e-02 -6.238946397010197131e+01
6.790000000000000000e+02 1.702198439118928718e+03 3.550836776469436984e+01 7.555218236562009915e-02 -6.396758331803825826e+01
6.800000000000000000e+02 1.703688459428017723e+03 3.554366490255004862e+01 7.560909204537917538e-02 -6.553982679056187521e+01
6.810000000000000000e+02 1.705348466503077589e+03 3.557312512861409459e+01 7.566669230016417891e-02 -6.710530607354347410e+01
6.820000000000000000e+02 1.707178192789046307e+03 3.559683379614605059e+01 7.572500130997311674e-02 -6.866343032656092760e+01
6.830000000000000000e+02 1.709184802982590782e+03 3.561465329538689417e+01 7.578403686412883700e-02 -7.021338618169657764e+01
6.840000000000000000e+02 1.711368037441085789e+03 3.562666875230839025e+01 7.584381634299575126e-02 -7.175465771111760205e+01
6.850000000000000000e+02 1.713712783945373985e+03 3.563296517588795354e+01 7.590435669935312324e-02 -7.328658070888539555e+01
6.860000000000000000e+02 1.716226219566794725e+03 3.563347888893473225e+01 7.596567443956836474e-02 -7.480811982304662422e+01
6.870000000000000000e+02 1.718908097383935683e+03 3.562836894348348693e+01 7.602778560465366098e-02 -7.631950277507482383e+01
6.880000000000000000e+02 1.721758174951793762e+03 3.561749713420937269e+01 7.609070575131061942e-02 -7.782006612048587613e+01
6.890000000000000000e+02 1.724776214420986889e+03 3.560102226443255091e+01 7.615444993297171283e-02 -7.930840379784687855e+01
6.900000000000000000e+02 1.727954554306159935e+03 3.557902872664315908e+01 7.621903268122295905e-02 -8.078385278065927366e+01
6.910000000000000000e+02 1.731292966303700268e+03 3.555137793358818499e+01 7.628446798729029976e-02 -8.224649305903619734e+01
6.920000000000000000e+02 1.734791227056390881e+03 3.551815401743311185e+01 7.635076928409624542e-02 -8.369566195118760277e+01
6.930000000000000000e+02 1.738449118265125662e+03 3.547936669395478759e+01 7.641794942864021944e-02 -8.513069691985323573e+01
6.940000000000000000e+02 1.742258998446322948e+03 3.543509982780596346e+01 7.648602068520153618e-02 -8.655019271857180740e+01
6.950000000000000000e+02 1.746228088085443687e+03 3.538528858032530877e+01 7.655499470899146397e-02 -8.795422987795129188e+01
6.960000000000000000e+02 1.750333899632547855e+03 3.532986797491858511e+01 7.662488253073408695e-02 -8.934140334667893057e+01
6.970000000000000000e+02 1.754598521095354045e+03 3.526907002950436976e+01 7.669569454201911884e-02 -9.071179381266009045e+01
6.980000000000000000e+02 1.758999475919553561e+03 3.520275520348764076e+01 7.676744048174785617e-02 -9.206399634389929076e+01
6.990000000000000000e+02 1.763551434916931385e+03 3.513100666433734176e+01 7.684012942342710595e-02 -9.339809170953714101e+01
7.000000000000000000e+02 1.768239361179885236e+03 3.505390743569854806e+01 7.691376976362544748e-02 -9.471341785568101557e+01
7.010000000000000000e+02 1.773063140918343151e+03 3.497146480676772740e+01 7.698836921160948088e-02 -9.600931535433956299e+01
7.020000000000000000e+02 1.778015480490357277e+03 3.488368069712716846e+01 7.706393478016718146e-02 -9.728513528337040839e+01
7.030000000000000000e+02 1.783104009457027360e+03 3.479070413997600042e+01 7.714047277765256894e-02 -9.854097414332616722e+01
7.040000000000000000e+02 1.788328934880985344e+03 3.469246116929949153e+01 7.721798880135949394e-02 -9.977469986523723833e+01
7.050000000000000000e+02 1.793668184642041297e+03 3.458910051982751099e+01 7.729648773213984581e-02 -1.009871516367207391e+02
7.060000000000000000e+02 1.799144262594393922e+03 3.448062220853274340e+01 7.737597373044523275e-02 -1.021769400377787633e+02
7.070000000000000000e+02 1.804735108357242098e+03 3.436717466771952445e+01 7.745645023367711546e-02 -1.033441611969465299e+02
7.080000000000000000e+02 1.810440952449183897e+03 3.424860904315681864e+01 7.753791995486168653e-02 -1.044889111023250905e+02
7.090000000000000000e+02 1.816269459558383460e+03 3.412522202832108320e+01 7.762038488267224146e-02 -1.056090570776576811e+02
7.100000000000000000e+02 1.822206015100821105e+03 3.399693874515720182e+01 7.770384628283105721e-02 -1.067054376087339165e+02
7.110000000000000000e+02 1.828250866919486498e+03 3.386383272795630006e+01 7.778830470071443348e-02 -1.077774053145545992e+02
7.120000000000000000e+02 1.834411696870999094e+03 3.372597735578322897e+01 7.787375996530193634e-02 -1.088235697637655193e+02
7.130000000000000000e+02 1.840666479000423351e+03 3.358337156847997562e+01 7.796021119431949253e-02 -1.098440259612418686e+02
7.140000000000000000e+02 1.847022906258883722e+03 3.343616271675316653e+01 7.804765680052583310e-02 -1.108381258246311347e+02
7.150000000000000000e+02 1.853481248657909646e+03 3.328434942781898087e+01 7.813609449917459371e-02 -1.118059638361345804e+02
7.160000000000000000e+02 1.860026924815238772e+03 3.312793017213869717e+01 7.822552131651640261e-02 -1.127468913543095255e+02
7.170000000000000000e+02 1.866660215242887716e+03 3.296697754672851488e+01 7.831593359920854813e-02 -1.136595165960471263e+02
7.180000000000000000e+02 1.873381405525333776e+03 3.280156399154124358e+01 7.840732702480310290e-02 -1.145439331237561191e+02
7.190000000000000000e+02 1.880183357840221788e+03 3.263183607293146338e+01 7.849969661285267908e-02 -1.153994913225324552e+02
7.200000000000000000e+02 1.887066367522789960e+03 3.245779163318902505e+01 7.859303673695695880e-02 -1.162270268876188481e+02
7.210000000000000000e+02 1.894023306223017926e+03 3.227965120817219002e+01 7.868734113732316071e-02 -1.170251466318090365e+02
7.220000000000000000e+02 1.901054478458249150e+03 3.209741232649324871e+01 7.878260293396142921e-02 -1.177939426432496930e+02
7.230000000000000000e+02 1.908160193110362570e+03 3.191129521081477094e+01 7.887881464033559553e-02 -1.185335065982194465e+02
7.240000000000000000e+02 1.915333334919050913e+03 3.172137136069955332e+01 7.897596817743743336e-02 -1.192431869090881520e+02
7.250000000000000000e+02 1.922574221022794518e+03 3.152771212005990620e+01 7.907405488805177574e-02 -1.199223315424844003e+02
7.260000000000000000e+02 1.929875744096629433e+03 3.133038867768400593e+01 7.917306555129105528e-02 -1.205717736726495559e+02
7.270000000000000000e+02 1.937238228889538277e+03 3.112954635134738623e+01 7.927299039723162410e-02 -1.211901174897813860e+02
7.280000000000000000e+02 1.944662003710567888e+03 3.092518173799741277e+01 7.937381912144374219e-02 -1.217781951938202667e+02
7.290000000000000000e+02 1.952125115214736297e+03 3.071751413204092529e+01 7.947554089963100588e-02 -1.223338671330804033e+02
7.300000000000000000e+02 1.959642755042781346e+03 3.050646554168541513e+01 7.957814440187151173e-02 -1.228587073034547501e+02
7.310000000000000000e+02 1.967207832858786560e+03 3.029225495790113953e+01 7.968161780683524764e-02 -1.233520606523709802e+02
7.320000000000000000e+02 1.974805832892920080e+03 3.007487837092968164e+01 7.978594881544430473e-02 -1.238125287331767339e+02
7.330000000000000000e+02 1.982444527187999029e+03 2.985455447240839177e+01 7.989112466433591353e-02 -1.242409410297574794e+02
7.340000000000000000e+02 1.990116833697788707e+03 2.963120467204611330e+01 7.999713213876846751e-02 -1.246358979310902129e+02
7.350000000000000000e+02 1.997808244491406185e+03 2.940512165042233761e+01 8.010395758493139839e-02 -1.249989705613112108e+02
7.360000000000000000e+02 2.005533967363880720e+03 2.917637509232700310e+01 8.021158692181026839e-02 -1.253287580846020290e+02
7.370000000000000000e+02 2.013272070548885949e+03 2.894496025520825100e+01 8.032000565231463274e-02 -1.256253447006223638e+02
7.380000000000000000e+02 2.021030337742075517e+03 2.871109510470758508e+01 8.042919887379178234e-02 -1.258888139599438745e+02
7.390000000000000000e+02 2.028801697877153629e+03 2.847484889875462244e+01 8.053915128782497546e-02 -1.261185059147147882e+02
7.400000000000000000e+02 2.036579081710746550e+03 2.823636503976315737e+01 8.064984720932483198e-02 -1.263137599395844859e+02
7.410000000000000000e+02 2.044355421713805072e+03 2.799578679289799155e+01 8.076127057485772698e-02 -1.264761432228937679e+02
7.420000000000000000e+02 2.052131080320473757e+03 2.775318300442180330e+01 8.087340495026001941e-02 -1.266049937428607564e+02
7.430000000000000000e+02 2.059906421483759004e+03 2.750869667062868373e+01 8.098623353746683962e-02 -1.266996487592179221e+02
7.440000000000000000e+02 2.067666953888291573e+03 2.726247065634834144e+01 8.109973918063548282e-02 -1.267601876350318690e+02
7.450000000000000000e+02 2.075413044271874696e+03 2.701464769703017765e+01 8.121390437154829556e-02 -1.267866889887121005e+02
7.460000000000000000e+02 2.083137632302466955e+03 2.676529611740092918e+01 8.132871125429193271e-02 -1.267799735163147119e+02
7.470000000000000000e+02 2.090841087213400897e+03 2.651455840070490311e+01 8.144414162929386469e-02 -1.267386326389741384e+02
7.480000000000000000e+02 2.098516351044353996e+03 2.626250262400797908e+01 8.156017695674491752e-02 -1.266634855008447715e+02
7.490000000000000000e+02 2.106163795289744485e+03 2.600927102758409859e+01 8.167679835941800415e-02 -1.265546076170599008e+02
7.500000000000000000e+02 2.113776364152182850e+03 2.575500573386543124e+01 8.179398662496091543e-02 -1.264120736970915573e+02
7.510000000000000000e+02 2.121347035380711986e+03 2.549977303074814827e+01 8.191172220769372958e-02 -1.262352079963611686e+02
7.520000000000000000e+02 2.128868917820770548e+03 2.524370763404554552e+01 8.202998523009061294e-02 -1.260240495692517442e+02
7.530000000000000000e+02 2.136350010498731990e+03 2.498686843028283278e+01 8.214875548374600545e-02 -1.257801154992939843e+02
7.540000000000000000e+02 2.143783456665802532e+03 2.472938848213857099e+01 8.226801243019810084e-02 -1.255019506805212046e+02
7.550000000000000000e+02 2.151162400475230243e+03 2.447147503123045453e+01 8.238773520159051178e-02 -1.251903276524868005e+02
7.560000000000000000e+02 2.158479986961764553e+03 2.421318665045563634e+01 8.250790260104606810e-02 -1.248452752503344527e+02
7.570000000000000000e+02 2.165751647073928325e+03 2.395473038090846885e+01 8.262849310311856654e-02 -1.244668214303326010e+02
7.580000000000000000e+02 2.172963099205149319e+03 2.369609031733414994e+01 8.274948485428287870e-02 -1.240564789307815090e+02
7.590000000000000000e+02 2.180114919278794332e+03 2.343754759566916590e+01 8.287085567343735470e-02 -1.236127882530785342e+02
7.600000000000000000e+02 2.187200255680871578e+03 2.317916041160131968e+01 8.299258305278979508e-02 -1.231365174984756123e+02
7.610000000000000000e+02 2.194219685943171044e+03 2.292106115771074215e+01 8.311464415874628142e-02 -1.226276910199394052e+02
7.620000000000000000e+02 2.201166360023882135e+03 2.266330785964684935e+01 8.323701583345259614e-02 -1.220863322495238492e+02
7.630000000000000000e+02 2.208040856986954168e+03 2.240603274636510989e+01 8.335967459651434652e-02 -1.215132065261393706e+02
7.640000000000000000e+02 2.214828899927271777e+03 2.214929368640142826e+01 8.348259664738195973e-02 -1.209068497486038041e+02
7.650000000000000000e+02 2.221531069343951913e+03 2.189329704170505408e+01 8.360575786822700695e-02 -1.202687682143846359e+02
7.660000000000000000e+02 2.228147946407876589e+03 2.163810053699826952e+01 8.372913382746775823e-02 -1.195982387684165218e+02
7.670000000000000000e+02 2.234665256224342556e+03 2.138368754669103211e+01 8.385269978404638613e-02 -1.188952801376284185e+02
7.680000000000000000e+02 2.241091009542002212e+03 2.113033851584646428e+01 8.397643069233987068e-02 -1.181599100907896656e+02
7.690000000000000000e+02 2.247403504252812581e+03 2.087818526265790098e+01 8.410030120799003028e-02 -1.173936311038825693e+02
7.700000000000000000e+02 2.253618180489521819e+03 2.062728526548096042e+01 8.422428569450381153e-02 -1.165964590157861380e+02
7.710000000000000000e+02 2.259720765411743287e+03 2.037777023340388283e+01 8.434835823076977657e-02 -1.157684086945780564e+02
7.720000000000000000e+02 2.265704414888266456e+03 2.012984610984708667e+01 8.447249261951116084e-02 -1.149094940342626643e+02
7.730000000000000000e+02 2.271577141770770595e+03 1.988357022568805377e+01 8.459666239656674080e-02 -1.140212136220326329e+02
7.740000000000000000e+02 2.277324674058211258e+03 1.963907415343226504e+01 8.472084084122880054e-02 -1.131035793958704261e+02
7.750000000000000000e+02 2.282947596555671680e+03 1.939648942740379667e+01 8.484500098752734143e-02 -1.121566023127965508e+02
7.760000000000000000e+02 2.288453922423581389e+03 1.915594754746688366e+01 8.496911563637778164e-02 -1.111817780176197630e+02
7.770000000000000000e+02 2.293836808018236297e+03 1.891750569927155823e+01 8.509315736884608128e-02 -1.101783726670203265e+02
7.780000000000000000e+02 2.299096837825642524e+03 1.868129532503255419e+01 8.521709856016433660e-02 -1.091478799394204486e+02
7.790000000000000000e+02 2.304234595986269596e+03 1.844737356032222664e+01 8.534091139479359212e-02 -1.080895640250716809e+02
7.800000000000000000e+02 2.309243237811869676e+03 1.821594608839891904e+01 8.546456788233426638e-02 -1.070056594719874425e+02
7.810000000000000000e+02 2.314130774695573564e+03 1.798699572653696421e+01 8.558803987427685001e-02 -1.058954285070245191e+02
7.820000000000000000e+02 2.318882932212567994e+03 1.776065384740209296e+01 8.571129908156016608e-02 -1.047596180478403198e+02
7.830000000000000000e+02 2.323507720066430466e+03 1.753705181592851758e+01 8.583431709293484757e-02 -1.035974883651283847e+02
7.840000000000000000e+02 2.327990861825805496e+03 1.731624670971662283e+01 8.595706539395588097e-02 -1.024105272606081058e+02
7.850000000000000000e+02 2.332332936507626982e+03 1.709829560645249202e+01 8.607951538667842073e-02 -1.011979930602695674e+02
7.860000000000000000e+02 2.336519665002409056e+03 1.688332987134313967e+01 8.620163840992928206e-02 -9.995988595839858704e+01
7.870000000000000000e+02 2.340559051646686385e+03 1.667140659405897196e+01 8.632340576004741972e-02 -9.869769085705614486e+01
7.880000000000000000e+02 2.344444242288467649e+03 1.646265715969958521e+01 8.644478871209172743e-02 -9.740992036091165573e+01
7.890000000000000000e+02 2.348160952450362402e+03 1.625721296926456461e+01 8.656575854138137682e-02 -9.609880029797761836e+01
7.900000000000000000e+02 2.351724608890579475e+03 1.605513116013533192e+01 8.668628654541772616e-02 -9.476358421041868496e+01
7.910000000000000000e+02 2.355120922608271940e+03 1.585661746057731136e+01 8.680634406579590401e-02 -9.340723887633215838e+01
7.920000000000000000e+02 2.358357887100988137e+03 1.566180334323579260e+01 8.692590251045854977e-02 -9.202901596657120820e+01
7.930000000000000000e+02 2.361428636418239876e+03 1.547082031264971036e+01 8.704493337577370871e-02 -9.063039473253169831e+01
7.940000000000000000e+02 2.364333730016988284e+03 1.528372562576677574e+01 8.716340826874310888e-02 -8.921211067414800766e+01
7.950000000000000000e+02 2.367066295866579821e+03 1.510072514647403175e+01 8.728129892894775921e-02 -8.777564121854237555e+01
7.960000000000000000e+02 2.369634315306439021e+03 1.492180193211235206e+01 8.739857725024990920e-02 -8.632023438902226076e+01
7.970000000000000000e+02 2.372038337804550338e+03 1.474701337151606317e+01 8.751521530227611423e-02 -8.484736582481903611e+01
7.980000000000000000e+02 2.374271480769774826e+03 1.457641690554130953e+01 8.763118535150313249e-02 -8.335702461603644053e+01
7.990000000000000000e+02 2.376341714418756510e+03 1.441007003109678308e+01 8.774645988181956069e-02 -8.184994181927645229e+01
8.000000000000000000e+02 2.378242148195671234e+03 1.424803030517275637e+01 8.786101161459769493e-02 -8.032536196358469738e+01
8.010000000000000000e+02 2.379973299024436528e+03 1.409028098713621979e+01 8.797481352816359512e-02 -7.878549066125989953e+01
8.020000000000000000e+02 2.381543041266962973e+03 1.393680509157000103e+01 8.808783887658157286e-02 -7.722952370712091863e+01
8.030000000000000000e+02 2.382936943034659635e+03 1.378788276098118359e+01 8.820006120773948854e-02 -7.565813233350294809e+01
8.040000000000000000e+02 2.384162852760493024e+03 1.364342279651256717e+01 8.831145438061474562e-02 -7.407272979886799646e+01
8.050000000000000000e+02 2.385206328951260730e+03 1.350370549696315337e+01 8.842199258174922305e-02 -7.247250006094260755e+01
8.060000000000000000e+02 2.386060353450693583e+03 1.336871411124885611e+01 8.853165034086246665e-02 -7.085959763554559743e+01
8.070000000000000000e+02 2.386725331310343790e+03 1.323858054338651158e+01 8.864040254554397813e-02 -6.923246209542011798e+01
8.080000000000000000e+02 2.387201662319412662e+03 1.311343678944146163e+01 8.874822445495070267e-02 -6.759398926995982038e+01
8.090000000000000000e+02 2.387482312544104843e+03 1.299334065795895476e+01 8.885509171268832218e-02 -6.594336007476834993e+01
8.100000000000000000e+02 2.387567670927547624e+03 1.287835005737973226e+01 8.896098035860766640e-02 -6.428124037204104013e+01
8.110000000000000000e+02 2.387458120848989438e+03 1.276852299992986595e+01 8.906586683965286855e-02 -6.260918671811278102e+01
8.120000000000000000e+02 2.387168896743924506e+03 1.266376903847977076e+01 8.916972801978849394e-02 -6.092778929181345404e+01
8.130000000000000000e+02 2.386692942282739295e+03 1.256422068789267676e+01 8.927254118884445089e-02 -5.923793473026687195e+01
8.140000000000000000e+02 2.386038052062154748e+03 1.246986201131712058e+01 8.937428407052011581e-02 -5.754043472796171699e+01
8.150000000000000000e+02 2.385212014855163488e+03 1.238067719096359554e+01 8.947493482934829045e-02 -5.583610033715308418e+01
8.160000000000000000e+02 2.384215185221365573e+03 1.229679909884490741e+01 8.957447207682039947e-02 -5.412574198506573708e+01
8.170000000000000000e+02 2.383040483477522230e+03 1.221821216646266883e+01 8.967287487655177525e-02 -5.240979807387680012e+01
8.180000000000000000e+02 2.381688252378364268e+03 1.214497523896939235e+01 8.977012274868476083e-02 -5.068840928199485774e+01
8.190000000000000000e+02 2.380151400405853565e+03 1.207707301177347858e+01 8.986619567342282733e-02 -4.896193856662297605e+01
8.200000000000000000e+02 2.378422830118302500e+03 1.201471316811164236e+01 8.996107409382575471e-02 -4.723074833155482821e+01
8.210000000000000000e+02 2.376495438157970511e+03 1.195780639804329226e+01 9.005473891791856977e-02 -4.549512616222224892e+01
8.220000000000000000e+02 2.374369543617174259e+03 1.190648638642645274e+01 9.014717152013575208e-02 -4.375528484448052069e+01
8.230000000000000000e+02 2.372038031361425510e+03 1.186073839880732450e+01 9.023835374216952754e-02 -4.201165951762776984e+01
8.240000000000000000e+02 2.369508637111076951e+03 1.182062213527038530e+01 9.032826789328932127e-02 -4.026520482763744724e+01
8.250000000000000000e+02 2.366789090778382615e+03 1.178612316671365257e+01 9.041689675026180761e-02 -3.851702352907066285e+01
8.260000000000000000e+02 2.363879688160898240e+03 1.175730150506872462e+01 9.050422355676929209e-02 -3.676821793768752400e+01
8.270000000000000000e+02 2.360788147691084305e+03 1.173406875594008980e+01 9.059023202257701635e-02 -3.501988995024486684e+01
8.280000000000000000e+02 2.357514753789700080e+03 1.171648525569085741e+01 9.067490632243199733e-02 -3.327299249745974663e+01
8.290000000000000000e+02 2.354074641974602400e+03 1.170453722393714813e+01 9.075823109476054140e-02 -3.152870098165160329e+01
8.300000000000000000e+02 2.350468085521246849e+03 1.169828533347833677e+01 9.084019144024248205e-02 -2.978796759600810873e+01
8.310000000000000000e+02 2.346695352227479361e+03 1.169764186263543237e+01 9.092077292035777303e-02 -2.805107564399265740e+01
8.320000000000000000e+02 2.342749276129674854e+03 1.170266783202506922e+01 9.099996155589042124e-02 -2.631845667842704373e+01
8.330000000000000000e+02 2.338622685920805452e+03 1.171342444023396645e+01 9.107774382558307680e-02 -2.459024482115507126e+01
8.340000000000000000e+02 2.334323261719522179e+03 1.172989878290905885e+01 9.115410666485680713e-02 -2.286672248485105996e+01
8.350000000000000000e+02 2.329836393387597127e+03 1.175207813876338925e+01 9.122903746474993192e-02 -2.114824611041735025e+01
8.360000000000000000e+02 2.325154893999109845e+03 1.178002425549058430e+01 9.130252407111572044e-02 -1.943494905397265171e+01
8.370000000000000000e+02 2.320286428257760235e+03 1.181372478507833357e+01 9.137455478413347709e-02 -1.772733587596097848e+01
8.380000000000000000e+02 2.315238655861752250e+03 1.185316756953398887e+01 9.144511835809458755e-02 -1.602605951181601185e+01
8.390000000000000000e+02 2.309996946516204389e+03 1.189826635950787548e+01 9.151420400161597302e-02 -1.433214414371632905e+01
8.400000000000000000e+02 2.304591235145837800e+03 1.194900938332523310e+01 9.158180137826398004e-02 -1.264639095388188750e+01
8.410000000000000000e+02 2.299014310099493287e+03 1.200531078190772405e+01 9.164790060760580337e-02 -1.096982384696764079e+01
8.420000000000000000e+02 2.293273811655562895e+03 1.206715917760316437e+01 9.171249226674023369e-02 -9.303243770482851005e+00
8.430000000000000000e+02 2.287369947020973541e+03 1.213446910890227493e+01 9.177556739233752592e-02 -7.647600153787544208e+00
8.440000000000000000e+02 2.281325203777671504e+03 1.220715531555892497e+01 9.183711748312296808e-02 -6.003768079112537848e+00
8.450000000000000000e+02 2.275117494771340716e+03 1.228528130710804511e+01 9.189713450285093288e-02 -4.372176885612552688e+00
8.460000000000000000e+02 2.268761870000408180e+03 1.236883651376522408e+01 9.195561088391565607e-02 -2.753456457436171512e+00
8.470000000000000000e+02 2.262243661495195738e+03 1.245788485473289953e+01 9.201253953126521667e-02 -1.147984115986145914e+00
8.480000000000000000e+02 2.255570481796114564e+03 1.255234188888731950e+01 9.206791382691005554e-02 4.437216558694119239e-01
8.490000000000000000e+02 2.248735082223890004e+03 1.265227194987631343e+01 9.212172763485017291e-02 2.021192843568060837e+00
8.500000000000000000e+02 2.241730209596573332e+03 1.275766529659260939e+01 9.217397530650364712e-02 3.583945024022507475e+00
8.510000000000000000e+02 2.234570835069253008e+03 1.286858812498233817e+01 9.222465168645493927e-02 5.131517769963355846e+00
8.520000000000000000e+02 2.227249415371410578e+03 1.298481548308814837e+01 9.227375211860174009e-02 6.663499337783435728e+00
8.530000000000000000e+02 2.219773203228568946e+03 1.310634692444001992e+01 9.232127245268992310e-02 8.179487079612858480e+00
8.540000000000000000e+02 2.212142018532264501e+03 1.323303364716924335e+01 9.236720905099932155e-02 9.679078194675906133e+00
8.550000000000000000e+02 2.204377961735071494e+03 1.336480134496654415e+01 9.241155879547292840e-02 1.116186970761517649e+01
8.560000000000000000e+02 2.196465987038945968e+03 1.350157592392615591e+01 9.245431909483137201e-02 1.262749558858046939e+01
8.570000000000000000e+02 2.188428185884768027e+03 1.364313493578393022e+01 9.249548789191470999e-02 1.407554501973128325e+01
8.580000000000000000e+02 2.180264360134500293e+03 1.378955327907309147e+01 9.253506367105945873e-02 1.550553266021310783e+01
8.590000000000000000e+02 2.171974307103669162e+03 1.394068321464616922e+01 9.257304546552316826e-02 1.691675005755615047e+01
8.600000000000000000e+02 2.163557819541162189e+03 1.409660006662924836e+01 9.260943286483964976e-02 1.830848847661758683e+01
8.610000000000000000e+02 2.155022113957848887e+03 1.425723080474990390e+01 9.264422602200407530e-02 1.967996459454935376e+01
8.620000000000000000e+02 2.146359545553323642e+03 1.442250261108492460e+01 9.267742566055389708e-02 2.103039476281157505e+01
8.630000000000000000e+02 2.137584749944321175e+03 1.459256573021425574e+01 9.270903308136066445e-02 2.235906926923150095e+01
8.640000000000000000e+02 2.128690073040636435e+03 1.476727348425513320e+01 9.273905016910025112e-02 2.366512946610321322e+01
8.650000000000000000e+02 2.119675284424373331e+03 1.494662797333513105e+01 9.276747939836263446e-02 2.494801344986635172e+01
8.660000000000000000e+02 2.110555005679863370e+03 1.513055722445073314e+01 9.279432383930123762e-02 2.620745603983195338e+01
8.670000000000000000e+02 2.101314140273842895e+03 1.531898947424513402e+01 9.281958716285039490e-02 2.744356304047923345e+01
8.680000000000000000e+02 2.091959871991467480e+03 1.551177888469202060e+01 9.284327364526184789e-02 2.865606838529968314e+01
8.690000000000000000e+02 2.082499379872986992e+03 1.570885410919883540e+01 9.286538817214458341e-02 2.984507695077294187e+01
8.700000000000000000e+02 2.072924981504386778e+03 1.591021829161865675e+01 9.288593624179691810e-02 3.101039598388409146e+01
8.710000000000000000e+02 2.063243846413790379e+03 1.611565193116696548e+01 9.290492396780815343e-02 3.215205506577768801e+01
8.720000000000000000e+02 2.053463139371129273e+03 1.632508429877704614e+01 9.292235808089220617e-02 3.326993467348642497e+01
8.730000000000000000e+02 2.043575163693075410e+03 1.653837058535265570e+01 9.293824592999831713e-02 3.436354330877809815e+01
8.740000000000000000e+02 2.033594503005441084e+03 1.675551475095426923e+01 9.295259548251191828e-02 3.543253746214992361e+01
8.750000000000000000e+02 2.023520879509218730e+03 1.697637238938733972e+01 9.296541532361422833e-02 3.647635017492446963e+01
8.760000000000000000e+02 2.013361439055134952e+03 1.720079929372603900e+01 9.297671465481009700e-02 3.749463672001488135e+01
8.770000000000000000e+02 2.003115894473829485e+03 1.742865145475350630e+01 9.298650329144632354e-02 3.848675459730971937e+01
8.780000000000000000e+02 1.992806239014692210e+03 1.765985934282663550e+01 9.299479165946145098e-02 3.945243206526087931e+01
8.790000000000000000e+02 1.982417319589113276e+03 1.789435362265894014e+01 9.300159079103426096e-02 4.039109956960097492e+01
8.800000000000000000e+02 1.971963691975603979e+03 1.813199086802673676e+01 9.300691231943671033e-02 4.130240970828720037e+01
8.810000000000000000e+02 1.961437622428696613e+03 1.837270212690676985e+01 9.301076847295720873e-02 4.218594007811638846e+01
8.820000000000000000e+02 1.950853657848965440e+03 1.861649291953323981e+01 9.301317206782815095e-02 4.304134182256676411e+01
8.830000000000000000e+02 1.940204055757980768e+03 1.886314610236926015e+01 9.301413650035046665e-02 4.386811676235220858e+01
8.840000000000000000e+02 1.929488497783698449e+03 1.911274185053062524e+01 9.301367573809303513e-02 4.466598879423513324e+01
8.850000000000000000e+02 1.918714089752726295e+03 1.936513767109924444e+01 9.301180431026727369e-02 4.543445817156472799e+01
8.860000000000000000e+02 1.907880505089871122e+03 1.962019125138635545e+01 9.300853729726119012e-02 4.617324718711272880e+01
8.870000000000000000e+02 1.896987413276065809e+03 1.987790902361770407e+01 9.300389031940703433e-02 4.688230015517638805e+01
8.880000000000000000e+02 1.886049336663974145e+03 2.013814902852800515e+01 9.299787952503295319e-02 4.756163482697399303e+01
8.890000000000000000e+02 1.875051080498771626e+03 2.040069519639194340e+01 9.299052157777874805e-02 4.821141665686113242e+01
8.900000000000000000e+02 1.864014588199568607e+03 2.066555447848609006e+01 9.298183364333684198e-02 4.883151308435815707e+01
8.910000000000000000e+02 1.852932086342884986e+03 2.093258542695151903e+01 9.297183337549108639e-02 4.942208778555759352e+01
8.920000000000000000e+02 1.841810654906048967e+03 2.120164675909630603e+01 9.296053890175033640e-02 4.998308067235512908e+01
8.930000000000000000e+02 1.830649942364112121e+03 2.147267163811759971e+01 9.294796880839206743e-02 5.051457929408778824e+01
8.940000000000000000e+02 1.819464450893588719e+03 2.174537053623231841e+01 9.293414212520864637e-02 5.101652168804337606e+01
8.950000000000000000e+02 1.808238966428778667e+03 2.201982549975866021e+01 9.291907830978754501e-02 5.148877064789236613e+01
8.960000000000000000e+02 1.796995413976188502e+03 2.229574731107248198e+01 9.290279723157422731e-02 5.193141084305373312e+01
8.970000000000000000e+02 1.785726002628266542e+03 2.257306975352802780e+01 9.288531915567299624e-02 5.234430310347811144e+01
8.980000000000000000e+02 1.774437795834158578e+03 2.285165247426728996e+01 9.286666472651175508e-02 5.272738153991490861e+01
8.990000000000000000e+02 1.763137854871179798e+03 2.313128098095734941e+01 9.284685495141613287e-02 5.308065353064353076e+01
9.000000000000000000e+02 1.751825810668682152e+03 2.341196377245516658e+01 9.282591118412285291e-02 5.340397685818740570e+01
9.010000000000000000e+02 1.740501258534482076e+03 2.369341394106094256e+01 9.280385510834510132e-02 5.369735107100215998e+01
9.020000000000000000e+02 1.729178513633496323e+03 2.397564820762366011e+01 9.278070872143250047e-02 5.396075162457160701e+01
9.030000000000000000e+02 1.717856999162414695e+03 2.425853644633268047e+01 9.275649431817248325e-02 5.419399858332982944e+01
9.040000000000000000e+02 1.706536137026690540e+03 2.454194865784339541e+01 9.273123447478739956e-02 5.439713378755169515e+01
9.050000000000000000e+02 1.695222776367084634e+03 2.482575496551255156e+01 9.270495203320142097e-02 5.457004942573158957e+01
9.060000000000000000e+02 1.683916337034217804e+03 2.510997417855413971e+01 9.267767008562938225e-02 5.471263659205361307e+01
9.070000000000000000e+02 1.672631094812629044e+03 2.539432808709079836e+01 9.264941195948807329e-02 5.482485956094572543e+01
9.080000000000000000e+02 1.661359039840584956e+03 2.567876144265351357e+01 9.262020120273713186e-02 5.490683006223068929e+01
9.090000000000000000e+02 1.650107018529676225e+03 2.596329338707503709e+01 9.259006156961806233e-02 5.495858442287514833e+01
9.100000000000000000e+02 1.638874448679251373e+03 2.624772031429501240e+01 9.255901700688369538e-02 5.498023212686800321e+01
9.110000000000000000e+02 1.627668176338539070e+03 2.653191300010257692e+01 9.252709164054938318e-02 5.497188152521720639e+01
9.120000000000000000e+02 1.616495047614079340e+03 2.681581659778737503e+01 9.249430976307650154e-02 5.493363983008238449e+01
9.130000000000000000e+02 1.605354480472877185e+03 2.709937635020760283e+01 9.246069582120426678e-02 5.486561310954753168e+01
9.140000000000000000e+02 1.594245893241490876e+03 2.738238901827642735e+01 9.242627440418943463e-02 5.476783199953701597e+01
9.150000000000000000e+02 1.583168704750035431e+03 2.766480001038577541e+01 9.239107023277642883e-02 5.464047455039182921e+01
9.160000000000000000e+02 1.572137191171653058e+03 2.794655481073921166e+01 9.235510814857447737e-02 5.448371765658728094e+01
9.170000000000000000e+02 1.561143344405023299e+03 2.822737612410855945e+01 9.231841310408508972e-02 5.429758848710694252e+01
9.180000000000000000e+02 1.550186585603785716e+03 2.850728385554370092e+01 9.228101015323010581e-02 5.408241018449428594e+01
9.190000000000000000e+02 1.539281193649803981e+03 2.878607512097809362e+01 9.224292444245711653e-02 5.383820759552703805e+01
9.200000000000000000e+02 1.528426591869727417e+03 2.906369565979766278e+01 9.220418120232090620e-02 5.356515297158361477e+01
9.210000000000000000e+02 1.517614776497359344e+03 2.933994269582330361e+01 9.216480573961978451e-02 5.326341740164426142e+01
9.220000000000000000e+02 1.506860030181386719e+03 2.961476206625259877e+01 9.212482342992346640e-02 5.293339366345642105e+01
9.230000000000000000e+02 1.496169208685809508e+03 2.988809964952892884e+01 9.208425971063291526e-02 5.257532480732778168e+01
9.240000000000000000e+02 1.485526884285704455e+03 3.015982707665909146e+01 9.204314007441170842e-02 5.218960129208338117e+01
9.250000000000000000e+02 1.474954772660498747e+03 3.042974172598291815e+01 9.200149006296225174e-02 5.177653813714145770e+01
9.260000000000000000e+02 1.464444877828205790e+03 3.069786385190613842e+01 9.195933526120539381e-02 5.133659777623205400e+01
9.270000000000000000e+02 1.454004062328871669e+03 3.096399087856591947e+01 9.191670129163424796e-02 5.087001864371566029e+01
9.280000000000000000e+02 1.443639190601753171e+03 3.122814309548758160e+01 9.187361380906861053e-02 5.037718659653707931e+01
9.290000000000000000e+02 1.433349700708781711e+03 3.149011795117737833e+01 9.183009849543335990e-02 4.985841206875935683e+01
9.300000000000000000e+02 1.423135032754888925e+03 3.174978718171044179e+01 9.178618105486018031e-02 4.931393007719409383e+01
9.310000000000000000e+02 1.412994628954798372e+03 3.200709680528362355e+01 9.174188720873101277e-02 4.874404879461368978e+01
9.320000000000000000e+02 1.402942790397399676e+03 3.226191854974272388e+01 9.169724269088974644e-02 4.814900098951757457e+01
9.330000000000000000e+02 1.392971535355839023e+03 3.251419841410410783e+01 9.165227324278671373e-02 4.752916688396198452e+01
9.340000000000000000e+02 1.383087741097972412e+03 3.276365952905022993e+01 9.160700460862696015e-02 4.688470274390615344e+01
9.350000000000000000e+02 1.373290858893087034e+03 3.301032213594672271e+01 9.156146253036748228e-02 4.621598658860856546e+01
9.360000000000000000e+02 1.363580342418295231e+03 3.325398359682329641e+01 9.151567274256190709e-02 4.552332106550500157e+01
9.370000000000000000e+02 1.353963076164008044e+03 3.349466408989083988e+01 9.146966096712595695e-02 4.480715631009613986e+01
9.380000000000000000e+02 1.344438518788144847e+03 3.373223518653986730e+01 9.142345290772990740e-02 4.406779282179350332e+01
9.390000000000000000e+02 1.335013559871223151e+03 3.396656841286999651e+01 9.137707424396400435e-02 4.330567860824563553e+01
9.400000000000000000e+02 1.325680234920463590e+03 3.419746096073042452e+01 9.133055062526712620e-02 4.252118634559064247e+01
9.410000000000000000e+02 1.316452867176533573e+03 3.442500709979866969e+01 9.128390766436812742e-02 4.171461338964410004e+01
9.420000000000000000e+02 1.307323497568525681e+03 3.464900390415494513e+01 9.123717093046829207e-02 4.088640463800608416e+01
9.430000000000000000e+02 1.298299026523012344e+03 3.486932266442172335e+01 9.119036594194192269e-02 4.003700397505138397e+01
9.440000000000000000e+02 1.289378928972724225e+03 3.508598316593044331e+01 9.114351815862478667e-02 3.916692856780673537e+01
9.450000000000000000e+02 1.280570111118390514e+03 3.529885654941742956e+01 9.109665297366470460e-02 3.827654602818228824e+01
9.460000000000000000e+02 1.271864625441485714e+03 3.550788815628334305e+01 9.104979570488233587e-02 3.736637156006928251e+01
9.470000000000000000e+02 1.263276812521358352e+03 3.571287467288752993e+01 9.100297158566733602e-02 3.643691940575648403e+01
9.480000000000000000e+02 1.254798731002172872e+03 3.591390982641906504e+01 9.095620575537431696e-02 3.548862857616868638e+01
9.490000000000000000e+02 1.246429871065068255e+03 3.611086439529292846e+01 9.090952324925752337e-02 3.452186286491313183e+01
9.500000000000000000e+02 1.238184582852391713e+03 3.630360905463273014e+01 9.086294898786385910e-02 3.353728228013068247e+01
9.510000000000000000e+02 1.230054943678525206e+03 3.649201461963116344e+01 9.081650776605856845e-02 3.253516504785432772e+01
9.520000000000000000e+02 1.222040498166279122e+03 3.667610135262485471e+01 9.077022424143445234e-02 3.151604779920556609e+01
9.530000000000000000e+02 1.214148231674095086e+03 3.685574107930111154e+01 9.072412292240913945e-02 3.048023398023142505e+01
9.540000000000000000e+02 1.206370276445775062e+03 3.703087978613719145e+01 9.067822815583823082e-02 2.942824902804539278e+01
9.550000000000000000e+02 1.198721053450210775e+03 3.720138904872376173e+01 9.063256411421292957e-02 2.836046896894008640e+01
9.560000000000000000e+02 1.191192702371060932e+03 3.736721459417675817e+01 9.058715478251030961e-02 2.727734328474796399e+01
9.570000000000000000e+02 1.183792223451720247e+03 3.752830201312210789e+01 9.054202394470702020e-02 2.617932064541228954e+01
9.580000000000000000e+02 1.176511764190385293e+03 3.768467103876768931e+01 9.049719516999331359e-02 2.506707177578115520e+01
9.590000000000000000e+02 1.169358332839241484e+03 3.783619269204901059e+01 9.045269179872134080e-02 2.394119233809162495e+01
9.600000000000000000e+02 1.162338941804010346e+03 3.798296069488008442e+01 9.040853692812950149e-02 2.280220294866605002e+01
9.610000000000000000e+02 1.155445751045064071e+03 3.812477148146032135e+01 9.036475339789910854e-02 2.165062347830910738e+01
9.620000000000000000e+02 1.148685781581290939e+03 3.826171846220612593e+01 9.032136377561095220e-02 2.048712163640227857e+01
9.630000000000000000e+02 1.142058630543110212e+03 3.839374631873521793e+01 9.027839034208985647e-02 1.931229013767836022e+01
9.640000000000000000e+02 1.135563899627021783e+03 3.852072528345654234e+01 9.023585507677497897e-02 1.812649815268956743e+01
9.650000000000000000e+02 1.129201195200045959e+03 3.864274826975626098e+01 9.019377964310087981e-02 1.693026274298362566e+01
9.660000000000000000e+02 1.122970128403901526e+03 3.875961088374472752e+01 9.015218537395840170e-02 1.572410031195262192e+01
9.670000000000000000e+02 1.116877743608745959e+03 3.887133140512691654e+01 9.011109325729131647e-02 1.450852662287839401e+01
9.680000000000000000e+02 1.110916233464798779e+03 3.897785364963350929e+01 9.007052392193488910e-02 1.328398253366797022e+01
9.690000000000000000e+02 1.105092652404155160e+03 3.907912124905234919e+01 9.003049762363485309e-02 1.205098258229164543e+01
9.700000000000000000e+02 1.099406631688854986e+03 3.917500336434205366e+01 8.999103423142537639e-02 1.080996643840856741e+01
9.710000000000000000e+02 1.093850379507253820e+03 3.926566609984733702e+01 8.995215321430657940e-02 9.561521772705635414e+00
9.720000000000000000e+02 1.088430966118264223e+03 3.935090394856511864e+01 8.991387362836245067e-02 8.306235708928273453e+00
9.730000000000000000e+02 1.083148038890781436e+03 3.943073405703817258e+01 8.987621410433659086e-02 7.044546276119606709e+00
9.740000000000000000e+02 1.078008679090619580e+03 3.950524765530795435e+01 8.983919283567089187e-02 5.777039562087144198e+00
9.750000000000000000e+02 1.072997688561803443e+03 3.957423863644308426e+01 8.980282756706937930e-02 4.504375449573895906e+00
9.760000000000000000e+02 1.068122159905818080e+03 3.963787210518507464e+01 8.976713558370101598e-02 3.226916218640981882e+00
9.770000000000000000e+02 1.063389191503701795e+03 3.969594154012775533e+01 8.973213370093360841e-02 1.945395118311108007e+00
9.780000000000000000e+02 1.058791030883122630e+03 3.974861162602697107e+01 8.969783825476761174e-02 6.601735518949510828e-01
9.790000000000000000e+02 1.054327359831126842e+03 3.979582398314451552e+01 8.966426509294145308e-02 -6.281349210019058216e-01
9.800000000000000000e+02 1.050005294450252222e+03 3.983744573169543202e+01 8.963142956670797079e-02 -1.919050837867384285e+00
9.810000000000000000e+02 1.045817100157750019e+03 3.987371519038291012e+01 8.959934652328885307e-02 -3.212065388510580100e+00
9.820000000000000000e+02 1.041762476779926374e+03 3.990442475546704060e+01 8.956803029920884507e-02 -4.506662678800160471e+00
9.830000000000000000e+02 1.037841130238909273e+03 3.992973801696487612e+01 8.953749471419507333e-02 -5.802327137454112993e+00
9.840000000000000000e+02 1.034060200933174428e+03 3.994952120487555902e+01 8.950775306594691005e-02 -7.098566522114614585e+00
9.850000000000000000e+02 1.030411978710206313e+03 3.996378888801788065e+01 8.947881812562308301e-02 -8.394915611460525895e+00
9.860000000000000000e+02 1.026896187933706187e+03 3.997255540492217563e+01 8.945070213405593995e-02 -9.690921326191732632e+00
9.870000000000000000e+02 1.023519987493044709e+03 3.997583486180140966e+01 8.942341679877420513e-02 -1.098614270646164570e+01
9.880000000000000000e+02 1.020275685754953997e+03 3.997349256359130720e+01 8.939697329169636608e-02 -1.228013231818270334e+01
9.890000000000000000e+02 1.017163025609728265e+03 3.996569071308447008e+01 8.937138224757606997e-02 -1.357244291547327109e+01
9.900000000000000000e+02 1.014181756109509024e+03 3.995221985760124994e+01 8.934665376318773333e-02 -1.486256799054085675e+01
9.910000000000000000e+02 1.011331632449999233e+03 3.993316743878032327e+01 8.932279739710388689e-02 -1.615016460063225878e+01
9.920000000000000000e+02 1.008619844295754206e+03 3.990862065691174365e+01 8.929982217017295998e-02 -1.743457792982282228e+01
9.930000000000000000e+02 1.006031302347721521e+03 3.987844361884831557e+01 8.927773656664851620e-02 -1.871530182270593912e+01
9.940000000000000000e+02 1.003580636757243269e+03 3.984279732101864369e+01 8.925654853586412196e-02 -1.999168162613307587e+01
9.950000000000000000e+02 1.001252770280259824e+03 3.980169394698535967e+01 8.923626549446672662e-02 -2.126328558226098764e+01
9.960000000000000000e+02 9.990549166794910434e+02 3.975514543310210058e+01 8.921689432918680773e-02 -2.252945910286559794e+01
9.970000000000000000e+02 9.969868672683959403e+02 3.970308918374332308e+01 8.919844140005714350e-02 -2.378969616198861914e+01
9.980000000000000000e+02 9.950484192012357880e+02 3.964561092062574232e+01 8.918091254408919144e-02 -2.504341642038127702e+01
9.990000000000000000e+02 9.932319470578414666e+02 3.958279611470066328e+01 8.916431307931482753e-02 -2.628989091678352708e+01
1.000000000000000000e+03 9.915446878249550764e+02 3.951458141813149183e+01 8.914864780917737541e-02 -2.752861346006297438e+01
1.001000000000000000e+03 9.899716440356791054e+02 3.944097602067959940e+01 8.913392102717808407e-02 -2.875893304490474023e+01
1.002000000000000000e+03 9.885277170365798156e+02 3.936198288578658122e+01 8.912013652187496249e-02 -2.998021396932692184e+01
1.003000000000000000e+03 9.871981452129343779e+02 3.927760322939847981e+01 8.910729758197553918e-02 -3.119182423279171701e+01
1.004000000000000000e+03 9.859904573932134326e+02 3.918783801250091869e+01 8.909540700162317528e-02 -3.239320593516340097e+01
1.005000000000000000e+03 9.848899026620769064e+02 3.909268794055892471e+01 8.908446708577648365e-02 -3.358380096730956410e+01
1.006000000000000000e+03 9.839114487246577028e+02 3.899230203006015216e+01 8.907447965572164172e-02 -3.476327383566544427e+01
1.007000000000000000e+03 9.830403550155597259e+02 3.888682904114916994e+01 8.906544605448925289e-02 -3.593143735276257189e+01
1.008000000000000000e+03 9.822841710604816399e+02 3.877641747737003897e+01 8.905736715232207001e-02 -3.708817832775366696e+01
1.009000000000000000e+03 9.816430229843751931e+02 3.866121558551500925e+01 8.905024335208708286e-02 -3.823316040644900227e+01
1.010000000000000000e+03 9.811021850700329878e+02 3.854144563908427301e+01 8.904407459455432328e-02 -3.936619546291733229e+01
1.011000000000000000e+03 9.806766497684847081e+02 3.841710680434438530e+01 8.903886036355777855e-02 -4.048702072313263756e+01
1.012000000000000000e+03 9.803517008063124649e+02 3.828842084152524450e+01 8.903459969099657145e-02 -4.159552158972576308e+01
1.013000000000000000e+03 9.801274831972275479e+02 3.815531212060088251e+01 8.903129116159835821e-02 -4.269136019883020339e+01
1.014000000000000000e+03 9.800190031532233661e+02 3.801777903921855994e+01 8.902893291754560012e-02 -4.377404967808172387e+01
1.015000000000000000e+03 9.800041295453496559e+02 3.787567117272897121e+01 8.902752266279566340e-02 -4.484332553879138317e+01
1.016000000000000000e+03 9.800978773203642049e+02 3.772906069235935433e+01 8.902705766714959223e-02 -4.589884851678412758e+01
1.017000000000000000e+03 9.803004089650092965e+02 3.757772238148201893e+01 8.902753477006256078e-02 -4.694027883096249809e+01
1.018000000000000000e+03 9.805970344240963641e+02 3.742165362104491777e+01 8.902895038415205298e-02 -4.796720187510238276e+01
1.019000000000000000e+03 9.809953527720894044e+02 3.726092582360882233e+01 8.903130049845822680e-02 -4.897927676041718570e+01
1.020000000000000000e+03 9.814955387348060185e+02 3.709546158401275306e+01 8.903458068134408043e-02 -4.997586487388918641e+01
1.021000000000000000e+03 9.820903426145969206e+02 3.692562894869902124e+01 8.903878608317687682e-02 -5.095640127193372848e+01
1.022000000000000000e+03 9.827799469185683847e+02 3.675142429862444260e+01 8.904391143865036939e-02 -5.192032037337881434e+01
1.023000000000000000e+03 9.835496812381275049e+02 3.657306661885348831e+01 8.904995106889439238e-02 -5.286690736929431722e+01
1.024000000000000000e+03 9.844145922833437226e+02 3.639070036625710713e+01 8.905689888328273407e-02 -5.379566961771228506e+01
1.025000000000000000e+03 9.853525886660947890e+02 3.620454403836263424e+01 8.906474838101209601e-02 -5.470589092021334210e+01
1.026000000000000000e+03 9.863787243404150331e+02 3.601466732482793276e+01 8.907349265244381142e-02 -5.559707720095619976e+01
1.027000000000000000e+03 9.874783433904450476e+02 3.582113967656474074e+01 8.908312438023419100e-02 -5.646940218613869433e+01
1.028000000000000000e+03 9.886516500743412053e+02 3.562403030799392667e+01 8.909363584029462990e-02 -5.732289026436508550e+01
1.029000000000000000e+03 9.899137087687277017e+02 3.542340819943719765e+01 8.910501890262230440e-02 -5.815771360001625823e+01
1.030000000000000000e+03 9.912424454632412107e+02 3.521926781614225632e+01 8.911726503198086347e-02 -5.897404354608487154e+01
1.031000000000000000e+03 9.926529312109429384e+02 3.501175196145319291e+01 8.913036528852712193e-02 -5.977212490801251477e+01
1.032000000000000000e+03 9.941305269253508641e+02 3.480085464559746811e+01 8.914431032834729818e-02 -6.055197879052115439e+01
1.033000000000000000e+03 9.956903101328149432e+02 3.458664393912330581e+01 8.915909040403892372e-02 -6.131377399648547311e+01
1.034000000000000000e+03 9.973176481217011542e+02 3.436918769245839655e+01 8.917469536528503660e-02 -6.205700989029408277e+01
1.035000000000000000e+03 9.990201963458154069e+02 3.414870210610556711e+01 8.919111465949330908e-02 -6.278111064829554522e+01
1.036000000000000000e+03 1.000783328274753330e+03 3.392525459995111703e+01 8.920833733256010312e-02 -6.348557380877485201e+01
1.037000000000000000e+03 1.002599848746587099e+03 3.369898666721588398e+01 8.922635202976002267e-02 -6.416982168847151513e+01
1.038000000000000000e+03 1.004484850619546705e+03 3.347003959451915733e+01 8.924514699683130936e-02 -6.483334993366430865e+01
1.039000000000000000e+03 1.006423716270598788e+03 3.323855446556521542e+01 8.926471008131992013e-02 -6.547565322130952836e+01
1.040000000000000000e+03 1.008409259295825677e+03 3.300452359794226709e+01 8.928502873412126617e-02 -6.609615096074222151e+01
1.041000000000000000e+03 1.010449152808253189e+03 3.276816196455300201e+01 8.930609001142104930e-02 -6.669485583096783898e+01
1.042000000000000000e+03 1.012536215982536191e+03 3.252931292962383480e+01 8.932788057684792893e-02 -6.727177949897625808e+01
1.043000000000000000e+03 1.014663270698912925e+03 3.228811680436401588e+01 8.935038670414519046e-02 -6.782670975613322639e+01
1.044000000000000000e+03 1.016845426534859712e+03 3.204456515019159468e+01 8.937359428014229890e-02 -6.836032475817964382e+01
1.045000000000000000e+03 1.019068082251373198e+03 3.179857506657712563e+01 8.939748880818215726e-02 -6.887196450817863536e+01
1.046000000000000000e+03 1.021331495829346295e+03 3.155036061299402661e+01 8.942205541206671437e-02 -6.936245361818930633e+01
1.047000000000000000e+03 1.023635927700502748e+03 3.129976426192670402e+01 8.944727884044423316e-02 -6.983112995829775116e+01
1.048000000000000000e+03 1.025981640675143353e+03 3.104699973851497674e+01 8.947314347171374249e-02 -7.027807315137037847e+01
1.049000000000000000e+03 1.028361471515715948e+03 3.079235489124819125e+01 8.949963331944063571e-02 -7.070261889322344473e+01
1.050000000000000000e+03 1.030775687557012589e+03 3.053596884624252183e+01 8.952673203837231697e-02 -7.110633028347747597e+01
1.051000000000000000e+03 1.033217162997206742e+03 3.027805321923226245e+01 8.955442293098130058e-02 -7.148853644623086723e+01
1.052000000000000000e+03 1.035686334737739116e+03 3.001866433986358373e+01 8.958268895451826364e-02 -7.184854794556051161e+01
1.053000000000000000e+03 1.038183674711010099e+03 2.975815388784404192e+01 8.961151272873441043e-02 -7.218641269424061591e+01
1.054000000000000000e+03 1.040709656705968655e+03 2.949665055686880066e+01 8.964087654407854044e-02 -7.250217747199808116e+01
1.055000000000000000e+03 1.043249899564657653e+03 2.923420862675185106e+01 8.967076237052355736e-02 -7.279663075385589366e+01
1.056000000000000000e+03 1.045812308825799846e+03 2.897088225211082246e+01 8.970115186690602593e-02 -7.306907419886546506e+01
1.057000000000000000e+03 1.048389934861196707e+03 2.870679975110381932e+01 8.973202639080729570e-02 -7.331880831444460966e+01
1.058000000000000000e+03 1.050983257809496763e+03 2.844201504370689904e+01 8.976336700904100074e-02 -7.354736095621319691e+01
1.059000000000000000e+03 1.053585330754171991e+03 2.817658194054338239e+01 8.979515450854691494e-02 -7.375328747804378793e+01
1.060000000000000000e+03 1.056204064648326948e+03 2.791062843175382824e+01 8.982736940782493074e-02 -7.393662773789421294e+01
1.061000000000000000e+03 1.058832514783496890e+03 2.764420812539537664e+01 8.985999196889343787e-02 -7.409890609394028615e+01
1.062000000000000000e+03 1.061471165706129113e+03 2.737744881988473367e+01 8.989300220957205378e-02 -7.423793155597618920e+01
1.063000000000000000e+03 1.064113074378963120e+03 2.711032965895869040e+01 8.992637991624301275e-02 -7.435596896770172748e+01
1.064000000000000000e+03 1.066758726739813255e+03 2.684305255468157370e+01 8.996010465695489233e-02 -7.445156781888957198e+01
1.065000000000000000e+03 1.069401180856039218e+03 2.657567077545149914e+01 8.999415579489900008e-02 -7.452476208842819005e+01
1.066000000000000000e+03 1.072048351827244232e+03 2.630823751854485337e+01 9.002851250217429324e-02 -7.457707024260956530e+01
1.067000000000000000e+03 1.074685869883299574e+03 2.604088019917649177e+01 9.006315377376589160e-02 -7.460703822368348881e+01
1.068000000000000000e+03 1.077329078683028911e+03 2.577372617257017140e+01 9.009805844178120360e-02 -7.461543929414916931e+01
1.069000000000000000e+03 1.079956180006935483e+03 2.550682845604187676e+01 9.013320518987091856e-02 -7.460230269618199372e+01
1.070000000000000000e+03 1.082582517103097643e+03 2.524031430160113132e+01 9.016857256774189755e-02 -7.456765648659292367e+01
1.071000000000000000e+03 1.085193719377143452e+03 2.497423663455065324e+01 9.020413900581147892e-02 -7.451152753716935706e+01
1.072000000000000000e+03 1.087797700685453719e+03 2.470879690960466135e+01 9.023988282983080866e-02 -7.443468437044707287e+01
1.073000000000000000e+03 1.090380089074773196e+03 2.444404798249404109e+01 9.027578227556119772e-02 -7.433640865578793466e+01
1.074000000000000000e+03 1.092948796724891963e+03 2.418011696609147165e+01 9.031181550337837038e-02 -7.421746655103956414e+01
1.075000000000000000e+03 1.095496878039082731e+03 2.391713095252737276e+01 9.034796061281925861e-02 -7.407788019942839242e+01
1.076000000000000000e+03 1.098032242887707980e+03 2.365514273530526168e+01 9.038419565691224733e-02 -7.391692773193832977e+01
1.077000000000000000e+03 1.100540514700924632e+03 2.339420509841984597e+01 9.042049865646059614e-02 -7.373611461020296076e+01
1.078000000000000000e+03 1.103029600415889490e+03 2.313451938897429372e+01 9.045684761398756213e-02 -7.353545945458967026e+01
1.079000000000000000e+03 1.105485120223124113e+03 2.287613838877777539e+01 9.049322052749940448e-02 -7.331423688285477169e+01
1.080000000000000000e+03 1.107922405868673422e+03 2.261911488695222872e+01 9.052959540394683868e-02 -7.307394885429935982e+01
1.081000000000000000e+03 1.110327073705430394e+03 2.236365025253227756e+01 9.056595027234806694e-02 -7.281312482908056438e+01
1.082000000000000000e+03 1.112699594651232928e+03 2.210972302253972543e+01 9.060226319658770677e-02 -7.253326445333414085e+01
1.083000000000000000e+03 1.115040437348562364e+03 2.185746032507428893e+01 9.063851228782551783e-02 -7.223438055438853667e+01
1.084000000000000000e+03 1.117350068028658598e+03 2.160698931787710464e+01 9.067467571646900537e-02 -7.191648481662700476e+01
1.085000000000000000e+03 1.119621522029576454e+03 2.135836291038609147e+01 9.071073172378564531e-02 -7.158033062277884540e+01
1.086000000000000000e+03 1.121855260369454982e+03 2.111163405278488625e+01 9.074665863297599888e-02 -7.122444172054602518e+01
1.087000000000000000e+03 1.124051741273713333e+03 2.086685574153684541e+01 9.078243485991711881e-02 -7.085105490999661981e+01
1.088000000000000000e+03 1.126203991707131308e+03 2.062422959191094307e+01 9.081803892330539418e-02 -7.045943453600681039e+01
1.089000000000000000e+03 1.128312463961729236e+03 2.038380870947844059e+01 9.085344945440966546e-02 -7.004958667153202612e+01
1.090000000000000000e+03 1.130377607199078739e+03 2.014557197910709974e+01 9.088864520628631150e-02 -6.962225912623937063e+01
1.091000000000000000e+03 1.132399867348150792e+03 1.990972120444680371e+01 9.092360506251223606e-02 -6.917819862060601110e+01
1.092000000000000000e+03 1.134372258658268265e+03 1.967630969587562362e+01 9.095830804549630277e-02 -6.871666512549010974e+01
1.093000000000000000e+03 1.136295220308195439e+03 1.944546512644776115e+01 9.099273332424315242e-02 -6.823914604737881007e+01
1.094000000000000000e+03 1.138169187969872155e+03 1.921724097030963208e+01 9.102686022168232638e-02 -6.774489922886799320e+01
1.095000000000000000e+03 1.139994593727755273e+03 1.899176507510539480e+01 9.106066822151413775e-02 -6.723540996995312469e+01
1.096000000000000000e+03 1.141764437653212099e+03 1.876909110035051853e+01 9.109413697468723980e-02 -6.670993402953438078e+01
1.097000000000000000e+03 1.143486572785115868e+03 1.854934708979201829e+01 9.112724630535105896e-02 -6.616921181271406738e+01
1.098000000000000000e+03 1.145153991663770512e+03 1.833251262623125655e+01 9.115997621650227811e-02 -6.561398271343801980e+01
1.099000000000000000e+03 1.146759682971267011e+03 1.811879025434014778e+01 9.119230689519206012e-02 -6.504424229268275326e+01
1.100000000000000000e+03 1.148318916526835665e+03 1.790815978492162941e+01 9.122421871736337284e-02 -6.446072796223820944e+01
1.101000000000000000e+03 1.149809813962418048e+03 1.770060079419724985e+01 9.125569225249759164e-02 -6.386268220853250455e+01
1.102000000000000000e+03 1.151247624763910153e+03 1.749631441013279343e+01 9.128670826777096625e-02 -6.325154192646824214e+01
1.103000000000000000e+03 1.152617878491166721e+03 1.729535296949924827e+01 9.131724773210977975e-02 -6.262650628062176850e+01
1.104000000000000000e+03 1.153935814012909532e+03 1.709776894648483392e+01 9.134729181993953007e-02 -6.198885344954345555e+01
1.105000000000000000e+03 1.155186952669582979e+03 1.690354067429564822e+01 9.137682191473042725e-02 -6.133867216795805177e+01
1.106000000000000000e+03 1.156371668342928160e+03 1.671279520072479485e+01 9.140581961242631726e-02 -6.067619884662340723e+01
1.107000000000000000e+03 1.157497759076727789e+03 1.652558544266273444e+01 9.143426672466889449e-02 -6.000181758964109946e+01
1.108000000000000000e+03 1.158550733649397671e+03 1.634196447457081547e+01 9.146214528200242999e-02 -5.931591164525150361e+01
1.109000000000000000e+03 1.159545810001615109e+03 1.616205981690541904e+01 9.148943753699149972e-02 -5.861878914061203005e+01
1.110000000000000000e+03 1.160468488412154329e+03 1.598585059047987045e+01 9.151612596728447846e-02 -5.791083166755458933e+01
1.111000000000000000e+03 1.161326549929110797e+03 1.581346465528847034e+01 9.154219327871040979e-02 -5.719242001829622524e+01
1.112000000000000000e+03 1.162112914599447095e+03 1.564480719774988238e+01 9.156762240833327127e-02 -5.646378563809684437e+01
1.113000000000000000e+03 1.162835354851798684e+03 1.548008071991884904e+01 9.159239652774496532e-02 -5.572553062987651629e+01
1.114000000000000000e+03 1.163486782077984799e+03 1.531933934310109180e+01 9.161649904624301344e-02 -5.497781065621160934e+01
1.115000000000000000e+03 1.164067531666687046e+03 1.516248881241521396e+01 9.163991361428543148e-02 -5.422107779529316929e+01
1.116000000000000000e+03 1.164577934636264445e+03 1.500973220229868588e+01 9.166262412696912776e-02 -5.345578342824514095e+01
1.117000000000000000e+03 1.165018317617698585e+03 1.486097565290436329e+01 9.168461472776791299e-02 -5.268215541032415672e+01
1.118000000000000000e+03 1.165389002837173848e+03 1.471634835895691040e+01 9.170586981242299929e-02 -5.190056951050243583e+01
1.119000000000000000e+03 1.165682879747823335e+03 1.457590544000082033e+01 9.172637403299037373e-02 -5.111154943388375216e+01
1.120000000000000000e+03 1.165900261711438816e+03 1.443955366107163307e+01 9.174611230214055335e-02 -5.031524685993064594e+01
1.121000000000000000e+03 1.166048885978726275e+03 1.430749713779707655e+01 9.176506979772561245e-02 -4.951218430054428410e+01
1.122000000000000000e+03 1.166121628617699798e+03 1.417964307237254928e+01 9.178323196749446633e-02 -4.870266085539148548e+01
1.123000000000000000e+03 1.166118789542352488e+03 1.405604745847753456e+01 9.180058453410003261e-02 -4.788704936953499214e+01
1.124000000000000000e+03 1.166048092489246528e+03 1.393684080157741256e+01 9.181711350033584795e-02 -4.706572217380544743e+01
1.125000000000000000e+03 1.165894971591721742e+03 1.382193098861759140e+01 9.183280515460265359e-02 -4.623905110891097081e+01
1.126000000000000000e+03 1.165659713104928187e+03 1.371137470913689427e+01 9.184764607659724744e-02 -4.540755611676739534e+01
1.127000000000000000e+03 1.165357455378172972e+03 1.360522889175731898e+01 9.186162314326920542e-02 -4.457160813101010177e+01
1.128000000000000000e+03 1.164981047074614025e+03 1.350355070756986464e+01 9.187472353495181043e-02 -4.373172623570254558e+01
1.129000000000000000e+03 1.164523332191592999e+03 1.340632328990622568e+01 9.188693474170618603e-02 -4.288820627268044205e+01
1.130000000000000000e+03 1.163999435079693058e+03 1.331353002100120086e+01 9.189824456986708801e-02 -4.204156656756201471e+01
1.131000000000000000e+03 1.163394761958126765e+03 1.322522881853844545e+01 9.190864114872822344e-02 -4.119225082085337419e+01
1.132000000000000000e+03 1.162716999332592650e+03 1.314147785507218380e+01 9.191811293737442434e-02 -4.034055384966280400e+01
1.133000000000000000e+03 1.161966400559507065e+03 1.306226127732768028e+01 9.192664873165541650e-02 -3.948691874701101057e+01
1.134000000000000000e+03 1.161135785810552306e+03 1.298756349238345464e+01 9.193423767122686774e-02 -3.863171405668951053e+01
1.135000000000000000e+03 1.160232827087492979e+03 1.291736917022585729e+01 9.194086924666927674e-02 -3.777530808217760949e+01
1.136000000000000000e+03 1.159257763135243749e+03 1.285173752967922667e+01 9.194653330666294200e-02 -3.691799462858617176e+01
1.137000000000000000e+03 1.158203399405687151e+03 1.279065377370014644e+01 9.195122006509245938e-02 -3.606029016212971072e+01
1.138000000000000000e+03 1.157077393072501764e+03 1.273410337504921053e+01 9.195492010823477780e-02 -3.520248813457380521e+01
1.139000000000000000e+03 1.155879967945033968e+03 1.268207207832928773e+01 9.195762440177845942e-02 -3.434495614269298613e+01
1.140000000000000000e+03 1.154596486083505170e+03 1.263462018539397924e+01 9.195932429780802331e-02 -3.348813595369004759e+01
1.141000000000000000e+03 1.153249446217353125e+03 1.259165970661298850e+01 9.196001154162863900e-02 -3.263246924707086549e+01
1.142000000000000000e+03 1.151824200210765184e+03 1.255325149652105310e+01 9.195967827843330722e-02 -3.177832335646433748e+01
1.143000000000000000e+03 1.150328379834473935e+03 1.251938240481490894e+01 9.195831705977634829e-02 -3.092606557838090353e+01
1.144000000000000000e+03 1.148754754986367743e+03 1.249003956122530568e+01 9.195592084976275671e-02 -3.007613748089280392e+01
1.145000000000000000e+03 1.147110947066739300e+03 1.246521037675123900e+01 9.195248303104934517e-02 -2.922890636171876722e+01
1.146000000000000000e+03 1.145397143904481709e+03 1.244488254475887246e+01 9.194799741046126573e-02 -2.838481384022023590e+01
1.147000000000000000e+03 1.143613528087281793e+03 1.242904404194501922e+01 9.194245822433987081e-02 -2.754415303177806251e+01
1.148000000000000000e+03 1.141752848594610441e+03 1.241768312916542172e+01 9.193586014346177837e-02 -2.670729142306854698e+01
1.149000000000000000e+03 1.139822705835291799e+03 1.241071406862556969e+01 9.192819827760938256e-02 -2.587467089670876064e+01
1.150000000000000000e+03 1.137823266587427042e+03 1.240812569144442179e+01 9.191946817969036398e-02 -2.504658490526407633e+01
1.151000000000000000e+03 1.135754659734998768e+03 1.240998265199151085e+01 9.190966584943392748e-02 -2.422339705418616873e+01
1.152000000000000000e+03 1.133616878441730933e+03 1.241620633940795138e+01 9.189878773661609712e-02 -2.340552825020506944e+01
1.153000000000000000e+03 1.131417306330281008e+03 1.242679396653515944e+01 9.188683074378577176e-02 -2.259324675075354705e+01
1.154000000000000000e+03 1.129141036698097651e+03 1.244174303252648883e+01 9.187379222848354732e-02 -2.178689533035807102e+01
1.155000000000000000e+03 1.126802870982534387e+03 1.246090275573780026e+01 9.185967000496678136e-02 -2.098681702091482748e+01
1.156000000000000000e+03 1.124395320327535046e+03 1.248441977450799989e+01 9.184446234536888798e-02 -2.019342941880985620e+01
1.157000000000000000e+03 1.121925747358516219e+03 1.251214387877556256e+01 9.182816798032931993e-02 -1.940692757436207927e+01
1.158000000000000000e+03 1.119394081160534824e+03 1.254414799410463033e+01 9.181078609909555655e-02 -1.862780399962606737e+01
1.159000000000000000e+03 1.116800245662810539e+03 1.258028248005180849e+01 9.179231634908625870e-02 -1.785632870698866270e+01
1.160000000000000000e+03 1.114144159678382948e+03 1.262062083043750427e+01 9.177275883481421370e-02 -1.709277208261673309e+01
1.161000000000000000e+03 1.111425736949168368e+03 1.266508825496517865e+01 9.175211411642236747e-02 -1.633747919272316196e+01
1.162000000000000000e+03 1.108652314546640810e+03 1.271361024523517891e+01 9.173038320751031316e-02 -1.559064695564327785e+01
1.163000000000000000e+03 1.105816367876835557e+03 1.276618685713398982e+01 9.170756757259314329e-02 -1.485262129824645960e+01
1.164000000000000000e+03 1.102925224142345996e+03 1.282281842609804556e+01 9.168366912390024659e-02 -1.412374861114766844e+01
1.165000000000000000e+03 1.099978777357709077e+03 1.288335699875554674e+01 9.165869021777985071e-02 -1.340422720373084431e+01
1.166000000000000000e+03 1.096969488420540529e+03 1.294787774896778743e+01 9.163263365055589194e-02 -1.269440445999618028e+01
1.167000000000000000e+03 1.093904670238262270e+03 1.301623327522607454e+01 9.160550265396426306e-02 -1.199447972619287839e+01
1.168000000000000000e+03 1.090784202757981575e+03 1.308842501646063816e+01 9.157730089010487906e-02 -1.130480146627395577e+01
1.169000000000000000e+03 1.087615389752066903e+03 1.316445468321761858e+01 9.154803244600732970e-02 -1.062557014912907327e+01
1.170000000000000000e+03 1.084390673856684771e+03 1.324410140522039647e+01 9.151770182780671892e-02 -9.957061120128845033e+00
1.171000000000000000e+03 1.081117350066044992e+03 1.332751599734648096e+01 9.148631395452699877e-02 -9.299624621950885128e+00
1.172000000000000000e+03 1.077795280778592314e+03 1.341455240595104215e+01 9.145387415157062161e-02 -8.653388681180304687e+00
1.173000000000000000e+03 1.074424324247590448e+03 1.350513912411571305e+01 9.142038814390343604e-02 -8.018704829714117466e+00
1.174000000000000000e+03 1.071004334684568903e+03 1.359927918927637158e+01 9.138586204892676368e-02 -7.395813849162422571e+00
1.175000000000000000e+03 1.067535162365553333e+03 1.369690161373831572e+01 9.135030236916157065e-02 -6.784882932528874200e+00
1.176000000000000000e+03 1.064024082090015554e+03 1.379786138208999979e+01 9.131371598470906792e-02 -6.186154270904781427e+00
1.177000000000000000e+03 1.060470936591214013e+03 1.390216229901873390e+01 9.127611014555733759e-02 -5.599826219306801356e+00
1.178000000000000000e+03 1.056868136648837890e+03 1.400980841950948275e+01 9.123749246372583888e-02 -5.026135027716211567e+00
1.179000000000000000e+03 1.053230374604124336e+03 1.412065547894008688e+01 9.119787090534078877e-02 -4.465288004849621295e+00
1.180000000000000000e+03 1.049550054373612511e+03 1.423463374058644426e+01 9.115725378264274981e-02 -3.917508106911212096e+00
1.181000000000000000e+03 1.045827004966200093e+03 1.435167370901612216e+01 9.111564974588697019e-02 -3.382989385860399434e+00
1.182000000000000000e+03 1.042068480599682061e+03 1.447178041038616669e+01 9.107306777536972042e-02 -2.861904435840081806e+00
1.183000000000000000e+03 1.038274304116947405e+03 1.459481053863124700e+01 9.102951717335609760e-02 -2.354457152240061468e+00
1.184000000000000000e+03 1.034444295452784218e+03 1.472076958607039820e+01 9.098500755612247415e-02 -1.860826293699932688e+00
1.185000000000000000e+03 1.030578271749986925e+03 1.484944042239329143e+01 9.093954884610452871e-02 -1.381206355177551526e+00
1.186000000000000000e+03 1.026676047474746383e+03 1.498090327557960144e+01 9.089315126407788992e-02 -9.157852997064397371e-01
1.187000000000000000e+03 1.022744862881299355e+03 1.511501574368726786e+01 9.084582532153774592e-02 -4.647408606833461908e-01
1.188000000000000000e+03 1.018784527424597968e+03 1.525170992507317713e+01 9.079758181321388733e-02 -2.819895921241896350e-02
1.189000000000000000e+03 1.014794848222269025e+03 1.539091813100730022e+01 9.074843180973304890e-02 3.937061105214098022e-01
1.190000000000000000e+03 1.010768201814410872e+03 1.553257288169629824e+01 9.069838665049109738e-02 8.008613792981695845e-01
1.191000000000000000e+03 1.006726676023044888e+03 1.567653261871264725e+01 9.064745793672625285e-02 1.193145474500157510e+00
1.192000000000000000e+03 1.002655214906065567e+03 1.582280455134289276e+01 9.059565752481109346e-02 1.570428605555740598e+00
1.193000000000000000e+03 9.985610456633036165e+02 1.597132180183133521e+01 9.054299751973285404e-02 1.932602263202211068e+00
1.194000000000000000e+03 9.944513936875961235e+02 1.612186911754012542e+01 9.048949026887879998e-02 2.279534635676087717e+00
1.195000000000000000e+03 9.903186259637816420e+02 1.627445428403740735e+01 9.043514835593677303e-02 2.611144878949569925e+00
1.196000000000000000e+03 9.861625362165627848e+02 1.642901098657700132e+01 9.037998459516451144e-02 2.927358533817000730e+00
1.197000000000000000e+03 9.819903450052094058e+02 1.658547308900635997e+01 9.032401202577071408e-02 3.228092656847849629e+00
1.198000000000000000e+03 9.778092714655994087e+02 1.674362606208414661e+01 9.026724390662146935e-02 3.513285521918367849e+00
1.199000000000000000e+03 9.736116766996116212e+02 1.690355267973660958e+01 9.020969371108281121e-02 3.782770326875674716e+00
1.200000000000000000e+03 9.693973489134289139e+02 1.706503874619933825e+01 9.015137512214695115e-02 4.036616886766440260e+00
1.201000000000000000e+03 9.651734754482364451e+02 1.722809472165086575e+01 9.009230202771267848e-02 4.274593583304979738e+00
1.202000000000000000e+03 9.609397019990877880e+02 1.739258923780439758e+01 9.003248851607996428e-02 4.496826309720663772e+00
1.203000000000000000e+03 9.566956452099150283e+02 1.755839272175073873e+01 8.997194887155814114e-02 4.703139506726549790e+00
1.204000000000000000e+03 9.524483491574538903e+02 1.772559859529575377e+01 8.991069757033455512e-02 4.893579337184559286e+00
1.205000000000000000e+03 9.481900003778218888e+02 1.789392900173267975e+01 8.984874927636068986e-02 5.068042260344842731e+00
1.206000000000000000e+03 9.439276413432430672e+02 1.806347763559177722e+01 8.978611883743235766e-02 5.226572158159110693e+00
1.207000000000000000e+03 9.396608854856100379e+02 1.823396690227473371e+01 8.972282128129606404e-02 5.369137477634208011e+00
1.208000000000000000e+03 9.353967739700802895e+02 1.840556503117855058e+01 8.965887181189988175e-02 5.495631224256958269e+00
1.209000000000000000e+03 9.311349190666740014e+02 1.857799466820168988e+01 8.959428580559984645e-02 5.606168089997948911e+00
1.210000000000000000e+03 9.268675042215892290e+02 1.875127570524719545e+01 8.952907880746183156e-02 5.700638746863568862e+00
1.211000000000000000e+03 9.226015691787180231e+02 1.892527957363078883e+01 8.946326652749896080e-02 5.779229826557297223e+00
1.212000000000000000e+03 9.183441533495915792e+02 1.909995208895887231e+01 8.939686483690677254e-02 5.841903931685809681e+00
1.213000000000000000e+03 9.140874391832419406e+02 1.927523916194697051e+01 8.932988976421456229e-02 5.888622482571784111e+00
1.214000000000000000e+03 9.098384656377138526e+02 1.945108679269382179e+01 8.926235749140223885e-02 5.919419997644627784e+00
1.215000000000000000e+03 9.056042715504630678e+02 1.962729249790663744e+01 8.919428434984191800e-02 5.934404090912248186e+00
1.216000000000000000e+03 9.013696106591132775e+02 1.980387672260299681e+01 8.912568681614804755e-02 5.933532619508455674e+00
1.217000000000000000e+03 8.971489501255485948e+02 1.998071141674985896e+01 8.905658150788749172e-02 5.916910816340041457e+00
1.218000000000000000e+03 8.929419005077995735e+02 2.015774287988793390e+01 8.898698517904010674e-02 5.884568438796734746e+00
1.219000000000000000e+03 8.887480725351795172e+02 2.033484318821174242e+01 8.891691471537610525e-02 5.836459768546436777e+00
1.220000000000000000e+03 8.845596488341026316e+02 2.051195875563141868e+01 8.884638712946299477e-02 5.772835029417736408e+00
1.221000000000000000e+03 8.803985257570116119e+02 2.068896176079897486e+01 8.877541955559346831e-02 5.693497553315801873e+00
1.222000000000000000e+03 8.762420299593223945e+02 2.086587299162509623e+01 8.870402924436213143e-02 5.598695183759478944e+00
1.223000000000000000e+03 8.721120586837711244e+02 2.104249042175692352e+01 8.863223355700441952e-02 5.488526009930006389e+00
1.224000000000000000e+03 8.679933679910333240e+02 2.121883490556763263e+01 8.856004995946144265e-02 5.363012652797688240e+00
1.225000000000000000e+03 8.639004279974652718e+02 2.139477875460597289e+01 8.848749601614365468e-02 5.222473685808429522e+00
1.226000000000000000e+03 8.598254245110423426e+02 2.157026858205634312e+01 8.841458938347339369e-02 5.066929370580726122e+00
1.227000000000000000e+03 8.557754008725457879e+02 2.174517672968033111e+01 8.834134780299576772e-02 4.896473078671161439e+00
1.228000000000000000e+03 8.517499729970301132e+02 2.191952411226748509e+01 8.826778909431684528e-02 4.711419863361308025e+00
1.229000000000000000e+03 8.477561861688250247e+02 2.209318307756868904e+01 8.819393114767062891e-02 4.511786480443030101e+00
1.230000000000000000e+03 8.437862300875553956e+02 2.226610025075011734e+01 8.811979191621163721e-02 4.297737095049319223e+00
1.231000000000000000e+03 8.398397240178811671e+02 2.243814796134070022e+01 8.804538940802039693e-02 4.069360437467694602e+00
1.232000000000000000e+03 8.359237168906455508e+02 2.260934708770120594e+01 8.797074167780742637e-02 3.826966943967454515e+00
1.233000000000000000e+03 8.320452590558369366e+02 2.277942134998274781e+01 8.789586681833444493e-02 3.570494496085005576e+00
1.234000000000000000e+03 8.281891173369979242e+02 2.294846585563754360e+01 8.782078295162727699e-02 3.300251263433696458e+00
1.235000000000000000e+03 8.243697735899470445e+02 2.311635282540485647e+01 8.774550821987318894e-02 3.016247160436857921e+00
1.236000000000000000e+03 8.205794263596521887e+02 2.328302872134717205e+01 8.767006077611931569e-02 2.718713839563084100e+00
1.237000000000000000e+03 8.168251327415745209e+02 2.344829139039188703e+01 8.759445877473305553e-02 2.407807566487643491e+00
1.238000000000000000e+03 8.131065234422831054e+02 2.361223575942100439e+01 8.751872036171162716e-02 2.083757796713958221e+00
1.239000000000000000e+03 8.094232312421238476e+02 2.377465956135391068e+01 8.744286366478767891e-02 1.746718618621846186e+00
1.240000000000000000e+03 8.057748911084551082e+02 2.393550903029565191e+01 8.736690678338575322e-02 1.396917330954222436e+00
1.241000000000000000e+03 8.021685686597043059e+02 2.409480461220060477e+01 8.729086777845440626e-02 1.034580170216797379e+00
1.242000000000000000e+03 7.986039035789790432e+02 2.425241810856622138e+01 8.721476466223475332e-02 6.599323219928996398e-01
1.243000000000000000e+03 7.950731097282115343e+02 2.440822123767676999e+01 8.713861538790237948e-02 2.731236491607132999e-01
1.244000000000000000e+03 7.915832603128037590e+02 2.456223419588654266e+01 8.706243783923595103e-02 -1.256970124867740901e-01
1.245000000000000000e+03 7.881340029442305877e+02 2.471425423442725133e+01 8.698624982018375584e-02 -5.361738479267600388e-01
1.246000000000000000e+03 7.847324164530605231e+02 2.486437563828900466e+01 8.691006904453744963e-02 -9.581377525782283078e-01
1.247000000000000000e+03 7.813707259495920425e+02 2.501239545260952113e+01 8.683391312556916486e-02 -1.391361183474742580e+00
1.248000000000000000e+03 7.780560163348105789e+02 2.515833346164819417e+01 8.675779956581464170e-02 -1.835625000776889726e+00
1.249000000000000000e+03 7.747805190076189774e+02 2.530198648227719715e+01 8.668174574689864464e-02 -2.290711025417207836e+00
1.250000000000000000e+03 7.715587537222968422e+02 2.544337405955365838e+01 8.660576891953147838e-02 -2.756372311334990943e+00
1.251000000000000000e+03 7.683755295059386299e+02 2.558251608198530747e+01 8.652988619363581602e-02 -3.232340120878179679e+00
1.252000000000000000e+03 7.652379410073732515e+02 2.571921133917681956e+01 8.645411452869121438e-02 -3.718344880096254634e+00
1.253000000000000000e+03 7.621530857490276958e+02 2.585348180407686058e+01 8.637847072423497641e-02 -4.214124906370758872e+00
1.254000000000000000e+03 7.591132082564981829e+02 2.598534930608660787e+01 8.630297141067319600e-02 -4.719434259245844920e+00
1.255000000000000000e+03 7.561254135515511052e+02 2.611468695889347913e+01 8.622763304025504727e-02 -5.233998154242034850e+00
1.256000000000000000e+03 7.531893821897918997e+02 2.624144200587846498e+01 8.615247187843493026e-02 -5.757572373242891395e+00
1.257000000000000000e+03 7.503047986955432407e+02 2.636556153157635407e+01 8.607750399545278930e-02 -6.289903877496897167e+00
1.258000000000000000e+03 7.474713516424907311e+02 2.648714102370777113e+01 8.600274525828073557e-02 -6.830735098996449040e+00
1.259000000000000000e+03 7.446813053799207864e+02 2.660590438375474420e+01 8.592821132288261388e-02 -7.379814322785372305e+00
1.260000000000000000e+03 7.419566418561537375e+02 2.672202104064887607e+01 8.585391762681512939e-02 -7.936886755241065572e+00
1.261000000000000000e+03 7.392747771837911159e+02 2.683528882747354771e+01 8.577987938221753872e-02 -8.501707134261422993e+00
1.262000000000000000e+03 7.366502735556694006e+02 2.694565396128198032e+01 8.570611156915676487e-02 -9.074022625743511483e+00
1.263000000000000000e+03 7.340828408516900936e+02 2.705313675496766024e+01 8.563262892934771220e-02 -9.653587067397008781e+00
1.264000000000000000e+03 7.315647650429643818e+02 2.715775732920875996e+01 8.555944596027831306e-02 -1.024013272209480618e+01
1.265000000000000000e+03 7.291031932917353515e+02 2.725931275748332538e+01 8.548657690967402523e-02 -1.083339254370986104e+01
1.266000000000000000e+03 7.266904205948223989e+02 2.735782276268424340e+01 8.541403577045247886e-02 -1.143306301585894857e+01
1.267000000000000000e+03 7.243410315745932166e+02 2.745330686229089068e+01 8.534183627593143473e-02 -1.203887098726302440e+01
1.268000000000000000e+03 7.220473304125021059e+02 2.754571008062659487e+01 8.526999189554744507e-02 -1.265052165322147815e+01
1.269000000000000000e+03 7.198090542805066434e+02 2.763497722820384439e+01 8.519851583085369384e-02 -1.326772082031151712e+01
1.270000000000000000e+03 7.176259450166862734e+02 2.772112718115374719e+01 8.512742101197448563e-02 -1.389021945586613427e+01
1.271000000000000000e+03 7.154977491466748916e+02 2.780403002673203972e+01 8.505672009433634662e-02 -1.451765024337850818e+01
1.272000000000000000e+03 7.134316462510207657e+02 2.788370419343066686e+01 8.498642545581776286e-02 -1.514985440876193934e+01
1.273000000000000000e+03 7.114199639273748517e+02 2.796009359666195593e+01 8.491654919421742775e-02 -1.578637657112727943e+01
1.274000000000000000e+03 7.094617200151355974e+02 2.803321620204745912e+01 8.484710312501747564e-02 -1.642705898914933016e+01
1.275000000000000000e+03 7.075641082705810732e+02 2.810308973829324586e+01 8.477809877947313499e-02 -1.707152155465479382e+01
1.276000000000000000e+03 7.057246703277032793e+02 2.816958312665879305e+01 8.470954740301185615e-02 -1.771953318800678545e+01
1.277000000000000000e+03 7.039431810565986325e+02 2.823278789504142949e+01 8.464145995382271748e-02 -1.837078896524368687e+01
1.278000000000000000e+03 7.022194200531569095e+02 2.829257247363338124e+01 8.457384710181331533e-02 -1.902491009550850976e+01
1.279000000000000000e+03 7.005531716308224759e+02 2.834887932570599745e+01 8.450671922769578681e-02 -1.968174103227976701e+01
1.280000000000000000e+03 6.989449676446126887e+02 2.840187351149325323e+01 8.444008642230015071e-02 -2.034090374937857248e+01
1.281000000000000000e+03 6.973946018075303073e+02 2.845127413365399605e+01 8.437395848610025617e-02 -2.100216913531388485e+01
1.282000000000000000e+03 6.959018725097641891e+02 2.849724573639513636e+01 8.430834492885054543e-02 -2.166515983592650230e+01
1.283000000000000000e+03 6.944665828008203334e+02 2.853972975115269151e+01 8.424325496945288261e-02 -2.232964736488487034e+01
1.284000000000000000e+03 6.930885403698534901e+02 2.857859306091289398e+01 8.417869753580632664e-02 -2.299525494600389308e+01
1.285000000000000000e+03 6.917683003594651154e+02 2.861392513165275631e+01 8.411468126486749963e-02 -2.366175462343840863e+01
1.286000000000000000e+03 6.905049368380804253e+02 2.864566659237459234e+01 8.405121450273700390e-02 -2.432884438722592435e+01
1.287000000000000000e+03 6.892990141164093529e+02 2.867390636678155857e+01 8.398830530476160405e-02 -2.499622243271840105e+01
1.288000000000000000e+03 6.881496153828406932e+02 2.869851025355098884e+01 8.392596143574351797e-02 -2.566351285290112472e+01
1.289000000000000000e+03 6.870565711833577325e+02 2.871956662525740711e+01 8.386419037008011057e-02 -2.633041418112404131e+01
1.290000000000000000e+03 6.860212022309510758e+02 2.873708929239460019e+01 8.380299929197757014e-02 -2.699669936674685999e+01
1.291000000000000000e+03 6.850418623695952647e+02 2.875101750153341840e+01 8.374239509555056471e-02 -2.766199290020892221e+01
1.292000000000000000e+03 6.841183955584357363e+02 2.876143878411435395e+01 8.368238438494143838e-02 -2.832606792256304118e+01
1.293000000000000000e+03 6.832506501758487047e+02 2.876836610435412567e+01 8.362297347438797657e-02 -2.898847478344743323e+01
1.294000000000000000e+03 6.824392218287891865e+02 2.877166357428770382e+01 8.356416838818062076e-02 -2.964913528456514413e+01
1.295000000000000000e+03 6.816817391523273955e+02 2.877141786995704109e+01 8.350597486055369445e-02 -3.030759982010826548e+01
1.296000000000000000e+03 6.809795492999810449e+02 2.876764109621041143e+01 8.344839833553324704e-02 -3.096364162023118638e+01
1.297000000000000000e+03 6.803310324041273134e+02 2.876027078564595385e+01 8.339144396661905823e-02 -3.161695959251299115e+01
1.298000000000000000e+03 6.797368013974157748e+02 2.874939274819797674e+01 8.333511661640842505e-02 -3.226725258096595894e+01
1.299000000000000000e+03 6.791952449794995346e+02 2.873486965283941785e+01 8.327942085612959067e-02 -3.291429362509254020e+01
1.300000000000000000e+03 6.787062417697148931e+02 2.871686101145132497e+01 8.322436096498957159e-02 -3.355770708499532162e+01
1.301000000000000000e+03 6.782696986415346601e+02 2.869522790303490467e+01 8.316994092949588080e-02 -3.419734416180219938e+01
1.302000000000000000e+03 6.778848799452504181e+02 2.867019850308910733e+01 8.311616444266196890e-02 -3.483277527058860557e+01
1.303000000000000000e+03 6.775510782437138459e+02 2.864162827012457058e+01 8.306303490304416115e-02 -3.546394618614063887e+01
1.304000000000000000e+03 6.772675902661711689e+02 2.860952093734359991e+01 8.301055541378986324e-02 -3.609043105672583351e+01
1.305000000000000000e+03 6.770359453939478271e+02 2.857402851268418686e+01 8.295872878146076657e-02 -3.671210093176308931e+01
1.306000000000000000e+03 6.768532201262486296e+02 2.853507986149019615e+01 8.290755751493616987e-02 -3.732860375359976501e+01
1.307000000000000000e+03 6.767202092467671264e+02 2.849267784084277366e+01 8.285704382407785284e-02 -3.793973575147931143e+01
1.308000000000000000e+03 6.766362259600308562e+02 2.844689930002001077e+01 8.280718961849679871e-02 -3.854529285116458936e+01
1.309000000000000000e+03 6.766005875430200831e+02 2.839767223058694157e+01 8.275799650616053049e-02 -3.914499636824932338e+01
1.310000000000000000e+03 6.766118724916100291e+02 2.834507290114020250e+01 8.270946579202273496e-02 -3.973849298516954320e+01
1.311000000000000000e+03 6.766708918418745498e+02 2.828910300767170938e+01 8.266159847660732585e-02 -4.032572614593684079e+01
1.312000000000000000e+03 6.767762321407009267e+02 2.822976395807762984e+01 8.261439525466837686e-02 -4.090634176555919765e+01
1.313000000000000000e+03 6.769272267660376201e+02 2.816705687329957897e+01 8.256785651377451796e-02 -4.148005962522542944e+01
1.314000000000000000e+03 6.771232130712086246e+02 2.810105687210143088e+01 8.252198233301798191e-02 -4.204682191722316986e+01
1.315000000000000000e+03 6.773635323632515792e+02 2.803183878897326053e+01 8.247677248171897402e-02 -4.260619895508269650e+01
1.316000000000000000e+03 6.776475298800568225e+02 2.795932860866323111e+01 8.243222641827296915e-02 -4.315813198702602449e+01
1.317000000000000000e+03 6.779745547661074170e+02 2.788374916885877042e+01 8.238834328901502302e-02 -4.370241319014216685e+01
1.318000000000000000e+03 6.783439600466216461e+02 2.780495161045741170e+01 8.234512192728833668e-02 -4.423875993285980712e+01
1.319000000000000000e+03 6.787551025998993737e+02 2.772315821451096340e+01 8.230256085262434296e-02 -4.476696332120729238e+01
1.320000000000000000e+03 6.792066002926544570e+02 2.763829385274609152e+01 8.226065827001254049e-02 -4.528688817836001590e+01
1.321000000000000000e+03 6.796985604532662819e+02 2.755043169074414067e+01 8.221941206947919190e-02 -4.579825017397958931e+01
1.322000000000000000e+03 6.802303513325230142e+02 2.745964462322105604e+01 8.217881982574250233e-02 -4.630091293837619304e+01
1.323000000000000000e+03 6.807998592318801911e+02 2.736593099292766595e+01 8.213887879813243365e-02 -4.679466519246503253e+01
1.324000000000000000e+03 6.814072026391710324e+02 2.726936316017312478e+01 8.209958593073025945e-02 -4.727929501205036900e+01
1.325000000000000000e+03 6.820510180112194121e+02 2.716986465494949954e+01 8.206093785280252351e-02 -4.775458980892940275e+01
1.326000000000000000e+03 6.827306882336648641e+02 2.706758159718762613e+01 8.202293087940251692e-02 -4.822041059582631561e+01
1.327000000000000000e+03 6.834455997375769130e+02 2.696251128209710046e+01 8.198556101232581939e-02 -4.867661768465316641e+01
1.328000000000000000e+03 6.841943996128464960e+02 2.685465075013053493e+01 8.194882394132359249e-02 -4.912292210160455141e+01
1.329000000000000000e+03 6.849757383883168131e+02 2.674414535705221496e+01 8.191271504562322447e-02 -4.955918270360755429e+01
1.330000000000000000e+03 6.857897556435480055e+02 2.663099164309405253e+01 8.187722939572536496e-02 -4.998533187760295959e+01
1.331000000000000000e+03 6.866351086069875009e+02 2.651526018672863572e+01 8.184236175557366155e-02 -5.040115267316877379e+01
1.332000000000000000e+03 6.875097149257793490e+02 2.639694704102754841e+01 8.180810658496723287e-02 -5.080650163650954454e+01
1.333000000000000000e+03 6.884144667721690212e+02 2.627612230412453798e+01 8.177445804240272842e-02 -5.120123451078918464e+01
1.334000000000000000e+03 6.893472880910785534e+02 2.615293012276687890e+01 8.174140998812438885e-02 -5.158513193682077969e+01
1.335000000000000000e+03 6.903068486995204012e+02 2.602729156194709148e+01 8.170895598759521372e-02 -5.195804800462318696e+01
1.336000000000000000e+03 6.912933070424630841e+02 2.589935030964813123e+01 8.167708931526690419e-02 -5.231998452183778170e+01
1.337000000000000000e+03 6.923045959351591137e+02 2.576910126314722405e+01 8.164580295862966519e-02 -5.267071958149527688e+01
1.338000000000000000e+03 6.933408794874329715e+02 2.563668766692607193e+01 8.161508962268070044e-02 -5.301017896517540606e+01
1.339000000000000000e+03 6.944000960044523936e+02 2.550202969914050044e+01 8.158494173460471843e-02 -5.333813899501466693e+01
1.340000000000000000e+03 6.954809292346467373e+02 2.536534446019979328e+01 8.155535144879907938e-02 -5.365459793761028351e+01
1.341000000000000000e+03 6.965835511095754100e+02 2.522647742538374160e+01 8.152631065221334350e-02 -5.395940457327515105e+01
1.342000000000000000e+03 6.977059074708204207e+02 2.508571956758542498e+01 8.149781096995169227e-02 -5.425233246668686604e+01
1.343000000000000000e+03 6.988474321444647330e+02 2.494291595957028562e+01 8.146984377114835363e-02 -5.453345137192934544e+01
1.344000000000000000e+03 7.000060754978578643e+02 2.479828289686460607e+01 8.144240017509504770e-02 -5.480253295238665601e+01
1.345000000000000000e+03 7.011820185093077953e+02 2.465173935066409072e+01 8.141547105764646020e-02 -5.505949647006079317e+01
1.346000000000000000e+03 7.023732156504025852e+02 2.450342695685077032e+01 8.138904705778349236e-02 -5.530426020726097391e+01
1.347000000000000000e+03 7.035791089517205137e+02 2.435333860304641718e+01 8.136311858446142187e-02 -5.553674145569352305e+01
1.348000000000000000e+03 7.047976565516519258e+02 2.420154128375107305e+01 8.133767582357886994e-02 -5.575678222244803806e+01
1.349000000000000000e+03 7.060290467590104981e+02 2.404817610503716452e+01 8.131270874517550207e-02 -5.596429778689386580e+01
1.350000000000000000e+03 7.072712409291656286e+02 2.389330972230051486e+01 8.128820711073846128e-02 -5.615942525798341478e+01
1.351000000000000000e+03 7.085237108562872663e+02 2.373693283667908815e+01 8.126416048064243058e-02 -5.634207573501872446e+01
1.352000000000000000e+03 7.097852801482624727e+02 2.357917852524307278e+01 8.124055822170223040e-02 -5.651215076250139191e+01
1.353000000000000000e+03 7.110570254555175325e+02 2.342002963710924490e+01 8.121738951483548075e-02 -5.666969727546229052e+01
1.354000000000000000e+03 7.123303676626961760e+02 2.325976600784137460e+01 8.119464336275887539e-02 -5.681468686984816685e+01
1.355000000000000000e+03 7.136160423385132390e+02 2.309822162946753110e+01 8.117230859774443585e-02 -5.694701579491690069e+01
1.356000000000000000e+03 7.149069578686169280e+02 2.293560177410294898e+01 8.115037388941581664e-02 -5.706672779657296246e+01
1.357000000000000000e+03 7.162034517310191859e+02 2.277196301457956906e+01 8.112882775247563794e-02 -5.717379126012558288e+01
1.358000000000000000e+03 7.175058620311135655e+02 2.260721322964328550e+01 8.110765855451679274e-02 -5.726809920399671938e+01
1.359000000000000000e+03 7.188070990375994143e+02 2.244155731021514555e+01 8.108685452372367541e-02 -5.734976640788596569e+01
1.360000000000000000e+03 7.201075017702667083e+02 2.227505146367008138e+01 8.106640375653624553e-02 -5.741860942285991598e+01
1.361000000000000000e+03 7.214074095383354006e+02 2.210767750267924470e+01 8.104629422523219884e-02 -5.747466655093278831e+01
1.362000000000000000e+03 7.227145901807845121e+02 2.193949141759959431e+01 8.102651378546196770e-02 -5.751797499008346648e+01
1.363000000000000000e+03 7.240145265570914717e+02 2.177062338190179247e+01 8.100705018361700760e-02 -5.754842226324047516e+01
1.364000000000000000e+03 7.253149865422836911e+02 2.160105490713244336e+01 8.098789106409480520e-02 -5.756611763225482292e+01
1.365000000000000000e+03 7.266163095214494660e+02 2.143091598243414708e+01 8.096902397645314164e-02 -5.757109496082457412e+01
1.366000000000000000e+03 7.279039779370799579e+02 2.126026222958683576e+01 8.095043638238630379e-02 -5.756331271190799725e+01
1.367000000000000000e+03 7.291931872903530802e+02 2.108914919209637162e+01 8.093211566252528355e-02 -5.754280251262441936e+01
1.368000000000000000e+03 7.304768475914535202e+02 2.091755805731360951e+01 8.091404912314358044e-02 -5.750959486913324525e+01
1.369000000000000000e+03 7.317478683147543279e+02 2.074569279609985273e+01 8.089622400259227630e-02 -5.746371916550532433e+01
1.370000000000000000e+03 7.330214433564178762e+02 2.057360875100189190e+01 8.087862747762172844e-02 -5.740527794658932237e+01
1.371000000000000000e+03 7.342756241417113188e+02 2.040121264196972461e+01 8.086124666947606954e-02 -5.733429835086592874e+01
1.372000000000000000e+03 7.355256030393084075e+02 2.022878255662015334e+01 8.084406864982134067e-02 -5.725080639430736085e+01
1.373000000000000000e+03 7.367642864735885269e+02 2.005622512098418753e+01 8.082708044645349477e-02 -5.715490125473683491e+01
1.374000000000000000e+03 7.379920082424207521e+02 1.988366977332373864e+01 8.081026904884719420e-02 -5.704668098968429035e+01
1.375000000000000000e+03 7.392016727359124388e+02 1.971117163594048804e+01 8.079362141345958204e-02 -5.692616825474497233e+01
1.376000000000000000e+03 7.404010399088288068e+02 1.953886008801956464e+01 8.077712446892230946e-02 -5.679338458944666002e+01
1.377000000000000000e+03 7.415904401538809907e+02 1.936664163747596845e+01 8.076076512098261106e-02 -5.664849898712273557e+01
1.378000000000000000e+03 7.427627742280609482e+02 1.919471991134367883e+01 8.074453025726840982e-02 -5.649153076427436559e+01
1.379000000000000000e+03 7.439183698816935930e+02 1.902307567714250069e+01 8.072840675193004856e-02 -5.632257241495290145e+01
1.380000000000000000e+03 7.450501250886105709e+02 1.885183826628522041e+01 8.071238147005282970e-02 -5.614156676462924622e+01
1.381000000000000000e+03 7.461732213798395605e+02 1.868091416246728542e+01 8.069644127195944872e-02 -5.594875267608586711e+01
1.382000000000000000e+03 7.472731253264453244e+02 1.851050699209146444e+01 8.068057301737631415e-02 -5.574407078677200644e+01
1.383000000000000000e+03 7.483501585773965417e+02 1.834059754565963374e+01 8.066476356940759096e-02 -5.552760921568907548e+01
1.384000000000000000e+03 7.494046410970806846e+02 1.817124091769135319e+01 8.064899979847654776e-02 -5.529952928625095154e+01
1.385000000000000000e+03 7.504443194550731278e+02 1.800256651262896312e+01 8.063326858601606306e-02 -5.505999124963254587e+01
1.386000000000000000e+03 7.514620817162756339e+02 1.783462948373091450e+01 8.061755682826675373e-02 -5.480922857560795336e+01
1.387000000000000000e+03 7.524508140835217773e+02 1.766748502246330688e+01 8.060185143977449673e-02 -5.454725082635563638e+01
1.388000000000000000e+03 7.534182575412578444e+02 1.750118836437603420e+01 8.058613935700160991e-02 -5.427436364926555967e+01
1.389000000000000000e+03 7.543572943986447399e+02 1.733579479496334130e+01 8.057040754178805553e-02 -5.399064880118011445e+01
1.390000000000000000e+03 7.552756616354402013e+02 1.717143393900796866e+01 8.055464298477657548e-02 -5.369626129162558215e+01
1.391000000000000000e+03 7.561662374465105358e+02 1.700808691589316979e+01 8.053883270886916246e-02 -5.339142939248943520e+01
1.392000000000000000e+03 7.570293262385839625e+02 1.684588347940698938e+01 8.052296377260834137e-02 -5.307615751413734273e+01
1.393000000000000000e+03 7.578726585766063408e+02 1.668480488949803942e+01 8.050702327364329947e-02 -5.275067191699689317e+01
1.394000000000000000e+03 7.586816777293209952e+02 1.652490676851708074e+01 8.049099835210400677e-02 -5.241504930504833482e+01
1.395000000000000000e+03 7.594566813671975751e+02 1.636631910691605896e+01 8.047487619414747662e-02 -5.206951397126394454e+01
1.396000000000000000e+03 7.602053931588445721e+02 1.620894913489907552e+01 8.045864403543682986e-02 -5.171406639194308497e+01
1.397000000000000000e+03 7.609281060170515048e+02 1.605300131255939178e+01 8.044228916471406199e-02 -5.134900322348630652e+01
1.398000000000000000e+03 7.616102536948646957e+02 1.589845735093686763e+01 8.042579892746314074e-02 -5.097432304703279726e+01
1.399000000000000000e+03 7.622669808331122567e+02 1.574537335155517148e+01 8.040916072963631700e-02 -5.059039493303131252e+01
1.400000000000000000e+03 7.628837161040574983e+02 1.559380552839559364e+01 8.039236204146281428e-02 -5.019736418665102917e+01
1.401000000000000000e+03 7.634756015856512477e+02 1.544380965440975118e+01 8.037539040136709723e-02 -4.979544372762884308e+01
1.402000000000000000e+03 7.640280737853689743e+02 1.529543939015592180e+01 8.035823341999269454e-02 -4.938467395003005578e+01
1.403000000000000000e+03 7.645488541551031858e+02 1.514867368233106504e+01 8.034087878430562490e-02 -4.896538574168142333e+01
1.404000000000000000e+03 7.650382330068396186e+02 1.500364017843045694e+01 8.032331426189258383e-02 -4.853768628248296579e+01
1.405000000000000000e+03 7.654890694558325777e+02 1.486039238141716545e+01 8.030552770524014561e-02 -4.810168191011275240e+01
1.406000000000000000e+03 7.659016480637608311e+02 1.471898393833281027e+01 8.028750705629594808e-02 -4.765755241905054618e+01
1.407000000000000000e+03 7.662762504306357414e+02 1.457932007832981114e+01 8.026924035103737143e-02 -4.720555107641308012e+01
1.408000000000000000e+03 7.666205834867538442e+02 1.444160331864983071e+01 8.025071572419610610e-02 -4.674570750408381059e+01
1.409000000000000000e+03 7.669200660329959192e+02 1.430573920149092615e+01 8.023192141409908607e-02 -4.627827339616232649e+01
1.410000000000000000e+03 7.671898271335397794e+02 1.417185628333354153e+01 8.021284576764313445e-02 -4.580342540167372078e+01
1.411000000000000000e+03 7.674152792545665989e+02 1.403993472215546845e+01 8.019347724533956723e-02 -4.532126514156372110e+01
1.412000000000000000e+03 7.676041166565540834e+02 1.391010341608611789e+01 8.017380442650370864e-02 -4.483211635996962485e+01
1.413000000000000000e+03 7.677491735835124018e+02 1.378234287395538438e+01 8.015381601450509430e-02 -4.433600495722092205e+01
1.414000000000000000e+03 7.678581376045275420e+02 1.365670807027274769e+01 8.013350084214959645e-02 -4.383340184262996075e+01
1.415000000000000000e+03 7.679238361534897876e+02 1.353317988260452154e+01 8.011284787709258004e-02 -4.332433155046656736e+01
1.416000000000000000e+03 7.679539498711437773e+02 1.341188794637264436e+01 8.009184622733042658e-02 -4.280911509321758501e+01
1.417000000000000000e+03 7.679412991456049440e+02 1.329281352504311187e+01 8.007048514677968243e-02 -4.228792427902802586e+01
1.418000000000000000e+03 7.678935574554944878e+02 1.317601236473760906e+01 8.004875404087147261e-02 -4.176107886438029482e+01
1.419000000000000000e+03 7.678035379118532546e+02 1.306154041473933880e+01 8.002664247216052795e-02 -4.122860087195315515e+01
1.420000000000000000e+03 7.676714782527448051e+02 1.294937954790158052e+01 8.000414016597132139e-02 -4.069088316121526816e+01
1.421000000000000000e+03 7.674976124379727480e+02 1.283958613146525884e+01 7.998123701605046321e-02 -4.014809517966517660e+01
1.422000000000000000e+03 7.672821705953253968e+02 1.273221674726936214e+01 7.995792309016677701e-02 -3.960033154927770482e+01
1.423000000000000000e+03 7.670328073185287394e+02 1.262717962835802865e+01 7.993418863569864974e-02 -3.904790922012941934e+01
1.424000000000000000e+03 7.667348882155733918e+02 1.252468036350586189e+01 7.991002408519534694e-02 -3.849092178916579599e+01
1.425000000000000000e+03 7.663960599613435534e+02 1.242462763260558489e+01 7.988542006182157429e-02 -3.792968522115781127e+01
1.426000000000000000e+03 7.660165368497165446e+02 1.232707891098714548e+01 7.986036738474520946e-02 -3.736444073478627814e+01
1.427000000000000000e+03 7.655891007487970228e+02 1.223201762211002297e+01 7.983485707443759016e-02 -3.679528053937956145e+01
1.428000000000000000e+03 7.651213861092045363e+02 1.213950170766313441e+01 7.980888035782407464e-02 -3.622244498930259482e+01
1.429000000000000000e+03 7.646135948733142413e+02 1.204951506354916368e+01 7.978242867330005705e-02 -3.564632260446858680e+01
1.430000000000000000e+03 7.640659247881067131e+02 1.196211610977270290e+01 7.975549367566404924e-02 -3.506693010645906838e+01
1.431000000000000000e+03 7.634711410202650086e+02 1.187736350971445809e+01 7.972806724076821061e-02 -3.448465527430590072e+01
1.432000000000000000e+03 7.628368611751545814e+02 1.179524188929830864e+01 7.970014147010121008e-02 -3.389958841383895560e+01
1.433000000000000000e+03 7.621558418670588253e+02 1.171573612305601664e+01 7.967170869508392872e-02 -3.331204236318036038e+01
1.434000000000000000e+03 7.614356920945333513e+02 1.163883133658167246e+01 7.964276148124224686e-02 -3.272218109630916416e+01
1.435000000000000000e+03 7.606691598169801409e+02 1.156466147588312943e+01 7.961329263206846918e-02 -3.213031687824241089e+01
1.436000000000000000e+03 7.598638453365319947e+02 1.149313789210760106e+01 7.958329519270290753e-02 -3.153661315228367101e+01
1.437000000000000000e+03 7.590124878813214764e+02 1.142424647768120849e+01 7.955276245335878016e-02 -3.094138169537271210e+01
1.438000000000000000e+03 7.581152506439515264e+02 1.135812195183225981e+01 7.952168795248691635e-02 -3.034471122198707960e+01
1.439000000000000000e+03 7.571797207727132673e+02 1.129475072849307615e+01 7.949006547968107128e-02 -2.974698739014158377e+01
1.440000000000000000e+03 7.562060526658398203e+02 1.123404520160513087e+01 7.945788907831452530e-02 -2.914829855491130672e+01
1.441000000000000000e+03 7.551869679698158961e+02 1.117606659731990071e+01 7.942515304787930996e-02 -2.854895577454642464e+01
1.442000000000000000e+03 7.541226122817500936e+02 1.112080212507519406e+01 7.939185194607292773e-02 -2.794912141460413579e+01
1.443000000000000000e+03 7.530131268045543038e+02 1.106823926257186130e+01 7.935798059056375919e-02 -2.734903202014062273e+01
1.444000000000000000e+03 7.518660767061568322e+02 1.101844004064060911e+01 7.932353406051889655e-02 -2.674899833742814437e+01
1.445000000000000000e+03 7.506741660812128885e+02 1.097139247749139201e+01 7.928850769779476060e-02 -2.614910820168723404e+01
1.446000000000000000e+03 7.494375230177670346e+02 1.092708486336012719e+01 7.925289710786774522e-02 -2.554959797635867602e+01
1.447000000000000000e+03 7.481636996165485698e+02 1.088550576154259630e+01 7.921669816046096602e-02 -2.495085257487250985e+01
1.448000000000000000e+03 7.468453869628292523e+02 1.084664400931776918e+01 7.917990698991522747e-02 -2.435288549790068657e+01
1.449000000000000000e+03 7.454827002030020822e+02 1.081056300226299349e+01 7.914251999526068782e-02 -2.375615597364764753e+01
1.450000000000000000e+03 7.440831785735305175e+02 1.077717784444824289e+01 7.910453384003188204e-02 -2.316075186107024209e+01
1.451000000000000000e+03 7.426469111174576483e+02 1.074655325850000942e+01 7.906594545180846423e-02 -2.256698005634358140e+01
1.452000000000000000e+03 7.411664838743943164e+02 1.071860877846038740e+01 7.902675202151451805e-02 -2.197505773070963642e+01
1.453000000000000000e+03 7.396418894634880417e+02 1.069341355777513414e+01 7.898695100243269263e-02 -2.138519828545720358e+01
1.454000000000000000e+03 7.380805447386024980e+02 1.067096274357886010e+01 7.894654010907239949e-02 -2.079761525679338874e+01
1.455000000000000000e+03 7.364824341305170492e+02 1.065117747683914473e+01 7.890551731570021043e-02 -2.021244805387379273e+01
1.456000000000000000e+03 7.348475380421945147e+02 1.063412774289577278e+01 7.886388085477363807e-02 -1.962983626376625779e+01
1.457000000000000000e+03 7.331758328959591609e+02 1.061980952087263042e+01 7.882162921508902020e-02 -1.905006823983540087e+01
1.458000000000000000e+03 7.314598628324225729e+02 1.060807049998190621e+01 7.877876113980664119e-02 -1.847328398902058311e+01
1.459000000000000000e+03 7.297070248122410021e+02 1.059905578023293415e+01 7.873527562425021442e-02 -1.789962376002689837e+01
1.460000000000000000e+03 7.279172836180346167e+02 1.059276217099790429e+01 7.869117191365795905e-02 -1.732937663140376827e+01
1.461000000000000000e+03 7.260906002588041019e+02 1.058903819047942108e+01 7.864644950067237184e-02 -1.676260911498322770e+01
1.462000000000000000e+03 7.242269320254177956e+02 1.058795548257708674e+01 7.860110812278955916e-02 -1.619961087771221386e+01
1.463000000000000000e+03 7.223262325472618386e+02 1.058951168211803839e+01 7.855514775968483465e-02 -1.564052334481326589e+01
1.464000000000000000e+03 7.203884518498798570e+02 1.059363041398386329e+01 7.850856863045116429e-02 -1.508548828730784841e+01
1.465000000000000000e+03 7.184135364134450583e+02 1.060038414263124729e+01 7.846137119075867472e-02 -1.453464784236923890e+01
1.466000000000000000e+03 7.164088575821575660e+02 1.060969703698139277e+01 7.841355612998408831e-02 -1.398836738400656898e+01
1.467000000000000000e+03 7.143669265731640508e+02 1.062149353621066972e+01 7.836512436825997241e-02 -1.344664127503449258e+01
1.468000000000000000e+03 7.122951079376060761e+02 1.063592119893008459e+01 7.831607705353853255e-02 -1.290976143838775414e+01
1.469000000000000000e+03 7.101859062199110895e+02 1.065275643372365799e+01 7.826641555862487443e-02 -1.237787167569016233e+01
1.470000000000000000e+03 7.080392510689429173e+02 1.067214733261837445e+01 7.821614147822865404e-02 -1.185104197012245031e+01
1.471000000000000000e+03 7.058699256486466993e+02 1.069394511789349878e+01 7.816525662600212754e-02 -1.132956563956875939e+01
1.472000000000000000e+03 7.036629965968255647e+02 1.071822412481693476e+01 7.811376303165615265e-02 -1.081351365449906154e+01
1.473000000000000000e+03 7.014183841866987450e+02 1.074483609873660583e+01 7.806166293807929868e-02 -1.030310607413007240e+01
1.474000000000000000e+03 6.991508623866536709e+02 1.077393017759221827e+01 7.800895879855161696e-02 -9.798489214307201323e+00
1.475000000000000000e+03 6.968454888181138358e+02 1.080528433827551815e+01 7.795565327395241606e-02 -9.299884232630663661e+00
1.476000000000000000e+03 6.945170316164571886e+02 1.083904822942697876e+01 7.790174923013513941e-02 -8.807290012288824244e+00
1.477000000000000000e+03 6.921579710376794310e+02 1.087507461757479454e+01 7.784724973530766923e-02 -8.321003164132124041e+00
1.478000000000000000e+03 6.897682129172651457e+02 1.091329080219932912e+01 7.779215805750233637e-02 -7.841098059416469646e+00
1.479000000000000000e+03 6.873550887274815295e+02 1.095384718018138592e+01 7.773647766218205746e-02 -7.367709124069488524e+00
1.480000000000000000e+03 6.849110705833327302e+02 1.099652297511774179e+01 7.768021220991704057e-02 -6.901023426984611575e+00
1.481000000000000000e+03 6.824434846996691704e+02 1.104146906957509344e+01 7.762336555413841543e-02 -6.441169271091632176e+00
1.482000000000000000e+03 6.799447980457060794e+02 1.108846516718834607e+01 7.756594173901074085e-02 -5.988283064505432129e+00
1.483000000000000000e+03 6.774223318009754848e+02 1.113758834120216612e+01 7.750794499743418609e-02 -5.542472194436394162e+00
1.484000000000000000e+03 6.748834047092377659e+02 1.118876733037203053e+01 7.744937974904519962e-02 -5.103874469312328799e+00
1.485000000000000000e+03 6.723130480816475938e+02 1.124200538628613621e+01 7.739025059842444265e-02 -4.672613563648689627e+00
1.486000000000000000e+03 6.697260043019724662e+02 1.129715741957227948e+01 7.733056233332130658e-02 -4.248799032666076947e+00
1.487000000000000000e+03 6.671073000776808612e+02 1.135430141402622617e+01 7.727031992299381036e-02 -3.832578324999463604e+00
1.488000000000000000e+03 6.644716732947152877e+02 1.141336700561829254e+01 7.720952851659511340e-02 -3.424055084737482879e+00
1.489000000000000000e+03 6.618190029685333684e+02 1.147428404592237605e+01 7.714819344169550341e-02 -3.023348591746209291e+00
1.490000000000000000e+03 6.591380234716273208e+02 1.153705688194935952e+01 7.708632020276118268e-02 -2.630558861569629148e+00
1.491000000000000000e+03 6.564397521619902136e+02 1.160154150187925204e+01 7.702391447978997052e-02 -2.245788200412819791e+00
1.492000000000000000e+03 6.537225761893294020e+02 1.166781694872410924e+01 7.696098212692693841e-02 -1.869141217526157694e+00
1.493000000000000000e+03 6.509871092481052983e+02 1.173581389887889692e+01 7.689752917112203934e-02 -1.500732265553039735e+00
1.494000000000000000e+03 6.482332202902290419e+02 1.180538894160234520e+01 7.683356181080981673e-02 -1.140659452911344518e+00
1.495000000000000000e+03 6.454622620833048359e+02 1.187662170892262026e+01 7.676908641459832816e-02 -7.890247115535833355e-01
1.496000000000000000e+03 6.426748427592044663e+02 1.194944345394009488e+01 7.670410951992152893e-02 -4.459159797451789919e-01
1.497000000000000000e+03 6.398723115383622826e+02 1.202371133006700532e+01 7.663863783171483146e-02 -1.113849274347065710e-01
1.498000000000000000e+03 6.370545302796546139e+02 1.209950552069899388e+01 7.657267822102345467e-02 2.144861785727056602e-01
1.499000000000000000e+03 6.342228448762732569e+02 1.217668353378848245e+01 7.650623772354252228e-02 5.316290350975635404e-01
1.500000000000000000e+03 6.313778568073543056e+02 1.225525161487475678e+01 7.643932353815979797e-02 8.399670083189568759e-01
1.501000000000000000e+03 6.285201465053265792e+02 1.233514318651479336e+01 7.637194302534600077e-02 1.139421412162304081e+00
1.502000000000000000e+03 6.256517005085904657e+02 1.241629701063615876e+01 7.630410370547230370e-02 1.429930361491647650e+00
1.503000000000000000e+03 6.227715130877206775e+02 1.249872758389387606e+01 7.623581325705368339e-02 1.711415045810714020e+00
1.504000000000000000e+03 6.198808056774821580e+02 1.258230098793462837e+01 7.616707951485333916e-02 1.983840289622841757e+00
1.505000000000000000e+03 6.169807984345873137e+02 1.266710630211204247e+01 7.609791046781606838e-02 2.247140261743169276e+00
1.506000000000000000e+03 6.140712246319513952e+02 1.275293561411681331e+01 7.602831425693785949e-02 2.501255610272514307e+00
1.507000000000000000e+03 6.111525592296175091e+02 1.283987828309195933e+01 7.595829917291119227e-02 2.746126027877914488e+00
1.508000000000000000e+03 6.082260189422023586e+02 1.292787523366323299e+01 7.588787365360648296e-02 2.981675389131061671e+00
1.509000000000000000e+03 6.052920766379323823e+02 1.301679323443986291e+01 7.581704628143444424e-02 3.207952883610338368e+00
1.510000000000000000e+03 6.023512042444338022e+02 1.310664774347580419e+01 7.574582578045907511e-02 3.424776449944183287e+00
1.511000000000000000e+03 5.994038728211934313e+02 1.319738005267410941e+01 7.567422101334711493e-02 3.632260183942251253e+00
1.512000000000000000e+03 5.964527811388063583e+02 1.328900584966445741e+01 7.560224097812758004e-02 3.830368633251588495e+00
1.513000000000000000e+03 5.934969130746561632e+02 1.338139236213152294e+01 7.552989480473729089e-02 4.019139643942867934e+00
1.514000000000000000e+03 5.905382232057152123e+02 1.347448120312420095e+01 7.545719175134177337e-02 4.198461506488745165e+00
1.515000000000000000e+03 5.875779227126669184e+02 1.356836264932818636e+01 7.538414120048952949e-02 4.368444370169220825e+00
1.516000000000000000e+03 5.846157366257561989e+02 1.366290421829448753e+01 7.531075265500403182e-02 4.528974539355969497e+00
1.517000000000000000e+03 5.816528752473489021e+02 1.375804779716376025e+01 7.523703573369983078e-02 4.680085888730262766e+00
1.518000000000000000e+03 5.786905485658564885e+02 1.385373535385393673e+01 7.516300016689378416e-02 4.821811294389307889e+00
1.519000000000000000e+03 5.757284806711064675e+02 1.394998321523104146e+01 7.508865579167674220e-02 4.954182632362799765e+00
1.520000000000000000e+03 5.727678811812155573e+02 1.404665921125054240e+01 7.501401254701497989e-02 5.077082210529606954e+00
1.521000000000000000e+03 5.698092168255501520e+02 1.414377980359903653e+01 7.493908046865266348e-02 5.190614185456426277e+00
1.522000000000000000e+03 5.668529543689321599e+02 1.424136151330607092e+01 7.486386968381324170e-02 5.294807428118228465e+00
1.523000000000000000e+03 5.638995607018525789e+02 1.433919806484080262e+01 7.478839040575877006e-02 5.389541240529819532e+00
1.524000000000000000e+03 5.609502457666093278e+02 1.443730608172072927e+01 7.471265292812215297e-02 5.474916773795889924e+00
1.525000000000000000e+03 5.580054769791348690e+02 1.453562794708712325e+01 7.463666761911330605e-02 5.550959895041385650e+00
1.526000000000000000e+03 5.550664649915412383e+02 1.463418036528923771e+01 7.456044491560527565e-02 5.617695472256738043e+00
1.527000000000000000e+03 5.521329352800036077e+02 1.473290578945439755e+01 7.448399531706891008e-02 5.675221659545148789e+00
1.528000000000000000e+03 5.492060995781249630e+02 1.483167241606107467e+01 7.440732937936256342e-02 5.723487048761077389e+00
1.529000000000000000e+03 5.462871703002905406e+02 1.493049703001930517e+01 7.433045770846778699e-02 5.762662089569703383e+00
1.530000000000000000e+03 5.433758749649933861e+02 1.502932214873803929e+01 7.425339095411075119e-02 5.792619107876311624e+00
1.531000000000000000e+03 5.404734276281079701e+02 1.512809030020627077e+01 7.417613980333509494e-02 5.813452293690267503e+00
1.532000000000000000e+03 5.375795576355882304e+02 1.522681830107993584e+01 7.409871497401331053e-02 5.825254854362436063e+00
1.533000000000000000e+03 5.346962238908370182e+02 1.532530011726391628e+01 7.402112720831653669e-02 5.828044735225315520e+00
1.534000000000000000e+03 5.318231579360741534e+02 1.542362684303094866e+01 7.394338726620917901e-02 5.821913191137334742e+00
1.535000000000000000e+03 5.289608353830478791e+02 1.552174099461940138e+01 7.386550591888810247e-02 5.806876224412683030e+00
1.536000000000000000e+03 5.261104760025740461e+02 1.561951078836162132e+01 7.378749394232327063e-02 5.782948873652761890e+00
1.537000000000000000e+03 5.232710724727248817e+02 1.571687870232973516e+01 7.370936211075596045e-02 5.750219502970518981e+00
1.538000000000000000e+03 5.204453331459102401e+02 1.581393575449561162e+01 7.363112119032950986e-02 5.708775524600882001e+00
1.539000000000000000e+03 5.176329966189597371e+02 1.591047579639186793e+01 7.355278193275072152e-02 5.658703405403125331e+00
1.540000000000000000e+03 5.148345459918319875e+02 1.600658977582808973e+01 7.347435506907935843e-02 5.600162957253088436e+00
1.541000000000000000e+03 5.120504661143007752e+02 1.610214574709162605e+01 7.339585130361740706e-02 5.533090210308210466e+00
1.542000000000000000e+03 5.092827293357090070e+02 1.619716028320221568e+01 7.331728130793936649e-02 5.457717405182834547e+00
1.543000000000000000e+03 5.065303385723826182e+02 1.629150133666963995e+01 7.323865571503745953e-02 5.374053016468677058e+00
1.544000000000000000e+03 5.037952700631387870e+02 1.638525965180134492e+01 7.315998511366551826e-02 5.282253178662737803e+00
1.545000000000000000e+03 5.010765307620289377e+02 1.647822877500909655e+01 7.308128004285460722e-02 5.182398844449369157e+00
1.546000000000000000e+03 4.983761010890185617e+02 1.657042503418177049e+01 7.300255098657384978e-02 5.074570077363170562e+00
1.547000000000000000e+03 4.956944779877702558e+02 1.666186468306574753e+01 7.292380836865368365e-02 4.958846061316668496e+00
1.548000000000000000e+03 4.930306749909580049e+02 1.675248961268504644e+01 7.284506254786624058e-02 4.835379393993722630e+00
1.549000000000000000e+03 4.903866792930489851e+02 1.684216734630033585e+01 7.276632381322960252e-02 4.704247530094653129e+00
1.550000000000000000e+03 4.877622519650371942e+02 1.693091388491372129e+01 7.268760237959681625e-02 4.565527075443431393e+00
1.551000000000000000e+03 4.851578948496889439e+02 1.701867146914898044e+01 7.260890838337177855e-02 4.419363547104393497e+00
1.552000000000000000e+03 4.825740942748835778e+02 1.710538470988405990e+01 7.253025187853749667e-02 4.265809214655051917e+00
1.553000000000000000e+03 4.800120774462218947e+02 1.719107301482668504e+01 7.245164283293265006e-02 4.105059565354524764e+00
1.554000000000000000e+03 4.774708456577269544e+02 1.727568139932871105e+01 7.237309112470050043e-02 3.937086432944925996e+00
1.555000000000000000e+03 4.749516313480374379e+02 1.735908048160351669e+01 7.229460653902093636e-02 3.762083710967738082e+00
1.556000000000000000e+03 4.724549268036236640e+02 1.744136361200315832e+01 7.221619876507097413e-02 3.580095947874807560e+00
1.557000000000000000e+03 4.699812270344476133e+02 1.752247545082490277e+01 7.213787739323643255e-02 3.391315493977490103e+00
1.558000000000000000e+03 4.675310298119777599e+02 1.760228624718647339e+01 7.205965191253284330e-02 3.195785380684815102e+00
1.559000000000000000e+03 4.651048357046481101e+02 1.768088896846479230e+01 7.198153170823232139e-02 2.993696468063784977e+00
1.560000000000000000e+03 4.627024052758212065e+02 1.775815359476738919e+01 7.190352605973475419e-02 2.785016041172107659e+00
1.561000000000000000e+03 4.603242447844445451e+02 1.783409853199124484e+01 7.182564413865424879e-02 2.570082092211135372e+00
1.562000000000000000e+03 4.579716062133747982e+02 1.790866775692355972e+01 7.174789500704731315e-02 2.348860499913734134e+00
1.563000000000000000e+03 4.556435159554283700e+02 1.798187937991891161e+01 7.167028761588978281e-02 2.121539312249561604e+00
1.564000000000000000e+03 4.533419746826523919e+02 1.805367707363246055e+01 7.159283080367116747e-02 1.888231627364492349e+00
1.565000000000000000e+03 4.510660146882861454e+02 1.812400435232857987e+01 7.151553329518856028e-02 1.649124175791310654e+00
1.566000000000000000e+03 4.488168997522939208e+02 1.819280456775713972e+01 7.143840370042239818e-02 1.404254485395739493e+00
1.567000000000000000e+03 4.465936681499011911e+02 1.826016947210666430e+01 7.136145051365000436e-02 1.153808031079287089e+00
1.568000000000000000e+03 4.443975896788979298e+02 1.832596779651424868e+01 7.128468211253324860e-02 8.978211166930709641e-01
1.569000000000000000e+03 4.422291943352965404e+02 1.839014238117391997e+01 7.120810675738828421e-02 6.365523086961495380e-01
1.570000000000000000e+03 4.400875294928113703e+02 1.845278445501541498e+01 7.113173259052112118e-02 3.701110350024350293e-01
1.571000000000000000e+03 4.379746169263991646e+02 1.851368793094553666e+01 7.105556763560268163e-02 9.856159844793489777e-02
1.572000000000000000e+03 4.358887673094511683e+02 1.857301795370872100e+01 7.097961979711157887e-02 -1.779356677950212073e-01
1.573000000000000000e+03 4.338312657405969617e+02 1.863064234478632741e+01 7.090389685977453726e-02 -4.592209518248770439e-01
1.574000000000000000e+03 4.318026575794576161e+02 1.868650301641644873e+01 7.082840648806063011e-02 -7.451200891864782072e-01
1.575000000000000000e+03 4.298027484569475973e+02 1.874069025169097458e+01 7.075315622561022255e-02 -1.035481687329770528e+00
1.576000000000000000e+03 4.278313471201523726e+02 1.879314556722919605e+01 7.067815349471073816e-02 -1.330125109705819986e+00
1.577000000000000000e+03 4.258897511118984198e+02 1.884381027695711452e+01 7.060340559563259288e-02 -1.628907313315840266e+00
1.578000000000000000e+03 4.239777754399483456e+02 1.889277405597899318e+01 7.052891970604573124e-02 -1.931641119113649552e+00
1.579000000000000000e+03 4.220959810912486887e+02 1.893990352002531097e+01 7.045470288026452199e-02 -2.238184334330704850e+00
1.580000000000000000e+03 4.202434465359963838e+02 1.898521364002108669e+01 7.038076204841953176e-02 -2.548380307672018841e+00
1.581000000000000000e+03 4.184214819119551976e+02 1.902871917223340148e+01 7.030710401563426692e-02 -2.862080196249470632e+00
1.582000000000000000e+03 4.166299148586423939e+02 1.907043465552212069e+01 7.023373546097382014e-02 -3.179135519007221689e+00
1.583000000000000000e+03 4.148685761968700945e+02 1.911022584168499350e+01 7.016066293634358464e-02 -3.499405566749579144e+00
1.584000000000000000e+03 4.131372999384632863e+02 1.914818111042078641e+01 7.008789286530635321e-02 -3.822735098678000654e+00
1.585000000000000000e+03 4.114359232962390251e+02 1.918416576586674438e+01 7.001543154167702565e-02 -4.148976608948286682e+00
1.586000000000000000e+03 4.097657723643182521e+02 1.921826773526870369e+01 6.994328512808280218e-02 -4.477997736454107702e+00
1.587000000000000000e+03 4.081259479535557375e+02 1.925042614922743311e+01 6.987145965433406991e-02 -4.809621819393241182e+00
1.588000000000000000e+03 4.065162969424816310e+02 1.928057990656708398e+01 6.979996101567198519e-02 -5.143691017555896750e+00
1.589000000000000000e+03 4.049374122884138956e+02 1.930881623930893554e+01 6.972879497088885214e-02 -5.480049951216209969e+00
1.590000000000000000e+03 4.033891473687619964e+02 1.933507357673618543e+01 6.965796714032436443e-02 -5.818534539827430407e+00
1.591000000000000000e+03 4.018713588276011137e+02 1.935936439408295229e+01 6.958748300368632067e-02 -6.158986839909267097e+00
1.592000000000000000e+03 4.003846494223894865e+02 1.938162664381783173e+01 6.951734789781288670e-02 -6.501236455332587205e+00
1.593000000000000000e+03 3.989281395306580293e+02 1.940187232104515047e+01 6.944756701423152045e-02 -6.845137660212184727e+00
1.594000000000000000e+03 3.975024385018709268e+02 1.942011317850658259e+01 6.937814539671670333e-02 -7.190515153079604538e+00
1.595000000000000000e+03 3.961074161640146372e+02 1.943628644169097441e+01 6.930908793862967932e-02 -7.537208608109660979e+00
1.596000000000000000e+03 3.947422028350649157e+02 1.945047765806256734e+01 6.924039938023669738e-02 -7.885050371197038999e+00
1.597000000000000000e+03 3.934081606742490180e+02 1.946262356188010756e+01 6.917208430594599944e-02 -8.233880297793467307e+00
1.598000000000000000e+03 3.921044266826307307e+02 1.947273492364194425e+01 6.910414714145234061e-02 -8.583530877359844879e+00
1.599000000000000000e+03 3.908301412183699881e+02 1.948082226562950225e+01 6.903659215086507817e-02 -8.933834642891865130e+00
1.600000000000000000e+03 3.895874193463218944e+02 1.948682157755904854e+01 6.896942343375764284e-02 -9.284631580474989931e+00
1.601000000000000000e+03 3.883739343869913796e+02 1.949081662275857951e+01 6.890264492221818970e-02 -9.635772628298763465e+00
1.602000000000000000e+03 3.871903819460797536e+02 1.949274017274942494e+01 6.883626037793083574e-02 -9.987122782910834218e+00
1.603000000000000000e+03 3.860367300743673695e+02 1.949252420450694956e+01 6.877027338922152289e-02 -1.033854309887693290e+01
1.604000000000000000e+03 3.849129502175430275e+02 1.949032329414504972e+01 6.870468736817114674e-02 -1.068990200909426491e+01
1.605000000000000000e+03 3.838190172201260566e+02 1.948599463208935134e+01 6.863950554778243396e-02 -1.104109759129032753e+01
1.606000000000000000e+03 3.827541664928023124e+02 1.947961800739131633e+01 6.857473097921729099e-02 -1.139195355263503195e+01
1.607000000000000000e+03 3.817191225181520053e+02 1.947112439011767293e+01 6.851036652911875191e-02 -1.174229349483276508e+01
1.608000000000000000e+03 3.807131275093497607e+02 1.946051878186455397e+01 6.844641487702023130e-02 -1.209211174784778464e+01
1.609000000000000000e+03 3.797361699120461367e+02 1.944780593236554722e+01 6.838287851296118158e-02 -1.244110536559450075e+01
1.610000000000000000e+03 3.787882415640206091e+02 1.943306462320804684e+01 6.831975973518500389e-02 -1.278926837580595866e+01
1.611000000000000000e+03 3.778693376876025241e+02 1.941637338464715512e+01 6.825706064800685091e-02 -1.313629749396122648e+01
1.612000000000000000e+03 3.769794568797126431e+02 1.939758764551621439e+01 6.819478315990380735e-02 -1.348218637335776826e+01
1.613000000000000000e+03 3.761178582643904633e+02 1.937678543476073756e+01 6.813292898178176238e-02 -1.382670560275762739e+01
1.614000000000000000e+03 3.752845471478023569e+02 1.935404453154992765e+01 6.807149962543639077e-02 -1.416969982267876382e+01
1.615000000000000000e+03 3.744795321654896156e+02 1.932936818249227784e+01 6.801049640230723281e-02 -1.451108770780031598e+01
1.616000000000000000e+03 3.737028252618767397e+02 1.930268510245202407e+01 6.794992042238325036e-02 -1.485078766599571232e+01
1.617000000000000000e+03 3.729536988319213719e+02 1.927399804246796222e+01 6.788977259345793658e-02 -1.518856925399997948e+01
1.618000000000000000e+03 3.722321713649509434e+02 1.924338379076371552e+01 6.783005362055748166e-02 -1.552435029423530821e+01
1.619000000000000000e+03 3.715375217454711105e+02 1.921077032334607892e+01 6.777076400573986414e-02 -1.585804829077132361e+01
1.620000000000000000e+03 3.708697748911172880e+02 1.917630822271804902e+01 6.771190404806420871e-02 -1.618943184544152203e+01
1.621000000000000000e+03 3.702289588825644273e+02 1.913977641115301864e+01 6.765347384395162256e-02 -1.651856634214265540e+01
1.622000000000000000e+03 3.696143620904701947e+02 1.910139927060928500e+01 6.759547328776102648e-02 -1.684514537876602347e+01
1.623000000000000000e+03 3.690260188045455720e+02 1.906110380918407543e+01 6.753790207265621126e-02 -1.716915930234997845e+01
1.624000000000000000e+03 3.684632235196107217e+02 1.901889108019584285e+01 6.748075969183581213e-02 -1.749037520837523729e+01
1.625000000000000000e+03 3.679260165588833047e+02 1.897483618384438486e+01 6.742404543995103583e-02 -1.780878262578233517e+01
1.626000000000000000e+03 3.674144411893871620e+02 1.892901398545749103e+01 6.736775841489203720e-02 -1.812422208365795839e+01
1.627000000000000000e+03 3.669270578996081440e+02 1.888127626682098281e+01 6.731189751980719282e-02 -1.843653366264192073e+01
1.628000000000000000e+03 3.664646585196894648e+02 1.883177171262120808e+01 6.725646146539528136e-02 -1.874555697953916678e+01
1.629000000000000000e+03 3.660265519888455401e+02 1.878050021144155579e+01 6.720144877249031867e-02 -1.905135402265596412e+01
1.630000000000000000e+03 3.656120499655373237e+02 1.872738714136229987e+01 6.714685777484345752e-02 -1.935361486883217808e+01
1.631000000000000000e+03 3.652212096003395914e+02 1.867258050615271969e+01 6.709268662221924695e-02 -1.965240050374901060e+01
1.632000000000000000e+03 3.648533478015926903e+02 1.861600523652238337e+01 6.703893328363863535e-02 -1.994747425592614221e+01
1.633000000000000000e+03 3.645077840041382728e+02 1.855773460998304358e+01 6.698559555092717388e-02 -2.023882176700292490e+01
1.634000000000000000e+03 3.641853257712537584e+02 1.849776740277311049e+01 6.693267104234484899e-02 -2.052627956023985689e+01
1.635000000000000000e+03 3.638845545497526928e+02 1.843602789237110429e+01 6.688015720647184914e-02 -2.080983216079979314e+01
1.636000000000000000e+03 3.636047969388311571e+02 1.837266299409991532e+01 6.682805132624676514e-02 -2.108924066477021242e+01
1.637000000000000000e+03 3.633468674525392430e+02 1.830774512979115798e+01 6.677635052310555708e-02 -2.136456271048563238e+01
1.638000000000000000e+03 3.631093542709954818e+02 1.824112366353358894e+01 6.672505176126516946e-02 -2.163555819758888532e+01
1.639000000000000000e+03 3.628923333409315433e+02 1.817294488902245675e+01 6.667415185211462980e-02 -2.190220925891258119e+01
1.640000000000000000e+03 3.626951397953130822e+02 1.810328061495643581e+01 6.662364745865041737e-02 -2.216449739762428806e+01
1.641000000000000000e+03 3.625171107125293020e+02 1.803212816802373197e+01 6.657353510000063590e-02 -2.242218062466651674e+01
1.642000000000000000e+03 3.623583278752467436e+02 1.795948467946664451e+01 6.652381115597358341e-02 -2.267523914801970264e+01
1.643000000000000000e+03 3.622181320240413811e+02 1.788542137172112589e+01 6.647447187158680992e-02 -2.292365251074888377e+01
1.644000000000000000e+03 3.620966084511743475e+02 1.781000927812552348e+01 6.642551336165093689e-02 -2.316725101286461097e+01
1.645000000000000000e+03 3.619923584194688146e+02 1.773317067920016399e+01 6.637693161523196272e-02 -2.340593855101322518e+01
1.646000000000000000e+03 3.619054704267655325e+02 1.765490195651166161e+01 6.632872250018327642e-02 -2.363976689148431731e+01
1.647000000000000000e+03 3.618352916257765060e+02 1.757542216310628191e+01 6.628088176748288263e-02 -2.386856424252992781e+01
1.648000000000000000e+03 3.617811705847763619e+02 1.749457875898863080e+01 6.623340505557899494e-02 -2.409223237853801081e+01
1.649000000000000000e+03 3.617432000491796771e+02 1.741244188270981752e+01 6.618628789456004746e-02 -2.431074663053180629e+01
1.650000000000000000e+03 3.617199883640494704e+02 1.732900722099390833e+01 6.613952571027939542e-02 -2.452400731000441780e+01
1.651000000000000000e+03 3.617116461659546189e+02 1.724441780261052060e+01 6.609311382824627212e-02 -2.473198791413476982e+01
1.652000000000000000e+03 3.617183469119877941e+02 1.715866368711857604e+01 6.604704747746560634e-02 -2.493465977489832852e+01
1.653000000000000000e+03 3.617380520370427917e+02 1.707173371672217144e+01 6.600132179401586863e-02 -2.513191882636569829e+01
1.654000000000000000e+03 3.617724381438720798e+02 1.698361658050771439e+01 6.595593182453371450e-02 -2.532366023341508665e+01
1.655000000000000000e+03 3.618194685872559262e+02 1.689444938540973951e+01 6.591087252947690212e-02 -2.550992695133182409e+01
1.656000000000000000e+03 3.618785932552061126e+02 1.680422052622273910e+01 6.586613878621513929e-02 -2.569068686825522718e+01
1.657000000000000000e+03 3.619507485066471872e+02 1.671299254019010405e+01 6.582172539188689553e-02 -2.586575851499281953e+01
1.658000000000000000e+03 3.620346429356575868e+02 1.662067926063615175e+01 6.577762706610611187e-02 -2.603518247621382997e+01
1.659000000000000000e+03 3.621304714876582125e+02 1.652741723867474022e+01 6.573383845346812693e-02 -2.619892425048636042e+01
1.660000000000000000e+03 3.622369440620736896e+02 1.643326861345041934e+01 6.569035412577332866e-02 -2.635694852819460365e+01
1.661000000000000000e+03 3.623542567968742674e+02 1.633814683294027859e+01 6.564716858417614376e-02 -2.650921918632263541e+01
1.662000000000000000e+03 3.624811206745673076e+02 1.624218807582242619e+01 6.560427626106325738e-02 -2.665562500010536695e+01
1.663000000000000000e+03 3.626184756450163604e+02 1.614537983836924440e+01 6.556167152174184609e-02 -2.679627677256263851e+01
1.664000000000000000e+03 3.627650335645291761e+02 1.604778378940850203e+01 6.551934866599463947e-02 -2.693106162937933945e+01
1.665000000000000000e+03 3.629202494866645452e+02 1.594938720781797592e+01 6.547730192940369454e-02 -2.705986586567919616e+01
1.666000000000000000e+03 3.630835787792972269e+02 1.585017727057145365e+01 6.543552548457820528e-02 -2.718279779316957701e+01
1.667000000000000000e+03 3.632552199130191184e+02 1.575036390783171214e+01 6.539401344218850887e-02 -2.729981631963721611e+01
1.668000000000000000e+03 3.634346287456401114e+02 1.564978553955569396e+01 6.535275985189577252e-02 -2.741080522982905165e+01
1.669000000000000000e+03 3.636205184777975319e+02 1.554850334817730051e+01 6.531175870312268261e-02 -2.751579603370756288e+01
1.670000000000000000e+03 3.638130881145717126e+02 1.544665271630047343e+01 6.527100392577743493e-02 -2.761474511405945620e+01
1.671000000000000000e+03 3.640117939177459903e+02 1.534414609742027480e+01 6.523048939086822928e-02 -2.770768229198409216e+01
1.672000000000000000e+03 3.642160921988232758e+02 1.524111872169963711e+01 6.519020891102794701e-02 -2.779456225873766684e+01
1.673000000000000000e+03 3.644254392775270617e+02 1.513755718324683919e+01 6.515015624103619174e-02 -2.787548742545395086e+01
1.674000000000000000e+03 3.646400342756885493e+02 1.503352229543869534e+01 6.511032507827077542e-02 -2.795033650520737467e+01
1.675000000000000000e+03 3.648585905712442923e+02 1.492907481225704203e+01 6.507070906319901982e-02 -2.801921021396397293e+01
1.676000000000000000e+03 3.650813070974679704e+02 1.482427543314839724e+01 6.503130177982997806e-02 -2.808213413686533855e+01
1.677000000000000000e+03 3.653076397969360869e+02 1.471918480790172268e+01 6.499209675623951465e-02 -2.813905872887862358e+01
1.678000000000000000e+03 3.655377872503787557e+02 1.461371497453667523e+01 6.495308746512405695e-02 -2.819000788280474268e+01
1.679000000000000000e+03 3.657697192949976852e+02 1.450800078172217589e+01 6.491426732443279779e-02 -2.823500464712995139e+01
1.680000000000000000e+03 3.660036339925112543e+02 1.440210275968263076e+01 6.487562969809425317e-02 -2.827399694422556564e+01
1.681000000000000000e+03 3.662404719163433242e+02 1.429593284161911626e+01 6.483716789686669313e-02 -2.830708042290273951e+01
1.682000000000000000e+03 3.664774590979332629e+02 1.418962578615031234e+01 6.479887517924458329e-02 -2.833427561029483144e+01
1.683000000000000000e+03 3.667155353325476881e+02 1.408316776473042964e+01 6.476074475263458863e-02 -2.835545363108375128e+01
1.684000000000000000e+03 3.669541542886672119e+02 1.397654493358399463e+01 6.472276977456196956e-02 -2.837078191158022733e+01
1.685000000000000000e+03 3.671927691314999720e+02 1.386989200563716018e+01 6.468494335412476592e-02 -2.838020419860431076e+01
1.686000000000000000e+03 3.674308324752670956e+02 1.376319512142788959e+01 6.464725855362916940e-02 -2.838373769722330309e+01
1.687000000000000000e+03 3.676677963342402222e+02 1.365644042102237243e+01 6.460970839036569990e-02 -2.838154735830835662e+01
1.688000000000000000e+03 3.679038549075006017e+02 1.354976261591980169e+01 6.457228583866143901e-02 -2.837357446539914463e+01
1.689000000000000000e+03 3.681384588572788630e+02 1.344307357642553669e+01 6.453498383211171696e-02 -2.835983377341058898e+01
1.690000000000000000e+03 3.683703152559758109e+02 1.333658232103736729e+01 6.449779526603841018e-02 -2.834041351364555794e+01
1.691000000000000000e+03 3.685996160368779897e+02 1.323020075327493217e+01 6.446071300014098726e-02 -2.831532683211521473e+01
1.692000000000000000e+03 3.688265522683747690e+02 1.312398936752200207e+01 6.442372986145207536e-02 -2.828458607867577257e+01
1.693000000000000000e+03 3.690490855917979616e+02 1.301793440332182605e+01 6.438683864741627516e-02 -2.824835137997314405e+01
1.694000000000000000e+03 3.692688908432218682e+02 1.291217070066038097e+01 6.435003212927016547e-02 -2.820648494466947653e+01
1.695000000000000000e+03 3.694831848085274260e+02 1.280668457070265198e+01 6.431330305563338900e-02 -2.815914533800270547e+01
1.696000000000000000e+03 3.696936401828495491e+02 1.270138808400961850e+01 6.427664415627883099e-02 -2.810634178760572155e+01
1.697000000000000000e+03 3.698989571583675797e+02 1.259649049273103216e+01 6.424004814611632141e-02 -2.804815704113871533e+01
1.698000000000000000e+03 3.700978347014372503e+02 1.249190396722921115e+01 6.420350772943310413e-02 -2.798452452319376249e+01
1.699000000000000000e+03 3.702911989938029365e+02 1.238768930169926108e+01 6.416701560425026873e-02 -2.791567404400521113e+01
1.700000000000000000e+03 3.704784891928425736e+02 1.228398163523098319e+01 6.413056446687953605e-02 -2.784153753940471532e+01
1.701000000000000000e+03 3.706591482454621769e+02 1.218061841198714212e+01 6.409414701662299874e-02 -2.776226572115836788e+01
1.702000000000000000e+03 3.708326384496704691e+02 1.207780605671017682e+01 6.405775596068842559e-02 -2.767784664068364364e+01
1.703000000000000000e+03 3.709991685962382917e+02 1.197560187512714691e+01 6.402138401912609023e-02 -2.758848714264662050e+01
1.704000000000000000e+03 3.711582030233446972e+02 1.187384040165938082e+01 6.398502392993887788e-02 -2.749417051543403190e+01
1.705000000000000000e+03 3.713099472204592644e+02 1.177280195527591822e+01 6.394866845423295698e-02 -2.739495363447928256e+01
1.706000000000000000e+03 3.714531192573167004e+02 1.167232124174232588e+01 6.391231038151778954e-02 -2.729096697183540599e+01
1.707000000000000000e+03 3.715879210584743078e+02 1.157245590936835278e+01 6.387594253496131635e-02 -2.718211747199030981e+01
1.708000000000000000e+03 3.717138098332972049e+02 1.147333798617278333e+01 6.383955777671181109e-02 -2.706860854645852044e+01
1.709000000000000000e+03 3.718317265168923313e+02 1.137487674998658527e+01 6.380314901320519039e-02 -2.695042009958222806e+01
1.710000000000000000e+03 3.719396386968148818e+02 1.127720443352288804e+01 6.376670920047036728e-02 -2.682760567310064559e+01
1.711000000000000000e+03 3.720384832313185370e+02 1.118023052735755130e+01 6.373023134935264233e-02 -2.670029245694547981e+01
1.712000000000000000e+03 3.721269663436199835e+02 1.108401320137646096e+01 6.369370853072296723e-02 -2.656853273326359144e+01
1.713000000000000000e+03 3.722052777380437760e+02 1.098861074164354257e+01 6.365713388053552413e-02 -2.643237817117516641e+01
1.714000000000000000e+03 3.722736048727590514e+02 1.089400727070819919e+01 6.362050060480330116e-02 -2.629180555475021208e+01
1.715000000000000000e+03 3.723313900694880658e+02 1.080026131835624348e+01 6.358380198445674758e-02 -2.614708821221919877e+01
1.716000000000000000e+03 3.723788161304076993e+02 1.070743154178834011e+01 6.354703137999595519e-02 -2.599820175986585369e+01
1.717000000000000000e+03 3.724145777822072887e+02 1.061550244573247781e+01 6.351018223602074297e-02 -2.584519553166228434e+01
1.718000000000000000e+03 3.724388529677540305e+02 1.052445866949472730e+01 6.347324808551942088e-02 -2.568826687509958262e+01
1.719000000000000000e+03 3.724525599652068877e+02 1.043435927394231300e+01 6.343622255400289955e-02 -2.552731546270136320e+01
1.720000000000000000e+03 3.724536431697307535e+02 1.034518917791095127e+01 6.339909936336722562e-02 -2.536261185627051518e+01
1.721000000000000000e+03 3.724437585683755287e+02 1.025708201205560499e+01 6.336187233552090237e-02 -2.519412896828168869e+01
1.722000000000000000e+03 3.724215881874180809e+02 1.016994870461158662e+01 6.332453539575232104e-02 -2.502198777599685897e+01
1.723000000000000000e+03 3.723865542330509015e+02 1.008392318561281442e+01 6.328708257589453490e-02 -2.484638305124406088e+01
1.724000000000000000e+03 3.723403047300608364e+02 9.998916689009249126e+00 6.324950801712209136e-02 -2.466721195636112540e+01
1.725000000000000000e+03 3.722807708133717597e+02 9.914989173240419618e+00 6.321180597252197553e-02 -2.448474260934433389e+01
1.726000000000000000e+03 3.722081093831372414e+02 9.832126473717002213e+00 6.317397080938266796e-02 -2.429894554611652424e+01
1.727000000000000000e+03 3.721232174127486019e+02 9.750463156245013252e+00 6.313599701119261554e-02 -2.410993943549126328e+01
1.728000000000000000e+03 3.720247605899576797e+02 9.669836818854690819e+00 6.309787917931938828e-02 -2.391784252627014951e+01
1.729000000000000000e+03 3.719128874763715089e+02 9.590456646093537429e+00 6.305961203443218033e-02 -2.372277266149236041e+01
1.730000000000000000e+03 3.717877438248844442e+02 9.512234860200686981e+00 6.302119041761450324e-02 -2.352469872582034682e+01
1.731000000000000000e+03 3.716487297351952179e+02 9.435158141242125041e+00 6.298260929123768170e-02 -2.332381207757845232e+01
1.732000000000000000e+03 3.714959853173907049e+02 9.359287629658940233e+00 6.294386373949401037e-02 -2.312015514589542420e+01
1.733000000000000000e+03 3.713289050183376503e+02 9.284684645238101552e+00 6.290494896874042341e-02 -2.291384429598996419e+01
1.734000000000000000e+03 3.711476232909836313e+02 9.211262122505486261e+00 6.286586030755472732e-02 -2.270492127706010876e+01
1.735000000000000000e+03 3.709515289262540136e+02 9.139081747058257932e+00 6.282659320650495205e-02 -2.249357608779523332e+01
1.736000000000000000e+03 3.707422363976677957e+02 9.068205390806062027e+00 6.278714323780458517e-02 -2.227992414097649032e+01
1.737000000000000000e+03 3.705183860231094286e+02 8.998620830638417445e+00 6.274750609461136885e-02 -2.206400627868163511e+01
1.738000000000000000e+03 3.702801009842074222e+02 8.930316034020053806e+00 6.270767759028791910e-02 -2.184608592158992835e+01
1.739000000000000000e+03 3.700275016676339987e+02 8.863353444509151302e+00 6.266765365737117510e-02 -2.162612909984284215e+01
1.740000000000000000e+03 3.697607056784086694e+02 8.797721416690322371e+00 6.262743034641501949e-02 -2.140432445301622977e+01
1.741000000000000000e+03 3.694798278549812380e+02 8.733408501536974455e+00 6.258700382471350798e-02 -2.118071182813184450e+01
1.742000000000000000e+03 3.691842374508872808e+02 8.670477731695154233e+00 6.254637037492100093e-02 -2.095555371275640510e+01
1.743000000000000000e+03 3.688740438228933272e+02 8.608843772678413941e+00 6.250552639350975825e-02 -2.072874098262337839e+01
1.744000000000000000e+03 3.685486107802672109e+02 8.548644342003157703e+00 6.246446838926840439e-02 -2.050046146884559306e+01
1.745000000000000000e+03 3.682095279452374257e+02 8.489794509716677595e+00 6.242319298161935065e-02 -2.027082855613371848e+01
1.746000000000000000e+03 3.678546680940020224e+02 8.432358117372180217e+00 6.238169689902716558e-02 -2.003995548206363253e+01
1.747000000000000000e+03 3.674848726938264463e+02 8.376250645400483918e+00 6.233997697732718279e-02 -1.980780678586278398e+01
1.748000000000000000e+03 3.671009805852996237e+02 8.321610631922798262e+00 6.229803015808929589e-02 -1.957471830873828722e+01
1.749000000000000000e+03 3.667008566648933083e+02 8.268353972954125553e+00 6.225585348701268701e-02 -1.934058009117197585e+01
1.750000000000000000e+03 3.662868202580070829e+02 8.216471057549156853e+00 6.221344411241095523e-02 -1.910565350727507550e+01
1.751000000000000000e+03 3.658574665174105007e+02 8.166027086353546238e+00 6.217079928373447223e-02 -1.886997404778557552e+01
1.752000000000000000e+03 3.654135868088842471e+02 8.117014458063065874e+00 6.212791635020192826e-02 -1.863371385897385224e+01
1.753000000000000000e+03 3.649552197105199411e+02 8.069426101317048960e+00 6.208479275951987730e-02 -1.839689351885123259e+01
1.754000000000000000e+03 3.644816584735686433e+02 8.023255158001170173e+00 6.204142605679221351e-02 -1.815960786825731788e+01
1.755000000000000000e+03 3.639929367137154372e+02 7.978569267465974058e+00 6.199781388350464328e-02 -1.792202602660081823e+01
1.756000000000000000e+03 3.634898284316227546e+02 7.935287716649814804e+00 6.195395397671950299e-02 -1.768409427355139840e+01
1.757000000000000000e+03 3.629716195276256485e+02 7.893478574633324918e+00 6.190984416835938753e-02 -1.744605604921270370e+01
1.758000000000000000e+03 3.624383363257301767e+02 7.853061559087301191e+00 6.186548238475011313e-02 -1.720793198520730627e+01
1.759000000000000000e+03 3.618900027566020867e+02 7.814149740755117257e+00 6.182086664629424938e-02 -1.696981705422856024e+01
1.760000000000000000e+03 3.613273832096539877e+02 7.776670697873478311e+00 6.177599506735409474e-02 -1.673173201851017922e+01
1.761000000000000000e+03 3.607497540440518833e+02 7.740633936977072693e+00 6.173086585629520423e-02 -1.649384629573396310e+01
1.762000000000000000e+03 3.601571321088807167e+02 7.706049181153208139e+00 6.168547731575699244e-02 -1.625618084033887101e+01
1.763000000000000000e+03 3.595502747572489284e+02 7.672911513360151758e+00 6.163982784308360413e-02 -1.601897957626465185e+01
1.764000000000000000e+03 3.589284513543539106e+02 7.641216233057462226e+00 6.159391593100072698e-02 -1.578218942757085586e+01
1.765000000000000000e+03 3.582931574648223432e+02 7.610973712747243880e+00 6.154774016836633832e-02 -1.554590603448701103e+01
1.766000000000000000e+03 3.576436578539021411e+02 7.582179684324359847e+00 6.150129924120895791e-02 -1.531037376834023966e+01
1.767000000000000000e+03 3.569799578381026208e+02 7.554822667088259003e+00 6.145459193390812730e-02 -1.507554004535363035e+01
1.768000000000000000e+03 3.563028032950143142e+02 7.528913680715880297e+00 6.140761713045005121e-02 -1.484157532585669337e+01
1.769000000000000000e+03 3.556121950024566445e+02 7.504441674642054139e+00 6.136037381594888762e-02 -1.460850171133927233e+01
1.770000000000000000e+03 3.549081314821889350e+02 7.481403240852584346e+00 6.131286107824058390e-02 -1.437649009289522617e+01
1.771000000000000000e+03 3.541906090082050582e+02 7.459795184836191417e+00 6.126507810955386657e-02 -1.414563731501007204e+01
1.772000000000000000e+03 3.534596216147721179e+02 7.439599668096396279e+00 6.121702420836873382e-02 -1.391589190620906535e+01
1.773000000000000000e+03 3.527159039393768012e+02 7.420813920675242592e+00 6.116869878131112048e-02 -1.368742551057025381e+01
1.774000000000000000e+03 3.519587027256064857e+02 7.403435383486149490e+00 6.112010134511565440e-02 -1.346033576755919015e+01
1.775000000000000000e+03 3.511894910064227133e+02 7.387454278907882532e+00 6.107123152858821846e-02 -1.323464632571247357e+01
1.776000000000000000e+03 3.504067682674861999e+02 7.372868466340405824e+00 6.102208907470040716e-02 -1.301052970666227715e+01
1.777000000000000000e+03 3.496120031363784051e+02 7.359661155921237707e+00 6.097267384258054507e-02 -1.278793590096912069e+01
1.778000000000000000e+03 3.488051763821591749e+02 7.347823192255404479e+00 6.092298580952910242e-02 -1.256703808230534491e+01
1.779000000000000000e+03 3.479855237609577898e+02 7.337345624657118037e+00 6.087302507301320387e-02 -1.234786120292932132e+01
1.780000000000000000e+03 3.471545073676635980e+02 7.328219705655103944e+00 6.082279185255561049e-02 -1.213057914049565156e+01
1.781000000000000000e+03 3.463113586385581470e+02 7.320429461061745968e+00 6.077228649158330359e-02 -1.191514329315155152e+01
1.782000000000000000e+03 3.454567925405771120e+02 7.313973973358178782e+00 6.072150945912202502e-02 -1.170180257646745403e+01
1.783000000000000000e+03 3.445907790818816920e+02 7.308837666543342770e+00 6.067046135142024205e-02 -1.149043488412742064e+01
1.784000000000000000e+03 3.437140289992170779e+02 7.304997732651070663e+00 6.061914289338195955e-02 -1.128121565146003213e+01
1.785000000000000000e+03 3.428257652719485122e+02 7.302453843235614528e+00 6.056755493985988698e-02 -1.107424644972551420e+01
1.786000000000000000e+03 3.419274373182333875e+02 7.301183577273515191e+00 6.051569847677837344e-02 -1.086948071420021478e+01
1.787000000000000000e+03 3.410190068430011365e+02 7.301172132487991462e+00 6.046357462201874811e-02 -1.066716945656188464e+01
1.788000000000000000e+03 3.400996906982504129e+02 7.302412323193518517e+00 6.041118462611443779e-02 -1.046719272451700888e+01
1.789000000000000000e+03 3.391709322506864623e+02 7.304882293012195937e+00 6.035852987271935616e-02 -1.026980244775150730e+01
1.790000000000000000e+03 3.382326872364814676e+02 7.308567797615451056e+00 6.030561187883475699e-02 -1.007487961360373596e+01
1.791000000000000000e+03 3.372841666286017244e+02 7.313462202340313745e+00 6.025243229479142204e-02 -9.882602829053885429e+00
1.792000000000000000e+03 3.363268080116791339e+02 7.319529337981223627e+00 6.019899290393690428e-02 -9.693002629941364745e+00
1.793000000000000000e+03 3.353605614441650005e+02 7.326762925063325937e+00 6.014529562211452796e-02 -9.506184341467101007e+00
1.794000000000000000e+03 3.343846323331607095e+02 7.335134572791970342e+00 6.009134249681158391e-02 -9.322179520942446729e+00
1.795000000000000000e+03 3.334004528168557613e+02 7.344645774837161412e+00 6.003713570607788208e-02 -9.141020250801911828e+00
1.796000000000000000e+03 3.324072247992336315e+02 7.355261051447221199e+00 5.998267755714294103e-02 -8.962739147866711775e+00
1.797000000000000000e+03 3.314063770075657089e+02 7.366967373451597467e+00 5.992797048477298272e-02 -8.787517939363830521e+00
1.798000000000000000e+03 3.303971080320481519e+02 7.379737017647059361e+00 5.987301704933987306e-02 -8.615390337678002552e+00
1.799000000000000000e+03 3.293808433881155793e+02 7.393564705624823929e+00 5.981781993465604824e-02 -8.446242048858977114e+00
1.800000000000000000e+03 3.283567785607543783e+02 7.408415602334953221e+00 5.976238194550920896e-02 -8.280330765389084746e+00
1.801000000000000000e+03 3.273263247435539824e+02 7.424278151250129909e+00 5.970670600494822067e-02 -8.117610056111750794e+00
1.802000000000000000e+03 3.262893607390448096e+02 7.441136877128208482e+00 5.965079515139180139e-02 -7.958144947006551284e+00
1.803000000000000000e+03 3.252457526727733921e+02 7.458969863598727379e+00 5.959465253544879437e-02 -7.802000917967633065e+00
1.804000000000000000e+03 3.241961082186527960e+02 7.477762766905284408e+00 5.953828141651771461e-02 -7.649214334790324088e+00
1.805000000000000000e+03 3.231410338281776831e+02 7.497493955950238487e+00 5.948168515922924032e-02 -7.499814741152184716e+00
1.806000000000000000e+03 3.220803919611600463e+02 7.518149365691901842e+00 5.942486722971869473e-02 -7.353847150323840509e+00
1.807000000000000000e+03 3.210140439878620100e+02 7.539707637094206660e+00 5.936783119164047023e-02 -7.211342338156249809e+00
1.808000000000000000e+03 3.199425930922986367e+02 7.562147542082244378e+00 5.931058070219730194e-02 -7.072339134246022674e+00
1.809000000000000000e+03 3.188658986714453363e+02 7.585455408455115567e+00 5.925311950789283882e-02 -6.936884427774706374e+00
1.810000000000000000e+03 3.177845620753345202e+02 7.609610259706987456e+00 5.919545144029258327e-02 -6.805010888020400550e+00
1.811000000000000000e+03 3.166984410076414633e+02 7.634591239859870093e+00 5.913758041161500806e-02 -6.676744397992079527e+00
1.812000000000000000e+03 3.156081352667601436e+02 7.660370181558594282e+00 5.907951041036631906e-02 -6.552104059433911942e+00
1.813000000000000000e+03 3.145135011469666324e+02 7.686941315881679060e+00 5.902124549684519689e-02 -6.431124482599337000e+00
1.814000000000000000e+03 3.134151371796677950e+02 7.714276698616076011e+00 5.896278979871324988e-02 -6.313833505641442301e+00
1.815000000000000000e+03 3.123136413693603117e+02 7.742355920002625957e+00 5.890414750650985187e-02 -6.200252198770697554e+00
1.816000000000000000e+03 3.112088684291774143e+02 7.771158672700186010e+00 5.884532286926177913e-02 -6.090402296478674593e+00
1.817000000000000000e+03 3.101014155209056753e+02 7.800664748071758581e+00 5.878632019008657450e-02 -5.984321057826750945e+00
1.818000000000000000e+03 3.089911366541112443e+02 7.830854032443921753e+00 5.872714382192176924e-02 -5.882016699646650970e+00
1.819000000000000000e+03 3.078786284243946625e+02 7.861699074991197023e+00 5.866779816331493119e-02 -5.783505541307028430e+00
1.820000000000000000e+03 3.067637444104055362e+02 7.893179940647766735e+00 5.860828765436202487e-02 -5.688804579091021552e+00
1.821000000000000000e+03 3.056470809096558128e+02 7.925239636195661852e+00 5.854861677272516635e-02 -5.597931488636124442e+00
1.822000000000000000e+03 3.045292341678075445e+02 7.957947530139747983e+00 5.848879002988077030e-02 -5.510897198735364988e+00
1.823000000000000000e+03 3.034093147713482495e+02 7.991217071549309381e+00 5.842881196742144567e-02 -5.427728178250831981e+00
1.824000000000000000e+03 3.022879190487053052e+02 8.024984066598047860e+00 5.836868715365057386e-02 -5.348436724286394828e+00
1.825000000000000000e+03 3.011663862944141101e+02 8.059258673134337414e+00 5.830842018032442176e-02 -5.273013535122268003e+00
1.826000000000000000e+03 3.000438274862950152e+02 8.094125396785774029e+00 5.824801565954876997e-02 -5.201472281312166324e+00
1.827000000000000000e+03 2.989208395158598819e+02 8.129371669538507206e+00 5.818747822096652367e-02 -5.133797607938320517e+00
1.828000000000000000e+03 2.977980195714837350e+02 8.165082113837968336e+00 5.812681250909998432e-02 -5.069989705131079383e+00
1.829000000000000000e+03 2.966759651895185925e+02 8.201267121147244765e+00 5.806602318093599668e-02 -5.010056879848360900e+00
1.830000000000000000e+03 2.955537886332190283e+02 8.237862848009479322e+00 5.800511490376575319e-02 -4.954000699017111486e+00
1.831000000000000000e+03 2.944335739497130362e+02 8.274805495605679795e+00 5.794409235321161533e-02 -4.901808560737560327e+00
1.832000000000000000e+03 2.933144343344707750e+02 8.312105589306709064e+00 5.788296021149702542e-02 -4.853475978602090457e+00
1.833000000000000000e+03 2.921969691839875054e+02 8.349699407713277566e+00 5.782172316591534939e-02 -4.808999152327253945e+00
1.834000000000000000e+03 2.910810356311394003e+02 8.387671829205157081e+00 5.776038590757504726e-02 -4.768360109750963360e+00
1.835000000000000000e+03 2.899672342536103429e+02 8.425884910468459665e+00 5.769895313029813760e-02 -4.731556418647380191e+00
1.836000000000000000e+03 2.888561662752529173e+02 8.464349300047201652e+00 5.763742952974190009e-02 -4.698571471457539950e+00
1.837000000000000000e+03 2.877469479305102027e+02 8.503075667377876456e+00 5.757581980272438726e-02 -4.669404196540799745e+00
1.838000000000000000e+03 2.866409246721889303e+02 8.542000415328280027e+00 5.751412864672743319e-02 -4.644039342344945531e+00
1.839000000000000000e+03 2.855372141922350124e+02 8.581134243246859583e+00 5.745236075954740507e-02 -4.622462331399732172e+00
1.840000000000000000e+03 2.844371634612015214e+02 8.620413576006258793e+00 5.739052083914394226e-02 -4.604644400633321588e+00
1.841000000000000000e+03 2.833406345809553954e+02 8.659849127062333451e+00 5.732861358357818626e-02 -4.590564883165821009e+00
1.842000000000000000e+03 2.822474904812053751e+02 8.699303044007340446e+00 5.726664369110002345e-02 -4.580196348079320856e+00
1.843000000000000000e+03 2.811590806148165598e+02 8.738934605653547294e+00 5.720461586035388568e-02 -4.573519453318896311e+00
1.844000000000000000e+03 2.800745268068799874e+02 8.778605950091009191e+00 5.714253479064999169e-02 -4.570515513275236863e+00
1.845000000000000000e+03 2.789944374531141307e+02 8.818253488288299025e+00 5.708040518228327254e-02 -4.571151637751709629e+00
1.846000000000000000e+03 2.779194218723253584e+02 8.857962183694876757e+00 5.701823173694744312e-02 -4.575410440770216525e+00
1.847000000000000000e+03 2.768500903283093066e+02 8.897668414343961274e+00 5.695601915812704974e-02 -4.583260322315163116e+00
1.848000000000000000e+03 2.757848255462207590e+02 8.937308535984637814e+00 5.689377215154205886e-02 -4.594662891571452690e+00
1.849000000000000000e+03 2.747257254139204292e+02 8.976893161727010906e+00 5.683149542555630818e-02 -4.609595246608920505e+00
1.850000000000000000e+03 2.736719174877472369e+02 9.016358591196818040e+00 5.676919369154084100e-02 -4.628020255363773039e+00
1.851000000000000000e+03 2.726240111191287951e+02 9.055715944237972437e+00 5.670687166421156666e-02 -4.649926045250315276e+00
1.852000000000000000e+03 2.715825970920593591e+02 9.094904301664328727e+00 5.664453406189715046e-02 -4.675281059776535741e+00
1.853000000000000000e+03 2.705467766880825593e+02 9.134011840426184747e+00 5.658218560669805303e-02 -4.704056704416968770e+00
1.854000000000000000e+03 2.695178807877819622e+02 9.172829558316246690e+00 5.651983102453425611e-02 -4.736217557948417145e+00
1.855000000000000000e+03 2.684957557180103436e+02 9.211519821756615656e+00 5.645747504512820675e-02 -4.771713937277448636e+00
1.856000000000000000e+03 2.674809917799563550e+02 9.249947810566080619e+00 5.639512240178553432e-02 -4.810526460489623624e+00
1.857000000000000000e+03 2.664726947677950761e+02 9.288201498794034450e+00 5.633277783107396713e-02 -4.852614041119419852e+00
1.858000000000000000e+03 2.654722001683599615e+02 9.326145950050102940e+00 5.627044607230619749e-02 -4.897936165700380151e+00
1.859000000000000000e+03 2.644786161764337180e+02 9.363794731390887804e+00 5.620813186686817592e-02 -4.946460314396874836e+00
1.860000000000000000e+03 2.634940235663189583e+02 9.401161342720365965e+00 5.614583995740291683e-02 -4.998147096370979980e+00
1.861000000000000000e+03 2.625160473689841183e+02 9.438259213228018751e+00 5.608357508672529024e-02 -5.052950241640424167e+00
1.862000000000000000e+03 2.615467709207903226e+02 9.474953130856142991e+00 5.602134199660849245e-02 -5.110824021081375790e+00
1.863000000000000000e+03 2.605860503777433905e+02 9.511330656320412302e+00 5.595914542636483413e-02 -5.171738094580671685e+00
1.864000000000000000e+03 2.596337432510945860e+02 9.547404985645288278e+00 5.589699011121406630e-02 -5.235647788890132048e+00
1.865000000000000000e+03 2.586897084389043471e+02 9.582966379743306007e+00 5.583488078043430392e-02 -5.302508945390448147e+00
1.866000000000000000e+03 2.577538062586148158e+02 9.618176429059758448e+00 5.577282215538931914e-02 -5.372277910967477865e+00
1.867000000000000000e+03 2.568273841506390340e+02 9.652973782219437027e+00 5.571081894727945155e-02 -5.444911528705890902e+00
1.868000000000000000e+03 2.559103053727085353e+02 9.687296993244432386e+00 5.564887585475541271e-02 -5.520344843354247466e+00
1.869000000000000000e+03 2.550016918701847146e+02 9.721158801812087802e+00 5.558699756130704855e-02 -5.598535661769279415e+00
1.870000000000000000e+03 2.541028956521992370e+02 9.754571846554576098e+00 5.552518873256213211e-02 -5.679427401339082415e+00
1.871000000000000000e+03 2.532137846532259005e+02 9.787474378406765041e+00 5.546345401335087827e-02 -5.762963936694788458e+00
1.872000000000000000e+03 2.523334856053519673e+02 9.819878824511381055e+00 5.540179802460504233e-02 -5.849097017913257091e+00
1.873000000000000000e+03 2.514633554160520248e+02 9.851797501667819645e+00 5.534022536023414096e-02 -5.937771403515576196e+00
1.874000000000000000e+03 2.506025241960128369e+02 9.883094046331374116e+00 5.527874058374021571e-02 -6.028932278367455488e+00
1.875000000000000000e+03 2.497523523074188745e+02 9.913854829184076678e+00 5.521734822484537786e-02 -6.122510386385278558e+00
1.876000000000000000e+03 2.489119733919535236e+02 9.944017534736326880e+00 5.515605277595374972e-02 -6.218451733204754639e+00
1.877000000000000000e+03 2.480820085839392846e+02 9.973668292508060418e+00 5.509485868856822677e-02 -6.316695290264094709e+00
1.878000000000000000e+03 2.472623380429830320e+02 1.000267025674590649e+01 5.503377036968350872e-02 -6.417180412159433800e+00
1.879000000000000000e+03 2.464528438262677525e+02 1.003103502122521640e+01 5.497279217809194346e-02 -6.519846825526108169e+00
1.880000000000000000e+03 2.456534099251990142e+02 1.005884833309817594e+01 5.491192842072448871e-02 -6.624634617801262948e+00
1.881000000000000000e+03 2.448654079713192857e+02 1.008589867279439645e+01 5.485118334896829650e-02 -6.731484225872629956e+00
1.882000000000000000e+03 2.440879830960990375e+02 1.011234580302006414e+01 5.479056115503624230e-02 -6.840328996268297601e+00
1.883000000000000000e+03 2.433210253048413847e+02 1.013812649827949741e+01 5.473006596833986104e-02 -6.951102601943246029e+00
1.884000000000000000e+03 2.425644266741919637e+02 1.016325167649253025e+01 5.466970185200425991e-02 -7.063753887317431257e+00
1.885000000000000000e+03 2.418188242182725674e+02 1.018758354616155692e+01 5.460947279936511495e-02 -7.178224571468821757e+00
1.886000000000000000e+03 2.410848570831869608e+02 1.021120702162650318e+01 5.454938273067854587e-02 -7.294434379587969808e+00
1.887000000000000000e+03 2.403609380697592144e+02 1.023413258686640503e+01 5.448943548986619201e-02 -7.412340457851422926e+00
1.888000000000000000e+03 2.396484535046656958e+02 1.025629629338089721e+01 5.442963484143155395e-02 -7.531855649561451038e+00
1.889000000000000000e+03 2.389465634192360994e+02 1.027770832514747390e+01 5.436998446755884895e-02 -7.652907909867026959e+00
1.890000000000000000e+03 2.382559157464579869e+02 1.029837871314290076e+01 5.431048796532591399e-02 -7.775425436913266708e+00
1.891000000000000000e+03 2.375764178355779563e+02 1.031824304993692110e+01 5.425114884415867950e-02 -7.899336659627702595e+00
1.892000000000000000e+03 2.369087221395327845e+02 1.033731105486649504e+01 5.419197052342870219e-02 -8.024555368747153139e+00
1.893000000000000000e+03 2.362519977248793168e+02 1.035559228877618843e+01 5.413295633030951182e-02 -8.151017846242492482e+00
1.894000000000000000e+03 2.356061587894299976e+02 1.037309615233524696e+01 5.407410949779625081e-02 -8.278653139542212713e+00
1.895000000000000000e+03 2.349718646723164852e+02 1.038983188442935734e+01 5.401543316300561753e-02 -8.407375620762774560e+00
1.896000000000000000e+03 2.343490341914658188e+02 1.040573427712507737e+01 5.395693036566510947e-02 -8.537122116001485850e+00
1.897000000000000000e+03 2.337375884835892634e+02 1.042081224121724325e+01 5.389860404684848616e-02 -8.667829607793244406e+00
1.898000000000000000e+03 2.331374510065735990e+02 1.043500023784222464e+01 5.384045704796574378e-02 -8.799427794238736666e+00
1.899000000000000000e+03 2.325485475393029162e+02 1.044838112767978622e+01 5.378249210997246982e-02 -8.931846504808989451e+00
1.900000000000000000e+03 2.319715490139551832e+02 1.046088903571372519e+01 5.372471187282990002e-02 -9.065008259430175741e+00
1.901000000000000000e+03 2.314049048093880003e+02 1.047253206324153219e+01 5.366711887520659446e-02 -9.198852943172386887e+00
1.902000000000000000e+03 2.308500565047923487e+02 1.048324330775827740e+01 5.360971555438258374e-02 -9.333315286911616937e+00
1.903000000000000000e+03 2.303062241081939590e+02 1.049317840800159374e+01 5.355250424641613133e-02 -9.468310219735409206e+00
1.904000000000000000e+03 2.297741155803808795e+02 1.050212141235336993e+01 5.349548718652988311e-02 -9.603879021138764571e+00
1.905000000000000000e+03 2.292529554800869107e+02 1.051022761301805275e+01 5.343866650969092413e-02 -9.739803034224813416e+00
1.906000000000000000e+03 2.287434562872196295e+02 1.051742927723241827e+01 5.338204425136438419e-02 -9.876123637646642806e+00
1.907000000000000000e+03 2.282448470438423556e+02 1.052373278058146155e+01 5.332562234854618805e-02 -1.001280795728604645e+01
1.908000000000000000e+03 2.277571018384018089e+02 1.052914432287801283e+01 5.326940264086010152e-02 -1.014967457021174191e+01
1.909000000000000000e+03 2.272816826181032752e+02 1.053366992762060050e+01 5.321338687190779737e-02 -1.028676490967822232e+01
1.910000000000000000e+03 2.268170821544426872e+02 1.053724115802436856e+01 5.315757669073257335e-02 -1.042404611863284281e+01
1.911000000000000000e+03 2.263632810275115901e+02 1.053986368363487358e+01 5.310197365337500364e-02 -1.056133675376611691e+01
1.912000000000000000e+03 2.259210047637446905e+02 1.054161728001164100e+01 5.304657922464076775e-02 -1.069860390711534137e+01
1.913000000000000000e+03 2.254894953023880930e+02 1.054243297797891366e+01 5.299139477986711949e-02 -1.083588891020141176e+01
1.914000000000000000e+03 2.250687394710390947e+02 1.054231591396549383e+01 5.293642160684052661e-02 -1.097301018770913394e+01
1.915000000000000000e+03 2.246594689551887427e+02 1.054127104640836876e+01 5.288166090772820904e-02 -1.111000894624825541e+01
1.916000000000000000e+03 2.242609317619227056e+02 1.053922887222959481e+01 5.282711380107100313e-02 -1.124677774464800883e+01
1.917000000000000000e+03 2.238731206931595352e+02 1.053634256089846488e+01 5.277278132386625104e-02 -1.138320904883504880e+01
1.918000000000000000e+03 2.234960304783300558e+02 1.053246797003863833e+01 5.271866443353400572e-02 -1.151934378678237358e+01
1.919000000000000000e+03 2.231304005767947274e+02 1.052775791364448388e+01 5.266476400997913143e-02 -1.165499991901669397e+01
1.920000000000000000e+03 2.227747438049730704e+02 1.052206789432878331e+01 5.261108085758909453e-02 -1.179021812773423150e+01
1.921000000000000000e+03 2.224298033136944071e+02 1.051547608817871549e+01 5.255761570719882925e-02 -1.192489038747505603e+01
1.922000000000000000e+03 2.220955812154068099e+02 1.050791192765206006e+01 5.250436921797938666e-02 -1.205898280390819899e+01
1.923000000000000000e+03 2.217713385517171218e+02 1.049952751956806019e+01 5.245134197929019609e-02 -1.219238703520013978e+01
1.924000000000000000e+03 2.214585666013782941e+02 1.049025194463994382e+01 5.239853451239506049e-02 -1.232506884749398424e+01
1.925000000000000000e+03 2.211550441684330224e+02 1.048001410859839133e+01 5.234594727215592658e-02 -1.245699381998674227e+01
1.926000000000000000e+03 2.208615230663325804e+02 1.046889130988054539e+01 5.229358064849699145e-02 -1.258812733361938641e+01
1.927000000000000000e+03 2.205787567473692832e+02 1.045688638987380514e+01 5.224143496787954366e-02 -1.271828599287716166e+01
1.928000000000000000e+03 2.203052717678461363e+02 1.044400201723640365e+01 5.218951049454372687e-02 -1.284758331572970746e+01
1.929000000000000000e+03 2.200418247692457214e+02 1.043016640527914696e+01 5.213780743168064391e-02 -1.297583545466072685e+01
1.930000000000000000e+03 2.197884311099744536e+02 1.041545616342269298e+01 5.208632592243599840e-02 -1.310300688686175086e+01
1.931000000000000000e+03 2.195443648380698392e+02 1.039987344770481492e+01 5.203506605070906677e-02 -1.322906183653953782e+01
1.932000000000000000e+03 2.193089014998206494e+02 1.038349452886441071e+01 5.198402784190440939e-02 -1.335396426436659389e+01
1.933000000000000000e+03 2.190835466193376817e+02 1.036617265947426247e+01 5.193321126345003952e-02 -1.347767785707421240e+01
1.934000000000000000e+03 2.188668358287748958e+02 1.034798377616183807e+01 5.188261622520970451e-02 -1.360009173368968227e+01
1.935000000000000000e+03 2.186595346897882450e+02 1.032892936686757857e+01 5.183224257967122828e-02 -1.372116900243207560e+01
1.936000000000000000e+03 2.184609244955580039e+02 1.030901075567737557e+01 5.178209012209204071e-02 -1.384087246725554365e+01
1.937000000000000000e+03 2.182710307538375503e+02 1.028830338771629549e+01 5.173215859038587938e-02 -1.395909033455170700e+01
1.938000000000000000e+03 2.180898803306810123e+02 1.026673398009271310e+01 5.168244766495878884e-02 -1.407585905402509319e+01
1.939000000000000000e+03 2.179167585948922294e+02 1.024437765741978090e+01 5.163295696836226606e-02 -1.419106617521777380e+01
1.940000000000000000e+03 2.177516950682007177e+02 1.022116081937606147e+01 5.158368606483049179e-02 -1.430474747222459619e+01
1.941000000000000000e+03 2.175947205709375396e+02 1.019715827634454186e+01 5.153463445971640661e-02 -1.441678980056232540e+01
1.942000000000000000e+03 2.174458672032258733e+02 1.017237040059193021e+01 5.148580159880958296e-02 -1.452707965523134881e+01
1.943000000000000000e+03 2.173051683265667862e+02 1.014679741151496373e+01 5.143718686758775444e-02 -1.463572601246072402e+01
1.944000000000000000e+03 2.171711728756710613e+02 1.012043937744053679e+01 5.138878959032835980e-02 -1.474254033661214258e+01
1.945000000000000000e+03 2.170446595156568037e+02 1.009329621748129746e+01 5.134060902922946146e-02 -1.484755655630606874e+01
1.946000000000000000e+03 2.169256652841024220e+02 1.006536770344609089e+01 5.129264438342956423e-02 -1.495065963870785986e+01
1.947000000000000000e+03 2.168134855731672701e+02 1.003672774530685707e+01 5.124489478800327985e-02 -1.505188271552922075e+01
1.948000000000000000e+03 2.167081597816142278e+02 1.000730154270872951e+01 5.119735931291882064e-02 -1.515110994120516530e+01
1.949000000000000000e+03 2.166089856264675575e+02 9.977162721049934291e+00 5.115003696205123324e-02 -1.524829933578656060e+01
1.950000000000000000e+03 2.165160047943897439e+02 9.946236199593286642e+00 5.110292667209973688e-02 -1.534348277752558509e+01
1.951000000000000000e+03 2.164300112456131728e+02 9.914594701433259161e+00 5.105602731161563990e-02 -1.543654353772871701e+01
1.952000000000000000e+03 2.163496048233663203e+02 9.882234026565315688e+00 5.100933768002727936e-02 -1.552744030197408875e+01
1.953000000000000000e+03 2.162748804391901842e+02 9.849223499806523563e+00 5.096285650674210049e-02 -1.561620598559466089e+01
1.954000000000000000e+03 2.162059340584575011e+02 9.815558032324045001e+00 5.091658245029942464e-02 -1.570279876750978865e+01
1.955000000000000000e+03 2.161428626781167281e+02 9.781158124000537413e+00 5.087051409762536475e-02 -1.578710208384440605e+01
1.956000000000000000e+03 2.160850214683897832e+02 9.746092716352963592e+00 5.082464996333491830e-02 -1.586922175577041294e+01
1.957000000000000000e+03 2.160325094184341026e+02 9.710430627983674512e+00 5.077898848923226294e-02 -1.594911456603926503e+01
1.958000000000000000e+03 2.159854264757416331e+02 9.674166273577929687e+00 5.073352804383707976e-02 -1.602658825324196457e+01
1.959000000000000000e+03 2.159431306842774632e+02 9.637293949949034655e+00 5.068826692211624019e-02 -1.610182149080290159e+01
1.960000000000000000e+03 2.159057238263712009e+02 9.599733555120140593e+00 5.064320334532040890e-02 -1.617462104664865308e+01
1.961000000000000000e+03 2.158733085581604314e+02 9.561627724959034680e+00 5.059833546096389328e-02 -1.624509032964256861e+01
1.962000000000000000e+03 2.158445027085933248e+02 9.522970418329705922e+00 5.055366134299353609e-02 -1.631310940019896805e+01
1.963000000000000000e+03 2.158208962571860070e+02 9.483681203297031459e+00 5.050917899212915840e-02 -1.637870638314738159e+01
1.964000000000000000e+03 2.158011086199638839e+02 9.443828110373431173e+00 5.046488633630538678e-02 -1.644183461279779124e+01
1.965000000000000000e+03 2.157845027892538212e+02 9.403404784786083326e+00 5.042078123140209672e-02 -1.650244691223749527e+01
1.966000000000000000e+03 2.157726709669304910e+02 9.362479056291144630e+00 5.037686146203183141e-02 -1.656056987284996751e+01
1.967000000000000000e+03 2.157642346809803371e+02 9.320970091508540278e+00 5.033312474257355118e-02 -1.661615528354890614e+01
1.968000000000000000e+03 2.157585589209345756e+02 9.279019814308517411e+00 5.028956871840620929e-02 -1.666922869424516662e+01
1.969000000000000000e+03 2.157572377668323043e+02 9.236472924198746881e+00 5.024619096724324691e-02 -1.671974084552703488e+01
1.970000000000000000e+03 2.157581516665864285e+02 9.193545450780534978e+00 5.020298900069974923e-02 -1.676771623257385357e+01
1.971000000000000000e+03 2.157621529074855005e+02 9.150156205187773395e+00 5.015996026600279961e-02 -1.681303025178094046e+01
1.972000000000000000e+03 2.157693513961245060e+02 9.106298200587275460e+00 5.011710214790120188e-02 -1.685585489913067292e+01
1.973000000000000000e+03 2.157783717772918521e+02 9.061964371689182229e+00 5.007441197066511002e-02 -1.689599021624993114e+01
1.974000000000000000e+03 2.157900675619494280e+02 9.017221861285841911e+00 5.003188700030576641e-02 -1.693345855623366703e+01
1.975000000000000000e+03 2.158045497390249636e+02 8.972063456305457763e+00 4.998952444689913621e-02 -1.696835601466741394e+01
1.976000000000000000e+03 2.158204438914193304e+02 8.926556157896458288e+00 4.994732146702607345e-02 -1.700055529386812125e+01
1.977000000000000000e+03 2.158378614863872542e+02 8.880618334018688387e+00 4.990527516636512895e-02 -1.703007711887114084e+01
1.978000000000000000e+03 2.158569141551313351e+02 8.834242573067474069e+00 4.986338260238590281e-02 -1.705694166912268983e+01
1.979000000000000000e+03 2.158769708069038131e+02 8.787644254011677702e+00 4.982164078712120886e-02 -1.708109429389795864e+01
1.980000000000000000e+03 2.158988860828152951e+02 8.740592998019241833e+00 4.978004669003566890e-02 -1.710255407844928044e+01
1.981000000000000000e+03 2.159212861291765932e+02 8.693304073648825181e+00 4.973859724098003698e-02 -1.712133955986909939e+01
1.982000000000000000e+03 2.159450255559781056e+02 8.645695564998655769e+00 4.969728933311349378e-02 -1.713746872667736199e+01
1.983000000000000000e+03 2.159694732100867611e+02 8.597759792403461887e+00 4.965611982601150776e-02 -1.715095901863054095e+01
1.984000000000000000e+03 2.159939977937402773e+02 8.549637599130884169e+00 4.961508554867665594e-02 -1.716175304324907813e+01
1.985000000000000000e+03 2.160194534832940292e+02 8.501246937070654042e+00 4.957418330261551681e-02 -1.716986714307298456e+01
1.986000000000000000e+03 2.160444657031725910e+02 8.452580003952842702e+00 4.953340986491498732e-02 -1.717531711262996907e+01
1.987000000000000000e+03 2.160698880856016331e+02 8.403777530063702983e+00 4.949276199126234621e-02 -1.717811819912544991e+01
1.988000000000000000e+03 2.160950882456905617e+02 8.354757363950200855e+00 4.945223641899195582e-02 -1.717828510335144543e+01
1.989000000000000000e+03 2.161194334024345380e+02 8.305585893151986809e+00 4.941182987003586713e-02 -1.717575769731117319e+01
1.990000000000000000e+03 2.161437760005711652e+02 8.256180913411803601e+00 4.937153905386007513e-02 -1.717062387607096952e+01
1.991000000000000000e+03 2.161674823232485494e+02 8.206683049408143305e+00 4.933136067030656491e-02 -1.716282242531148583e+01
1.992000000000000000e+03 2.161899181159037084e+02 8.157010056958780453e+00 4.929129141233071915e-02 -1.715236587361217602e+01
1.993000000000000000e+03 2.162104485412424140e+02 8.107228243748799912e+00 4.925132796872055962e-02 -1.713934049444331720e+01
1.994000000000000000e+03 2.162306666405302167e+02 8.057403905537038113e+00 4.921146702662428790e-02 -1.712360917436196672e+01
1.995000000000000000e+03 2.162484506109188089e+02 8.007454762356932321e+00 4.917170527404904345e-02 -1.710533139994852547e+01
1.996000000000000000e+03 2.162653921146006155e+02 7.957372812223286296e+00 4.913203940215200155e-02 -1.708444327592018297e+01
1.997000000000000000e+03 2.162801107239218936e+02 7.907298617825984977e+00 4.909246610751008544e-02 -1.706095466198272703e+01
1.998000000000000000e+03 2.162919680583293882e+02 7.857224175702153701e+00 4.905298209415503291e-02 -1.703494917588182389e+01
1.999000000000000000e+03 2.163025534177611178e+02 7.807067202910467962e+00 4.901358407553411262e-02 -1.700636134615515260e+01
2.000000000000000000e+03 2.163097410673364607e+02 7.756893990698973340e+00 4.897426877629589698e-02 -1.697527374960886704e+01
2.001000000000000000e+03 2.163151228453900501e+02 7.706770348147229832e+00 4.893503293395443793e-02 -1.694161828405524162e+01
2.002000000000000000e+03 2.163173354902605467e+02 7.656685844296150734e+00 4.889587330041830771e-02 -1.690554279892818101e+01
2.003000000000000000e+03 2.163165047460658172e+02 7.606629572271107698e+00 4.885678664329348719e-02 -1.686697018911864632e+01
2.004000000000000000e+03 2.163127553724961274e+02 7.556590644885400110e+00 4.881776974717370876e-02 -1.682589713018701261e+01
2.005000000000000000e+03 2.163062111175289886e+02 7.506706764731241321e+00 4.877881941465218169e-02 -1.678239408283967293e+01
2.006000000000000000e+03 2.162962518566354788e+02 7.456818526232519950e+00 4.873993246729225320e-02 -1.673645673059719741e+01
2.007000000000000000e+03 2.162822564035145945e+02 7.407063686713402539e+00 4.870110574641492440e-02 -1.668815455166672379e+01
2.008000000000000000e+03 2.162650881572880337e+02 7.357431468411664177e+00 4.866233611376358931e-02 -1.663740797349415246e+01
2.009000000000000000e+03 2.162441237409269661e+02 7.307911128490792052e+00 4.862362045200657734e-02 -1.658428551202362300e+01
2.010000000000000000e+03 2.162194814861773864e+02 7.258566245527183547e+00 4.858495566522021136e-02 -1.652878092662683329e+01
2.011000000000000000e+03 2.161905357446202061e+02 7.209311871964136920e+00 4.854633867913304285e-02 -1.647088750922721800e+01
2.012000000000000000e+03 2.161574025400186372e+02 7.160211671058918093e+00 4.850776644139083438e-02 -1.641067237360617526e+01
2.013000000000000000e+03 2.161194538816806130e+02 7.111255069287099495e+00 4.846923592163129846e-02 -1.634812789438120362e+01
2.014000000000000000e+03 2.160775462539802163e+02 7.062505826233056894e+00 4.843074411148654002e-02 -1.628332028017021926e+01
2.015000000000000000e+03 2.160310492616576141e+02 7.013953470443084370e+00 4.839228802462179624e-02 -1.621624101291936171e+01
2.016000000000000000e+03 2.159793312861369259e+02 6.965661869260374672e+00 4.835386469653882302e-02 -1.614695542141082996e+01
2.017000000000000000e+03 2.159239879776516773e+02 6.917546381118130583e+00 4.831547118445101568e-02 -1.607552840442994224e+01
2.018000000000000000e+03 2.158628995627914833e+02 6.869670992319958813e+00 4.827710456709188858e-02 -1.600195015409585508e+01
2.019000000000000000e+03 2.157976591831065605e+02 6.822099752774115622e+00 4.823876194443462578e-02 -1.592628472985933286e+01
2.020000000000000000e+03 2.157268873687609698e+02 6.774748211695455602e+00 4.820044043750080359e-02 -1.584859578214955356e+01
2.021000000000000000e+03 2.156514318730234265e+02 6.727754837791837694e+00 4.816213718804547572e-02 -1.576879799267071114e+01
2.022000000000000000e+03 2.155713963218394156e+02 6.680990750787347388e+00 4.812384935832123012e-02 -1.568702849936473598e+01
2.023000000000000000e+03 2.154853973687547750e+02 6.634572280194199756e+00 4.808557413080952192e-02 -1.560334976999625667e+01
2.024000000000000000e+03 2.153942788601897576e+02 6.588474693668267435e+00 4.804730870804173326e-02 -1.551767532638565150e+01
2.025000000000000000e+03 2.152981404856178358e+02 6.542703051596425290e+00 4.800905031235542381e-02 -1.543006688629099088e+01
2.026000000000000000e+03 2.151955949328814484e+02 6.497277352889543778e+00 4.797079618578947019e-02 -1.534066008790988533e+01
2.027000000000000000e+03 2.150874820536590732e+02 6.452202824036104012e+00 4.793254358994139541e-02 -1.524936736400151993e+01
2.028000000000000000e+03 2.149738975136523038e+02 6.407492206567511950e+00 4.789428980599244601e-02 -1.515624936765503250e+01
2.029000000000000000e+03 2.148541927827691040e+02 6.363150902731404379e+00 4.785603213467469474e-02 -1.506136641365923445e+01
2.030000000000000000e+03 2.147284607952096565e+02 6.319199262874223955e+00 4.781776789641756231e-02 -1.496477848699209723e+01
2.031000000000000000e+03 2.145975359393192718e+02 6.275650302679585124e+00 4.777949443148380576e-02 -1.486647096791775979e+01
2.032000000000000000e+03 2.144600227071289282e+02 6.232502277063250773e+00 4.774120910030756754e-02 -1.476657749119893026e+01
2.033000000000000000e+03 2.143160098588872415e+02 6.189783252475312025e+00 4.770290928376352824e-02 -1.466508282089266935e+01
2.034000000000000000e+03 2.141663275771930444e+02 6.147499110603339645e+00 4.766459238366776985e-02 -1.456204570975974733e+01
2.035000000000000000e+03 2.140103189508235459e+02 6.105663263881758063e+00 4.762625582331406898e-02 -1.445745034125301665e+01
2.036000000000000000e+03 2.138480684684565745e+02 6.064274372502016952e+00 4.758789704810218596e-02 -1.435142918910497478e+01
2.037000000000000000e+03 2.136789163370198139e+02 6.023338631475846583e+00 4.754951352625770566e-02 -1.424389160897736595e+01
2.038000000000000000e+03 2.135036869749321795e+02 5.982877200948747642e+00 4.751110274965718305e-02 -1.413504383221811622e+01
2.039000000000000000e+03 2.133217176599581251e+02 5.942889066361788153e+00 4.747266223478839586e-02 -1.402479470715334209e+01
2.040000000000000000e+03 2.131330870220529334e+02 5.903388182065001821e+00 4.743418952369211905e-02 -1.391327569298472788e+01
2.041000000000000000e+03 2.129371293609341080e+02 5.864373759726544399e+00 4.739568218514507436e-02 -1.380046945172026263e+01
2.042000000000000000e+03 2.127346631386681679e+02 5.825859983491349148e+00 4.735713781579575093e-02 -1.368643270818330748e+01
2.043000000000000000e+03 2.125257624620437866e+02 5.787861154984774714e+00 4.731855404142813748e-02 -1.357122197606583924e+01
2.044000000000000000e+03 2.123097570700079189e+02 5.750384266612281969e+00 4.727992851833766330e-02 -1.345489356753334498e+01
2.045000000000000000e+03 2.120874608262194272e+02 5.713436431504762325e+00 4.724125893469369175e-02 -1.333750360287469228e+01
2.046000000000000000e+03 2.118582003665300704e+02 5.677024885057879722e+00 4.720254301204795944e-02 -1.321903373668968307e+01
2.047000000000000000e+03 2.116213007567805846e+02 5.641156986415159835e+00 4.716377850686022388e-02 -1.309968830162500808e+01
2.048000000000000000e+03 2.113783139858534526e+02 5.605855076594631115e+00 4.712496321206977035e-02 -1.297944861711667741e+01
2.049000000000000000e+03 2.111285619437993546e+02 5.571111909755952496e+00 4.708609495866257488e-02 -1.285837013318450950e+01
2.050000000000000000e+03 2.108721077505836945e+02 5.536942652962566491e+00 4.704717161739836728e-02 -1.273643387323457254e+01
2.051000000000000000e+03 2.106082673705174955e+02 5.503340341410278391e+00 4.700819110041770665e-02 -1.261376738972396616e+01
2.052000000000000000e+03 2.103378299931134450e+02 5.470313093605761345e+00 4.696915136290142484e-02 -1.249034192598544024e+01
2.053000000000000000e+03 2.100600947969875847e+02 5.437876611914869152e+00 4.693005040483672063e-02 -1.236620099059168254e+01
2.054000000000000000e+03 2.097751021503784727e+02 5.406024446156766139e+00 4.689088627258967273e-02 -1.224146227188116320e+01
2.055000000000000000e+03 2.094828907676858591e+02 5.374765136367999574e+00 4.685165706062061064e-02 -1.211602051380787337e+01
2.056000000000000000e+03 2.091842405368520019e+02 5.344099928704022062e+00 4.681236091311384573e-02 -1.199006751031699380e+01
2.057000000000000000e+03 2.088777011724772592e+02 5.314045061381312607e+00 4.677299602558495500e-02 -1.186349784717784317e+01
2.058000000000000000e+03 2.085647920551325001e+02 5.284594623756436071e+00 4.673356064639785229e-02 -1.173650317984784763e+01
2.059000000000000000e+03 2.082440595462776400e+02 5.255750270495997967e+00 4.669405307832222990e-02 -1.160905225878613400e+01
2.060000000000000000e+03 2.079170196646188344e+02 5.227528650634530649e+00 4.665447167994891953e-02 -1.148111378977593944e+01
2.061000000000000000e+03 2.075822154031545210e+02 5.199924266469363232e+00 4.661481486709651012e-02 -1.135287929422706910e+01
2.062000000000000000e+03 2.072411594077587154e+02 5.172946615896521827e+00 4.657508111410810225e-02 -1.122424313442988897e+01
2.063000000000000000e+03 2.068923912965443321e+02 5.146590479532940243e+00 4.653526895504584565e-02 -1.109539679131997936e+01
2.064000000000000000e+03 2.065366775058180053e+02 5.120873062929409691e+00 4.649537698488553916e-02 -1.096630888967507289e+01
2.065000000000000000e+03 2.061747827870350989e+02 5.095781998519363754e+00 4.645540386050991261e-02 -1.083694805830324803e+01
2.066000000000000000e+03 2.058052417050301983e+02 5.071327344409936266e+00 4.641534830168526915e-02 -1.070750579019427384e+01
2.067000000000000000e+03 2.054288156527700266e+02 5.047511871259364291e+00 4.637520909190185475e-02 -1.057787646760576727e+01
2.068000000000000000e+03 2.050462643521939299e+02 5.024331062494733935e+00 4.633498507908755809e-02 -1.044825163964334180e+01
2.069000000000000000e+03 2.046561173563759723e+02 5.001787971169749270e+00 4.629467517628167716e-02 -1.031852576375420405e+01
2.070000000000000000e+03 2.042598739032625303e+02 4.979893220062021619e+00 4.625427836209580063e-02 -1.018881619970847119e+01
2.071000000000000000e+03 2.038568030803838269e+02 4.958635288309561240e+00 4.621379368115749453e-02 -1.005916608499996734e+01
2.072000000000000000e+03 2.034461723411302216e+02 4.938017653140287955e+00 4.617322024435074196e-02 -9.929618627703595379e+00
2.073000000000000000e+03 2.030294760223313801e+02 4.918036504740568304e+00 4.613255722903735617e-02 -9.800217115771035381e+00
2.074000000000000000e+03 2.026059783478933412e+02 4.898703031166929733e+00 4.609180387908990567e-02 -9.670930642761765839e+00
2.075000000000000000e+03 2.021764276189702514e+02 4.880013704748079384e+00 4.605095950482435141e-02 -9.541876967518772901e+00
2.076000000000000000e+03 2.017393420551159977e+02 4.861957710180803360e+00 4.601002348283508153e-02 -9.413025389258503850e+00
2.077000000000000000e+03 2.012962096569328878e+02 4.844546657619727803e+00 4.596899525574508344e-02 -9.284493890609455846e+00
2.078000000000000000e+03 2.008462883795282323e+02 4.827770012208424610e+00 4.592787433176720446e-02 -9.156326296058862724e+00
2.079000000000000000e+03 2.003903203273875420e+02 4.811639663757740770e+00 4.588666028427611232e-02 -9.028492280829508942e+00
2.080000000000000000e+03 1.999283032701175387e+02 4.796137927815909308e+00 4.584535275119346054e-02 -8.901110230183538974e+00
2.081000000000000000e+03 1.994602334993101636e+02 4.781276971938006604e+00 4.580395143428757365e-02 -8.774150114125378153e+00
2.082000000000000000e+03 1.989861058513495777e+02 4.767054244998047530e+00 4.576245609847404833e-02 -8.647730630038156008e+00
2.083000000000000000e+03 1.985059137311326936e+02 4.753459904899852262e+00 4.572086657088905715e-02 -8.521896360713135721e+00
2.084000000000000000e+03 1.980196491366454552e+02 4.740506531286142078e+00 4.567918274000924012e-02 -8.396617782794065121e+00
2.085000000000000000e+03 1.975287883543860801e+02 4.728169697992867349e+00 4.563740455465029738e-02 -8.272014125633576853e+00
2.086000000000000000e+03 1.970310921402995064e+02 4.716462255757032374e+00 4.559553202289085005e-02 -8.148056245533503272e+00
2.087000000000000000e+03 1.965280340968114672e+02 4.705374904569563199e+00 4.555356521095618033e-02 -8.024789484401136264e+00
2.088000000000000000e+03 1.960203436900755491e+02 4.694898477831231709e+00 4.551150424206751310e-02 -7.902259394290951811e+00
2.089000000000000000e+03 1.955065206078697031e+02 4.685038798109333769e+00 4.546934929522254004e-02 -7.780511745341182284e+00
2.090000000000000000e+03 1.949872917981815874e+02 4.675786962744565400e+00 4.542710060392791266e-02 -7.659592533599993480e+00
2.091000000000000000e+03 1.944626401579693322e+02 4.667141627861933983e+00 4.538475845496524330e-02 -7.539473705235509193e+00
2.092000000000000000e+03 1.939325473974132308e+02 4.659094150583557692e+00 4.534232318704715242e-02 -7.420276014639429540e+00
2.093000000000000000e+03 1.933977369044734758e+02 4.651636016245853433e+00 4.529979518955595807e-02 -7.302046181396257829e+00
2.094000000000000000e+03 1.928581881046200408e+02 4.644766265571183439e+00 4.525717490118952302e-02 -7.184682614135091683e+00
2.095000000000000000e+03 1.923131364908051353e+02 4.638484065094035103e+00 4.521446280864628575e-02 -7.068381118773818805e+00
2.096000000000000000e+03 1.917640449936723712e+02 4.632773849192646232e+00 4.517165944532796490e-02 -6.953114921102679702e+00
2.097000000000000000e+03 1.912101470016026497e+02 4.627635032178547547e+00 4.512876539003061321e-02 -6.838887237663007213e+00
2.098000000000000000e+03 1.906514177310461662e+02 4.623067150241580769e+00 4.508578126566475941e-02 -6.725775852685162093e+00
2.099000000000000000e+03 1.900885742567451473e+02 4.619047575002349859e+00 4.504270773798606242e-02 -6.613799414484204497e+00
2.100000000000000000e+03 1.895208470368287692e+02 4.615583510525427258e+00 4.499954551438831857e-02 -6.502984297173246553e+00
2.101000000000000000e+03 1.889489451161911688e+02 4.612667860783090212e+00 4.495629534267523569e-02 -6.393364065299084409e+00
2.102000000000000000e+03 1.883728091509674698e+02 4.610280545269676900e+00 4.491295800994744847e-02 -6.284970426416422562e+00
2.103000000000000000e+03 1.877923727737367017e+02 4.608431750408663596e+00 4.486953434146642022e-02 -6.177827434216540681e+00
2.104000000000000000e+03 1.872075687899089758e+02 4.607116918807120598e+00 4.482602519957956666e-02 -6.071974321340672276e+00
2.105000000000000000e+03 1.866190720421170965e+02 4.606324175968093293e+00 4.478243148272299801e-02 -5.967428363456277474e+00
2.106000000000000000e+03 1.860260709342647374e+02 4.606041756964946110e+00 4.473875412445314087e-02 -5.864207169981379586e+00
2.107000000000000000e+03 1.854299816355087955e+02 4.606280289778764470e+00 4.469499409253024219e-02 -5.762350974652920677e+00
2.108000000000000000e+03 1.848292482636612704e+02 4.607020795096418375e+00 4.465115238807287196e-02 -5.661878070784640116e+00
2.109000000000000000e+03 1.842260284286959688e+02 4.608259254625613366e+00 4.460723004476609133e-02 -5.562821958217600837e+00
2.110000000000000000e+03 1.836187649104757043e+02 4.609991752572349277e+00 4.456322812811873424e-02 -5.465194206605968219e+00
2.111000000000000000e+03 1.830088712016432169e+02 4.612214473783820878e+00 4.451914773480383780e-02 -5.369029030391756940e+00
2.112000000000000000e+03 1.823955316897961154e+02 4.614916273506765698e+00 4.447498999198111480e-02 -5.274353580111229789e+00
2.113000000000000000e+03 1.817794158596462069e+02 4.618093532162626857e+00 4.443075605681948842e-02 -5.181165661884418405e+00
2.114000000000000000e+03 1.811597069796389405e+02 4.621735296688766148e+00 4.438644711593436876e-02 -5.089508025288973059e+00
2.115000000000000000e+03 1.805378163034885972e+02 4.625830706897858136e+00 4.434206438494680408e-02 -4.999379227358237365e+00
2.116000000000000000e+03 1.799129260861353714e+02 4.630376421805496356e+00 4.429760910808042129e-02 -4.910807920113444247e+00
2.117000000000000000e+03 1.792857037846843014e+02 4.635369189226158149e+00 4.425308255783982209e-02 -4.823808284318984896e+00
2.118000000000000000e+03 1.786553307438371689e+02 4.640790986988502453e+00 4.420848603470859534e-02 -4.738409746566515146e+00
2.119000000000000000e+03 1.780232163962812137e+02 4.646638734222507949e+00 4.416382086684331881e-02 -4.654619841031878202e+00
2.120000000000000000e+03 1.773877984425240584e+02 4.652902004165767380e+00 4.411908840994663294e-02 -4.572446497858484449e+00
2.121000000000000000e+03 1.767512283908927486e+02 4.659577878692996222e+00 4.407429004698412700e-02 -4.491912903013949965e+00
2.122000000000000000e+03 1.761119432318387226e+02 4.666648661066679971e+00 4.402942718813587786e-02 -4.413027787868104568e+00
2.123000000000000000e+03 1.754706081424939725e+02 4.674119015463214843e+00 4.398450127065190590e-02 -4.335807717045421228e+00
2.124000000000000000e+03 1.748286308407981551e+02 4.681963966270291877e+00 4.393951375871214121e-02 -4.260269662697965032e+00
2.125000000000000000e+03 1.741837045993675872e+02 4.690180894262727662e+00 4.389446614344086339e-02 -4.186423578600378725e+00
2.126000000000000000e+03 1.735379794546533958e+02 4.698767249251887712e+00 4.384935994278104515e-02 -4.114279830766552237e+00
2.127000000000000000e+03 1.728906338804599443e+02 4.707705691062160192e+00 4.380419670149106326e-02 -4.043856627887630673e+00
2.128000000000000000e+03 1.722423318217713302e+02 4.716986372236518399e+00 4.375897799109403769e-02 -3.975157738190243872e+00
2.129000000000000000e+03 1.715929942132834185e+02 4.726599507319875215e+00 4.371370540984400449e-02 -3.908187347867335681e+00
2.130000000000000000e+03 1.709417990029629948e+02 4.736535370472481077e+00 4.366838058267597661e-02 -3.842972347680665646e+00
2.131000000000000000e+03 1.702901525156815126e+02 4.746784293064110649e+00 4.362300516117059712e-02 -3.779517764232696031e+00
2.132000000000000000e+03 1.696372324665947531e+02 4.757344089600409553e+00 4.357758082346631368e-02 -3.717836474563153804e+00
2.133000000000000000e+03 1.689837021598137312e+02 4.768190341880878869e+00 4.353210927420676779e-02 -3.657919493765885210e+00
2.134000000000000000e+03 1.683294820069133095e+02 4.779328394993738627e+00 4.348659224440499377e-02 -3.599780545931130060e+00
2.135000000000000000e+03 1.676752352206209196e+02 4.790733928042184786e+00 4.344103149130763841e-02 -3.543426351408780040e+00
2.136000000000000000e+03 1.670208821684807958e+02 4.802397521760472188e+00 4.339542879826117222e-02 -3.488849198946474051e+00
2.137000000000000000e+03 1.663656003966590617e+02 4.814317227665830146e+00 4.334978597447338572e-02 -3.436056659403661229e+00
2.138000000000000000e+03 1.657107959939566513e+02 4.826483708848804177e+00 4.330410485478491250e-02 -3.385049300839442665e+00
2.139000000000000000e+03 1.650563894407195562e+02 4.838872809103814454e+00 4.325838729938032146e-02 -3.335835545177990635e+00
2.140000000000000000e+03 1.644023013030589766e+02 4.851490120502615078e+00 4.321263519346864312e-02 -3.288416811300165943e+00
2.141000000000000000e+03 1.637484522571691343e+02 4.864311554056760301e+00 4.316685044685955597e-02 -3.242787514663663107e+00
2.142000000000000000e+03 1.630955059488261725e+02 4.877335335627437374e+00 4.312103499356471914e-02 -3.198942495102559569e+00
2.143000000000000000e+03 1.624426405129535169e+02 4.890537433277096113e+00 4.307519079127012512e-02 -3.156891872807113586e+00
2.144000000000000000e+03 1.617912627735581168e+02 4.903923553170546512e+00 4.302931982082080359e-02 -3.116626134188122954e+00
2.145000000000000000e+03 1.611405512585690474e+02 4.917469710219883439e+00 4.298342408560607703e-02 -3.078152529735779908e+00
2.146000000000000000e+03 1.604904275651051933e+02 4.931159367281589212e+00 4.293750561084519468e-02 -3.041468330734873771e+00
2.147000000000000000e+03 1.598415563848236332e+02 4.944998289302951378e+00 4.289156644289287418e-02 -3.006568999060703185e+00
2.148000000000000000e+03 1.591938598593968095e+02 4.958962542317753019e+00 4.284560864842391903e-02 -2.973447442790400075e+00
2.149000000000000000e+03 1.585480032762664848e+02 4.973043060997902387e+00 4.279963431362452525e-02 -2.942097728661547063e+00
2.150000000000000000e+03 1.579031665894431455e+02 4.987230789407241183e+00 4.275364554320160854e-02 -2.912515080193748052e+00
2.151000000000000000e+03 1.572600120716565186e+02 5.001509661985639177e+00 4.270764445943930204e-02 -2.884695411309216695e+00
2.152000000000000000e+03 1.566184446935099004e+02 5.015872693340185151e+00 4.266163320114115670e-02 -2.858638388122317853e+00
2.153000000000000000e+03 1.559791089618284445e+02 5.030305883394176725e+00 4.261561392254079039e-02 -2.834344362597004174e+00
2.154000000000000000e+03 1.553411641550358979e+02 5.044802659695916347e+00 4.256958879213743746e-02 -2.811808148861002721e+00
2.155000000000000000e+03 1.547059985248570229e+02 5.059363874912158998e+00 4.252355999145750187e-02 -2.791022066163204585e+00
2.156000000000000000e+03 1.540720294778153630e+02 5.073960662581794345e+00 4.247752971382015574e-02 -2.771978981677789555e+00
2.157000000000000000e+03 1.534406462821808645e+02 5.088601289785812831e+00 4.243150016296471511e-02 -2.754672678950631060e+00
2.158000000000000000e+03 1.528117530846211025e+02 5.103271727876768971e+00 4.238547355173013370e-02 -2.739096963376097982e+00
2.159000000000000000e+03 1.521845117720562826e+02 5.117965363426344894e+00 4.233945210059483072e-02 -2.725246401762177140e+00
2.160000000000000000e+03 1.515603133385922945e+02 5.132660710737124710e+00 4.229343803627889226e-02 -2.713114016125472094e+00
2.161000000000000000e+03 1.509383209021785035e+02 5.147358551173657482e+00 4.224743359018548472e-02 -2.702691205845963118e+00
2.162000000000000000e+03 1.503191839064855628e+02 5.162052217359344830e+00 4.220144099692507006e-02 -2.693965515456846038e+00
2.163000000000000000e+03 1.497028096424966463e+02 5.176727590793587908e+00 4.215546249274978313e-02 -2.686928579132695116e+00
2.164000000000000000e+03 1.490891061100783190e+02 5.191370527839378468e+00 4.210950031393831394e-02 -2.681569431187889041e+00
2.165000000000000000e+03 1.484779820443717426e+02 5.205974285731879370e+00 4.206355669528656638e-02 -2.677878958962555345e+00
2.166000000000000000e+03 1.478700897770170002e+02 5.220532091908697936e+00 4.201763386840001724e-02 -2.675848412892501305e+00
2.167000000000000000e+03 1.472653395920737012e+02 5.235029713362846948e+00 4.197173406017416092e-02 -2.675465687940231874e+00
2.168000000000000000e+03 1.466636425867479545e+02 5.249467739420563106e+00 4.192585949112062615e-02 -2.676712347729163444e+00
2.169000000000000000e+03 1.460649106967864839e+02 5.263824437741571494e+00 4.188001237377042552e-02 -2.679565848393364202e+00
2.170000000000000000e+03 1.454697995565464055e+02 5.278107750547646582e+00 4.183419491105034443e-02 -2.684005476474996321e+00
2.171000000000000000e+03 1.448774800185744027e+02 5.292295865623364293e+00 4.178840929473268129e-02 -2.690010858346297162e+00
2.172000000000000000e+03 1.442893523529530455e+02 5.306396640947637522e+00 4.174265770382250967e-02 -2.697559726673615099e+00
2.173000000000000000e+03 1.437045892608966540e+02 5.320388175748515636e+00 4.169694230303418875e-02 -2.706633857946208810e+00
2.174000000000000000e+03 1.431238500731042222e+02 5.334270806839755075e+00 4.165126524127411856e-02 -2.717211638856619427e+00
2.175000000000000000e+03 1.425470522673516029e+02 5.348029964782923251e+00 4.160562865018364170e-02 -2.729274746430830234e+00
2.176000000000000000e+03 1.419741143255812972e+02 5.361658456880694423e+00 4.156003464266923991e-02 -2.742802942685123035e+00
2.177000000000000000e+03 1.414049557553225043e+02 5.375156465149029117e+00 4.151448531151669119e-02 -2.757777783192899790e+00
2.178000000000000000e+03 1.408394971104256683e+02 5.388501830918515090e+00 4.146898272806191083e-02 -2.774180382863730365e+00
2.179000000000000000e+03 1.402784028460971797e+02 5.401694622968879145e+00 4.142352894092211218e-02 -2.791992895792489549e+00
2.180000000000000000e+03 1.397215956680943236e+02 5.414719993841867307e+00 4.137812597476557552e-02 -2.811196280831613770e+00
2.181000000000000000e+03 1.391682565511700602e+02 5.427570462987706179e+00 4.133277582913177234e-02 -2.831772004089617045e+00
2.182000000000000000e+03 1.386197960967801635e+02 5.440238486542465779e+00 4.128748047737478694e-02 -2.853694455895821491e+00
2.183000000000000000e+03 1.380753975396711155e+02 5.452723883838332064e+00 4.124224186562959471e-02 -2.876937184403227210e+00
2.184000000000000000e+03 1.375357309388414535e+02 5.465011550545624708e+00 4.119706191185593808e-02 -2.901473780689286297e+00
2.185000000000000000e+03 1.369999818523479007e+02 5.477093741949375705e+00 4.115194250499361328e-02 -2.927278615202609569e+00
2.186000000000000000e+03 1.364688226913554558e+02 5.488970071208655988e+00 4.110688550417126996e-02 -2.954324751352793932e+00
2.187000000000000000e+03 1.359429270630583630e+02 5.500625222598937825e+00 4.106189273799554923e-02 -2.982587801699894570e+00
2.188000000000000000e+03 1.354207412775758996e+02 5.512058663240350320e+00 4.101696600391224051e-02 -3.012042652850411617e+00
2.189000000000000000e+03 1.349036842040825945e+02 5.523254928058370261e+00 4.097210706768757843e-02 -3.042662195933631519e+00
2.190000000000000000e+03 1.343916902705829557e+02 5.534220759931537614e+00 4.092731766295008150e-02 -3.074420291167232477e+00
2.191000000000000000e+03 1.338839523078218861e+02 5.544925681321036137e+00 4.088259949081510941e-02 -3.107293246685214783e+00
2.192000000000000000e+03 1.333811500621995663e+02 5.555383704590455274e+00 4.083795421955799254e-02 -3.141253126116856365e+00
2.193000000000000000e+03 1.328832216974881248e+02 5.565571618655678066e+00 4.079338348446097384e-02 -3.176275912805551549e+00
2.194000000000000000e+03 1.323893638005773994e+02 5.575488414325674214e+00 4.074888888763455314e-02 -3.212337045775183419e+00
2.195000000000000000e+03 1.319010027262799838e+02 5.585125569476569574e+00 4.070447199798075955e-02 -3.249409184147860064e+00
2.196000000000000000e+03 1.314180804258807598e+02 5.594474476013658659e+00 4.066013435121600822e-02 -3.287459971511589529e+00
2.197000000000000000e+03 1.309397972848193490e+02 5.603533866870413327e+00 4.061587744997310900e-02 -3.326458714261414151e+00
2.198000000000000000e+03 1.304660977943986779e+02 5.612294957994085287e+00 4.057170276394951591e-02 -3.366363746186637584e+00
2.199000000000000000e+03 1.299976705524659621e+02 5.620756303769978146e+00 4.052761173011434209e-02 -3.407153620284673501e+00
2.200000000000000000e+03 1.295344625930925133e+02 5.628908939082694296e+00 4.048360575300933434e-02 -3.448788474046195596e+00
2.201000000000000000e+03 1.290764234736438141e+02 5.636751280107723083e+00 4.043968620511018131e-02 -3.491244899763713772e+00
2.202000000000000000e+03 1.286235090324102543e+02 5.644274402322811746e+00 4.039585442718648250e-02 -3.534483145601406751e+00
2.203000000000000000e+03 1.281756776259616970e+02 5.651476760213305361e+00 4.035211172874166724e-02 -3.578494756487288875e+00
2.204000000000000000e+03 1.277336317071898293e+02 5.658349284197941031e+00 4.030845938847506943e-02 -3.623249118197103158e+00
2.205000000000000000e+03 1.272965893157181796e+02 5.664890236286408864e+00 4.026489865482089925e-02 -3.668723163330575687e+00
2.206000000000000000e+03 1.268645125777393190e+02 5.671097780726420901e+00 4.022143074641388455e-02 -3.714908792220545042e+00
2.207000000000000000e+03 1.264381077001021083e+02 5.676955126340967439e+00 4.017805685270404992e-02 -3.761775723727775578e+00
2.208000000000000000e+03 1.260165964586993397e+02 5.682460239008071845e+00 4.013477813448156073e-02 -3.809301201177990315e+00
2.209000000000000000e+03 1.256006875314587035e+02 5.687610984080325949e+00 4.009159572446100578e-02 -3.857462556541233489e+00
2.210000000000000000e+03 1.251903479856409263e+02 5.692405125546642353e+00 4.004851072782005666e-02 -3.906237202957751897e+00
2.211000000000000000e+03 1.247848032697503697e+02 5.696840325236002478e+00 4.000552422281328235e-02 -3.955595198913430810e+00
2.212000000000000000e+03 1.243847657101135979e+02 5.700914142063741252e+00 3.996263726126478982e-02 -4.005514097468318546e+00
2.213000000000000000e+03 1.239902059969578119e+02 5.704609174620094869e+00 3.991985086911196967e-02 -4.055956653739642981e+00
2.214000000000000000e+03 1.236010960102953788e+02 5.707945058954123851e+00 3.987716604695508427e-02 -4.106907959195281954e+00
2.215000000000000000e+03 1.232166659755195326e+02 5.710904184447074705e+00 3.983458377043655463e-02 -4.158338292456075003e+00
2.216000000000000000e+03 1.228383757939419496e+02 5.713483691683714838e+00 3.979210499072809160e-02 -4.210210540213887853e+00
2.217000000000000000e+03 1.224654580229509406e+02 5.715688043565936738e+00 3.974973063492607400e-02 -4.262509903217408080e+00
2.218000000000000000e+03 1.220978892063408807e+02 5.717514168120660933e+00 3.970746160636552669e-02 -4.315199318775175819e+00
2.219000000000000000e+03 1.217349041944642920e+02 5.718958886403334496e+00 3.966529878488252170e-02 -4.368256595133789055e+00
2.220000000000000000e+03 1.213779674745521078e+02 5.720026340446461077e+00 3.962324302708158247e-02 -4.421659547429421799e+00
2.221000000000000000e+03 1.210263161508473502e+02 5.720705707852593136e+00 3.958129516646002877e-02 -4.475378562017175987e+00
2.222000000000000000e+03 1.206799312750925992e+02 5.721000914884609045e+00 3.953945601355058487e-02 -4.529376589181086210e+00
2.223000000000000000e+03 1.203395378370582876e+02 5.720915779500377774e+00 3.949772635590656500e-02 -4.583638849277592797e+00
2.224000000000000000e+03 1.200036334151452877e+02 5.720439154433383244e+00 3.945610695808152157e-02 -4.638128255411922751e+00
2.225000000000000000e+03 1.196736880124647939e+02 5.719567212070788997e+00 3.941459856151605795e-02 -4.692829976355023192e+00
2.226000000000000000e+03 1.193482013677706846e+02 5.718310872677252021e+00 3.937320188435724372e-02 -4.747706859297488258e+00
2.227000000000000000e+03 1.190286456270374345e+02 5.716651234213424360e+00 3.933191762118998236e-02 -4.802736564498833793e+00
2.228000000000000000e+03 1.187142654899238323e+02 5.714598999104322452e+00 3.929074644272945172e-02 -4.857896701529544004e+00
2.229000000000000000e+03 1.184043067067553352e+02 5.712149904150739310e+00 3.924968899537235184e-02 -4.913149965560354993e+00
2.230000000000000000e+03 1.181002445757803372e+02 5.709299577288989624e+00 3.920874590079460875e-02 -4.968473843802353684e+00
2.231000000000000000e+03 1.178013269254713862e+02 5.706050966046935180e+00 3.916791775533514514e-02 -5.023838323546994111e+00
2.232000000000000000e+03 1.175075454473409167e+02 5.702406909345683950e+00 3.912720512945467438e-02 -5.079220742011240297e+00
2.233000000000000000e+03 1.172181500188579406e+02 5.698362709347507327e+00 3.908660856706108744e-02 -5.134590922837912075e+00
2.234000000000000000e+03 1.169346200367470772e+02 5.693935845101075088e+00 3.904612858474846432e-02 -5.189918597705009518e+00
2.235000000000000000e+03 1.166554645652226867e+02 5.689113974379577776e+00 3.900576567108274967e-02 -5.245173399645479684e+00
2.236000000000000000e+03 1.163821650097781912e+02 5.683914360818290490e+00 3.896552028572679988e-02 -5.300324856429725173e+00
2.237000000000000000e+03 1.161132324307229453e+02 5.678324447493223737e+00 3.892539285865205534e-02 -5.355357240713571443e+00
2.238000000000000000e+03 1.158494073822027133e+02 5.672361284148813354e+00 3.888538378918604543e-02 -5.410232421801654645e+00
2.239000000000000000e+03 1.155899457309866136e+02 5.666004672515807528e+00 3.884549344510992291e-02 -5.464927000982608085e+00
2.240000000000000000e+03 1.153363328255230442e+02 5.659278878678233760e+00 3.880572216177024386e-02 -5.519424876834344573e+00
2.241000000000000000e+03 1.150863408096395943e+02 5.652163493428393970e+00 3.876607024105790944e-02 -5.573687525552187161e+00
2.242000000000000000e+03 1.148414569666080922e+02 5.644667716370390664e+00 3.872653795050769177e-02 -5.627698564855400321e+00
2.243000000000000000e+03 1.146016838676424356e+02 5.636800643162860780e+00 3.868712552234067348e-02 -5.681419177768742834e+00
2.244000000000000000e+03 1.143662822003957729e+02 5.628548981154009923e+00 3.864783315251021922e-02 -5.734840105037370073e+00
2.245000000000000000e+03 1.141352564322207428e+02 5.619914191860118535e+00 3.860866099980118926e-02 -5.787922212370469666e+00
2.246000000000000000e+03 1.139086119680305558e+02 5.610912491733584417e+00 3.856960918496377816e-02 -5.840655911373181297e+00
2.247000000000000000e+03 1.136863551427973817e+02 5.601545139570203169e+00 3.853067778984586161e-02 -5.893001726961277775e+00
2.248000000000000000e+03 1.134684932136003539e+02 5.591805865707131673e+00 3.849186685659486407e-02 -5.944934861768091494e+00
2.249000000000000000e+03 1.132550343511595656e+02 5.581703157960106410e+00 3.845317638693717538e-02 -5.996445190540736547e+00
2.250000000000000000e+03 1.130459876307943574e+02 5.571237977497201399e+00 3.841460634145855979e-02 -6.047492684527808748e+00
2.251000000000000000e+03 1.128413672766797333e+02 5.560418321902028893e+00 3.837615663903105878e-02 -6.098059988883159477e+00
2.252000000000000000e+03 1.126404625782519986e+02 5.549236057324156590e+00 3.833782715624954596e-02 -6.148124457049447322e+00
2.253000000000000000e+03 1.124433107873321234e+02 5.537697516710976764e+00 3.829961772698679129e-02 -6.197663820785903610e+00
2.254000000000000000e+03 1.122506928522651322e+02 5.525808938774857459e+00 3.826152814205303204e-02 -6.246670457382978547e+00
2.255000000000000000e+03 1.120611620650426659e+02 5.513554184045086792e+00 3.822355814889144554e-02 -6.295114242896219459e+00
2.256000000000000000e+03 1.118762438928049079e+02 5.500946734455360421e+00 3.818570745147295553e-02 -6.342987117337988145e+00
2.257000000000000000e+03 1.116952361180572950e+02 5.487985124410469595e+00 3.814797571014017646e-02 -6.390258509773294016e+00
2.258000000000000000e+03 1.115181801631932217e+02 5.474667798686206233e+00 3.811036254179388932e-02 -6.436919903727725156e+00
2.259000000000000000e+03 1.113443754038691225e+02 5.461000542009823988e+00 3.807286751992474544e-02 -6.482947690853363198e+00
2.260000000000000000e+03 1.111746076564847243e+02 5.446989051969523210e+00 3.803549017496678231e-02 -6.528325451509456201e+00
2.261000000000000000e+03 1.110089206544779614e+02 5.432631511952856762e+00 3.799822999466478946e-02 -6.573036522056409758e+00
2.262000000000000000e+03 1.108466160286496631e+02 5.417948305864376479e+00 3.796108642457304144e-02 -6.617071418966436802e+00
2.263000000000000000e+03 1.106869961214670184e+02 5.402944877718098837e+00 3.792405886870382770e-02 -6.660405549650961987e+00
2.264000000000000000e+03 1.105315924703750312e+02 5.387611733007585002e+00 3.788714669022693465e-02 -6.703021493508759754e+00
2.265000000000000000e+03 1.103797087748533983e+02 5.371969010202866102e+00 3.785034921235336941e-02 -6.744901569693987575e+00
2.266000000000000000e+03 1.102313922127137999e+02 5.356007055368545267e+00 3.781366571928235221e-02 -6.786072403458248026e+00
2.267000000000000000e+03 1.100859477452644910e+02 5.339745850409676642e+00 3.777709545726704726e-02 -6.826426642108672560e+00
2.268000000000000000e+03 1.099434237616255956e+02 5.323175587736644232e+00 3.774063763578055369e-02 -6.866020085507138049e+00
2.269000000000000000e+03 1.098046120520880038e+02 5.306308670205985401e+00 3.770429142877861073e-02 -6.904796833726130068e+00
2.270000000000000000e+03 1.096688192755375582e+02 5.289149999229953103e+00 3.766805597602093658e-02 -6.942849276050104379e+00
2.271000000000000000e+03 1.095360954362259349e+02 5.271689547957385535e+00 3.763193038457917500e-02 -6.980046670333835301e+00
2.272000000000000000e+03 1.094064910196981941e+02 5.253939504576208286e+00 3.759591373025512190e-02 -7.016406557515002085e+00
2.273000000000000000e+03 1.092800569630709333e+02 5.235911988832990360e+00 3.756000505922029581e-02 -7.051946191739649983e+00
2.274000000000000000e+03 1.091561017896827934e+02 5.217596768571130639e+00 3.752420338962830781e-02 -7.086608254120940309e+00
2.275000000000000000e+03 1.090346772482960347e+02 5.199020688139602164e+00 3.748850771330918680e-02 -7.120409417137237185e+00
2.276000000000000000e+03 1.089165782818067783e+02 5.180180814864661087e+00 3.745291699746198383e-02 -7.153366058654951232e+00
2.277000000000000000e+03 1.088003716555006548e+02 5.161074154091322974e+00 3.741743018642239987e-02 -7.185419976084191696e+00
2.278000000000000000e+03 1.086868529352936434e+02 5.141727364240722409e+00 3.738204620345231960e-02 -7.216586951175344211e+00
2.279000000000000000e+03 1.085760751155516743e+02 5.122129903329572187e+00 3.734676395251716047e-02 -7.246882464441698701e+00
2.280000000000000000e+03 1.084680914219580359e+02 5.102293457458581649e+00 3.731158232004663788e-02 -7.276247409715988823e+00
2.281000000000000000e+03 1.083622124443505612e+02 5.082214800761769347e+00 3.727650017668013294e-02 -7.304622375846103743e+00
2.282000000000000000e+03 1.082584917747500981e+02 5.061912938871775403e+00 3.724151637905651763e-02 -7.332096212027537696e+00
2.283000000000000000e+03 1.081562403055022230e+02 5.041384540545537973e+00 3.720662977149645501e-02 -7.358683175757482431e+00
2.284000000000000000e+03 1.080569975378779048e+02 5.020633652804921354e+00 3.717183918765922662e-02 -7.384248647928211895e+00
2.285000000000000000e+03 1.079593317058027679e+02 4.999664274338062597e+00 3.713714345215603230e-02 -7.408880549069405852e+00
2.286000000000000000e+03 1.078640395904314460e+02 4.978487785612649930e+00 3.710254138211126901e-02 -7.432517920699386771e+00
2.287000000000000000e+03 1.077704323150064027e+02 4.957115522299680777e+00 3.706803178861967085e-02 -7.455248058332384353e+00
2.288000000000000000e+03 1.076785638205855378e+02 4.935536492007136289e+00 3.703361347814296961e-02 -7.476935093096520824e+00
2.289000000000000000e+03 1.075884880024195809e+02 4.913784231226618004e+00 3.699928525380358213e-02 -7.497665692012096095e+00
2.290000000000000000e+03 1.075002586821797337e+02 4.891847666934137528e+00 3.696504591664041828e-02 -7.517377639874683659e+00
2.291000000000000000e+03 1.074131867460545493e+02 4.869745401905483995e+00 3.693089426663263841e-02 -7.536156972792476871e+00
2.292000000000000000e+03 1.073280686239045423e+02 4.847481146435923982e+00 3.689682910375938207e-02 -7.553940843834911156e+00
2.293000000000000000e+03 1.072442149242560561e+02 4.825073433570473469e+00 3.686284922885330745e-02 -7.570666089826831424e+00
2.294000000000000000e+03 1.071616789155326899e+02 4.802518479189349598e+00 3.682895344437422253e-02 -7.586492081774950158e+00
2.295000000000000000e+03 1.070805136682908341e+02 4.779819897252639116e+00 3.679514055507530218e-02 -7.601206456896079544e+00
2.296000000000000000e+03 1.070000291985921024e+02 4.756996130000742617e+00 3.676140936848296126e-02 -7.614967953818630342e+00
2.297000000000000000e+03 1.069210209526370505e+02 4.734043308059156629e+00 3.672775869534369853e-02 -7.627712144866735322e+00
2.298000000000000000e+03 1.068427984474007957e+02 4.710972394051248457e+00 3.669418734987441033e-02 -7.639522854003597985e+00
2.299000000000000000e+03 1.067661565926531608e+02 4.687786899413850961e+00 3.666069414993537723e-02 -7.650260739875606397e+00
2.300000000000000000e+03 1.066896614989354930e+02 4.664497742968421790e+00 3.662727791707377778e-02 -7.659934714006525702e+00
2.301000000000000000e+03 1.066141105710133417e+02 4.641100644059621416e+00 3.659393747643775729e-02 -7.668701355650280327e+00
2.302000000000000000e+03 1.065395704502895313e+02 4.617619723479147176e+00 3.656067165658884871e-02 -7.676343170343578493e+00
2.303000000000000000e+03 1.064646248692389747e+02 4.594041621248786456e+00 3.652747928921620119e-02 -7.683087467342829768e+00
2.304000000000000000e+03 1.063915713851885556e+02 4.570382677339774879e+00 3.649435920874220113e-02 -7.688715544718817796e+00
2.305000000000000000e+03 1.063182501837180922e+02 4.546651791804866782e+00 3.646131025182351715e-02 -7.693379809176235540e+00
2.306000000000000000e+03 1.062454724185744936e+02 4.522842998312007978e+00 3.642833125679227624e-02 -7.697009509444699304e+00
2.307000000000000000e+03 1.061733060271400859e+02 4.498972607779507804e+00 3.639542106298563479e-02 -7.699607871817823579e+00
2.308000000000000000e+03 1.061010757218870282e+02 4.475042068507907089e+00 3.636257851006517716e-02 -7.701177818296845778e+00
2.309000000000000000e+03 1.060288486526705611e+02 4.451052824762233406e+00 3.632980243719347024e-02 -7.701721968352390313e+00
2.310000000000000000e+03 1.059574343996815884e+02 4.427021175351983473e+00 3.629709168224506954e-02 -7.701316924303829303e+00
2.311000000000000000e+03 1.058861564619508044e+02 4.402941133756440806e+00 3.626444508096385994e-02 -7.699890422802103451e+00
2.312000000000000000e+03 1.058143379215150901e+02 4.378829000099113244e+00 3.623186146601364843e-02 -7.697369903937767432e+00
2.313000000000000000e+03 1.057427871080310950e+02 4.354678792914558727e+00 3.619933966614195808e-02 -7.693905363962892707e+00
2.314000000000000000e+03 1.056715690886163657e+02 4.330514249463228715e+00 3.616687850526899284e-02 -7.689497940103226625e+00
2.315000000000000000e+03 1.056000056630222446e+02 4.306321972436216505e+00 3.613447680157699793e-02 -7.683999912992096171e+00
2.316000000000000000e+03 1.055281610290169567e+02 4.282118286957514286e+00 3.610213336665592243e-02 -7.677560410227023624e+00
2.317000000000000000e+03 1.054560989427572082e+02 4.257912100674971612e+00 3.606984700468855720e-02 -7.670105424500683000e+00
2.318000000000000000e+03 1.053838827141522785e+02 4.233697477243640428e+00 3.603761651164083535e-02 -7.661634950364732077e+00
2.319000000000000000e+03 1.053108323670761735e+02 4.209483351550836083e+00 3.600544067451764280e-02 -7.652222987087823114e+00
2.320000000000000000e+03 1.052377531394616312e+02 4.185278674829232770e+00 3.597331827075096050e-02 -7.641868974611436549e+00
2.321000000000000000e+03 1.051639641379123162e+02 4.161084988109033489e+00 3.594124806755323587e-02 -7.630497796612333516e+00
2.322000000000000000e+03 1.050895268370995126e+02 4.136918709058873489e+00 3.590922882144142320e-02 -7.618182634172551815e+00
2.323000000000000000e+03 1.050152450736142384e+02 4.112773992011669044e+00 3.587725927784615049e-02 -7.604922118533245623e+00
2.324000000000000000e+03 1.049396936991768428e+02 4.088667299829286783e+00 3.584533817078753432e-02 -7.590714617955717003e+00
2.325000000000000000e+03 1.048636755834873924e+02 4.064600263899531107e+00 3.581346422272275315e-02 -7.575632524678318269e+00
2.326000000000000000e+03 1.047865074311323355e+02 4.040589399269723714e+00 3.578163614442121665e-02 -7.559599407957604988e+00
2.327000000000000000e+03 1.047089911129962445e+02 4.016628964611287600e+00 3.574985263506365307e-02 -7.542612868217098310e+00
2.328000000000000000e+03 1.046304423167100026e+02 3.992742962369864923e+00 3.571811238240707453e-02 -7.524818824282143659e+00
2.329000000000000000e+03 1.045516618765011145e+02 3.968918285293030035e+00 3.568641406308942915e-02 -7.506140099689099898e+00
2.330000000000000000e+03 1.044712215869957816e+02 3.945179001593482226e+00 3.565475634307747888e-02 -7.486573560604623090e+00
2.331000000000000000e+03 1.043899212014573123e+02 3.921512073087130901e+00 3.562313787824767514e-02 -7.466190119820729443e+00
2.332000000000000000e+03 1.043078170789290624e+02 3.897934211964977802e+00 3.559155731510400822e-02 -7.444911890326284087e+00
2.333000000000000000e+03 1.042249650056618151e+02 3.874439883939292173e+00 3.556001329158693658e-02 -7.422809323478090526e+00
2.334000000000000000e+03 1.041406773456635761e+02 3.851045879920375281e+00 3.552850443809736636e-02 -7.399878362734448878e+00
2.335000000000000000e+03 1.040550086955208968e+02 3.827754175817336346e+00 3.549702937856343693e-02 -7.376114731476802966e+00
2.336000000000000000e+03 1.039680130333753283e+02 3.804559362416194634e+00 3.546558673168587195e-02 -7.351588220907231630e+00
2.337000000000000000e+03 1.038804865372231205e+02 3.781485788634237011e+00 3.543417511223964644e-02 -7.326294127512271714e+00
2.338000000000000000e+03 1.037909962274157323e+02 3.758520707845232067e+00 3.540279313256721599e-02 -7.300153257603315460e+00
2.339000000000000000e+03 1.037003369587976636e+02 3.735681134483033183e+00 3.537143940408537385e-02 -7.273309065936222062e+00
2.340000000000000000e+03 1.036085600620517226e+02 3.712976703714716553e+00 3.534011253896546939e-02 -7.245756242875489583e+00
2.341000000000000000e+03 1.035149733246795876e+02 3.690402244487303918e+00 3.530881115182134267e-02 -7.217415002637946664e+00
2.342000000000000000e+03 1.034203694766783599e+02 3.667967494297600162e+00 3.527753386151580295e-02 -7.188353938603657234e+00
2.343000000000000000e+03 1.033240548307548892e+02 3.645682243831888325e+00 3.524627929300974682e-02 -7.158641461173938403e+00
2.344000000000000000e+03 1.032260777675263341e+02 3.623541481576401768e+00 3.521504607929872022e-02 -7.128271519189118166e+00
2.345000000000000000e+03 1.031264858805350570e+02 3.601562536849953311e+00 3.518383286330358656e-02 -7.097163604903307998e+00
2.346000000000000000e+03 1.030260687913353053e+02 3.579733082603318906e+00 3.515263829985986604e-02 -7.065459893021111881e+00
2.347000000000000000e+03 1.029233867895882781e+02 3.558070563441835699e+00 3.512146105767022242e-02 -7.033079544758779278e+00
2.348000000000000000e+03 1.028192278236537760e+02 3.536570198363225170e+00 3.509029982129797248e-02 -7.000090130479358130e+00
2.349000000000000000e+03 1.027128933062684837e+02 3.515242123667060792e+00 3.505915329312264683e-02 -6.966484784351941961e+00
2.350000000000000000e+03 1.026051694359271096e+02 3.494096537380855683e+00 3.502802019521297772e-02 -6.932330776564443298e+00
2.351000000000000000e+03 1.024960982959820797e+02 3.473128758239775404e+00 3.499689927124584321e-02 -6.897545617410940189e+00
2.352000000000000000e+03 1.023849767041265721e+02 3.452341255556822475e+00 3.496578928833557476e-02 -6.862265328131445408e+00
2.353000000000000000e+03 1.022718429989415085e+02 3.431751334845694945e+00 3.493468903874276388e-02 -6.826401897166649135e+00
2.354000000000000000e+03 1.021567345668953664e+02 3.411354082480785976e+00 3.490359734159292904e-02 -6.790090037169558279e+00
2.355000000000000000e+03 1.020404306627255266e+02 3.391152080062377561e+00 3.487251304438258176e-02 -6.753167205860544975e+00
2.356000000000000000e+03 1.019214810558235058e+02 3.371162833697874284e+00 3.484143502452639179e-02 -6.715767879444538124e+00
2.357000000000000000e+03 1.018014058631172105e+02 3.351374204798263978e+00 3.481036219063565057e-02 -6.677952140517566804e+00
2.358000000000000000e+03 1.016787528578849589e+02 3.331803837744676144e+00 3.477929348380226493e-02 -6.639631400002431683e+00
2.359000000000000000e+03 1.015550401403549188e+02 3.312439733917652784e+00 3.474822787868504098e-02 -6.600865536613444107e+00
2.360000000000000000e+03 1.014288134493589411e+02 3.293292250946793231e+00 3.471716438443259167e-02 -6.561565768314807201e+00
2.361000000000000000e+03 1.013008460008760352e+02 3.274356961723940085e+00 3.468610204551297177e-02 -6.521940358815164984e+00
2.362000000000000000e+03 1.011704243078412873e+02 3.255651796885447258e+00 3.465503994236848045e-02 -6.481826071533244082e+00
2.363000000000000000e+03 1.010383195167858901e+02 3.237165047058073952e+00 3.462397719190096063e-02 -6.441356726614349881e+00
2.364000000000000000e+03 1.009038160659123378e+02 3.218899933624704612e+00 3.459291294784412607e-02 -6.400443221910331992e+00
2.365000000000000000e+03 1.007676830250246240e+02 3.200867181005132345e+00 3.456184640085190746e-02 -6.359219239493019593e+00
2.366000000000000000e+03 1.006299455919460826e+02 3.183070160553144845e+00 3.453077677862649575e-02 -6.317595550136130278e+00
2.367000000000000000e+03 1.004891422606457638e+02 3.165497462770872517e+00 3.449970334571884206e-02 -6.275631436320959544e+00
2.368000000000000000e+03 1.003467818361844763e+02 3.148167467941779929e+00 3.446862540320529827e-02 -6.233311847215802004e+00
2.369000000000000000e+03 1.002028864309792198e+02 3.131076348177403101e+00 3.443754228826793190e-02 -6.190770254662027128e+00
2.370000000000000000e+03 1.000559914727983397e+02 3.114227781284068630e+00 3.440645337354639177e-02 -6.147842957627119631e+00
2.371000000000000000e+03 9.990760272444038037e+01 3.097625522845568913e+00 3.437535806643998715e-02 -6.104663355679948111e+00
2.372000000000000000e+03 9.975699644956266354e+01 3.081265978273342920e+00 3.434425580818264295e-02 -6.061216253416247035e+00
2.373000000000000000e+03 9.960493360021611409e+01 3.065153059874940134e+00 3.431314607283084128e-02 -6.017560716389878550e+00
2.374000000000000000e+03 9.944994565545852083e+01 3.049298187189696918e+00 3.428202836611816268e-02 -5.973681509512840826e+00
2.375000000000000000e+03 9.929353448150909855e+01 3.033683145540971626e+00 3.425090222426702136e-02 -5.929563385942207887e+00
2.376000000000000000e+03 9.913497250269951167e+01 3.018326941459991364e+00 3.421976721259049892e-02 -5.885265375944572774e+00
2.377000000000000000e+03 9.897353122371833933e+01 3.003226376123543595e+00 3.418862292409233922e-02 -5.840772225228973547e+00
2.378000000000000000e+03 9.881070975279007484e+01 2.988378330612758038e+00 3.415746897797122122e-02 -5.796113253862808179e+00
2.379000000000000000e+03 9.864577781044836513e+01 2.973787194439864390e+00 3.412630501806789701e-02 -5.751317791454813921e+00
2.380000000000000000e+03 9.847948992428419501e+01 2.959457437343107067e+00 3.409513071124504330e-02 -5.706400325709954480e+00
2.381000000000000000e+03 9.831037127401975795e+01 2.945378752700143377e+00 3.406394574580052376e-02 -5.661367936004401358e+00
2.382000000000000000e+03 9.813917472230758676e+01 2.931563199362224204e+00 3.403274982976332852e-02 -5.616235155278580748e+00
2.383000000000000000e+03 9.796590949560099659e+01 2.918008059954868116e+00 3.400154268929798246e-02 -5.571023975196237821e+00
2.384000000000000000e+03 9.779058404034259411e+01 2.904718125949895757e+00 3.397032406700906809e-02 -5.525741566217678091e+00
2.385000000000000000e+03 9.761394887921784402e+01 2.891683412605236647e+00 3.393909372039178446e-02 -5.480409996088412505e+00
2.386000000000000000e+03 9.743452529222113867e+01 2.878908872326130020e+00 3.390785142022859772e-02 -5.435043949838353150e+00
2.387000000000000000e+03 9.725306234778632586e+01 2.866399537894462224e+00 3.387659694909241764e-02 -5.389673019843375990e+00
2.388000000000000000e+03 9.707030841838515300e+01 2.854153094018224923e+00 3.384533009987750196e-02 -5.344311997394967761e+00
2.389000000000000000e+03 9.688552553072842954e+01 2.842174733901658534e+00 3.381405067445127782e-02 -5.298975734329617993e+00
2.390000000000000000e+03 9.669797505553459871e+01 2.830454874034291635e+00 3.378275848237896617e-02 -5.253679147914946945e+00
2.391000000000000000e+03 9.650914623168709738e+01 2.818998867401970365e+00 3.375145333976189987e-02 -5.208452082392078353e+00
2.392000000000000000e+03 9.631904200945918149e+01 2.807812146566802891e+00 3.372013506817366640e-02 -5.163309600371315256e+00
2.393000000000000000e+03 9.612617906804383949e+01 2.796885366717647425e+00 3.368880349372371796e-02 -5.118259415932260303e+00
2.394000000000000000e+03 9.593204484233477558e+01 2.786224118792765658e+00 3.365745844627143074e-02 -5.073316756026423846e+00
2.395000000000000000e+03 9.573589769341442945e+01 2.775826644121569320e+00 3.362609975875471835e-02 -5.028504365130200604e+00
2.396000000000000000e+03 9.553848109831527324e+01 2.765683834088098259e+00 3.359472726666298814e-02 -4.983837653146945712e+00
2.397000000000000000e+03 9.533905232348179482e+01 2.755808943166597746e+00 3.356334080769342310e-02 -4.939324699957861498e+00
2.398000000000000000e+03 9.513761094229606385e+01 2.746193018425910015e+00 3.353194022150920300e-02 -4.894988544970647837e+00
2.399000000000000000e+03 9.493489884639207332e+01 2.736834612507793363e+00 3.350052534968316065e-02 -4.850837478162234540e+00
2.400000000000000000e+03 9.473017175074538443e+01 2.727732354825597838e+00 3.346909603578062525e-02 -4.806894757867808288e+00
2.401000000000000000e+03 9.452342491354272624e+01 2.718885132784333969e+00 3.343765212561745914e-02 -4.763175790801772003e+00
2.402000000000000000e+03 9.431612759642314359e+01 2.710292636371494090e+00 3.340619346760026476e-02 -4.719686518552228094e+00
2.403000000000000000e+03 9.410603160871303885e+01 2.701954812523707616e+00 3.337471991332369853e-02 -4.676454752973344675e+00
2.404000000000000000e+03 9.389534529258834539e+01 2.693871682864553474e+00 3.334323131823553610e-02 -4.633478721144896006e+00
2.405000000000000000e+03 9.368256234242787173e+01 2.686050771464606246e+00 3.331172754238864719e-02 -4.590779067913284273e+00
2.406000000000000000e+03 9.346840448865698647e+01 2.678477390822842086e+00 3.328020845147405815e-02 -4.548361718165551792e+00
2.407000000000000000e+03 9.325285016037312857e+01 2.671159211323716143e+00 3.324867391782383719e-02 -4.506247594190066152e+00
2.408000000000000000e+03 9.303513448722847556e+01 2.664089118814698676e+00 3.321712382156213200e-02 -4.464435477817888298e+00
2.409000000000000000e+03 9.281672064065517702e+01 2.657267498959247742e+00 3.318555805193482144e-02 -4.422939155998039773e+00
2.410000000000000000e+03 9.259609998915107099e+01 2.650702236512961996e+00 3.315397650857397627e-02 -4.381779996201109029e+00
2.411000000000000000e+03 9.237473477837653490e+01 2.644379001172616483e+00 3.312237910302677502e-02 -4.340957236700491606e+00
2.412000000000000000e+03 9.215111545039491148e+01 2.638298388552015705e+00 3.309076576015222010e-02 -4.300485131932498817e+00
2.413000000000000000e+03 9.192670332296916058e+01 2.632468491030908186e+00 3.305913641968649674e-02 -4.260378099329932056e+00
2.414000000000000000e+03 9.170073074325698315e+01 2.626875183528203372e+00 3.302749103781209977e-02 -4.220643294429536674e+00
2.415000000000000000e+03 9.147317242667573112e+01 2.621526692753076926e+00 3.299582958873138044e-02 -4.181295470952073323e+00
2.416000000000000000e+03 9.124474545568500616e+01 2.616416454579040707e+00 3.296415206625678135e-02 -4.142342127401975382e+00
2.417000000000000000e+03 9.101468077363654174e+01 2.611545398196179590e+00 3.293245848535002185e-02 -4.103798366986724844e+00
2.418000000000000000e+03 9.078369452406644768e+01 2.606907088488535251e+00 3.290074888374265594e-02 -4.065679472402973893e+00
2.419000000000000000e+03 9.055101671017834519e+01 2.602510010139896135e+00 3.286902332330825238e-02 -4.027986052188073707e+00
2.420000000000000000e+03 9.031810537006383299e+01 2.598332996564447495e+00 3.283728189162250094e-02 -3.990733757087562950e+00
2.421000000000000000e+03 9.008344673225421673e+01 2.594392084069171656e+00 3.280552470326894565e-02 -3.953923569533384974e+00
2.422000000000000000e+03 8.984775506236717035e+01 2.590673655689929689e+00 3.277375190116469522e-02 -3.917578948185910459e+00
2.423000000000000000e+03 8.961174416035717627e+01 2.587179010260142409e+00 3.274196365770511152e-02 -3.881693832182857573e+00
2.424000000000000000e+03 8.937389885872207174e+01 2.583902076306405782e+00 3.271016017586672597e-02 -3.846284642200566761e+00
2.425000000000000000e+03 8.913567487201071060e+01 2.580851696025415087e+00 3.267834169015789575e-02 -3.811360569569886891e+00
2.426000000000000000e+03 8.889629895711823337e+01 2.578007054088967021e+00 3.264650846742004481e-02 -3.776923578699227235e+00
2.427000000000000000e+03 8.865574026007226394e+01 2.575377103333220230e+00 3.261466080755735797e-02 -3.742983266103335094e+00
2.428000000000000000e+03 8.841471032400167473e+01 2.572955993525977370e+00 3.258279904401318455e-02 -3.709549434285038139e+00
2.429000000000000000e+03 8.817317742839668426e+01 2.570745355268107879e+00 3.255092354415636130e-02 -3.676632093870362716e+00
2.430000000000000000e+03 8.793036659980533898e+01 2.568732013775986811e+00 3.251903470954983777e-02 -3.644226608945091872e+00
2.431000000000000000e+03 8.768698812902711381e+01 2.566917701098967886e+00 3.248713297590134080e-02 -3.612358269094409824e+00
2.432000000000000000e+03 8.744300907960081304e+01 2.565304198218929077e+00 3.245521881303212175e-02 -3.581022864439513231e+00
2.433000000000000000e+03 8.719839613784780852e+01 2.563878477134327927e+00 3.242329272451442701e-02 -3.550231257477237001e+00
2.434000000000000000e+03 8.695385846436894894e+01 2.562642413030632671e+00 3.239135524725863385e-02 -3.519987099666674002e+00
2.435000000000000000e+03 8.670787637185576102e+01 2.561597926334966857e+00 3.235940695081756385e-02 -3.490294261315143753e+00
2.436000000000000000e+03 8.646190118958993764e+01 2.560732124756877504e+00 3.232744843667170742e-02 -3.461164261362493555e+00
2.437000000000000000e+03 8.621515543896725831e+01 2.560039587067385547e+00 3.229548033720303774e-02 -3.432601412012318498e+00
2.438000000000000000e+03 8.596834703064530459e+01 2.559529790165016028e+00 3.226350331458836818e-02 -3.404602819961303428e+00
2.439000000000000000e+03 8.572069794772812656e+01 2.559182537678273750e+00 3.223151805954672239e-02 -3.377180672576793441e+00
2.440000000000000000e+03 8.547291561033952689e+01 2.559007385460540185e+00 3.219952528989465657e-02 -3.350339953870212550e+00
2.441000000000000000e+03 8.522496439612606878e+01 2.558991641820652863e+00 3.216752574904458567e-02 -3.324085873769035526e+00
2.442000000000000000e+03 8.497680850187175849e+01 2.559137507946746659e+00 3.213552020432552253e-02 -3.298416440585835385e+00
2.443000000000000000e+03 8.472766913597115490e+01 2.559432363168666846e+00 3.210350944520589528e-02 -3.273337318435828980e+00
2.444000000000000000e+03 8.447899588682547289e+01 2.559878477013902032e+00 3.207149428142089254e-02 -3.248854399502099533e+00
2.445000000000000000e+03 8.423075257669316329e+01 2.560478151154195636e+00 3.203947554101188588e-02 -3.224973804549429168e+00
2.446000000000000000e+03 8.398141729122036736e+01 2.561211432994730419e+00 3.200745406832609247e-02 -3.201687026636891531e+00
2.447000000000000000e+03 8.373318225457131803e+01 2.562088112759377534e+00 3.197543072187459395e-02 -3.179015501532086674e+00
2.448000000000000000e+03 8.348452550942447203e+01 2.563095723666475756e+00 3.194340637229162866e-02 -3.156943752771947054e+00
2.449000000000000000e+03 8.323541079254658825e+01 2.564229253952313048e+00 3.191138190011860720e-02 -3.135486246929171106e+00
2.450000000000000000e+03 8.298728756520600314e+01 2.565491145488985048e+00 3.187935819366678053e-02 -3.114635395176453159e+00
2.451000000000000000e+03 8.273863169300025788e+01 2.566869252595069373e+00 3.184733614688043529e-02 -3.094399000961050472e+00
2.452000000000000000e+03 8.249088113515017540e+01 2.568359861439517555e+00 3.181531665720808283e-02 -3.074771464439645552e+00
2.453000000000000000e+03 8.224250031484145040e+01 2.569966952907368096e+00 3.178330062345072204e-02 -3.055770005943205359e+00
2.454000000000000000e+03 8.199492516880839332e+01 2.571687099257762732e+00 3.175128894380872119e-02 -3.037397217853945897e+00
2.455000000000000000e+03 8.174736333056138449e+01 2.573509462728698516e+00 3.171928251384392716e-02 -3.019641064144787279e+00
2.456000000000000000e+03 8.150050833311472331e+01 2.575430650841390889e+00 3.168728222463426669e-02 -3.002512021577884660e+00
2.457000000000000000e+03 8.125431113059428867e+01 2.577454715004070973e+00 3.165528896090500505e-02 -2.986005937309645031e+00
2.458000000000000000e+03 8.100798012388540315e+01 2.579570864065307223e+00 3.162330359941772223e-02 -2.970133741558133256e+00
2.459000000000000000e+03 8.076146685519040602e+01 2.581783176320214590e+00 3.159132700733990190e-02 -2.954891733379799046e+00
2.460000000000000000e+03 8.051620886632358065e+01 2.584080884716133397e+00 3.155936004084509278e-02 -2.940276436460286469e+00
2.461000000000000000e+03 8.027141554553037395e+01 2.586468088862529768e+00 3.152740354378515825e-02 -2.926292026468658491e+00
2.462000000000000000e+03 8.002629665310479368e+01 2.588934040241581691e+00 3.149545834652436871e-02 -2.912942901626272896e+00
2.463000000000000000e+03 7.978303368056286615e+01 2.591475425873722038e+00 3.146352526496926094e-02 -2.900218824841493515e+00
2.464000000000000000e+03 7.953935151794307501e+01 2.594096366936304854e+00 3.143160509969057659e-02 -2.888124635863456913e+00
2.465000000000000000e+03 7.929668965506613176e+01 2.596786132335747066e+00 3.139969863529024074e-02 -2.876657964902755271e+00
2.466000000000000000e+03 7.905425951572367183e+01 2.599541422386108636e+00 3.136780663985921230e-02 -2.865816659572934633e+00
2.467000000000000000e+03 7.881275864557841260e+01 2.602358939092007439e+00 3.133592986461894436e-02 -2.855598783403072272e+00
2.468000000000000000e+03 7.857214221824561662e+01 2.605242813137809144e+00 3.130406904381830002e-02 -2.846002614272535869e+00
2.469000000000000000e+03 7.833236587986358757e+01 2.608174889132051089e+00 3.127222489466610633e-02 -2.837026642769294060e+00
2.470000000000000000e+03 7.809264292202334445e+01 2.611166722711387944e+00 3.124039811750949081e-02 -2.828669570472897465e+00
2.471000000000000000e+03 7.785441562826540007e+01 2.614200152398069132e+00 3.120858939619198386e-02 -2.820922879813085427e+00
2.472000000000000000e+03 7.761689826881291765e+01 2.617279296719045245e+00 3.117679939848299123e-02 -2.813785688906035976e+00
2.473000000000000000e+03 7.738004844409785221e+01 2.620400839480486521e+00 3.114502877673573297e-02 -2.807257321267966343e+00
2.474000000000000000e+03 7.714382425177231539e+01 2.623554028452055764e+00 3.111327816862232559e-02 -2.801329875457838181e+00
2.475000000000000000e+03 7.690892712245791074e+01 2.626742959110998310e+00 3.108154819807876224e-02 -2.796010508051408383e+00
2.476000000000000000e+03 7.667457331417107014e+01 2.629964288294391661e+00 3.104983947627636132e-02 -2.791284289744316194e+00
2.477000000000000000e+03 7.644146525079528942e+01 2.633207232912049278e+00 3.101815260280323117e-02 -2.787143916539955413e+00
2.478000000000000000e+03 7.620956301435549562e+01 2.636468425370469770e+00 3.098648816682273224e-02 -2.783589707469463992e+00
2.479000000000000000e+03 7.597882717648077744e+01 2.639751912306994353e+00 3.095484674843168929e-02 -2.780607317195349815e+00
2.480000000000000000e+03 7.574847595902384967e+01 2.643046868284545159e+00 3.092322892000774759e-02 -2.778204875352361825e+00
2.481000000000000000e+03 7.551995656913473454e+01 2.646357307949711579e+00 3.089163524764864874e-02 -2.776353557271337813e+00
2.482000000000000000e+03 7.529248818354041362e+01 2.649672371400872972e+00 3.086006629264953852e-02 -2.775069293295028938e+00
2.483000000000000000e+03 7.506603328266098174e+01 2.652996036370750321e+00 3.082852261299037083e-02 -2.774338482676806716e+00
2.484000000000000000e+03 7.484055480931701254e+01 2.656317403619721240e+00 3.079700476487640115e-02 -2.774147704322026620e+00
2.485000000000000000e+03 7.461675899733664608e+01 2.659632980794156776e+00 3.076551330416231814e-02 -2.774498570768883621e+00
2.486000000000000000e+03 7.439460969506694710e+01 2.662946681247413405e+00 3.073404878790142805e-02 -2.775378012008801409e+00
2.487000000000000000e+03 7.417332835904475985e+01 2.666240109473812847e+00 3.070261177576135217e-02 -2.776780557700623930e+00
2.488000000000000000e+03 7.395362255297720822e+01 2.669524558409610560e+00 3.067120283141886936e-02 -2.778708334276917213e+00
2.489000000000000000e+03 7.373471460190472726e+01 2.672789009845068620e+00 3.063982252388652849e-02 -2.781141348593247908e+00
2.490000000000000000e+03 7.351731292703746590e+01 2.676022418354008003e+00 3.060847142874009025e-02 -2.784074626674788888e+00
2.491000000000000000e+03 7.330212637102587792e+01 2.679235995238611778e+00 3.057715012929778167e-02 -2.787503353956916285e+00
2.492000000000000000e+03 7.308763568889372664e+01 2.682418637337641076e+00 3.054585921766471424e-02 -2.791415443823400011e+00
2.493000000000000000e+03 7.287455055497794376e+01 2.685566639353115903e+00 3.051459929565070173e-02 -2.795806391143226932e+00
2.494000000000000000e+03 7.266320963799911681e+01 2.688683692792281477e+00 3.048337097557706626e-02 -2.800656984005631234e+00
2.495000000000000000e+03 7.245328346565364086e+01 2.691751171525098574e+00 3.045217488101427047e-02 -2.805963013857213806e+00
2.496000000000000000e+03 7.224496296026548237e+01 2.694780129211576281e+00 3.042101164721239953e-02 -2.811720415489066038e+00
2.497000000000000000e+03 7.203814232093483838e+01 2.697759299842679592e+00 3.038988192154131254e-02 -2.817910406976932514e+00
2.498000000000000000e+03 7.183293900983908031e+01 2.700692238501804177e+00 3.035878636373542591e-02 -2.824529199676890645e+00
2.499000000000000000e+03 7.162924805413973672e+01 2.703560178641665424e+00 3.032772564590841685e-02 -2.831565709724672253e+00
2.500000000000000000e+03 7.142718775107694285e+01 2.706374029582204521e+00 3.029670045251172186e-02 -2.839008982892884614e+00
2.501000000000000000e+03 7.122672819636345309e+01 2.709122471818783406e+00 3.026571148007176429e-02 -2.846848921531519583e+00
2.502000000000000000e+03 7.102791396308305139e+01 2.711801953592449355e+00 3.023475943675530200e-02 -2.855078472418569380e+00
2.503000000000000000e+03 7.083071572023870033e+01 2.714408977556056701e+00 3.020384504181990518e-02 -2.863698860070540864e+00
2.504000000000000000e+03 7.063517886774607746e+01 2.716947433550779056e+00 3.017296902488407831e-02 -2.872696567565292902e+00
2.505000000000000000e+03 7.044134926265103047e+01 2.719413741046711852e+00 3.014213212502736203e-02 -2.882058189555684713e+00
2.506000000000000000e+03 7.024912466285829282e+01 2.721796848303719152e+00 3.011133508979465731e-02 -2.891792713599639519e+00
2.507000000000000000e+03 7.005870043982969264e+01 2.724100516603099376e+00 3.008057867402454816e-02 -2.901872089605078475e+00
2.508000000000000000e+03 6.986997532312135206e+01 2.726328462748326853e+00 3.004986363852104464e-02 -2.912305509548961169e+00
2.509000000000000000e+03 6.968292283124296205e+01 2.728469501586219259e+00 3.001919074871610763e-02 -2.923079976862977603e+00
2.510000000000000000e+03 6.949766556920201310e+01 2.730519830300291328e+00 2.998856077305703249e-02 -2.934182587645210116e+00
2.511000000000000000e+03 6.931417810912877542e+01 2.732490456024447401e+00 2.995797448147106273e-02 -2.945615383496497763e+00
2.512000000000000000e+03 6.913250985590249797e+01 2.734362625026310223e+00 2.992743264359016414e-02 -2.957358205881898794e+00
2.513000000000000000e+03 6.895248792862800258e+01 2.736139820465130601e+00 2.989693602703141426e-02 -2.969413262323794100e+00
2.514000000000000000e+03 6.877431144438935462e+01 2.737825476668950486e+00 2.986648539552422613e-02 -2.981767980722997535e+00
2.515000000000000000e+03 6.859795726608516020e+01 2.739415550134090438e+00 2.983608150705614054e-02 -2.994409862114435494e+00
2.516000000000000000e+03 6.842332858528260431e+01 2.740898518897000091e+00 2.980572511193462990e-02 -3.007333905057334000e+00
2.517000000000000000e+03 6.825047778843702417e+01 2.742277666979065387e+00 2.977541695090430915e-02 -3.020535173311722943e+00
2.518000000000000000e+03 6.807938362182906644e+01 2.743556227102685874e+00 2.974515775318915117e-02 -3.034001363503874060e+00
2.519000000000000000e+03 6.791009977361576944e+01 2.744729951780173760e+00 2.971494823460135368e-02 -3.047720229483075194e+00
2.520000000000000000e+03 6.774260632134426885e+01 2.745787112775683436e+00 2.968478909570687260e-02 -3.061687006671397260e+00
2.521000000000000000e+03 6.757688402931917437e+01 2.746738213991198663e+00 2.965468101992400907e-02 -3.075889551357699148e+00
2.522000000000000000e+03 6.741298864519322365e+01 2.747578849223222264e+00 2.962462467184373560e-02 -3.090323193389738154e+00
2.523000000000000000e+03 6.725082806165356430e+01 2.748311986744886859e+00 2.959462069546445195e-02 -3.104968447114055063e+00
2.524000000000000000e+03 6.709045946161940321e+01 2.748925683809826825e+00 2.956466971262603285e-02 -3.119820720768702760e+00
2.525000000000000000e+03 6.693194076131322845e+01 2.749422799631376702e+00 2.953477232150520521e-02 -3.134868027427420323e+00
2.526000000000000000e+03 6.677518205212332703e+01 2.749798709933628071e+00 2.950492909523121099e-02 -3.150098409349729067e+00
2.527000000000000000e+03 6.662016845868220116e+01 2.750063591627767590e+00 2.947514058060297579e-02 -3.165507362338174424e+00
2.528000000000000000e+03 6.646703442856320976e+01 2.750205280710217526e+00 2.944540729697093379e-02 -3.181082975053634687e+00
2.529000000000000000e+03 6.631561803601503868e+01 2.750226413687265836e+00 2.941572973521048781e-02 -3.196805925042043750e+00
2.530000000000000000e+03 6.616598096972491305e+01 2.750129570571876236e+00 2.938610835692568105e-02 -3.212679188174741629e+00
2.531000000000000000e+03 6.601811140050396887e+01 2.749909846254924073e+00 2.935654359372334710e-02 -3.228683464600622166e+00
2.532000000000000000e+03 6.587199826489926124e+01 2.749562278601055176e+00 2.932703584666531207e-02 -3.244806888217214969e+00
2.533000000000000000e+03 6.572763126369407871e+01 2.749089276568664975e+00 2.929758548595801787e-02 -3.261045022758554790e+00
2.534000000000000000e+03 6.558507514229010837e+01 2.748493191653731849e+00 2.926819285069852394e-02 -3.277378572851855854e+00
2.535000000000000000e+03 6.544417255195737937e+01 2.747761461007593997e+00 2.923885824884992282e-02 -3.293810521897360122e+00
2.536000000000000000e+03 6.530498974450308936e+01 2.746903749030797925e+00 2.920958195733979607e-02 -3.310314129767954583e+00
2.537000000000000000e+03 6.516759371383639632e+01 2.745914805488665511e+00 2.918036422240572261e-02 -3.326892355786781330e+00
2.538000000000000000e+03 6.503182933598934312e+01 2.744789322103000195e+00 2.915120525998412745e-02 -3.343525856476754043e+00
2.539000000000000000e+03 6.489776505916475458e+01 2.743536789167973833e+00 2.912210525634900682e-02 -3.360210123540157134e+00
2.540000000000000000e+03 6.476539575732360277e+01 2.742144353738555473e+00 2.909306436884567804e-02 -3.376925766714395927e+00
2.541000000000000000e+03 6.463471699991954722e+01 2.740628818046136672e+00 2.906408272677299745e-02 -3.393668223459547217e+00
2.542000000000000000e+03 6.450565075334320397e+01 2.738969784334287283e+00 2.903516043242550596e-02 -3.410425470224990985e+00
2.543000000000000000e+03 6.437834249868389236e+01 2.737191366723601860e+00 2.900629756224024774e-02 -3.427185447149295960e+00
2.544000000000000000e+03 6.425264122986571635e+01 2.735273051044869508e+00 2.897749416801483763e-02 -3.443936054443025974e+00
2.545000000000000000e+03 6.412854513632491660e+01 2.733231406751787773e+00 2.894875027834018649e-02 -3.460665148806027602e+00
2.546000000000000000e+03 6.400612730028940689e+01 2.731053231852667906e+00 2.892006589997211594e-02 -3.477360539879961188e+00
2.547000000000000000e+03 6.388531282629189434e+01 2.728747551469688837e+00 2.889144101942671058e-02 -3.494017415087709466e+00
2.548000000000000000e+03 6.376602738755637034e+01 2.726308476218868293e+00 2.886287560451903170e-02 -3.510623479459173524e+00
2.549000000000000000e+03 6.364834577187176023e+01 2.723737487415387015e+00 2.883436960604213520e-02 -3.527158952196081110e+00
2.550000000000000000e+03 6.353219472606642881e+01 2.721036008901292824e+00 2.880592295940233652e-02 -3.543618848326551607e+00
2.551000000000000000e+03 6.341757760735336547e+01 2.718197877877398749e+00 2.877753558634644701e-02 -3.559998577868915604e+00
2.552000000000000000e+03 6.330450554575614319e+01 2.715223898771220501e+00 2.874920739663971991e-02 -3.576273035127070177e+00
2.553000000000000000e+03 6.319291767089863043e+01 2.712114718190084428e+00 2.872093828977833121e-02 -3.592454644557569132e+00
2.554000000000000000e+03 6.308282783465016763e+01 2.708870926209381746e+00 2.869272815663009152e-02 -3.608518614815700687e+00
2.555000000000000000e+03 6.297425030612918562e+01 2.705485628313990976e+00 2.866457688110653212e-02 -3.624462362369558210e+00
2.556000000000000000e+03 6.286705118358334232e+01 2.701974159113158525e+00 2.863648434171576704e-02 -3.640283223305317950e+00
2.557000000000000000e+03 6.276146835828718196e+01 2.698322084224475503e+00 2.860845041310365600e-02 -3.655971021877764127e+00
2.558000000000000000e+03 6.265722009249648039e+01 2.694537199083032242e+00 2.858047496748876426e-02 -3.671508067456382030e+00
2.559000000000000000e+03 6.255447068567215752e+01 2.690619815919223612e+00 2.855255787600019871e-02 -3.686906293268862989e+00
2.560000000000000000e+03 6.245323618795310239e+01 2.686562764158603400e+00 2.852469900998394481e-02 -3.702140398288020773e+00
2.561000000000000000e+03 6.235331009903445221e+01 2.682373675893423126e+00 2.849689824210244540e-02 -3.717207271120316125e+00
2.562000000000000000e+03 6.225485761953302699e+01 2.678045272922849662e+00 2.846915544741980206e-02 -3.732111130440332047e+00
2.563000000000000000e+03 6.215774708384210356e+01 2.673585080615553444e+00 2.844147050424284881e-02 -3.746826380423321279e+00
2.564000000000000000e+03 6.206199564661179835e+01 2.668985714990036673e+00 2.841384329499411707e-02 -3.761357034780866915e+00
2.565000000000000000e+03 6.196754641884168535e+01 2.664247168266487886e+00 2.838627370677299436e-02 -3.775692143943266910e+00
2.566000000000000000e+03 6.187441702265432042e+01 2.659376809387026697e+00 2.835876163190738028e-02 -3.789820649095235083e+00
2.567000000000000000e+03 6.178262529675392045e+01 2.654367099504196137e+00 2.833130696825310324e-02 -3.803738807913122244e+00
2.568000000000000000e+03 6.169211500308896490e+01 2.649232734289927560e+00 2.830390961947519199e-02 -3.817442763654430582e+00
2.569000000000000000e+03 6.160290438522655165e+01 2.643958646059775930e+00 2.827656949508685139e-02 -3.830928542650926971e+00
2.570000000000000000e+03 6.151486331040794653e+01 2.638559431168742364e+00 2.824928651035729654e-02 -3.844184623505629173e+00
2.571000000000000000e+03 6.142815896429725342e+01 2.633034780521039675e+00 2.822206058609580057e-02 -3.857206791395620282e+00
2.572000000000000000e+03 6.134258729433017976e+01 2.627376908548669121e+00 2.819489164829855343e-02 -3.869990707379844519e+00
2.573000000000000000e+03 6.125824155720181352e+01 2.621600267257476524e+00 2.816777962763532608e-02 -3.882524477763453330e+00
2.574000000000000000e+03 6.117514089835846391e+01 2.615704405137185606e+00 2.814072445886589210e-02 -3.894810936920535038e+00
2.575000000000000000e+03 6.109308178297357017e+01 2.609681396188908487e+00 2.811372608005454146e-02 -3.906837931723296187e+00
2.576000000000000000e+03 6.101223226285152634e+01 2.603545554018833030e+00 2.808678443173241376e-02 -3.918600604481925931e+00
2.577000000000000000e+03 6.093238914110960991e+01 2.597281434094251384e+00 2.805989945594643611e-02 -3.930093962543390163e+00
2.578000000000000000e+03 6.085364652414151720e+01 2.590903261268071134e+00 2.803307109514967602e-02 -3.941305447950680829e+00
2.579000000000000000e+03 6.077595012168320210e+01 2.584410360413956109e+00 2.800629929112690222e-02 -3.952237220564726705e+00
2.580000000000000000e+03 6.069924581543812536e+01 2.577802013877411369e+00 2.797958398374795347e-02 -3.962883871146804182e+00
2.581000000000000000e+03 6.062347966113118503e+01 2.571077462239750311e+00 2.795292510968579863e-02 -3.973232419554904915e+00
2.582000000000000000e+03 6.054867217439053917e+01 2.564243333445300532e+00 2.792632260109772363e-02 -3.983284598054601222e+00
2.583000000000000000e+03 6.047484404983783435e+01 2.557298786890418896e+00 2.789977638428008805e-02 -3.993027136242734088e+00
2.584000000000000000e+03 6.040186759677614248e+01 2.550250370925649435e+00 2.787328637831234038e-02 -4.002468901188746209e+00
2.585000000000000000e+03 6.032976387587891764e+01 2.543089738618446560e+00 2.784685249360174114e-02 -4.011596325789196449e+00
2.586000000000000000e+03 6.025847985123416350e+01 2.535830790329076212e+00 2.782047463056641981e-02 -4.020410549041908865e+00
2.587000000000000000e+03 6.018796267615914530e+01 2.528472532794998173e+00 2.779415267823328803e-02 -4.028890272884876111e+00
2.588000000000000000e+03 6.011830826216825585e+01 2.521006508327173989e+00 2.776788651290713547e-02 -4.037051187656594209e+00
2.589000000000000000e+03 6.004938986296805581e+01 2.513446509067150281e+00 2.774167599691624783e-02 -4.044879115670753755e+00
2.590000000000000000e+03 5.998108092591530038e+01 2.505791436101610259e+00 2.771552097731610001e-02 -4.052374580113847991e+00
2.591000000000000000e+03 5.991355222632351030e+01 2.498047585388054159e+00 2.768942128476472100e-02 -4.059523090510025689e+00
2.592000000000000000e+03 5.984660331549337542e+01 2.490206363587833760e+00 2.766337673242155737e-02 -4.066332283408399029e+00
2.593000000000000000e+03 5.978025678745832749e+01 2.482266574009091009e+00 2.763738711495020844e-02 -4.072787351288226887e+00
2.594000000000000000e+03 5.971453542630000300e+01 2.474249274207436233e+00 2.761145220761961061e-02 -4.078888183387758382e+00
2.595000000000000000e+03 5.964931363599612979e+01 2.466138350091767517e+00 2.758557176548252776e-02 -4.084634508152776178e+00
2.596000000000000000e+03 5.958461457025553898e+01 2.457947371991469954e+00 2.755974552274061823e-02 -4.090018464106870866e+00
2.597000000000000000e+03 5.952038727675876828e+01 2.449675025476739876e+00 2.753397319217681938e-02 -4.095046884194500691e+00
2.598000000000000000e+03 5.945658097429308953e+01 2.441327397337607952e+00 2.750825446468956742e-02 -4.099711581744242217e+00
2.599000000000000000e+03 5.939321932874356236e+01 2.432903119817737547e+00 2.748258900898545992e-02 -4.104011634955892163e+00
2.600000000000000000e+03 5.933025187741426265e+01 2.424408228254789854e+00 2.745697647149987139e-02 -4.107938529708317965e+00
2.601000000000000000e+03 5.926770435152962335e+01 2.415841130279505311e+00 2.743141647627974841e-02 -4.111498310464877903e+00
2.602000000000000000e+03 5.920538682723375956e+01 2.407214366679337303e+00 2.740590862513838169e-02 -4.114681465347473477e+00
2.603000000000000000e+03 5.914348268542792653e+01 2.398525424089407831e+00 2.738045249790647950e-02 -4.117493040439056173e+00
2.604000000000000000e+03 5.908180399811357120e+01 2.389764339347456357e+00 2.735504765277498723e-02 -4.119930488254292200e+00
2.605000000000000000e+03 5.902046006552859581e+01 2.380943413857532054e+00 2.732969362686900328e-02 -4.121976239256484931e+00
2.606000000000000000e+03 5.895926313269073660e+01 2.372060072804997422e+00 2.730438993685322183e-02 -4.123649700247353778e+00
2.607000000000000000e+03 5.889832264098428993e+01 2.363119151176598098e+00 2.727913607974193425e-02 -4.124925542522993815e+00
2.608000000000000000e+03 5.883759950977817255e+01 2.354125466382363641e+00 2.725393153375459468e-02 -4.125815413805595355e+00
2.609000000000000000e+03 5.877705468520081666e+01 2.345068962529631040e+00 2.722877575935996400e-02 -4.126308511589874328e+00
2.610000000000000000e+03 5.871664912112600376e+01 2.335954424800716023e+00 2.720366820035520841e-02 -4.126416153462446168e+00
2.611000000000000000e+03 5.865641804296283368e+01 2.326794052081035957e+00 2.717860828509249468e-02 -4.126127207286483412e+00
2.612000000000000000e+03 5.859624807682943270e+01 2.317577744537920204e+00 2.715359542776834070e-02 -4.125445233307218906e+00
2.613000000000000000e+03 5.853617436273523111e+01 2.308310246352740958e+00 2.712862902978872490e-02 -4.124373627872814474e+00
2.614000000000000000e+03 5.847615768283925064e+01 2.299003718352287784e+00 2.710370848120430970e-02 -4.122900767221823415e+00
2.615000000000000000e+03 5.841623300691944820e+01 2.289648025589760660e+00 2.707883316222894562e-02 -4.121029721437857063e+00
2.616000000000000000e+03 5.835636090364009476e+01 2.280247880078171363e+00 2.705400244472604826e-02 -4.118770826717895517e+00
2.617000000000000000e+03 5.829642751874155238e+01 2.270807985071633617e+00 2.702921569383201841e-02 -4.116111972654103113e+00
2.618000000000000000e+03 5.823654168726913127e+01 2.261333036046669243e+00 2.700447226948436349e-02 -4.113063173081203949e+00
2.619000000000000000e+03 5.817658921091677371e+01 2.251812864981972862e+00 2.697977152808734777e-02 -4.109619425133732129e+00
2.620000000000000000e+03 5.811667853765074199e+01 2.242267011439075919e+00 2.695511282402350897e-02 -4.105782995166507909e+00
2.621000000000000000e+03 5.805662075615850881e+01 2.232692725088021746e+00 2.693049551129190339e-02 -4.101555991334882911e+00
2.622000000000000000e+03 5.799652384329785804e+01 2.223079823383512288e+00 2.690591894499347672e-02 -4.096940364584712668e+00
2.623000000000000000e+03 5.793627265957273664e+01 2.213447834289423710e+00 2.688138248289216950e-02 -4.091937909700982701e+00
2.624000000000000000e+03 5.787597463080201265e+01 2.203786570447596738e+00 2.685688548682431745e-02 -4.086542838064014305e+00
2.625000000000000000e+03 5.781543974500730343e+01 2.194100700247117786e+00 2.683242732412860834e-02 -4.080771492213518314e+00
2.626000000000000000e+03 5.775477480267507246e+01 2.184402320438654233e+00 2.680800736893168557e-02 -4.074602920265504302e+00
2.627000000000000000e+03 5.769393769889816070e+01 2.174673815344142724e+00 2.678362500341058966e-02 -4.068053160688444692e+00
2.628000000000000000e+03 5.763281169102021551e+01 2.164934712966015251e+00 2.675927961896544527e-02 -4.061123245179024899e+00
2.629000000000000000e+03 5.757150251783508565e+01 2.155182259137967904e+00 2.673497061723223781e-02 -4.053814056742937488e+00
2.630000000000000000e+03 5.750981840136056178e+01 2.145413703523744164e+00 2.671069741107670592e-02 -4.046118902776958848e+00
2.631000000000000000e+03 5.744793858579882340e+01 2.135633728910504292e+00 2.668645942541924415e-02 -4.038053229952994094e+00
2.632000000000000000e+03 5.738574477463469492e+01 2.125854452146572982e+00 2.666225609797996318e-02 -4.029624912350347365e+00
2.633000000000000000e+03 5.732326682148053720e+01 2.116065711672534988e+00 2.663808687987361326e-02 -4.020834253037818939e+00
2.634000000000000000e+03 5.726038558712206594e+01 2.106279638548733235e+00 2.661395123614263350e-02 -4.011681414054338646e+00
2.635000000000000000e+03 5.719727863282246005e+01 2.096500943973959252e+00 2.658984864608142720e-02 -4.002173846436587468e+00
2.636000000000000000e+03 5.713375166232001590e+01 2.086726920198291424e+00 2.656577860354604470e-02 -3.992318863592653422e+00
2.637000000000000000e+03 5.706990706808959857e+01 2.076962298129418905e+00 2.654174061703738763e-02 -3.982123643071075136e+00
2.638000000000000000e+03 5.700562394276198575e+01 2.067204391530419016e+00 2.651773420975833684e-02 -3.971580371674089172e+00
2.639000000000000000e+03 5.694100377724349471e+01 2.057465382961054967e+00 2.649375891945185413e-02 -3.960703389065987512e+00
2.640000000000000000e+03 5.687585047443180741e+01 2.047735182908773766e+00 2.646981429824222035e-02 -3.949492047922046112e+00
2.641000000000000000e+03 5.681033890005362963e+01 2.038026000764045609e+00 2.644589991223628145e-02 -3.937945572570776154e+00
2.642000000000000000e+03 5.674427204798175239e+01 2.028335203933906428e+00 2.642201534117209413e-02 -3.926070489327171842e+00
2.643000000000000000e+03 5.667774959306481719e+01 2.018660175398152568e+00 2.639816017781100935e-02 -3.913873200165484789e+00
2.644000000000000000e+03 5.661064790881337672e+01 2.009013171255810359e+00 2.637433402735599175e-02 -3.901359984781772816e+00
2.645000000000000000e+03 5.654299148793853647e+01 1.999391608160229872e+00 2.635053650670416553e-02 -3.888529574344475659e+00
2.646000000000000000e+03 5.647480437911544016e+01 1.989792920845247393e+00 2.632676724374365118e-02 -3.875395438683959526e+00
2.647000000000000000e+03 5.640611019141100968e+01 1.980229419640866295e+00 2.630302587641191250e-02 -3.861956075066804939e+00
2.648000000000000000e+03 5.633670924877552011e+01 1.970698577876285107e+00 2.627931205185609145e-02 -3.848224723808388870e+00
2.649000000000000000e+03 5.626677286354310326e+01 1.961205317723461627e+00 2.625562542541850716e-02 -3.834199657118423588e+00
2.650000000000000000e+03 5.619617479077894728e+01 1.951747154277630791e+00 2.623196565971621513e-02 -3.819893894782933952e+00
2.651000000000000000e+03 5.612501145858170304e+01 1.942328962758639754e+00 2.620833242356561399e-02 -3.805304995533663082e+00
2.652000000000000000e+03 5.605308270879163501e+01 1.932955280112489849e+00 2.618472539097214599e-02 -3.790443280164453643e+00
2.653000000000000000e+03 5.598048535263222902e+01 1.923623148210203082e+00 2.616114424007941544e-02 -3.775303613140553072e+00
2.654000000000000000e+03 5.590716723657360632e+01 1.914329633197575653e+00 2.613758865216284782e-02 -3.759888187602796972e+00
2.655000000000000000e+03 5.583315009926707262e+01 1.905086682913717633e+00 2.611405831054130350e-02 -3.744213956157220746e+00
2.656000000000000000e+03 5.575838101081097165e+01 1.895891414194448066e+00 2.609055289963149726e-02 -3.728260634891829461e+00
2.657000000000000000e+03 5.568280666228529441e+01 1.886740970263462325e+00 2.606707210395773841e-02 -3.712052417725798747e+00
2.658000000000000000e+03 5.560644765497014674e+01 1.877647378109394083e+00 2.604361560722547736e-02 -3.695576267080348476e+00
2.659000000000000000e+03 5.552932422217057251e+01 1.868600407396765473e+00 2.602018309147173178e-02 -3.678856199930985227e+00
2.660000000000000000e+03 5.545138195058520836e+01 1.859612141215142511e+00 2.599677423621743824e-02 -3.661879006879837917e+00
2.661000000000000000e+03 5.537271463516913172e+01 1.850679834960672121e+00 2.597338871772918861e-02 -3.644668538257181289e+00
2.662000000000000000e+03 5.529319286540637535e+01 1.841800773654280299e+00 2.595002620836576318e-02 -3.627211423240973787e+00
2.663000000000000000e+03 5.521290972949350362e+01 1.832987129244643132e+00 2.592668637595932704e-02 -3.609531356003373048e+00
2.664000000000000000e+03 5.513188368284239260e+01 1.824228819443857841e+00 2.590336888333196266e-02 -3.591622243223464128e+00
2.665000000000000000e+03 5.504998426640327835e+01 1.815538078400239730e+00 2.588007338784707387e-02 -3.573500205223755000e+00
2.666000000000000000e+03 5.496722924179049130e+01 1.806912315502464894e+00 2.585679954108456580e-02 -3.555151580221802554e+00
2.667000000000000000e+03 5.488371030816990981e+01 1.798348972619400410e+00 2.583354698864404747e-02 -3.536599782203417419e+00
2.668000000000000000e+03 5.479937025140929308e+01 1.789852952973571831e+00 2.581031536995521958e-02 -3.517838448507562443e+00
2.669000000000000000e+03 5.471415151000994115e+01 1.781429193297679126e+00 2.578710431830645231e-02 -3.498883441030482100e+00
2.670000000000000000e+03 5.462807045681399387e+01 1.773067807624524095e+00 2.576391346083822115e-02 -3.479720850540136023e+00
2.671000000000000000e+03 5.454114311300191531e+01 1.764781229511948935e+00 2.574074241877819663e-02 -3.460373854607352584e+00
2.672000000000000000e+03 5.445338514491278659e+01 1.756567070748716208e+00 2.571759080764460942e-02 -3.440835865243798697e+00
2.673000000000000000e+03 5.436473757671414120e+01 1.748422978495263402e+00 2.569445823761707173e-02 -3.421122530154148578e+00
2.674000000000000000e+03 5.427521535297061916e+01 1.740354064057379802e+00 2.567134431396536284e-02 -3.401242022144242760e+00
2.675000000000000000e+03 5.418483305014211737e+01 1.732358046592136880e+00 2.564824863761040741e-02 -3.381187613587662621e+00
2.676000000000000000e+03 5.409360487107313276e+01 1.724432681847648974e+00 2.562517080569868752e-02 -3.360974820999846902e+00
2.677000000000000000e+03 5.400147035552509323e+01 1.716598047586246345e+00 2.560211041228860340e-02 -3.340611694465111636e+00
2.678000000000000000e+03 5.390851722432679338e+01 1.708829688787555146e+00 2.557906704912464232e-02 -3.320098820467995093e+00
2.679000000000000000e+03 5.381475852218388667e+01 1.701147758189765602e+00 2.555604030644691507e-02 -3.299451609777934280e+00
2.680000000000000000e+03 5.372005832723770169e+01 1.693550161458514447e+00 2.553302977386388492e-02 -3.278670586882837412e+00
2.681000000000000000e+03 5.362457744495875289e+01 1.686027414191412888e+00 2.551003504128155144e-02 -3.257756249523995784e+00
2.682000000000000000e+03 5.352817913289770502e+01 1.678592355605983411e+00 2.548705569984554414e-02 -3.236723928229306324e+00
2.683000000000000000e+03 5.343087479444051979e+01 1.671235578707974678e+00 2.546409134295973473e-02 -3.215581504092158927e+00
2.684000000000000000e+03 5.333274968809307381e+01 1.663962572295386133e+00 2.544114156730287526e-02 -3.194329411596912749e+00
2.685000000000000000e+03 5.323374006988512974e+01 1.656778864493730907e+00 2.541820597384881336e-02 -3.172968069789012802e+00
2.686000000000000000e+03 5.313385603699110504e+01 1.649682594624538146e+00 2.539528416892189097e-02 -3.151520170138744525e+00
2.687000000000000000e+03 5.303318152112057504e+01 1.642671941757456899e+00 2.537237576521317664e-02 -3.129986109244772940e+00
2.688000000000000000e+03 5.293157714825004234e+01 1.635745124895182201e+00 2.534948038284340691e-02 -3.108373705030734957e+00
2.689000000000000000e+03 5.282920021730447502e+01 1.628907831491862801e+00 2.532659765036231192e-02 -3.086683342829964261e+00
2.690000000000000000e+03 5.272598471029397160e+01 1.622165789254277790e+00 2.530372720571528664e-02 -3.064937691559853850e+00
2.691000000000000000e+03 5.262201270503452832e+01 1.615509909576051673e+00 2.528086869721543964e-02 -3.043137136380934304e+00
2.692000000000000000e+03 5.251721723695994370e+01 1.608946001056844377e+00 2.525802178441752602e-02 -3.021289494844433765e+00
2.693000000000000000e+03 5.241160514611969745e+01 1.602472484553190579e+00 2.523518613904126087e-02 -2.999402591273447882e+00
2.694000000000000000e+03 5.230525707438687988e+01 1.596095249964314178e+00 2.521236144569993093e-02 -2.977484259478083040e+00
2.695000000000000000e+03 5.219810461291976367e+01 1.589805371250223143e+00 2.518954740272034629e-02 -2.955542345453469277e+00
2.696000000000000000e+03 5.209015315143732749e+01 1.583608819885477859e+00 2.516674372273980387e-02 -2.933577281709054407e+00
2.697000000000000000e+03 5.198148187781668383e+01 1.577511608195151016e+00 2.514395013341935714e-02 -2.911596946629525284e+00
2.698000000000000000e+03 5.187202092803761388e+01 1.571504932674968158e+00 2.512116637786610679e-02 -2.889616667114799586e+00
2.699000000000000000e+03 5.176184852151645543e+01 1.565587459046586361e+00 2.509839221515997379e-02 -2.867636936148149296e+00
2.700000000000000000e+03 5.165081954580080748e+01 1.559765322246413621e+00 2.507562742069622749e-02 -2.845665700443695822e+00
2.701000000000000000e+03 5.153915867188578659e+01 1.554037320349500595e+00 2.505287178651485411e-02 -2.823710560268435366e+00
2.702000000000000000e+03 5.142663977227188354e+01 1.548402494831406573e+00 2.503012512147756094e-02 -2.801777648787429076e+00
2.703000000000000000e+03 5.131348079524222072e+01 1.542867406906254457e+00 2.500738725138286836e-02 -2.779872757793711457e+00
2.704000000000000000e+03 5.119952780784590374e+01 1.537423801751081731e+00 2.498465801906262287e-02 -2.757994286259322969e+00
2.705000000000000000e+03 5.108484927046779944e+01 1.532078321818147293e+00 2.496193728426580535e-02 -2.736162956209771124e+00
2.706000000000000000e+03 5.096936462667435563e+01 1.526822793329920991e+00 2.493922492360876181e-02 -2.714362388368602996e+00
2.707000000000000000e+03 5.085321572885890617e+01 1.521671367911341166e+00 2.491652083033294579e-02 -2.692613388078655579e+00
2.708000000000000000e+03 5.073632114609439725e+01 1.516615952354316121e+00 2.489382491404024469e-02 -2.670921949240810278e+00
2.709000000000000000e+03 5.061874759120428990e+01 1.511648493519636594e+00 2.487113710033080766e-02 -2.649279256675221461e+00
2.710000000000000000e+03 5.050041279695255270e+01 1.506783263224108715e+00 2.484845733040129748e-02 -2.627706258554376006e+00
2.711000000000000000e+03 5.038138266084276751e+01 1.502019716311070230e+00 2.482578556056476426e-02 -2.606194241902278108e+00
2.712000000000000000e+03 5.026172268943446397e+01 1.497342490457642894e+00 2.480312176169816377e-02 -2.584764261666562479e+00
2.713000000000000000e+03 5.014127515963038917e+01 1.492765976069057254e+00 2.478046591865104911e-02 -2.563407716154955995e+00
2.714000000000000000e+03 5.002025339890287370e+01 1.488289745955665655e+00 2.475781802962201752e-02 -2.542130919343005946e+00
2.715000000000000000e+03 4.989849896282328245e+01 1.483913411797815440e+00 2.473517810544613102e-02 -2.520947674697246121e+00
2.716000000000000000e+03 4.977607591592027347e+01 1.479621767195597126e+00 2.471254616891304864e-02 -2.499856992264372746e+00
2.717000000000000000e+03 4.965297371072609423e+01 1.475436785856981015e+00 2.468992225396748549e-02 -2.478857947477755896e+00
2.718000000000000000e+03 4.952918148448905811e+01 1.471343337817765384e+00 2.466730640500544580e-02 -2.457957111579050391e+00
2.719000000000000000e+03 4.940476235597381560e+01 1.467341187602186459e+00 2.464469867603395065e-02 -2.437168553654535774e+00
2.720000000000000000e+03 4.927963058827699427e+01 1.463437565567874188e+00 2.462209912991508362e-02 -2.416484129234646172e+00
2.721000000000000000e+03 4.915384873612310912e+01 1.459624882536932233e+00 2.459950783753473216e-02 -2.395918052359847561e+00
2.722000000000000000e+03 4.902747909204885701e+01 1.455910442865399723e+00 2.457692487703431669e-02 -2.375469755756977719e+00
2.723000000000000000e+03 4.890050941593585065e+01 1.452286730697589734e+00 2.455435033301514233e-02 -2.355146177780144789e+00
2.724000000000000000e+03 4.877300151484333668e+01 1.448761123009367768e+00 2.453178429578553241e-02 -2.334954335912869716e+00
2.725000000000000000e+03 4.864486840507025533e+01 1.445326175836584071e+00 2.450922686060428082e-02 -2.314893900231672852e+00
2.726000000000000000e+03 4.851624574193245820e+01 1.441981908942509438e+00 2.448667812697321450e-02 -2.294972051881515540e+00
2.727000000000000000e+03 4.838712041416831511e+01 1.438728377071766040e+00 2.446413819789615071e-02 -2.275203484811058718e+00
2.728000000000000000e+03 4.825747912247720706e+01 1.435565669541972067e+00 2.444160717932043411e-02 -2.255573265716807274e+00
2.729000000000000000e+03 4.812738267413821092e+01 1.432493909823305822e+00 2.441908517946367665e-02 -2.236103690849906123e+00
2.730000000000000000e+03 4.799681742667584672e+01 1.429513255105949510e+00 2.439657230825360151e-02 -2.216794860827703939e+00
2.731000000000000000e+03 4.786576958156547335e+01 1.426623895855636093e+00 2.437406867685204190e-02 -2.197639538905935552e+00
2.732000000000000000e+03 4.773429947745286483e+01 1.423818627007363391e+00 2.435157439712941699e-02 -2.178652865909330938e+00
2.733000000000000000e+03 4.760239303236832598e+01 1.421097704198270639e+00 2.432908958130164737e-02 -2.159835219967042530e+00
2.734000000000000000e+03 4.747003603594341570e+01 1.418468843288824166e+00 2.430661434154655215e-02 -2.141194503006960570e+00
2.735000000000000000e+03 4.733728844112059875e+01 1.415917506471908061e+00 2.428414878970822088e-02 -2.122723857104493739e+00
2.736000000000000000e+03 4.720413580485135441e+01 1.413458900223840242e+00 2.426169303704464597e-02 -2.104438807589183558e+00
2.737000000000000000e+03 4.707063786230891367e+01 1.411078547991012622e+00 2.423924719404985453e-02 -2.086340122603977054e+00
2.738000000000000000e+03 4.693677996660748164e+01 1.408776859769671264e+00 2.421681137032261413e-02 -2.068428671070877467e+00
2.739000000000000000e+03 4.680262166206576069e+01 1.406554274873628829e+00 2.419438567442716570e-02 -2.050705423910399450e+00
2.740000000000000000e+03 4.666814812301606707e+01 1.404418689742703119e+00 2.417197021395774831e-02 -2.033186311915189837e+00
2.741000000000000000e+03 4.653341872620376307e+01 1.402355743990427506e+00 2.414956509551724820e-02 -2.015857656775155604e+00
2.742000000000000000e+03 4.639834420528372050e+01 1.400373389944882474e+00 2.412717042477468751e-02 -1.998735598958811810e+00
2.743000000000000000e+03 4.626305807297787709e+01 1.398472178677885314e+00 2.410478630664069505e-02 -1.981821528643775032e+00
2.744000000000000000e+03 4.612754520788348600e+01 1.396637831076251723e+00 2.408241284537096516e-02 -1.965116943401335581e+00
2.745000000000000000e+03 4.599179042551135410e+01 1.394878379005920488e+00 2.406005014484345964e-02 -1.948616020782160341e+00
2.746000000000000000e+03 4.585585276557263512e+01 1.393194451315751259e+00 2.403769830874042529e-02 -1.932342760954822047e+00
2.747000000000000000e+03 4.571971692854943115e+01 1.391571844884076370e+00 2.401535744085558227e-02 -1.916276704041970591e+00
2.748000000000000000e+03 4.558336756260526101e+01 1.390026094109429566e+00 2.399302764540477140e-02 -1.900434642762558912e+00
2.749000000000000000e+03 4.544686355036940739e+01 1.388550471840751310e+00 2.397070902733999115e-02 -1.884818624720211666e+00
2.750000000000000000e+03 4.531026372863179574e+01 1.387138273803095512e+00 2.394840169272331731e-02 -1.869430809794501602e+00
2.751000000000000000e+03 4.517347698850191762e+01 1.385782937941991477e+00 2.392610574906942761e-02 -1.854266068644642163e+00
2.752000000000000000e+03 4.503670397160495753e+01 1.384500688764180421e+00 2.390382130576169245e-02 -1.839334346990348035e+00
2.753000000000000000e+03 4.489984681322020066e+01 1.383278178313885887e+00 2.388154847442701748e-02 -1.824638302463619022e+00
2.754000000000000000e+03 4.476288189904595782e+01 1.382116935648709966e+00 2.385928736928501909e-02 -1.810180707237470266e+00
2.755000000000000000e+03 4.462593415207442149e+01 1.381025937834359452e+00 2.383703810760881212e-02 -1.795964448467387120e+00
2.756000000000000000e+03 4.448897990209715658e+01 1.379984467533504455e+00 2.381480081006222965e-02 -1.781985100332739158e+00
2.757000000000000000e+03 4.435206973990241863e+01 1.379008967493420501e+00 2.379257560110852043e-02 -1.768253209429172967e+00
2.758000000000000000e+03 4.421510567065974584e+01 1.378086184724884200e+00 2.377036260934488332e-02 -1.754764581659580491e+00
2.759000000000000000e+03 4.407813825204873126e+01 1.377225168281066114e+00 2.374816196786667596e-02 -1.741529995877401094e+00
2.760000000000000000e+03 4.394121803162164497e+01 1.376420126829819957e+00 2.372597381459530877e-02 -1.728538062328237146e+00
2.761000000000000000e+03 4.380432126793489545e+01 1.375665284674435940e+00 2.370379829259185167e-02 -1.715799792894994180e+00
2.762000000000000000e+03 4.366742421896630333e+01 1.374969737771490008e+00 2.368163555030238648e-02 -1.703311459441151587e+00
2.763000000000000000e+03 4.353065171432706393e+01 1.374327739644502833e+00 2.365948574186728728e-02 -1.691084307257743724e+00
2.764000000000000000e+03 4.339390574325459227e+01 1.373733557396950689e+00 2.363734902727646081e-02 -1.679107413309506081e+00
2.765000000000000000e+03 4.325723687793244210e+01 1.373188899372956628e+00 2.361522557262443756e-02 -1.667392256285786356e+00
2.766000000000000000e+03 4.312069571259460332e+01 1.372695486115964147e+00 2.359311555023612533e-02 -1.655928146400759804e+00
2.767000000000000000e+03 4.298425858642981012e+01 1.372255049676348371e+00 2.357101913879151509e-02 -1.644719366999083388e+00
2.768000000000000000e+03 4.284797615728363240e+01 1.371854476217553964e+00 2.354893652341065111e-02 -1.633777746013196586e+00
2.769000000000000000e+03 4.271182484162956428e+01 1.371502947073284462e+00 2.352686789576317883e-02 -1.623092942323507426e+00
2.770000000000000000e+03 4.257585538881578202e+01 1.371194796301988372e+00 2.350481345399573277e-02 -1.612662158874534013e+00
2.771000000000000000e+03 4.244004432154962814e+01 1.370931795043117019e+00 2.348277340281530387e-02 -1.602497570695023299e+00
2.772000000000000000e+03 4.230444251062095162e+01 1.370708294122573223e+00 2.346074795336378083e-02 -1.592589182771549927e+00
2.773000000000000000e+03 4.216902661582154366e+01 1.370526080059582208e+00 2.343873732318830019e-02 -1.582941971380273261e+00
2.774000000000000000e+03 4.203384766105632764e+01 1.370379517673504521e+00 2.341674173607580234e-02 -1.573553598572899004e+00
2.775000000000000000e+03 4.189888247560027423e+01 1.370270406092674698e+00 2.339476142195608815e-02 -1.564421840020362664e+00
2.776000000000000000e+03 4.176410798599030016e+01 1.370200549713953775e+00 2.337279661670407099e-02 -1.555559441164043211e+00
2.777000000000000000e+03 4.162957550801584006e+01 1.370164329163906736e+00 2.335084756195195121e-02 -1.546949546522937480e+00
2.778000000000000000e+03 4.149541075527561418e+01 1.370163557312678693e+00 2.332891450484525855e-02 -1.538605125862749334e+00
2.779000000000000000e+03 4.136144243025936618e+01 1.370192621889018580e+00 2.330699769780786648e-02 -1.530509546720154823e+00
2.780000000000000000e+03 4.122779650096975956e+01 1.370253341498741895e+00 2.328509739826640709e-02 -1.522676000490631898e+00
2.781000000000000000e+03 4.109452479198756691e+01 1.370340108244889832e+00 2.326321386832093732e-02 -1.515095503222852802e+00
2.782000000000000000e+03 4.096160499299566737e+01 1.370454743751677196e+00 2.324134737450428076e-02 -1.507766608226758009e+00
2.783000000000000000e+03 4.082901495072162845e+01 1.370599070140929854e+00 2.321949818740987742e-02 -1.500695405242020497e+00
2.784000000000000000e+03 4.069688124427056408e+01 1.370760052661560424e+00 2.319766658136337284e-02 -1.493877691527976781e+00
2.785000000000000000e+03 4.056510777580076166e+01 1.370954369124586902e+00 2.317585283410155197e-02 -1.487307142142147320e+00
2.786000000000000000e+03 4.043367291255630391e+01 1.371161554088233592e+00 2.315405722636902988e-02 -1.480985708686989755e+00
2.787000000000000000e+03 4.030277806170529686e+01 1.371398281701633914e+00 2.313228004163653956e-02 -1.474911732969803158e+00
2.788000000000000000e+03 4.017225340994154692e+01 1.371644081547824801e+00 2.311052156568720733e-02 -1.469084402997465011e+00
2.789000000000000000e+03 4.004215219889483279e+01 1.371915621496062609e+00 2.308878208623769274e-02 -1.463501523421019135e+00
2.790000000000000000e+03 3.991252788176483790e+01 1.372192423553598717e+00 2.306706189265418996e-02 -1.458161742955865758e+00
2.791000000000000000e+03 3.978343413019864272e+01 1.372491146727345512e+00 2.304536127550561170e-02 -1.453063810427919211e+00
2.792000000000000000e+03 3.965477627388662540e+01 1.372798731235569836e+00 2.302368052625887104e-02 -1.448204345116391067e+00
2.793000000000000000e+03 3.952660844088712366e+01 1.373116967978456504e+00 2.300201993694515890e-02 -1.443581549744004322e+00
2.794000000000000000e+03 3.939898499664212039e+01 1.373447641212000025e+00 2.298037979976782358e-02 -1.439192237919500128e+00
2.795000000000000000e+03 3.927188626619718548e+01 1.373777671227227604e+00 2.295876040681030239e-02 -1.435034804228847660e+00
2.796000000000000000e+03 3.914536710662829222e+01 1.374123683837054521e+00 2.293716204972297626e-02 -1.431106251614900682e+00
2.797000000000000000e+03 3.901933406165607465e+01 1.374465154615200913e+00 2.291558501937132272e-02 -1.427405161406562373e+00
2.798000000000000000e+03 3.889384250048028235e+01 1.374818691795702819e+00 2.289402960557482963e-02 -1.423928720637713585e+00
2.799000000000000000e+03 3.876902233880964133e+01 1.375163752173616194e+00 2.287249609674815026e-02 -1.420671977841523992e+00
2.800000000000000000e+03 3.864470662559688208e+01 1.375516924016800369e+00 2.285098477973346309e-02 -1.417633784330978086e+00
2.801000000000000000e+03 3.852102545006194845e+01 1.375865148335717603e+00 2.282949593943712358e-02 -1.414811172558855468e+00
2.802000000000000000e+03 3.839803343297987226e+01 1.376203091075483886e+00 2.280802985862503268e-02 -1.412201807736958914e+00
2.803000000000000000e+03 3.827556225803886036e+01 1.376547768227011304e+00 2.278658681764963306e-02 -1.409805247452160515e+00
2.804000000000000000e+03 3.815374102454467220e+01 1.376879041454776464e+00 2.276516709427107293e-02 -1.407620389182338672e+00
2.805000000000000000e+03 3.803262483290377816e+01 1.377206472692179107e+00 2.274377096335981549e-02 -1.405646211594550055e+00
2.806000000000000000e+03 3.791204622040705630e+01 1.377532181840451786e+00 2.272239869676941082e-02 -1.403881030147478892e+00
2.807000000000000000e+03 3.779220943184868986e+01 1.377843417876071452e+00 2.270105056309030048e-02 -1.402323981173825951e+00
2.808000000000000000e+03 3.767302187042925254e+01 1.378142271716890299e+00 2.267972682747756638e-02 -1.400973534598043635e+00
2.809000000000000000e+03 3.755446551753801288e+01 1.378430818994480722e+00 2.265842775146927057e-02 -1.399828235135319954e+00
2.810000000000000000e+03 3.743659693488310580e+01 1.378703691184579583e+00 2.263715359283107256e-02 -1.398886700632315794e+00
2.811000000000000000e+03 3.731932441599180095e+01 1.378962931796339664e+00 2.261590460537060004e-02 -1.398148363220240276e+00
2.812000000000000000e+03 3.720285368912600887e+01 1.379210567518985409e+00 2.259468103881179246e-02 -1.397610496271048719e+00
2.813000000000000000e+03 3.708701936756815343e+01 1.379441179376837745e+00 2.257348313865768091e-02 -1.397268955507491750e+00
2.814000000000000000e+03 3.697187921937121047e+01 1.379649330593416545e+00 2.255231114602193956e-02 -1.397121891432750340e+00
2.815000000000000000e+03 3.685749131851516580e+01 1.379844422814420879e+00 2.253116529753409689e-02 -1.397164547720171957e+00
2.816000000000000000e+03 3.674376547951107597e+01 1.380020982238149285e+00 2.251004582518160296e-02 -1.397395944944377799e+00
2.817000000000000000e+03 3.663083467647693681e+01 1.380173515856398581e+00 2.248895295622591745e-02 -1.397811450428690483e+00
2.818000000000000000e+03 3.651860934364798794e+01 1.380311367704609715e+00 2.246788691308363589e-02 -1.398408719105699305e+00
2.819000000000000000e+03 3.640722307788445988e+01 1.380421576669637496e+00 2.244684791322337780e-02 -1.399185463176057853e+00
2.820000000000000000e+03 3.629651265561820139e+01 1.380513446159867819e+00 2.242583616902845203e-02 -1.400137964586525507e+00
2.821000000000000000e+03 3.618653801880744680e+01 1.380581401932203578e+00 2.240485188777082554e-02 -1.401263301668488337e+00
2.822000000000000000e+03 3.607735942583912703e+01 1.380627276731042796e+00 2.238389527148861025e-02 -1.402558604422333932e+00
2.823000000000000000e+03 3.596888888590417110e+01 1.380645453186064131e+00 2.236296651687694204e-02 -1.404021795458896715e+00
2.824000000000000000e+03 3.586126157785637503e+01 1.380637720121127066e+00 2.234206581529941948e-02 -1.405649359588847069e+00
2.825000000000000000e+03 3.575431586700107545e+01 1.380605843822988232e+00 2.232119335262786400e-02 -1.407437827575959588e+00
2.826000000000000000e+03 3.564818757437316776e+01 1.380536710970174497e+00 2.230034930924422107e-02 -1.409385259880281849e+00
2.827000000000000000e+03 3.554286427692208861e+01 1.380446898374598108e+00 2.227953386000906116e-02 -1.411485302041829870e+00
2.828000000000000000e+03 3.543825959214471055e+01 1.380323245830652024e+00 2.225874717413791129e-02 -1.413735353921542925e+00
2.829000000000000000e+03 3.533443602964145214e+01 1.380167425878631393e+00 2.223798941526644937e-02 -1.416132110739644512e+00
2.830000000000000000e+03 3.523138214156058723e+01 1.379988515127724469e+00 2.221726074138000509e-02 -1.418670075447769685e+00
2.831000000000000000e+03 3.512916109044434876e+01 1.379773280539503100e+00 2.219656130480391482e-02 -1.421346013776164874e+00
2.832000000000000000e+03 3.502776208293754934e+01 1.379523320875073678e+00 2.217589125223812588e-02 -1.424156723761395238e+00
2.833000000000000000e+03 3.492710037035776338e+01 1.379240209702095488e+00 2.215525072476193236e-02 -1.427097548105818570e+00
2.834000000000000000e+03 3.482724009961258105e+01 1.378925495114007305e+00 2.213463985783276772e-02 -1.430163115039900568e+00
2.835000000000000000e+03 3.472817146292484125e+01 1.378573271110710374e+00 2.211405878141053591e-02 -1.433352536193532201e+00
2.836000000000000000e+03 3.462995926487643317e+01 1.378185034042089585e+00 2.209350761992528653e-02 -1.436664947611576260e+00
2.837000000000000000e+03 3.453252007172928018e+01 1.377762254012668164e+00 2.207298649240703459e-02 -1.440082422574865628e+00
2.838000000000000000e+03 3.443584506153633384e+01 1.377298946298421534e+00 2.205249551258265175e-02 -1.443616768234981196e+00
2.839000000000000000e+03 3.434000002350413183e+01 1.376796527826606997e+00 2.203203478893421205e-02 -1.447257525193231809e+00
2.840000000000000000e+03 3.424490250659470547e+01 1.376248960266757360e+00 2.201160442487996860e-02 -1.451001678935998962e+00
2.841000000000000000e+03 3.415061895237931111e+01 1.375672463235619647e+00 2.199120451888565350e-02 -1.454838801173040652e+00
2.842000000000000000e+03 3.405714184309857018e+01 1.375053515661742276e+00 2.197083516459053670e-02 -1.458773332932283839e+00
2.843000000000000000e+03 3.396453826695079670e+01 1.374393425715683792e+00 2.195049645103799157e-02 -1.462794869209134152e+00
2.844000000000000000e+03 3.387265278207449626e+01 1.373693473950836630e+00 2.193018846279610329e-02 -1.466893013724298589e+00
2.845000000000000000e+03 3.378162739876284348e+01 1.372947484806913643e+00 2.190991128020828085e-02 -1.471079662039707747e+00
2.846000000000000000e+03 3.369130730884373293e+01 1.372164111527086838e+00 2.188966497953893572e-02 -1.475329572830252456e+00
2.847000000000000000e+03 3.360190943430543342e+01 1.371344550986023370e+00 2.186944963329435013e-02 -1.479654649469523298e+00
2.848000000000000000e+03 3.351327958908098736e+01 1.370475115231142516e+00 2.184926531036751954e-02 -1.484044511321008120e+00
2.849000000000000000e+03 3.342541246008676126e+01 1.369571801488056462e+00 2.182911207631272471e-02 -1.488488776893038601e+00
2.850000000000000000e+03 3.333830303645807192e+01 1.368620865275037124e+00 2.180898999359984561e-02 -1.492991918654781092e+00
2.851000000000000000e+03 3.325202157230941680e+01 1.367623372175291285e+00 2.178889912186266972e-02 -1.497543839502585961e+00
2.852000000000000000e+03 3.316656706530251597e+01 1.366580286303286984e+00 2.176883951815627993e-02 -1.502150459520350090e+00
2.853000000000000000e+03 3.308186520226195881e+01 1.365499953383340959e+00 2.174881123723730950e-02 -1.506795697163023195e+00
2.854000000000000000e+03 3.299791623814525821e+01 1.364368405572938370e+00 2.172881433179506272e-02 -1.511485745786271151e+00
2.855000000000000000e+03 3.291479499109122742e+01 1.363186503192332477e+00 2.170884885271902320e-02 -1.516211930077148384e+00
2.856000000000000000e+03 3.283242798678080021e+01 1.361962506364784664e+00 2.168891484937843575e-02 -1.520980417652153083e+00
2.857000000000000000e+03 3.275089058715892776e+01 1.360697218318706936e+00 2.166901236982786069e-02 -1.525775075518131185e+00
2.858000000000000000e+03 3.267010985100569087e+01 1.359376557051981793e+00 2.164914146105121825e-02 -1.530602038402093301e+00
2.859000000000000000e+03 3.259008737892182239e+01 1.358008697109652330e+00 2.162930216918557483e-02 -1.535459993594455952e+00
2.860000000000000000e+03 3.251089930773125758e+01 1.356594356221129782e+00 2.160949453973145737e-02 -1.540340179210282878e+00
2.861000000000000000e+03 3.243247345433015738e+01 1.355134223700289686e+00 2.158971861772525022e-02 -1.545241239167864933e+00
2.862000000000000000e+03 3.235481216053470632e+01 1.353621532156551677e+00 2.156997444791420443e-02 -1.550161793134097188e+00
2.863000000000000000e+03 3.227791800393226396e+01 1.352064342618319870e+00 2.155026207491243448e-02 -1.555093006487624940e+00
2.864000000000000000e+03 3.220179379227835881e+01 1.350455831215951363e+00 2.153058154327727042e-02 -1.560040873701235453e+00
2.865000000000000000e+03 3.212644255796651294e+01 1.348796574327463915e+00 2.151093289763151423e-02 -1.564996503290913221e+00
2.866000000000000000e+03 3.205179326909714632e+01 1.347087120334204080e+00 2.149131618273333877e-02 -1.569958401235588941e+00
2.867000000000000000e+03 3.197799795818793811e+01 1.345320561387297387e+00 2.147173144347117035e-02 -1.574925041014960225e+00
2.868000000000000000e+03 3.190491173251231771e+01 1.343512246935915311e+00 2.145217872487690386e-02 -1.579887433666959273e+00
2.869000000000000000e+03 3.183253847015017612e+01 1.341647785413206284e+00 2.143265807210859367e-02 -1.584851411265931764e+00
2.870000000000000000e+03 3.176095653172390243e+01 1.339735042836056378e+00 2.141316953033664192e-02 -1.589800483619092875e+00
2.871000000000000000e+03 3.169002162184951388e+01 1.337774429562101464e+00 2.139371314468391932e-02 -1.594747835186421048e+00
2.872000000000000000e+03 3.161988676935609988e+01 1.335766328807982184e+00 2.137428896004854237e-02 -1.599676896767728396e+00
2.873000000000000000e+03 3.155048233872564367e+01 1.333711096827063125e+00 2.135489702092514125e-02 -1.604593342464574190e+00
2.874000000000000000e+03 3.148181316032789923e+01 1.331601634746407692e+00 2.133553737123781643e-02 -1.609495374811207746e+00
2.875000000000000000e+03 3.141380995991645975e+01 1.329445673814244611e+00 2.131621005404180091e-02 -1.614366294977920946e+00
2.876000000000000000e+03 3.134655220591888281e+01 1.327243490555070293e+00 2.129691511126298106e-02 -1.619219071448658065e+00
2.877000000000000000e+03 3.127997097249293645e+01 1.324987906984556263e+00 2.127765258337534215e-02 -1.624036911817796414e+00
2.878000000000000000e+03 3.121407178738184029e+01 1.322694004234284737e+00 2.125842250908522788e-02 -1.628832688214059798e+00
2.879000000000000000e+03 3.114886034603631160e+01 1.320347124332484912e+00 2.123922492490542061e-02 -1.633589509143901664e+00
2.880000000000000000e+03 3.108434250950623223e+01 1.317947440546399784e+00 2.122005986483447085e-02 -1.638305288262491111e+00
2.881000000000000000e+03 3.102052430258744664e+01 1.315509957631645133e+00 2.120092735985073390e-02 -1.642985314717330558e+00
2.882000000000000000e+03 3.095726334520227141e+01 1.313019941988075701e+00 2.118182743753935920e-02 -1.647619966816248782e+00
2.883000000000000000e+03 3.089471455201882577e+01 1.310484920376993712e+00 2.116276012160995396e-02 -1.652214424172647522e+00
2.884000000000000000e+03 3.083281014673439557e+01 1.307897538443133723e+00 2.114372543144110717e-02 -1.656751524724190627e+00
2.885000000000000000e+03 3.077148251155347580e+01 1.305272702746873126e+00 2.112472338156462168e-02 -1.661243761981096023e+00
2.886000000000000000e+03 3.071081275330442040e+01 1.302603010951106199e+00 2.110575398122590401e-02 -1.665681285397691003e+00
2.887000000000000000e+03 3.065073356865066145e+01 1.299881037167796016e+00 2.108681723386719373e-02 -1.670054184273905173e+00
2.888000000000000000e+03 3.059125209389429401e+01 1.297121617311633113e+00 2.106791313668748139e-02 -1.674374771684877805e+00
2.889000000000000000e+03 3.053230133730629348e+01 1.294317279308591528e+00 2.104904168011266855e-02 -1.678625584936347392e+00
2.890000000000000000e+03 3.047403731247304748e+01 1.291467956813732165e+00 2.103020284740480389e-02 -1.682818811303093742e+00
2.891000000000000000e+03 3.041624476957444045e+01 1.288573561184640504e+00 2.101139661415949225e-02 -1.686936860192741250e+00
2.892000000000000000e+03 3.035908002962874619e+01 1.285641410161833198e+00 2.099262294794023570e-02 -1.690984360593618785e+00
2.893000000000000000e+03 3.030240243207056494e+01 1.282671371504953806e+00 2.097388180786556242e-02 -1.694965875050806536e+00
2.894000000000000000e+03 3.024629431820866898e+01 1.279655863335800392e+00 2.095517314420423591e-02 -1.698863613673194717e+00
2.895000000000000000e+03 3.019076389595516829e+01 1.276602139538171476e+00 2.093649689812387971e-02 -1.702689431675053600e+00
2.896000000000000000e+03 3.013567095482120450e+01 1.273510005062363337e+00 2.091785300136878717e-02 -1.706425401695955912e+00
2.897000000000000000e+03 3.008109828164806743e+01 1.270379244636563598e+00 2.089924137599855070e-02 -1.710083239757467233e+00
2.898000000000000000e+03 3.002705452449823298e+01 1.267209623133725538e+00 2.088066193422856778e-02 -1.713652305999263659e+00
2.899000000000000000e+03 2.997339990670178622e+01 1.264000885944148500e+00 2.086211457825677337e-02 -1.717136745652074525e+00
2.900000000000000000e+03 2.992029192503510160e+01 1.260760187703805046e+00 2.084359920018248602e-02 -1.720525774892375237e+00
2.901000000000000000e+03 2.986759202322815199e+01 1.257472299725502118e+00 2.082511568197951968e-02 -1.723823426066748654e+00
2.902000000000000000e+03 2.981531412362337363e+01 1.254158798535779384e+00 2.080666389546368539e-02 -1.727026359565477787e+00
2.903000000000000000e+03 2.976347322167397635e+01 1.250804021420135026e+00 2.078824370243374103e-02 -1.730123765583787776e+00
2.904000000000000000e+03 2.971208443652099618e+01 1.247414573175279484e+00 2.076985495476397006e-02 -1.733134472735846643e+00
2.905000000000000000e+03 2.966116300584918974e+01 1.243989613111926129e+00 2.075149749459922338e-02 -1.736032663984145241e+00
2.906000000000000000e+03 2.961057571322733750e+01 1.240528283813538080e+00 2.073317115465836066e-02 -1.738837016310226913e+00
2.907000000000000000e+03 2.956041229944869642e+01 1.237037139899793914e+00 2.071487575850661234e-02 -1.741528988366133346e+00
2.908000000000000000e+03 2.951068832183047519e+01 1.233507863393496606e+00 2.069661112093821795e-02 -1.744119675167177252e+00
2.909000000000000000e+03 2.946134514700836959e+01 1.229954405893822322e+00 2.067837704843173557e-02 -1.746605237567455227e+00
2.910000000000000000e+03 2.941239851022939789e+01 1.226360990550856345e+00 2.066017333960126767e-02 -1.748981758573982637e+00
2.911000000000000000e+03 2.936386422364426707e+01 1.222741539297889091e+00 2.064199978577083150e-02 -1.751245242996965823e+00
2.912000000000000000e+03 2.931568388412516413e+01 1.219087674833964074e+00 2.062385617153898731e-02 -1.753391617136605962e+00
2.913000000000000000e+03 2.926787343114017048e+01 1.215405862813167870e+00 2.060574227544829939e-02 -1.755431585206981060e+00
2.914000000000000000e+03 2.922044885369728107e+01 1.211695127235655978e+00 2.058765787060357760e-02 -1.757353487344463838e+00
2.915000000000000000e+03 2.917335189689885411e+01 1.207954479243050327e+00 2.056960272545551097e-02 -1.759160441155010579e+00
2.916000000000000000e+03 2.912652433514864825e+01 1.204175489216809503e+00 2.055157660448634835e-02 -1.760848056495371905e+00
2.917000000000000000e+03 2.908013081205306349e+01 1.200372000630940406e+00 2.053357926900994251e-02 -1.762411863691096814e+00
2.918000000000000000e+03 2.903403884503250865e+01 1.196542988755459946e+00 2.051561047800825807e-02 -1.763862170140355401e+00
2.919000000000000000e+03 2.898826451524868375e+01 1.192687417814609629e+00 2.049766998883387550e-02 -1.765194346851284068e+00
2.920000000000000000e+03 2.894282388934809092e+01 1.188804241447033228e+00 2.047975755812946053e-02 -1.766403685115722766e+00
2.921000000000000000e+03 2.889765872459871332e+01 1.184892403168610997e+00 2.046187294259874806e-02 -1.767492824867008983e+00
2.922000000000000000e+03 2.885278502448244353e+01 1.180950836837565854e+00 2.044401589981052758e-02 -1.768456898021016244e+00
2.923000000000000000e+03 2.880821874378653646e+01 1.176993323822158155e+00 2.042618618904514308e-02 -1.769298385251650396e+00
2.924000000000000000e+03 2.876390149376237204e+01 1.173011351718631134e+00 2.040838357205692136e-02 -1.770019687748473514e+00
2.925000000000000000e+03 2.871984909791946805e+01 1.169003828223141639e+00 2.039060781383239887e-02 -1.770615699006892862e+00
2.926000000000000000e+03 2.867615158100342398e+01 1.164969653253974169e+00 2.037285868332627120e-02 -1.771088661700935374e+00
2.927000000000000000e+03 2.863260174071092479e+01 1.160922576125834382e+00 2.035513595418395397e-02 -1.771433311186365822e+00
2.928000000000000000e+03 2.858936368874912048e+01 1.156846625923366068e+00 2.033743940533582970e-02 -1.771659160785746145e+00
2.929000000000000000e+03 2.854630428921726093e+01 1.152748110428712502e+00 2.031976882167573287e-02 -1.771753360301771441e+00
2.930000000000000000e+03 2.850351313345189652e+01 1.148640759897694430e+00 2.030212399454408775e-02 -1.771725266412749411e+00
2.931000000000000000e+03 2.846093111331926906e+01 1.144501157435366512e+00 2.028450472226281387e-02 -1.771569301244445560e+00
2.932000000000000000e+03 2.841849897955220428e+01 1.140350451326189729e+00 2.026691081053414584e-02 -1.771287237772119605e+00
2.933000000000000000e+03 2.837630590066137515e+01 1.136187500359214342e+00 2.024934207281125706e-02 -1.770880771849381530e+00
2.934000000000000000e+03 2.833436660495027226e+01 1.132003731005853941e+00 2.023179833059798177e-02 -1.770344094264163948e+00
2.935000000000000000e+03 2.829254709018996294e+01 1.127805422947568470e+00 2.021427941362876832e-02 -1.769686176222155627e+00
2.936000000000000000e+03 2.825086175149367662e+01 1.123598852851602103e+00 2.019678516004373356e-02 -1.768908484754793786e+00
2.937000000000000000e+03 2.820939909239400478e+01 1.119382866496238416e+00 2.017931541638351423e-02 -1.768004983203299130e+00
2.938000000000000000e+03 2.816809886965203447e+01 1.115148879245088542e+00 2.016187003764691177e-02 -1.766976988428097473e+00
2.939000000000000000e+03 2.812690065633220726e+01 1.110903161570988784e+00 2.014444888710610615e-02 -1.765833171341979257e+00
2.940000000000000000e+03 2.808589240563964395e+01 1.106659411177240093e+00 2.012705183618742483e-02 -1.764559844066067473e+00
2.941000000000000000e+03 2.804493903100643237e+01 1.102394183365940084e+00 2.010967876415661881e-02 -1.763165530611622289e+00
2.942000000000000000e+03 2.800412810546854914e+01 1.098128603358515587e+00 2.009232955782053534e-02 -1.761651254082034601e+00
2.943000000000000000e+03 2.796347272677159523e+01 1.093861511609121040e+00 2.007500411106815860e-02 -1.760017965648625449e+00
2.944000000000000000e+03 2.792283723372183246e+01 1.089584320968298270e+00 2.005770232441302786e-02 -1.758266545198021280e+00
2.945000000000000000e+03 2.788230862426747692e+01 1.085295873844020376e+00 2.004042410443804614e-02 -1.756390373650936532e+00
2.946000000000000000e+03 2.784189942274442231e+01 1.081009871009638967e+00 2.002316936316620929e-02 -1.754390190352869361e+00
2.947000000000000000e+03 2.780147339828114994e+01 1.076717730307271248e+00 2.000593801735871605e-02 -1.752281522135462843e+00
2.948000000000000000e+03 2.776119126833279438e+01 1.072433157200546994e+00 1.998872998786943231e-02 -1.750057542297050350e+00
2.949000000000000000e+03 2.772091643374515613e+01 1.068140146770848231e+00 1.997154519873059128e-02 -1.747711356405286187e+00
2.950000000000000000e+03 2.768066068336794316e+01 1.063844982613075807e+00 1.995438357647719846e-02 -1.745258288120065338e+00
2.951000000000000000e+03 2.764043601492961955e+01 1.059561318721739420e+00 1.993724504921902396e-02 -1.742691114533846397e+00
2.952000000000000000e+03 2.760018150745987953e+01 1.055272852614586254e+00 1.992012954577366060e-02 -1.740009194334262821e+00
2.953000000000000000e+03 2.755998502511346970e+01 1.050985509777612625e+00 1.990303699479585228e-02 -1.737219054684967068e+00
2.954000000000000000e+03 2.751985998789260535e+01 1.046705220895600918e+00 1.988596732388425020e-02 -1.734312302375096149e+00
2.955000000000000000e+03 2.747959680989256981e+01 1.042423065574570540e+00 1.986892045864389542e-02 -1.731295338089571700e+00
2.956000000000000000e+03 2.743943145619927648e+01 1.038152414511136268e+00 1.985189632183122221e-02 -1.728167072246638014e+00
2.957000000000000000e+03 2.739915404628585094e+01 1.033884359804245756e+00 1.983489483244913615e-02 -1.724918925904999512e+00
2.958000000000000000e+03 2.735885169444212295e+01 1.029617428764280307e+00 1.981791590491707028e-02 -1.721564545090713771e+00
2.959000000000000000e+03 2.731853709757027815e+01 1.025357584315965687e+00 1.980095944823409559e-02 -1.718095231640199838e+00
2.960000000000000000e+03 2.727814854032364522e+01 1.021103368695397862e+00 1.978402536519040938e-02 -1.714517085914442296e+00
2.961000000000000000e+03 2.723769846700957942e+01 1.016860760542520614e+00 1.976711355167542344e-02 -1.710828722729669460e+00
2.962000000000000000e+03 2.719727348617618645e+01 1.012628318587040832e+00 1.975022389596623948e-02 -1.707036129057472928e+00
2.963000000000000000e+03 2.715666295730883562e+01 1.008397182029044936e+00 1.973335627812687620e-02 -1.703130379991922405e+00
2.964000000000000000e+03 2.711610182962286331e+01 1.004180784314751884e+00 1.971651056947827663e-02 -1.699117353186312407e+00
2.965000000000000000e+03 2.707537924330006263e+01 9.999702834038178834e-01 1.969968663211656840e-02 -1.695002873206379324e+00
2.966000000000000000e+03 2.703465565072667687e+01 9.957717038833097112e-01 1.968288431852574516e-02 -1.690785284251310472e+00
2.967000000000000000e+03 2.699379426707567831e+01 9.915910806237479003e-01 1.966610347128639955e-02 -1.686462879592875330e+00
2.968000000000000000e+03 2.695280677277653680e+01 9.874196024289169094e-01 1.964934392286327158e-02 -1.682041331031705278e+00
2.969000000000000000e+03 2.691177903077945288e+01 9.832558974305903865e-01 1.963260549547504036e-02 -1.677511404969688202e+00
2.970000000000000000e+03 2.687064823609562580e+01 9.791134617763065373e-01 1.961588800111065123e-02 -1.672886105301040649e+00
2.971000000000000000e+03 2.682942576560854420e+01 9.749760898590116298e-01 1.959919124154240605e-02 -1.668163532817323658e+00
2.972000000000000000e+03 2.678804860961178136e+01 9.708573014435638582e-01 1.958251500852896398e-02 -1.663349171430595019e+00
2.973000000000000000e+03 2.674652793658647454e+01 9.667557718831250035e-01 1.956585908412989891e-02 -1.658433604310785681e+00
2.974000000000000000e+03 2.670494909020068519e+01 9.626701891310125436e-01 1.954922324099203287e-02 -1.653422228490098789e+00
2.975000000000000000e+03 2.666324873503451798e+01 9.585992540452169530e-01 1.953260724286359773e-02 -1.648320399380807322e+00
2.976000000000000000e+03 2.662143770256634312e+01 9.545491090364454090e-01 1.951601084516062928e-02 -1.643126003657680689e+00
2.977000000000000000e+03 2.657945241891414057e+01 9.505110533084366597e-01 1.949943379555591633e-02 -1.637851745555279903e+00
2.978000000000000000e+03 2.653730346588309885e+01 9.464912565430799729e-01 1.948287583475753065e-02 -1.632480578026251239e+00
2.979000000000000000e+03 2.649507557434091964e+01 9.424884741269906607e-01 1.946633669728670482e-02 -1.627032559166080583e+00
2.980000000000000000e+03 2.645270476646124180e+01 9.385089041223528827e-01 1.944981611240322039e-02 -1.621497998345462710e+00
2.981000000000000000e+03 2.641020119840832692e+01 9.345513308299152611e-01 1.943331380499889460e-02 -1.615882027607582039e+00
2.982000000000000000e+03 2.636757486849455745e+01 9.306145533957000948e-01 1.941682949662592098e-02 -1.610197174624566463e+00
2.983000000000000000e+03 2.632476132488342557e+01 9.266973860604539315e-01 1.940036290657979473e-02 -1.604426222262639978e+00
2.984000000000000000e+03 2.628184450691610152e+01 9.227986584021414807e-01 1.938391375296221256e-02 -1.598581636709732301e+00
2.985000000000000000e+03 2.623875960160729903e+01 9.189246439215611462e-01 1.936748175385953272e-02 -1.592675855408447028e+00
2.986000000000000000e+03 2.619559016792516104e+01 9.150742035702066346e-01 1.935106662847678113e-02 -1.586691574996392351e+00
2.987000000000000000e+03 2.615219670939385210e+01 9.112462143217348043e-01 1.933466809833166503e-02 -1.580641179456232503e+00
2.988000000000000000e+03 2.610873664865506072e+01 9.074469977363530671e-01 1.931828588842173997e-02 -1.574529599718203388e+00
2.989000000000000000e+03 2.606507004950709572e+01 9.036680351170085501e-01 1.930191972843696077e-02 -1.568346886668410933e+00
2.990000000000000000e+03 2.602120530808156929e+01 8.999156811102536624e-01 1.928556935387262111e-02 -1.562112782612867568e+00
2.991000000000000000e+03 2.597722485969346096e+01 8.961814504978059537e-01 1.926923450723171463e-02 -1.555809867490759446e+00
2.992000000000000000e+03 2.593313660246706576e+01 8.924791601332739965e-01 1.925291493906738927e-02 -1.549450415394249214e+00
2.993000000000000000e+03 2.588887388833296654e+01 8.888003590187887326e-01 1.923661040909300027e-02 -1.543039254185948339e+00
2.994000000000000000e+03 2.584436979797813905e+01 8.851514702271620072e-01 1.922032068719782549e-02 -1.536573766867809887e+00
2.995000000000000000e+03 2.579977998333461642e+01 8.815315060148473103e-01 1.920404555431729984e-02 -1.530058749649799932e+00
2.996000000000000000e+03 2.575503695915837454e+01 8.779320679781517089e-01 1.918778480342162376e-02 -1.523498984966173531e+00
2.997000000000000000e+03 2.571014723032152460e+01 8.743670606033201453e-01 1.917153824021533906e-02 -1.516899242839424122e+00
2.998000000000000000e+03 2.566504271884720367e+01 8.708281213066160209e-01 1.915530568389497978e-02 -1.510256853890518558e+00
2.999000000000000000e+03 2.561987789278318672e+01 8.673217623198161697e-01 1.913908696775290866e-02 -1.503576567395594088e+00
3.000000000000000000e+03 2.557450977742958997e+01 8.638396574160429608e-01 1.912288193969010827e-02 -1.496863124286703872e+00
3.001000000000000000e+03 2.552901758336945548e+01 8.603957844460013993e-01 1.910669046263773971e-02 -1.490113617422113235e+00
3.002000000000000000e+03 2.548333022711612372e+01 8.569744289950343985e-01 1.909051241486227346e-02 -1.483339139801684858e+00
3.003000000000000000e+03 2.543759880679647267e+01 8.535896092926245071e-01 1.907434769015493858e-02 -1.476535710670132895e+00
3.004000000000000000e+03 2.539160268701430567e+01 8.502330771918775731e-01 1.905819619791668251e-02 -1.469699346264497386e+00
3.005000000000000000e+03 2.534549233465730111e+01 8.469114600100938750e-01 1.904205786311287396e-02 -1.462840917828097220e+00
3.006000000000000000e+03 2.529926933623769614e+01 8.436165472094854234e-01 1.902593262612866862e-02 -1.455956439513446332e+00
3.007000000000000000e+03 2.525278640082946779e+01 8.403624322225964338e-01 1.900982044244779387e-02 -1.449049354726707817e+00
3.008000000000000000e+03 2.520619306509328439e+01 8.371335140669197150e-01 1.899372128238121377e-02 -1.442123109060454045e+00
3.009000000000000000e+03 2.515941571382585806e+01 8.339364958555637308e-01 1.897763513048052186e-02 -1.435166294864747005e+00
3.010000000000000000e+03 2.511245472007028923e+01 8.307780997976098591e-01 1.896156198496396633e-02 -1.428197222608740935e+00
3.011000000000000000e+03 2.506538445221602274e+01 8.276502105410515897e-01 1.894550185700756909e-02 -1.421211923676577671e+00
3.012000000000000000e+03 2.501805614804684197e+01 8.245521602592348342e-01 1.892945476996767129e-02 -1.414206436653543397e+00
3.013000000000000000e+03 2.497061790822477434e+01 8.214907286788749596e-01 1.891342075844842235e-02 -1.407184236898612495e+00
3.014000000000000000e+03 2.492299472158895668e+01 8.184652863997449179e-01 1.889739986736685418e-02 -1.400156237753675370e+00
3.015000000000000000e+03 2.487518560976691973e+01 8.154752232574200566e-01 1.888139215087065656e-02 -1.393118506688575620e+00
3.016000000000000000e+03 2.482718935498585466e+01 8.125132628127517131e-01 1.886539767123082342e-02 -1.386067123183774452e+00
3.017000000000000000e+03 2.477900451202028975e+01 8.095884902345852341e-01 1.884941649765441152e-02 -1.379005608248944137e+00
3.018000000000000000e+03 2.473070370419164377e+01 8.066981245579500914e-01 1.883344870509684119e-02 -1.371937497227101899e+00
3.019000000000000000e+03 2.468213650231582079e+01 8.038416325310200339e-01 1.881749437292460844e-02 -1.364873769285230631e+00
3.020000000000000000e+03 2.463344942254504133e+01 8.010199857536428603e-01 1.880155358373762284e-02 -1.357795706789297618e+00
3.021000000000000000e+03 2.458456595544443246e+01 7.982326893033027115e-01 1.878562642193532667e-02 -1.350721751568531914e+00
3.022000000000000000e+03 2.453540943026440146e+01 7.954807530333176668e-01 1.876971297252866613e-02 -1.343648079211411606e+00
3.023000000000000000e+03 2.448620016278476896e+01 7.927629773483277908e-01 1.875381331976043453e-02 -1.336578313550286445e+00
3.024000000000000000e+03 2.443671263409141048e+01 7.900804101572852511e-01 1.873792754585832873e-02 -1.329508671030561917e+00
3.025000000000000000e+03 2.438709262277107825e+01 7.874326326335870929e-01 1.872205572978326987e-02 -1.322450246816801123e+00
3.026000000000000000e+03 2.433733723382622216e+01 7.848199876478478831e-01 1.870619794600357488e-02 -1.315399302433085005e+00
3.027000000000000000e+03 2.428736919527568006e+01 7.822420940179872773e-01 1.869035426335358824e-02 -1.308359551841153490e+00
3.028000000000000000e+03 2.423718543782801049e+01 7.797000749269777931e-01 1.867452474394260681e-02 -1.301334734103459567e+00
3.029000000000000000e+03 2.418693139052972541e+01 7.771928436530131101e-01 1.865870944210936203e-02 -1.294321186032345139e+00
3.030000000000000000e+03 2.413645529128590894e+01 7.747215604775484765e-01 1.864290840350872960e-02 -1.287330128226336079e+00
3.031000000000000000e+03 2.408590246572280691e+01 7.722844327307886170e-01 1.862712166424549884e-02 -1.280350524290536418e+00
3.032000000000000000e+03 2.403512106924145186e+01 7.698819145203137371e-01 1.861134925012435798e-02 -1.273393651895985856e+00
3.033000000000000000e+03 2.398418208076954272e+01 7.675137352673186975e-01 1.859559117600255093e-02 -1.266455961972489108e+00
3.034000000000000000e+03 2.393315646058762169e+01 7.651811280809935889e-01 1.857984744527283252e-02 -1.259548793039741321e+00
3.035000000000000000e+03 2.388189230719977729e+01 7.628823726107842873e-01 1.856411804942666513e-02 -1.252661230372502654e+00
3.036000000000000000e+03 2.383053484822892187e+01 7.606179947471346514e-01 1.854840296776865197e-02 -1.245804677004471284e+00
3.037000000000000000e+03 2.377900646123958595e+01 7.583877951302540055e-01 1.853270216723108127e-02 -1.238975712865426182e+00
3.038000000000000000e+03 2.372737809552662824e+01 7.561915918273804937e-01 1.851701560234815871e-02 -1.232178380706350884e+00
3.039000000000000000e+03 2.367557214129931964e+01 7.540292201685528939e-01 1.850134321533519408e-02 -1.225409330258939944e+00
3.040000000000000000e+03 2.362365956579648696e+01 7.519005325760288461e-01 1.848568493628400741e-02 -1.218672675781659054e+00
3.041000000000000000e+03 2.357163706379673940e+01 7.498046555524223722e-01 1.847004068351153563e-02 -1.211979996890837796e+00
3.042000000000000000e+03 2.351950134106452950e+01 7.477429608378749482e-01 1.845441036400596174e-02 -1.205320625975651483e+00
3.043000000000000000e+03 2.346724911324117357e+01 7.457138653759750602e-01 1.843879387401214237e-02 -1.198706219100673875e+00
3.044000000000000000e+03 2.341487710371611541e+01 7.437172881291657101e-01 1.842319109973049665e-02 -1.192126186689790091e+00
3.045000000000000000e+03 2.336245632402193451e+01 7.417531642082433319e-01 1.840760191814054883e-02 -1.185592264397473006e+00
3.046000000000000000e+03 2.330990921929198834e+01 7.398214446664612698e-01 1.839202619783964279e-02 -1.179101372110994639e+00
3.047000000000000000e+03 2.325723251386488144e+01 7.379206106180161706e-01 1.837646380013740338e-02 -1.172650471387970628e+00
3.048000000000000000e+03 2.320449720558129414e+01 7.360521300316724691e-01 1.836091458005010418e-02 -1.166258851227111926e+00
3.049000000000000000e+03 2.315169999235116549e+01 7.342145148287432255e-01 1.834537838757513070e-02 -1.159908701968755285e+00
3.050000000000000000e+03 2.309883754858641680e+01 7.324077776666879647e-01 1.832985506881830429e-02 -1.153604542781502929e+00
3.051000000000000000e+03 2.304590588187259570e+01 7.306319947211812327e-01 1.831434446737643246e-02 -1.147358310503078016e+00
3.052000000000000000e+03 2.299289841777144616e+01 7.288859658310369305e-01 1.829884642560250865e-02 -1.141166909862164625e+00
3.053000000000000000e+03 2.293980789849493362e+01 7.271700395467026734e-01 1.828336078602556952e-02 -1.135027236181469279e+00
3.054000000000000000e+03 2.288670129341427284e+01 7.254845785316826889e-01 1.826788739272695514e-02 -1.128943659460711180e+00
3.055000000000000000e+03 2.283357122320532184e+01 7.238292164784356775e-01 1.825242609275312330e-02 -1.122920596613641742e+00
3.056000000000000000e+03 2.278041023445835123e+01 7.222043435253567845e-01 1.823697673750232159e-02 -1.116947655333783818e+00
3.057000000000000000e+03 2.272721079085035711e+01 7.206088774947539966e-01 1.822153918411787213e-02 -1.111044204740516017e+00
3.058000000000000000e+03 2.267403954799434018e+01 7.190432349722777339e-01 1.820611329685965785e-02 -1.105199949099384238e+00
3.059000000000000000e+03 2.262074021105734190e+01 7.175071025376764666e-01 1.819069894836897530e-02 -1.099412070073079395e+00
3.060000000000000000e+03 2.256752779479627691e+01 7.159994364970875269e-01 1.817529602101546071e-02 -1.093692655548040404e+00
3.061000000000000000e+03 2.251417149753626745e+01 7.145214339523185965e-01 1.815990440802399408e-02 -1.088031558335888382e+00
3.062000000000000000e+03 2.246088609629545729e+01 7.130720755166262137e-01 1.814452401464702186e-02 -1.082440966703343888e+00
3.063000000000000000e+03 2.240758910553802963e+01 7.116510963778540644e-01 1.812915475917732666e-02 -1.076910834674477790e+00
3.064000000000000000e+03 2.235427218923564396e+01 7.102589860185652970e-01 1.811379657392196002e-02 -1.071446024160544352e+00
3.065000000000000000e+03 2.230092687276738417e+01 7.088940165934359827e-01 1.809844940600792429e-02 -1.066051448612622243e+00
3.066000000000000000e+03 2.224761882275193869e+01 7.075574424892556724e-01 1.808311321817978115e-02 -1.060724644998590760e+00
3.067000000000000000e+03 2.219426499386388940e+01 7.062475573572570831e-01 1.806778798933365501e-02 -1.055463202454462568e+00
3.068000000000000000e+03 2.214093076121934089e+01 7.049648936683762246e-01 1.805247371505641976e-02 -1.050272190909224523e+00
3.069000000000000000e+03 2.208760706934439710e+01 7.037092510811379098e-01 1.803717040795260046e-02 -1.045149304632213560e+00
3.070000000000000000e+03 2.203435899979533019e+01 7.024804389825625162e-01 1.802187809788348763e-02 -1.040099719154711000e+00
3.071000000000000000e+03 2.198110292243422137e+01 7.012767905220537168e-01 1.800659683205879311e-02 -1.035121234763542564e+00
3.072000000000000000e+03 2.192782934890612268e+01 7.000996193237021270e-01 1.799132667495662377e-02 -1.030219133368439843e+00
3.073000000000000000e+03 2.187460293680248569e+01 6.989472765064818072e-01 1.797606770814616853e-02 -1.025383893591286455e+00
3.074000000000000000e+03 2.182141392801083768e+01 6.978196073931645094e-01 1.796082002999854071e-02 -1.020620904279929242e+00
3.075000000000000000e+03 2.176832672225137344e+01 6.967172083726940190e-01 1.794558375513786996e-02 -1.015935607893431625e+00
3.076000000000000000e+03 2.171518275075131044e+01 6.956384552559224943e-01 1.793035901393645604e-02 -1.011318643860647626e+00
3.077000000000000000e+03 2.166212046956439607e+01 6.945832171454690007e-01 1.791514595169009169e-02 -1.006782990363717323e+00
3.078000000000000000e+03 2.160912966842984773e+01 6.935513704590444695e-01 1.789994472786204591e-02 -1.002319394242567885e+00
3.079000000000000000e+03 2.155620004866847594e+01 6.925427986218769538e-01 1.788475551506434058e-02 -9.979260843756331267e-01
3.080000000000000000e+03 2.150332123502585446e+01 6.915566489230624558e-01 1.786957849800348622e-02 -9.936087716338889431e-01
3.081000000000000000e+03 2.145048278839416156e+01 6.905913322060697190e-01 1.785441387230742027e-02 -9.893732204592503576e-01
3.082000000000000000e+03 2.139767421933051139e+01 6.896482367335632357e-01 1.783926184327384867e-02 -9.852103920677601767e-01
3.083000000000000000e+03 2.134495928578498436e+01 6.887257851962342858e-01 1.782412262451156873e-02 -9.811217007196526563e-01
3.084000000000000000e+03 2.129225315742899838e+01 6.878231485763143249e-01 1.780899643654722253e-02 -9.771100995543419154e-01
3.085000000000000000e+03 2.123969384851209341e+01 6.869409886704836987e-01 1.779388350536873636e-02 -9.731748805771763822e-01
3.086000000000000000e+03 2.118712224908928121e+01 6.860777436022396092e-01 1.777878406089456256e-02 -9.693153886435798006e-01
3.087000000000000000e+03 2.113475069257704320e+01 6.852333416841466240e-01 1.776369833545464808e-02 -9.655325069161229123e-01
3.088000000000000000e+03 2.108234585343376111e+01 6.844069725996628772e-01 1.774862656223732960e-02 -9.618264281247311809e-01
3.089000000000000000e+03 2.103012016545386231e+01 6.835993155949877664e-01 1.773356897372257643e-02 -9.581959114761936513e-01
3.090000000000000000e+03 2.097791471944350050e+01 6.828080821556552493e-01 1.771852580010190720e-02 -9.546419965535579699e-01
3.091000000000000000e+03 2.092586783076580659e+01 6.820339583734323918e-01 1.770349726781059868e-02 -9.511642888457827461e-01
3.092000000000000000e+03 2.087389507054925630e+01 6.812761476231310453e-01 1.768848359797750916e-02 -9.477631879387168334e-01
3.093000000000000000e+03 2.082206069851267927e+01 6.805345987547983810e-01 1.767348500500339967e-02 -9.444376586778784333e-01
3.094000000000000000e+03 2.077028054374275712e+01 6.798070344410788168e-01 1.765850169518649523e-02 -9.411874593238996889e-01
3.095000000000000000e+03 2.071869343636019778e+01 6.790948935453753332e-01 1.764353386536559112e-02 -9.380131411860938018e-01
3.096000000000000000e+03 2.066714123641840217e+01 6.783959024599941490e-01 1.762858170174082251e-02 -9.349123340649485581e-01
3.097000000000000000e+03 2.061576311450531307e+01 6.777107603104717271e-01 1.761364537872727593e-02 -9.318871742043871587e-01
3.098000000000000000e+03 2.056447557888219180e+01 6.770379388002567556e-01 1.759872505790093661e-02 -9.289353898588812442e-01
3.099000000000000000e+03 2.051326962014121946e+01 6.763773960765110393e-01 1.758382088708531840e-02 -9.260577292167351260e-01
3.100000000000000000e+03 2.046228500427297092e+01 6.757276050815942403e-01 1.756893299961453589e-02 -9.232535029496548029e-01
3.101000000000000000e+03 2.041136425476348037e+01 6.750893141346501203e-01 1.755406151359508241e-02 -9.205214384259052807e-01
3.102000000000000000e+03 2.036064595191442805e+01 6.744619725913940655e-01 1.753920653138867081e-02 -9.178615004096533081e-01
3.103000000000000000e+03 2.031004573019850312e+01 6.738435903982102904e-01 1.752436813926740861e-02 -9.152738122527299680e-01
3.104000000000000000e+03 2.025955374224955818e+01 6.732358909203056685e-01 1.750954640710025711e-02 -9.127592864082076929e-01
3.105000000000000000e+03 2.020923466222964038e+01 6.726376251245438365e-01 1.749474138830919151e-02 -9.103173954246586153e-01
3.106000000000000000e+03 2.015907912086874276e+01 6.720475426193681656e-01 1.747995311985552080e-02 -9.079483999396217309e-01
3.107000000000000000e+03 2.010907798968858629e+01 6.714666198613800097e-01 1.746518162245392844e-02 -9.056511196523823193e-01
3.108000000000000000e+03 2.005922238041009820e+01 6.708936028486404135e-01 1.745042690087640277e-02 -9.034266469669064437e-01
3.109000000000000000e+03 2.000950364306818585e+01 6.703287210011694697e-01 1.743568894447850709e-02 -9.012746322743884209e-01
3.110000000000000000e+03 1.995998764636872025e+01 6.697707155284885472e-01 1.742096772773554791e-02 -8.991947690713349983e-01
3.111000000000000000e+03 1.991059192281830192e+01 6.692205533145262342e-01 1.740626321102581656e-02 -8.971875362328490811e-01
3.112000000000000000e+03 1.986138279720810829e+01 6.686754839496524827e-01 1.739157534147097936e-02 -8.952519689364012434e-01
3.113000000000000000e+03 1.981235252948018655e+01 6.681379534656795016e-01 1.737690405393811297e-02 -8.933886294213339019e-01
3.114000000000000000e+03 1.976349359057716271e+01 6.676052043628915023e-01 1.736224927210212529e-02 -8.915958922235471817e-01
3.115000000000000000e+03 1.971479865384480235e+01 6.670781893504537097e-01 1.734761090963993571e-02 -8.898744005863061801e-01
3.116000000000000000e+03 1.966626058557989509e+01 6.665563712242202898e-01 1.733298887152418671e-02 -8.882226088410610787e-01
3.117000000000000000e+03 1.961794671832349835e+01 6.660392082628451282e-01 1.731838305531565453e-02 -8.866397531290857170e-01
3.118000000000000000e+03 1.956985027299338853e+01 6.655261539568332330e-01 1.730379335267222610e-02 -8.851265936084814490e-01
3.119000000000000000e+03 1.952196463098031742e+01 6.650173995760368939e-01 1.728921965072969733e-02 -8.836824424761824393e-01
3.120000000000000000e+03 1.947420903880912135e+01 6.645116454002751860e-01 1.727466183367665567e-02 -8.823059061553497617e-01
3.121000000000000000e+03 1.942672573000037062e+01 6.640098146337690688e-01 1.726011978422231641e-02 -8.809971131427707380e-01
3.122000000000000000e+03 1.937943421171429037e+01 6.635105961378008343e-01 1.724559338518646262e-02 -8.797547420009098618e-01
3.123000000000000000e+03 1.933240266985160360e+01 6.630134155173721400e-01 1.723108252104835897e-02 -8.785775063497650583e-01
3.124000000000000000e+03 1.928555082268272258e+01 6.625176920366016020e-01 1.721658707944718342e-02 -8.774656398482691966e-01
3.125000000000000000e+03 1.923887275916624517e+01 6.620243240430901954e-01 1.720210695269090706e-02 -8.764179241548808452e-01
3.126000000000000000e+03 1.919251121055368969e+01 6.615319745511495375e-01 1.718764203922355793e-02 -8.754346595575370760e-01
3.127000000000000000e+03 1.914631183788381819e+01 6.610400423444477980e-01 1.717319224498015107e-02 -8.745132072424044445e-01
3.128000000000000000e+03 1.910034320552933806e+01 6.605486617426842288e-01 1.715875748477981369e-02 -8.736539312419675518e-01
3.129000000000000000e+03 1.905459963684280922e+01 6.600572167026294013e-01 1.714433768354794996e-02 -8.728549978464792414e-01
3.130000000000000000e+03 1.900914977154592478e+01 6.595650834286359565e-01 1.712993277747211149e-02 -8.721153461894736170e-01
3.131000000000000000e+03 1.896383942292622748e+01 6.590731158226899034e-01 1.711554271503240923e-02 -8.714339446467909145e-01
3.132000000000000000e+03 1.891888583797367929e+01 6.585791882587567203e-01 1.710116745801569527e-02 -8.708097900593901874e-01
3.133000000000000000e+03 1.887406057195716258e+01 6.580841380522609585e-01 1.708680698227017097e-02 -8.702419069446746258e-01
3.134000000000000000e+03 1.882958088461513313e+01 6.575873082438690176e-01 1.707246127841959352e-02 -8.697286038616919290e-01
3.135000000000000000e+03 1.878529261690495034e+01 6.570880330682348225e-01 1.705813035246447548e-02 -8.692697011051555567e-01
3.136000000000000000e+03 1.874126445546394137e+01 6.565863805926798191e-01 1.704381422614152305e-02 -8.688628157082620707e-01
3.137000000000000000e+03 1.869749079624331500e+01 6.560809240205914827e-01 1.702951293724166634e-02 -8.685078176199083622e-01
3.138000000000000000e+03 1.865396602688376504e+01 6.555724556800168745e-01 1.701522653973877239e-02 -8.682023718510626376e-01
3.139000000000000000e+03 1.861068452683285201e+01 6.550602726670738951e-01 1.700095510373000537e-02 -8.679463946309622369e-01
3.140000000000000000e+03 1.856764066871105356e+01 6.545429195044378812e-01 1.698669871534960393e-02 -8.677375955331020352e-01
3.141000000000000000e+03 1.852482882091767635e+01 6.540211593101794563e-01 1.697245747636104071e-02 -8.675751907767682569e-01
3.142000000000000000e+03 1.848231763496020008e+01 6.534942594563437623e-01 1.695823150376514835e-02 -8.674569310041810866e-01
3.143000000000000000e+03 1.844002719996323592e+01 6.529622199129755389e-01 1.694402092917961927e-02 -8.673828145641885312e-01
3.144000000000000000e+03 1.839802618284289792e+01 6.524250302572082161e-01 1.692982589810763938e-02 -8.673498867672427837e-01
3.145000000000000000e+03 1.835623470155577053e+01 6.518819266875471863e-01 1.691564656908815453e-02 -8.673574388232906385e-01
3.146000000000000000e+03 1.831472146739978157e+01 6.513321347134922723e-01 1.690148311265235459e-02 -8.674040355870999974e-01
3.147000000000000000e+03 1.827348094375610899e+01 6.507763546852995962e-01 1.688733571030092209e-02 -8.674882574725779616e-01
3.148000000000000000e+03 1.823250763971815047e+01 6.502137903189628698e-01 1.687320455324641325e-02 -8.676079566910877006e-01
3.149000000000000000e+03 1.819172183750169225e+01 6.496436342365279337e-01 1.685908984113494366e-02 -8.677617419900495177e-01
3.150000000000000000e+03 1.815119245455373687e+01 6.490665535117008389e-01 1.684499178065203273e-02 -8.679474920470874322e-01
3.151000000000000000e+03 1.811091438420426059e+01 6.484817263550802791e-01 1.683091058408918775e-02 -8.681647325032491036e-01
3.152000000000000000e+03 1.807095761225265917e+01 6.478883521039394688e-01 1.681684646780539152e-02 -8.684113692480350810e-01
3.153000000000000000e+03 1.803116955905252894e+01 6.472871123499031043e-01 1.680279965070695727e-02 -8.686876960839736705e-01
3.154000000000000000e+03 1.799162061480951280e+01 6.466764485158635889e-01 1.678877035263100226e-02 -8.689925301395761137e-01
3.155000000000000000e+03 1.795230701894672265e+01 6.460570187678966736e-01 1.677475879276084728e-02 -8.693246965947227789e-01
3.156000000000000000e+03 1.791329944048020550e+01 6.454287265821849751e-01 1.676076518800941745e-02 -8.696837705718585276e-01
3.157000000000000000e+03 1.787444585725134871e+01 6.447907206572651706e-01 1.674678975140255627e-02 -8.700693333586535516e-01
3.158000000000000000e+03 1.783589155343562993e+01 6.441428805014571823e-01 1.673283269054605046e-02 -8.704787429633027429e-01
3.159000000000000000e+03 1.779755914764439950e+01 6.434843306854555189e-01 1.671889420605579199e-02 -8.709130758582622756e-01
3.160000000000000000e+03 1.775944573906392776e+01 6.428164121101853645e-01 1.670497449008638211e-02 -8.713711833679399499e-01
3.161000000000000000e+03 1.772162291897956976e+01 6.421374820945598971e-01 1.669107372489969307e-02 -8.718511764116784191e-01
3.162000000000000000e+03 1.768401393107897235e+01 6.414473713236383823e-01 1.667719208156100488e-02 -8.723526530874692320e-01
3.163000000000000000e+03 1.764661653195271285e+01 6.407473837918350457e-01 1.666332971863589488e-02 -8.728744692523128235e-01
3.164000000000000000e+03 1.760942871667127108e+01 6.400350969059697137e-01 1.664948678106262236e-02 -8.734162232849534968e-01
3.165000000000000000e+03 1.757252301036416497e+01 6.393125326238848771e-01 1.663566339908748373e-02 -8.739767695166767991e-01
3.166000000000000000e+03 1.753582362470659817e+01 6.385779862275164920e-01 1.662185968737447950e-02 -8.745549601758777492e-01
3.167000000000000000e+03 1.749932931426685556e+01 6.378312261315198795e-01 1.660807574416557283e-02 -8.751503873421786484e-01
3.168000000000000000e+03 1.746311338113153155e+01 6.370734938516867674e-01 1.659431165062489472e-02 -8.757611535702640726e-01
3.169000000000000000e+03 1.742702654425504605e+01 6.363030469682147139e-01 1.658056747031269942e-02 -8.763868423695863052e-01
3.170000000000000000e+03 1.739129120953391450e+01 6.355211017842826715e-01 1.656684324882798029e-02 -8.770262888498958631e-01
3.171000000000000000e+03 1.735568435199997595e+01 6.347258906292534419e-01 1.655313901351994008e-02 -8.776783217183691255e-01
3.172000000000000000e+03 1.732035463371773787e+01 6.339186045271325565e-01 1.653945477343631010e-02 -8.783417624536143942e-01
3.173000000000000000e+03 1.728522813377871614e+01 6.330974505095842142e-01 1.652579051937746318e-02 -8.790169101619687009e-01
3.174000000000000000e+03 1.725030547897636879e+01 6.322643371292469006e-01 1.651214622412369368e-02 -8.797003409311202615e-01
3.175000000000000000e+03 1.721558755563741983e+01 6.314167032775013233e-01 1.649852184273830832e-02 -8.803930782269300259e-01
3.176000000000000000e+03 1.718114978715721364e+01 6.305564322125484233e-01 1.648491731313996012e-02 -8.810931637677043016e-01
3.177000000000000000e+03 1.714684499276206253e+01 6.296831660569354172e-01 1.647133255667731708e-02 -8.817986281019141170e-01
3.178000000000000000e+03 1.711282336359068523e+01 6.287965343200868640e-01 1.645776747895726089e-02 -8.825097183640687737e-01
3.179000000000000000e+03 1.707893818509240802e+01 6.278976395907018837e-01 1.644422197070788058e-02 -8.832296403737599499e-01
3.180000000000000000e+03 1.704534009439131026e+01 6.269853433886964922e-01 1.643069590881841152e-02 -8.839459870372425865e-01
3.181000000000000000e+03 1.701195708412048546e+01 6.260599803721831336e-01 1.641718915745692467e-02 -8.846686222240304209e-01
3.182000000000000000e+03 1.697879162388159457e+01 6.251226155390219308e-01 1.640370156930907181e-02 -8.853851099688887505e-01
3.183000000000000000e+03 1.694577207988424661e+01 6.241720729280472169e-01 1.639023298685542487e-02 -8.861127122397964850e-01
3.184000000000000000e+03 1.691304983490020675e+01 6.232093926751774982e-01 1.637678324379594416e-02 -8.868315331148541869e-01
3.185000000000000000e+03 1.688047928910002327e+01 6.222333740538730229e-01 1.636335216653530406e-02 -8.875439449258742952e-01
3.186000000000000000e+03 1.684813782944974392e+01 6.212442897056146274e-01 1.634993957562391395e-02 -8.882597309117369333e-01
3.187000000000000000e+03 1.681602868022434549e+01 6.202424000297048767e-01 1.633654528733671438e-02 -8.889663711834400184e-01
3.188000000000000000e+03 1.678408088729738878e+01 6.192279532477330539e-01 1.632316911523996536e-02 -8.896661838530385280e-01
3.189000000000000000e+03 1.675237215282777470e+01 6.181996998025095502e-01 1.630981087179293743e-02 -8.903614677225044627e-01
3.190000000000000000e+03 1.672090596894557279e+01 6.171586066067373810e-01 1.629647036988710745e-02 -8.910470733338748950e-01
3.191000000000000000e+03 1.668961160208284156e+01 6.161048857808677504e-01 1.628314742443969648e-02 -8.917252590811958202e-01
3.192000000000000000e+03 1.665849264456937107e+01 6.150387375705526072e-01 1.626984185389744250e-02 -8.923908339319643890e-01
3.193000000000000000e+03 1.662755271610001628e+01 6.139596075984199430e-01 1.625655348173260864e-02 -8.930460135599938010e-01
3.194000000000000000e+03 1.659686973270181909e+01 6.128676726252418883e-01 1.624328213789110950e-02 -8.936855630871941569e-01
3.195000000000000000e+03 1.656637304229706587e+01 6.117638406454116717e-01 1.623002766011171633e-02 -8.943116532361903293e-01
3.196000000000000000e+03 1.653599197848966185e+01 6.106475224815385294e-01 1.621678989522216952e-02 -8.949190030913779514e-01
3.197000000000000000e+03 1.650587869866334856e+01 6.095188603933870963e-01 1.620356870033274818e-02 -8.955171646204233005e-01
3.198000000000000000e+03 1.647596247145771997e+01 6.083779853508497482e-01 1.619036394392643630e-02 -8.960933804029784788e-01
3.199000000000000000e+03 1.644624680025203745e+01 6.072250171460695789e-01 1.617717550679752606e-02 -8.966497248704735634e-01
3.200000000000000000e+03 1.641666084669039805e+01 6.060593216744778466e-01 1.616400328292951633e-02 -8.971882471030803163e-01
3.201000000000000000e+03 1.638720840614333341e+01 6.048824540396804395e-01 1.615084718019317578e-02 -8.977035992578170642e-01
3.202000000000000000e+03 1.635804343445347797e+01 6.036928737663336264e-01 1.613770712095393550e-02 -8.981980646008667080e-01
3.203000000000000000e+03 1.632894880703858220e+01 6.024904870038592097e-01 1.612458304252714289e-02 -8.986665285124831870e-01
3.204000000000000000e+03 1.630007873239816973e+01 6.012766750131914861e-01 1.611147489747966413e-02 -8.991112774462165502e-01
3.205000000000000000e+03 1.627136448064965535e+01 6.000498372917280054e-01 1.609838265379762851e-02 -8.995345701183321552e-01
3.206000000000000000e+03 1.624281151537203627e+01 5.988120772272429448e-01 1.608530629489055008e-02 -8.999312087056435816e-01
3.207000000000000000e+03 1.621442520921113584e+01 5.975617738897703868e-01 1.607224581949120296e-02 -9.002959667526058141e-01
3.208000000000000000e+03 1.618628512775018535e+01 5.962995248573973450e-01 1.605920124135757146e-02 -9.006384454372072801e-01
3.209000000000000000e+03 1.615817361360025117e+01 5.950259178600216803e-01 1.604617258890101567e-02 -9.009607880947526626e-01
3.210000000000000000e+03 1.613031862422577589e+01 5.937407880964704621e-01 1.603315990458381579e-02 -9.012428231009179669e-01
3.211000000000000000e+03 1.610257661736848078e+01 5.924439612246760190e-01 1.602016324431613722e-02 -9.015014902668818664e-01
3.212000000000000000e+03 1.607502682411143979e+01 5.911359963550276708e-01 1.600718267656589533e-02 -9.017314136400419455e-01
3.213000000000000000e+03 1.604759983743645080e+01 5.898159577063855075e-01 1.599421828153824512e-02 -9.019346145180047181e-01
3.214000000000000000e+03 1.602037475325251847e+01 5.884851289453452150e-01 1.598127015002134138e-02 -9.021056543713278364e-01
3.215000000000000000e+03 1.599320776076604211e+01 5.871418135076713618e-01 1.596833838240170264e-02 -9.022390628280865243e-01
3.216000000000000000e+03 1.596625213565282131e+01 5.857872774480046285e-01 1.595542308732488673e-02 -9.023516223699578065e-01
3.217000000000000000e+03 1.593943826486696302e+01 5.844212926015730503e-01 1.594252438045173914e-02 -9.024229411875269724e-01
3.218000000000000000e+03 1.591269650704230365e+01 5.830436224286028590e-01 1.592964238308569938e-02 -9.024623080018466803e-01
3.219000000000000000e+03 1.588610576984872758e+01 5.816540221909776154e-01 1.591677722076124957e-02 -9.024641216450047798e-01
3.220000000000000000e+03 1.585967067017917564e+01 5.802537248011921944e-01 1.590392902177740694e-02 -9.024376041563378914e-01
3.221000000000000000e+03 1.583332154507136913e+01 5.788432124982848537e-01 1.589109791571278324e-02 -9.023770870902765306e-01
3.222000000000000000e+03 1.580706302974299149e+01 5.774207313608159531e-01 1.587828403192169044e-02 -9.022768679397764613e-01
3.223000000000000000e+03 1.578097406861141572e+01 5.759882341719928522e-01 1.586548749804286146e-02 -9.021386382243700153e-01
3.224000000000000000e+03 1.575498507567670892e+01 5.745446950912007633e-01 1.585270843849886230e-02 -9.019714832427834228e-01
3.225000000000000000e+03 1.572902651217117587e+01 5.730913096876320001e-01 1.583994697303611754e-02 -9.017695967907070065e-01
3.226000000000000000e+03 1.570325174735019402e+01 5.716277809552261502e-01 1.582720321529366980e-02 -9.015271376457471009e-01
3.227000000000000000e+03 1.567751708378655984e+01 5.701538051743030300e-01 1.581447727141948104e-02 -9.012456577185631312e-01
3.228000000000000000e+03 1.565190175112141802e+01 5.686705577745937434e-01 1.580176923876963277e-02 -9.009266735207175358e-01
3.229000000000000000e+03 1.562641078060836186e+01 5.671769793544082505e-01 1.578907920467964576e-02 -9.005716659998035389e-01
3.230000000000000000e+03 1.560097501289419775e+01 5.656734900513169517e-01 1.577640724528619337e-02 -9.001746520422397868e-01
3.231000000000000000e+03 1.557552538844098322e+01 5.641612469037700084e-01 1.576375342448953221e-02 -8.997444693949581129e-01
3.232000000000000000e+03 1.555029008751593622e+01 5.626399155437277200e-01 1.575111779300138182e-02 -8.992750631536713390e-01
3.233000000000000000e+03 1.552505170013585634e+01 5.611098989004102977e-01 1.573850038749138175e-02 -8.987603423712428041e-01
3.234000000000000000e+03 1.549981578148759276e+01 5.595715945647860012e-01 1.572590122988649572e-02 -8.982164650350226154e-01
3.235000000000000000e+03 1.547473657120143287e+01 5.580246521548795080e-01 1.571332032676413595e-02 -8.976298395606497893e-01
3.236000000000000000e+03 1.544967129394847483e+01 5.564709448568703198e-01 1.570075766891717087e-02 -8.970016948580666893e-01
3.237000000000000000e+03 1.542470014437741277e+01 5.549101126166484654e-01 1.568821323097422879e-02 -8.963332236146870358e-01
3.238000000000000000e+03 1.539975486880906708e+01 5.533417908470222857e-01 1.567568697128709360e-02 -8.956255822982223114e-01
3.239000000000000000e+03 1.537484161373066982e+01 5.517670963005089080e-01 1.566317883182367227e-02 -8.948873195286928262e-01
3.240000000000000000e+03 1.535004092256526320e+01 5.501863987673043521e-01 1.565068873830745624e-02 -8.940972343681065082e-01
3.241000000000000000e+03 1.532521059722847490e+01 5.485993212787793061e-01 1.563821660037917685e-02 -8.932786598826745195e-01
3.242000000000000000e+03 1.530043139353226778e+01 5.470069688161880439e-01 1.562576231202915389e-02 -8.924177513684088403e-01
3.243000000000000000e+03 1.527570988042199396e+01 5.454089571744944465e-01 1.561332575208266606e-02 -8.915154848997886017e-01
3.244000000000000000e+03 1.525105271563002240e+01 5.438048988365185021e-01 1.560090678477291277e-02 -8.905728007441938709e-01
3.245000000000000000e+03 1.522639235328489526e+01 5.421966316820829856e-01 1.558850526055753291e-02 -8.895906034949132568e-01
3.246000000000000000e+03 1.520173560105371813e+01 5.405837621820769323e-01 1.557612101692246523e-02 -8.885623338710975094e-01
3.247000000000000000e+03 1.517716360937943776e+01 5.389658941076104215e-01 1.556375387939626029e-02 -8.875036822863497932e-01
3.248000000000000000e+03 1.515260900939310318e+01 5.373441144041344320e-01 1.555140366257882004e-02 -8.864005905810099506e-01
3.249000000000000000e+03 1.512800446761003137e+01 5.357195077252444593e-01 1.553907017133305916e-02 -8.852612506741620590e-01
3.250000000000000000e+03 1.510350552349654585e+01 5.340909281313409585e-01 1.552675320196612169e-02 -8.840789630282556155e-01
3.251000000000000000e+03 1.507897085348983524e+01 5.324594232668435900e-01 1.551445254361617614e-02 -8.828617903997093563e-01
3.252000000000000000e+03 1.505440874414348684e+01 5.308251641144670074e-01 1.550216797949240631e-02 -8.815952366883548219e-01
3.253000000000000000e+03 1.502990200838824464e+01 5.291882871417876721e-01 1.548989928836331381e-02 -8.802944252936494296e-01
3.254000000000000000e+03 1.500545914210607457e+01 5.275481847048723028e-01 1.547764624597116299e-02 -8.789595891678720907e-01
3.255000000000000000e+03 1.498094002612804765e+01 5.259072194253280319e-01 1.546540862644555335e-02 -8.775760711018736338e-01
3.256000000000000000e+03 1.495650161277699830e+01 5.242632960414036480e-01 1.545318620378479356e-02 -8.761588941247000495e-01
3.257000000000000000e+03 1.493200364351710618e+01 5.226180327940695980e-01 1.544097875329478002e-02 -8.747007633614689581e-01
3.258000000000000000e+03 1.490760290289836121e+01 5.209708189470171336e-01 1.542878605301012916e-02 -8.731943514047655341e-01
3.259000000000000000e+03 1.488315893682661795e+01 5.193217863262437062e-01 1.541660788510427517e-02 -8.716545836964183502e-01
3.260000000000000000e+03 1.485867974034137617e+01 5.176718095188223012e-01 1.540444403724960595e-02 -8.700740687668354623e-01
3.261000000000000000e+03 1.483424746145131934e+01 5.160210204009051393e-01 1.539229430385240412e-02 -8.684528119860652762e-01
3.262000000000000000e+03 1.480986982214078296e+01 5.143680654997729862e-01 1.538015848735036460e-02 -8.667907875722026256e-01
3.263000000000000000e+03 1.478540582364244571e+01 5.127145632002774178e-01 1.536803639931783906e-02 -8.650879389583208123e-01
3.264000000000000000e+03 1.476101143707665031e+01 5.110599040949131977e-01 1.535592786157073328e-02 -8.633367508165398219e-01
3.265000000000000000e+03 1.473654532598079570e+01 5.094042225182316974e-01 1.534383270708231800e-02 -8.615519628406919095e-01
3.266000000000000000e+03 1.471208882236979854e+01 5.077483967399786247e-01 1.533175078089220322e-02 -8.597260000330098073e-01
3.267000000000000000e+03 1.468764878532238960e+01 5.060910778170315538e-01 1.531968194085533454e-02 -8.578512581493694666e-01
3.268000000000000000e+03 1.466323187818240648e+01 5.044338896294279229e-01 1.530762605824416249e-02 -8.559423891503267212e-01
3.269000000000000000e+03 1.463877027989867052e+01 5.027769720597189407e-01 1.529558301830094731e-02 -8.539917315054981195e-01
3.270000000000000000e+03 1.461427024804483921e+01 5.011204668512287963e-01 1.528355272060458528e-02 -8.519990240055037578e-01
3.271000000000000000e+03 1.458981211602718098e+01 4.994652606298352615e-01 1.527153507935404518e-02 -8.499714061779231056e-01
3.272000000000000000e+03 1.456532744098615950e+01 4.978100137491729971e-01 1.525953002347095640e-02 -8.479011336571093960e-01
3.273000000000000000e+03 1.454082185391309245e+01 4.961571031545198851e-01 1.524753749663306131e-02 -8.457952920102006500e-01
3.274000000000000000e+03 1.451637506044724368e+01 4.945051942146478363e-01 1.523555745712784626e-02 -8.436535121157160422e-01
3.275000000000000000e+03 1.449184370882845663e+01 4.928551835823651861e-01 1.522358987760803403e-02 -8.414679705970773416e-01
3.276000000000000000e+03 1.446730709400779702e+01 4.912072280330083696e-01 1.521163474470109064e-02 -8.392531036611913242e-01
3.277000000000000000e+03 1.444277002782413533e+01 4.895614874761570201e-01 1.519969205851996394e-02 -8.369936090883037805e-01
3.278000000000000000e+03 1.441816284422988659e+01 4.879173822953604689e-01 1.518776183204725849e-02 -8.347038734797272985e-01
3.279000000000000000e+03 1.439363853950575134e+01 4.862758220259441044e-01 1.517584409041108050e-02 -8.323759742556975372e-01
3.280000000000000000e+03 1.436897851135555726e+01 4.846362341854912881e-01 1.516393887009690258e-02 -8.300093935102009768e-01
3.281000000000000000e+03 1.434433540188039835e+01 4.830002786174871776e-01 1.515204621794074419e-02 -8.276110184687983651e-01
3.282000000000000000e+03 1.431963883825891060e+01 4.813666478122066716e-01 1.514016619022722290e-02 -8.251728569000829072e-01
3.283000000000000000e+03 1.429496685962202029e+01 4.797362669157543280e-01 1.512829885156309964e-02 -8.227091793334283532e-01
3.284000000000000000e+03 1.427017450947058741e+01 4.781100653863558092e-01 1.511644427375453958e-02 -8.202045210781935269e-01
3.285000000000000000e+03 1.424541383059238520e+01 4.764874914832122332e-01 1.510460253458746800e-02 -8.176731095013682893e-01
3.286000000000000000e+03 1.422061389131120279e+01 4.748694837628757992e-01 1.509277371660580624e-02 -8.151068660562642565e-01
3.287000000000000000e+03 1.419577793052650172e+01 4.732554998927636647e-01 1.508095790586293228e-02 -8.125125485190759500e-01
3.288000000000000000e+03 1.417083480189469213e+01 4.716464881422151034e-01 1.506915519056555193e-02 -8.098894664286644396e-01
3.289000000000000000e+03 1.414586183557363697e+01 4.700419161904001997e-01 1.505736565984982372e-02 -8.072369099326076602e-01
3.290000000000000000e+03 1.412086199889620985e+01 4.684427426116724025e-01 1.504558940243136064e-02 -8.045541502884507867e-01
3.291000000000000000e+03 1.409583819089385770e+01 4.668484456776547109e-01 1.503382650538531880e-02 -8.018404403705624572e-01
3.292000000000000000e+03 1.407071896955247503e+01 4.652592520016112787e-01 1.502207705281412113e-02 -7.991024435329387998e-01
3.293000000000000000e+03 1.404550712921435363e+01 4.636761366745349444e-01 1.501034112467877595e-02 -7.963393774272906622e-01
3.294000000000000000e+03 1.402027971051879796e+01 4.620985948930783072e-01 1.499861879561121582e-02 -7.935430145274184888e-01
3.295000000000000000e+03 1.399496515928886886e+01 4.605268705943614815e-01 1.498691013384250738e-02 -7.907273960608861563e-01
3.296000000000000000e+03 1.396956618580317588e+01 4.589619565825324154e-01 1.497521520010908387e-02 -7.878842624441362297e-01
3.297000000000000000e+03 1.394415977285203745e+01 4.574033661468747680e-01 1.496353404669192345e-02 -7.850201955766571427e-01
3.298000000000000000e+03 1.391867433250842723e+01 4.558513616866628482e-01 1.495186671657437738e-02 -7.821343343393042380e-01
3.299000000000000000e+03 1.389311256307315823e+01 4.543069548275682212e-01 1.494021324264963729e-02 -7.792258034998260641e-01
3.300000000000000000e+03 1.386747717111515499e+01 4.527696780295688006e-01 1.492857364698700617e-02 -7.763011426243865420e-01
3.301000000000000000e+03 1.384177079910541686e+01 4.512405454374953662e-01 1.491694794028344470e-02 -7.733519192039840506e-01
3.302000000000000000e+03 1.381599579813618561e+01 4.497197926849449967e-01 1.490533612140402045e-02 -7.703915638082599049e-01
3.303000000000000000e+03 1.379015446145123214e+01 4.482061659585382940e-01 1.489373817698804239e-02 -7.674111077336307485e-01
3.304000000000000000e+03 1.376424910301740390e+01 4.467013897057916516e-01 1.488215408120408152e-02 -7.644089993789683346e-01
3.305000000000000000e+03 1.373828205809943803e+01 4.452042240500126979e-01 1.487058379566128831e-02 -7.613911048354210509e-01
3.306000000000000000e+03 1.371218139930654800e+01 4.437156647270353305e-01 1.485902726934381669e-02 -7.583558517806401333e-01
3.307000000000000000e+03 1.368609806913748805e+01 4.422359718329580969e-01 1.484748443873404322e-02 -7.553090867787000118e-01
3.308000000000000000e+03 1.365988589300600786e+01 4.407646699083075381e-01 1.483595522806220417e-02 -7.522417908331490155e-01
3.309000000000000000e+03 1.363354727683682022e+01 4.393020336886407917e-01 1.482443954961376424e-02 -7.491523650455186312e-01
3.310000000000000000e+03 1.360715891922169973e+01 4.378476025113453574e-01 1.481293730417374693e-02 -7.460540595768008210e-01
3.311000000000000000e+03 1.358072323919900981e+01 4.364031517289325146e-01 1.480144838156290457e-02 -7.429452608608551056e-01
3.312000000000000000e+03 1.355424265372223402e+01 4.349667500983274704e-01 1.478997266130166986e-02 -7.398094922213569458e-01
3.313000000000000000e+03 1.352757100386615363e+01 4.335401881969776494e-01 1.477851001333981701e-02 -7.366674129427285278e-01
3.314000000000000000e+03 1.350093353187095246e+01 4.321230358048705478e-01 1.476706029886114616e-02 -7.335099637385151805e-01
3.315000000000000000e+03 1.347418403803514586e+01 4.307156133031828094e-01 1.475562337119127286e-02 -7.303429374746913672e-01
3.316000000000000000e+03 1.344732485662465216e+01 4.293182488941806318e-01 1.474419907677798278e-02 -7.271646947411734008e-01
3.317000000000000000e+03 1.342043256332126333e+01 4.279297929825396363e-01 1.473278725618683282e-02 -7.239661644739752155e-01
3.318000000000000000e+03 1.339343511531573583e+01 4.265513323981657279e-01 1.472138774523074935e-02 -7.207605579777786042e-01
3.319000000000000000e+03 1.336640897566091368e+01 4.251832191003849792e-01 1.471000037599759155e-02 -7.175462277948886358e-01
3.320000000000000000e+03 1.333920768593987738e+01 4.238243273835224922e-01 1.469862497805622323e-02 -7.143215250242460623e-01
3.321000000000000000e+03 1.331205612440020403e+01 4.224757680891671474e-01 1.468726137964440799e-02 -7.110773715870983835e-01
3.322000000000000000e+03 1.328473337757065487e+01 4.211371744648035320e-01 1.467590940877133536e-02 -7.078344025912826076e-01
3.323000000000000000e+03 1.325738984905840390e+01 4.198081878640698705e-01 1.466456889443333751e-02 -7.045761117882921587e-01
3.324000000000000000e+03 1.322995298201879599e+01 4.184899434436676890e-01 1.465323966774434439e-02 -7.013082789805623607e-01
3.325000000000000000e+03 1.320242438396659956e+01 4.171820988466863334e-01 1.464192156310940678e-02 -6.980366855711479523e-01
3.326000000000000000e+03 1.317487981797727770e+01 4.158843198928274254e-01 1.463061441927496729e-02 -6.947596868087072552e-01
3.327000000000000000e+03 1.314724634386569058e+01 4.145970234301999402e-01 1.461931808042806445e-02 -6.914756407272261152e-01
3.328000000000000000e+03 1.311959944444672210e+01 4.133206345138486504e-01 1.460803239719384375e-02 -6.881829087292297142e-01
3.329000000000000000e+03 1.309186588441446375e+01 4.120555864160496684e-01 1.459675722759302269e-02 -6.848872845124733821e-01
3.330000000000000000e+03 1.306404655444599427e+01 4.108008349633925915e-01 1.458549243789487512e-02 -6.815945662890288137e-01
3.331000000000000000e+03 1.303621646556581481e+01 4.095568298807923946e-01 1.457423790344871545e-02 -6.782882722962402244e-01
3.332000000000000000e+03 1.300837617732766915e+01 4.083232862872208657e-01 1.456299350941139825e-02 -6.749890681526170555e-01
3.333000000000000000e+03 1.298037751036783938e+01 4.071014131985249418e-01 1.455175915135079046e-02 -6.716879122510460709e-01
3.334000000000000000e+03 1.295244352788546927e+01 4.058894565119087749e-01 1.454053473581141953e-02 -6.683831980470902323e-01
3.335000000000000000e+03 1.292442569851779766e+01 4.046893845127637057e-01 1.452932018078007155e-02 -6.650733262368544452e-01
3.336000000000000000e+03 1.289632387971598604e+01 4.034994595130802497e-01 1.451811541599572208e-02 -6.617715619765835999e-01
3.337000000000000000e+03 1.286821203407232339e+01 4.023209233523071804e-01 1.450692038322952404e-02 -6.584674079712309336e-01
3.338000000000000000e+03 1.284008966311937883e+01 4.011527975349346575e-01 1.449573503639558884e-02 -6.551659752312134488e-01
3.339000000000000000e+03 1.281188180910405094e+01 3.999955973854376623e-01 1.448455934159849877e-02 -6.518671841826808588e-01
3.340000000000000000e+03 1.278358762472261567e+01 3.988498463551798379e-01 1.447339327706805706e-02 -6.485731934991995074e-01
3.341000000000000000e+03 1.275535466028678577e+01 3.977153331614710630e-01 1.446223683301388341e-02 -6.452832007281901205e-01
3.342000000000000000e+03 1.272703316727565515e+01 3.965911117588656887e-01 1.445109001133941876e-02 -6.419986425983794653e-01
3.343000000000000000e+03 1.269869608828478214e+01 3.954777298127318264e-01 1.443995282528117222e-02 -6.387209669671428669e-01
3.344000000000000000e+03 1.267034192926682934e+01 3.943764858299476650e-01 1.442882529894216892e-02 -6.354501475934862809e-01
3.345000000000000000e+03 1.264189476654789956e+01 3.932849721116560837e-01 1.441770746680992935e-02 -6.321876559116987870e-01
3.346000000000000000e+03 1.261342710505835463e+01 3.922052458988589674e-01 1.440659937306652816e-02 -6.289334901153165180e-01
3.347000000000000000e+03 1.258501131969192421e+01 3.911364009796597929e-01 1.439550107092281428e-02 -6.256891469122952687e-01
3.348000000000000000e+03 1.255649681373335547e+01 3.900782818192030099e-01 1.438441262189952934e-02 -6.224546505907978533e-01
3.349000000000000000e+03 1.252803001280659245e+01 3.890307406769118459e-01 1.437333409491534097e-02 -6.192315247562857339e-01
3.350000000000000000e+03 1.249946010670225327e+01 3.879943803910000932e-01 1.436226556547486218e-02 -6.160205642148048888e-01
3.351000000000000000e+03 1.247085876372843849e+01 3.869683409244402128e-01 1.435120711474414425e-02 -6.128217825670320140e-01
3.352000000000000000e+03 1.244229644958951120e+01 3.859540587968079972e-01 1.434015882857462600e-02 -6.096357398923406556e-01
3.353000000000000000e+03 1.241369471202530406e+01 3.849492790333616798e-01 1.432912079657156987e-02 -6.064629586348256884e-01
3.354000000000000000e+03 1.238504932234322276e+01 3.839562111854082360e-01 1.431809311102674037e-02 -6.033039767447200274e-01
3.355000000000000000e+03 1.235635600258400046e+01 3.829733580815685712e-01 1.430707586596856491e-02 -6.001593480264099112e-01
3.356000000000000000e+03 1.232761043609659701e+01 3.820014584420431403e-01 1.429606915616026160e-02 -5.970296424790314527e-01
3.357000000000000000e+03 1.229888256143876113e+01 3.810405154700999275e-01 1.428507307606999635e-02 -5.939147037948004915e-01
3.358000000000000000e+03 1.227009373200966813e+01 3.800905396161029515e-01 1.427408771895818419e-02 -5.908158781904625512e-01
3.359000000000000000e+03 1.224131385986406073e+01 3.791508056691477724e-01 1.426311317585699304e-02 -5.877330433865994852e-01
3.360000000000000000e+03 1.221246429109649156e+01 3.782228240212454629e-01 1.425214953472428610e-02 -5.846668374256521750e-01
3.361000000000000000e+03 1.218361494876623929e+01 3.773051407438803295e-01 1.424119687955641665e-02 -5.816179161430273803e-01
3.362000000000000000e+03 1.215468720725832519e+01 3.763977945174674655e-01 1.423025528958354533e-02 -5.785876963022019703e-01
3.363000000000000000e+03 1.212582531756498661e+01 3.755023165483025172e-01 1.421932483850115933e-02 -5.755753845480994224e-01
3.364000000000000000e+03 1.209687642988246914e+01 3.746172734729990017e-01 1.420840559378344983e-02 -5.725831775396673651e-01
3.365000000000000000e+03 1.206791058454229848e+01 3.737434671159212685e-01 1.419749761607842949e-02 -5.696095767159845558e-01
3.366000000000000000e+03 1.203892358367646409e+01 3.728802202240654173e-01 1.418660095863101371e-02 -5.666560740865264068e-01
3.367000000000000000e+03 1.200991127962469562e+01 3.720276048798485391e-01 1.417571566683608307e-02 -5.637234383251479297e-01
3.368000000000000000e+03 1.198086957904495087e+01 3.711856995716031893e-01 1.416484177784061750e-02 -5.608102293629042556e-01
3.369000000000000000e+03 1.195179444621415321e+01 3.703538462618338745e-01 1.415397932027514898e-02 -5.579179984899996780e-01
3.370000000000000000e+03 1.192275618901257417e+01 3.695336216285478037e-01 1.414312831399449320e-02 -5.550475744310711113e-01
3.371000000000000000e+03 1.189360232657690020e+01 3.687228942841043744e-01 1.413228876996962952e-02 -5.521983207544336469e-01
3.372000000000000000e+03 1.186447757466923569e+01 3.679232530224755271e-01 1.412146069024668334e-02 -5.493703646147140018e-01
3.373000000000000000e+03 1.183537814471624650e+01 3.671333211990261969e-01 1.411064406798706247e-02 -5.465645969840096097e-01
3.374000000000000000e+03 1.180622602659134479e+01 3.663539564687129380e-01 1.409983888759537389e-02 -5.437819300410452472e-01
3.375000000000000000e+03 1.177701755415338525e+01 3.655845365020760629e-01 1.408904512493181979e-02 -5.410218117183955844e-01
3.376000000000000000e+03 1.174782340307108441e+01 3.648251873795507194e-01 1.407826274760302920e-02 -5.382844544177015633e-01
3.377000000000000000e+03 1.171864002097486690e+01 3.640760406438499630e-01 1.406749171535708054e-02 -5.355708352122060534e-01
3.378000000000000000e+03 1.168946390749722042e+01 3.633364903506869359e-01 1.405673198044664514e-02 -5.328812103716258353e-01
3.379000000000000000e+03 1.166021732674218647e+01 3.626066786227193361e-01 1.404598348821446338e-02 -5.302151155491835466e-01
3.380000000000000000e+03 1.163104543676023894e+01 3.618860098618668641e-01 1.403524617762890239e-02 -5.275735944653816567e-01
3.381000000000000000e+03 1.160179630005066365e+01 3.611753791351628995e-01 1.402451998189389003e-02 -5.249569705730795510e-01
3.382000000000000000e+03 1.157261514622278753e+01 3.604742007138966309e-01 1.401380482911555175e-02 -5.223648472190262071e-01
3.383000000000000000e+03 1.154335009830711911e+01 3.597818936214693952e-01 1.400310064301343686e-02 -5.197975934661333008e-01
3.384000000000000000e+03 1.151414643486802447e+01 3.590986243448126003e-01 1.399240734369032631e-02 -5.172563442364105368e-01
3.385000000000000000e+03 1.148500088291485888e+01 3.584245638745156559e-01 1.398172484835777038e-02 -5.147400291041221987e-01
3.386000000000000000e+03 1.145576161173578456e+01 3.577591447436325733e-01 1.397105307216160372e-02 -5.122498294292313625e-01
3.387000000000000000e+03 1.142657392772672331e+01 3.571018037354222185e-01 1.396039192895779518e-02 -5.097854642953091320e-01
3.388000000000000000e+03 1.139743456724425386e+01 3.564534674249811852e-01 1.394974133212915912e-02 -5.073466762821052800e-01
3.389000000000000000e+03 1.136834025760282429e+01 3.558135807097040360e-01 1.393910119538954544e-02 -5.049354600624875733e-01
3.390000000000000000e+03 1.133921342775942698e+01 3.551815923489505256e-01 1.392847143355792003e-02 -5.025501198030093430e-01
3.391000000000000000e+03 1.131012505326873274e+01 3.545576976677889403e-01 1.391785196333775176e-02 -5.001926975838290046e-01
3.392000000000000000e+03 1.128114608405063812e+01 3.539413527548522231e-01 1.390724270406611986e-02 -4.978622879417417546e-01
3.393000000000000000e+03 1.125212458903933843e+01 3.533335028346126228e-01 1.389664357840433503e-02 -4.955587520919925715e-01
3.394000000000000000e+03 1.122320573629656693e+01 3.527321251237124922e-01 1.388605451304093449e-02 -4.932834607983464514e-01
3.395000000000000000e+03 1.119431180457945807e+01 3.521389142121310045e-01 1.387547543930647831e-02 -4.910348373861910809e-01
3.396000000000000000e+03 1.116551359747303707e+01 3.515525964133502934e-01 1.386490629375724225e-02 -4.888143004339980946e-01
3.397000000000000000e+03 1.113665902307109867e+01 3.509733866394652013e-01 1.385434701870262054e-02 -4.866218067626322807e-01
3.398000000000000000e+03 1.110796735979661776e+01 3.504007597606889068e-01 1.384379756267417258e-02 -4.844573370928084155e-01
3.399000000000000000e+03 1.107928641981050966e+01 3.498349361396802526e-01 1.383325788082502561e-02 -4.823201531855014768e-01
3.400000000000000000e+03 1.105061253261696663e+01 3.492753958255514490e-01 1.382272793525361754e-02 -4.802110263105740517e-01
3.401000000000000000e+03 1.102201605200191104e+01 3.487216438547769415e-01 1.381220769531777033e-02 -4.781307790952969983e-01
3.402000000000000000e+03 1.099349216151499853e+01 3.481747635911863759e-01 1.380169713779669412e-02 -4.760781396597338344e-01
3.403000000000000000e+03 1.096511007052121300e+01 3.476328917733689794e-01 1.379119624707891498e-02 -4.740541158546605072e-01
3.404000000000000000e+03 1.093671609127702560e+01 3.470978812917153711e-01 1.378070501512046464e-02 -4.720582534361915106e-01
3.405000000000000000e+03 1.090837934237237228e+01 3.465678727018809968e-01 1.377022344158941765e-02 -4.700916073115779525e-01
3.406000000000000000e+03 1.088009461778292319e+01 3.460439796041530625e-01 1.375975153365634196e-02 -4.681537700933891544e-01
3.407000000000000000e+03 1.085193095754729065e+01 3.455258314974603007e-01 1.374928930592038238e-02 -4.662458433233152011e-01
3.408000000000000000e+03 1.082380880151060332e+01 3.450130593139381086e-01 1.373883678017487342e-02 -4.643667231700174813e-01
3.409000000000000000e+03 1.079579712812692449e+01 3.445060381187425302e-01 1.372839398517284627e-02 -4.625168144670085968e-01
3.410000000000000000e+03 1.076781632574206427e+01 3.440036584702229616e-01 1.371796095624955129e-02 -4.606972877304113534e-01
3.411000000000000000e+03 1.073993533234984632e+01 3.435070404606434535e-01 1.370753773497727056e-02 -4.589071076619649636e-01
3.412000000000000000e+03 1.071207450773178138e+01 3.430150765721364237e-01 1.369712436874039388e-02 -4.571474899929514057e-01
3.413000000000000000e+03 1.068430277396572947e+01 3.425288885535333616e-01 1.368672091022652554e-02 -4.554174442988987992e-01
3.414000000000000000e+03 1.065661477170947613e+01 3.420466274424114328e-01 1.367632741691292980e-02 -4.537182308258631558e-01
3.415000000000000000e+03 1.062900515072739616e+01 3.415694161130931050e-01 1.366594395056052597e-02 -4.520489032883351910e-01
3.416000000000000000e+03 1.060139429358383900e+01 3.410968921350709948e-01 1.365557057657677820e-02 -4.504100228443776999e-01
3.417000000000000000e+03 1.057392545695856079e+01 3.406286933122439353e-01 1.364520736345380993e-02 -4.488006865481717345e-01
3.418000000000000000e+03 1.054651907798408139e+01 3.401652003879411801e-01 1.363485438212095301e-02 -4.472222413105648720e-01
3.419000000000000000e+03 1.051924419909456354e+01 3.397060512456121506e-01 1.362451170534370939e-02 -4.456730838325850264e-01
3.420000000000000000e+03 1.049194705777166803e+01 3.392508836154546348e-01 1.361417940707647899e-02 -4.441546030579952009e-01
3.421000000000000000e+03 1.046477107818184926e+01 3.387993349468905735e-01 1.360385756180655832e-02 -4.426659800942803757e-01
3.422000000000000000e+03 1.043771117708363860e+01 3.383525279518964646e-01 1.359354624400420028e-02 -4.412071593133929381e-01
3.423000000000000000e+03 1.041068805399859620e+01 3.379093563042526727e-01 1.358324552742015343e-02 -4.397781052717600891e-01
3.424000000000000000e+03 1.038377104808008156e+01 3.374694558548269052e-01 1.357295548456029753e-02 -4.383788024604911016e-01
3.425000000000000000e+03 1.035688101010754636e+01 3.370332045078296979e-01 1.356267618610433427e-02 -4.370092550506268769e-01
3.426000000000000000e+03 1.033016172560016344e+01 3.366002364280654691e-01 1.355240770034460591e-02 -4.356687437989472667e-01
3.427000000000000000e+03 1.030345993545601146e+01 3.361701847542339361e-01 1.354215009273495446e-02 -4.343573114546430691e-01
3.428000000000000000e+03 1.027684532514487081e+01 3.357434243134297391e-01 1.353190342536953437e-02 -4.330757624918322168e-01
3.429000000000000000e+03 1.025031339486008441e+01 3.353195858315907718e-01 1.352166775659473415e-02 -4.318226914982971065e-01
3.430000000000000000e+03 1.022385974664363850e+01 3.348990414852263120e-01 1.351144314063941997e-02 -4.305981970757125632e-01
3.431000000000000000e+03 1.019748008744748979e+01 3.344806762792275068e-01 1.350122962724593055e-02 -4.294016530563746215e-01
3.432000000000000000e+03 1.017117023161940104e+01 3.340648592709938858e-01 1.349102726142880140e-02 -4.282331938916333902e-01
3.433000000000000000e+03 1.014500038630542100e+01 3.336512149506447034e-01 1.348083608324159022e-02 -4.270929715321449827e-01
3.434000000000000000e+03 1.011889230225325598e+01 3.332401087976274434e-01 1.347065612759017206e-02 -4.259796694699709008e-01
3.435000000000000000e+03 1.009284212504328337e+01 3.328311614984666433e-01 1.346048742414260833e-02 -4.248934737877989587e-01
3.436000000000000000e+03 1.006692039523241178e+01 3.324239916709881282e-01 1.345032999720357537e-02 -4.238338443601046834e-01
3.437000000000000000e+03 1.004104919742413493e+01 3.320182157547347246e-01 1.344018386576942975e-02 -4.228010002263792866e-01
3.438000000000000000e+03 1.001529929330840751e+01 3.316141907379031584e-01 1.343004904351047593e-02 -4.217944336214224377e-01
3.439000000000000000e+03 9.989667269659673110e+00 3.312115283804780708e-01 1.341992553892190632e-02 -4.208136525077783574e-01
3.440000000000000000e+03 9.964075536347332118e+00 3.308105807790319708e-01 1.340981335539021338e-02 -4.198581802700894205e-01
3.441000000000000000e+03 9.938595174390428610e+00 3.304102117577285558e-01 1.339971249142918666e-02 -4.189282982415670764e-01
3.442000000000000000e+03 9.913223082572287126e+00 3.300107681060577836e-01 1.338962294088777427e-02 -4.180235597223008748e-01
3.443000000000000000e+03 9.887956257680086125e+00 3.296118509729044077e-01 1.337954469320043298e-02 -4.171427896645253375e-01
3.444000000000000000e+03 9.862791790900832467e+00 3.292138014372293364e-01 1.336947773373075785e-02 -4.162855700246788637e-01
3.445000000000000000e+03 9.837652580420556347e+00 3.288162147403103086e-01 1.335942204405978287e-02 -4.154514966072688775e-01
3.446000000000000000e+03 9.812684461290579918e+00 3.284194258596345728e-01 1.334937760235231294e-02 -4.146409215752903665e-01
3.447000000000000000e+03 9.787810500073257813e+00 3.280222809092515068e-01 1.333934438379742564e-02 -4.138519817822434721e-01
3.448000000000000000e+03 9.763102407872294108e+00 3.276251083870977410e-01 1.332932236093192432e-02 -4.130857982857664701e-01
3.449000000000000000e+03 9.738409118246368124e+00 3.272282334137222026e-01 1.331931150412389575e-02 -4.123405333325600997e-01
3.450000000000000000e+03 9.713876767114077992e+00 3.268312348078682428e-01 1.330931178195855075e-02 -4.116158470297572314e-01
3.451000000000000000e+03 9.689428712610697048e+00 3.264336981547946714e-01 1.329932316168370120e-02 -4.109114783338996268e-01
3.452000000000000000e+03 9.665062691484951785e+00 3.260352466833310592e-01 1.328934560965755116e-02 -4.102274457090004378e-01
3.453000000000000000e+03 9.640850787752199835e+00 3.256362530539142486e-01 1.327937909172983988e-02 -4.095638457724397608e-01
3.454000000000000000e+03 9.616790852451032379e+00 3.252370861202990571e-01 1.326942357371250179e-02 -4.089193002700430846e-01
3.455000000000000000e+03 9.592806499583762303e+00 3.248366251792113579e-01 1.325947902173666045e-02 -4.082954127286070878e-01
3.456000000000000000e+03 9.568895669308027152e+00 3.244352312319758735e-01 1.324954540267911547e-02 -4.076908254144972488e-01
3.457000000000000000e+03 9.545130624407422104e+00 3.240332612380012467e-01 1.323962268448730314e-02 -4.071064188137539230e-01
3.458000000000000000e+03 9.521509380076398799e+00 3.236295823701986762e-01 1.322971083653025348e-02 -4.065408542531716574e-01
3.459000000000000000e+03 9.497955701059130007e+00 3.232252861175495262e-01 1.321980982992547807e-02 -4.059942877030691122e-01
3.460000000000000000e+03 9.474541949671525742e+00 3.228192312044738665e-01 1.320991963780154474e-02 -4.054668837313636365e-01
3.461000000000000000e+03 9.451266233205103617e+00 3.224117576974990240e-01 1.320004023553935854e-02 -4.049580722890939732e-01
3.462000000000000000e+03 9.428126685754609326e+00 3.220024584337908835e-01 1.319017160099890396e-02 -4.044687768330651467e-01
3.463000000000000000e+03 9.405047183466461291e+00 3.215916646269266765e-01 1.318031371469401657e-02 -4.039969569299313723e-01
3.464000000000000000e+03 9.382174477731767936e+00 3.211789601347375678e-01 1.317046655988928817e-02 -4.035435505477910634e-01
3.465000000000000000e+03 9.359358210286513824e+00 3.207646670693286572e-01 1.316063012272719775e-02 -4.031080166547703070e-01
3.466000000000000000e+03 9.336670897778047262e+00 3.203483600691803268e-01 1.315080439230655734e-02 -4.026898204953805460e-01
3.467000000000000000e+03 9.314110798227011045e+00 3.199303519136250662e-01 1.314098936064519475e-02 -4.022884331944786562e-01
3.468000000000000000e+03 9.291676195412676975e+00 3.195102077993290934e-01 1.313118502270544524e-02 -4.019048170295389522e-01
3.469000000000000000e+03 9.269365400148503298e+00 3.190874881241514416e-01 1.312139137631181812e-02 -4.015369680209207592e-01
3.470000000000000000e+03 9.247176751929272243e+00 3.186632341082437092e-01 1.311160842206817410e-02 -4.011858582113281835e-01
3.471000000000000000e+03 9.225108620923792913e+00 3.182355107372033531e-01 1.310183616324080320e-02 -4.008509782538099420e-01
3.472000000000000000e+03 9.203166838633714875e+00 3.178060922329280502e-01 1.309207460556723046e-02 -4.005318226793130876e-01
3.473000000000000000e+03 9.181342415434114557e+00 3.173737764962202834e-01 1.308232375710866729e-02 -4.002286323289762637e-01
3.474000000000000000e+03 9.159641256813001675e+00 3.169388420771340753e-01 1.307258362802221803e-02 -3.999401654463344835e-01
3.475000000000000000e+03 9.138054453016431822e+00 3.165015624674017980e-01 1.306285423031857199e-02 -3.996666686150716075e-01
3.476000000000000000e+03 9.116587995663287813e+00 3.160607203951668609e-01 1.305313557761242013e-02 -3.994083906875207646e-01
3.477000000000000000e+03 9.095247924382727334e+00 3.156165791321657310e-01 1.304342768486838923e-02 -3.991640967142355279e-01
3.478000000000000000e+03 9.074018045182617342e+00 3.151701396281739731e-01 1.303373056806583601e-02 -3.989332960501993375e-01
3.479000000000000000e+03 9.052911932356105140e+00 3.147209119776128161e-01 1.302404424396222220e-02 -3.987154991229352463e-01
3.480000000000000000e+03 9.031928361826569329e+00 3.142684010636633829e-01 1.301436872978365897e-02 -3.985109598728440727e-01
3.481000000000000000e+03 9.011058742890579509e+00 3.138128493697021071e-01 1.300470404288823698e-02 -3.983184468560187486e-01
3.482000000000000000e+03 8.990301978214404244e+00 3.133544941228957326e-01 1.299505020052992184e-02 -3.981374713602677251e-01
3.483000000000000000e+03 8.969671895339715206e+00 3.128935672752365948e-01 1.298540721952312280e-02 -3.979682870192328692e-01
3.484000000000000000e+03 8.949152679557053958e+00 3.124295526517940069e-01 1.297577511596466858e-02 -3.978096609251040028e-01
3.485000000000000000e+03 8.928758303462473123e+00 3.119619287712800948e-01 1.296615390500430176e-02 -3.976611017554063654e-01
3.486000000000000000e+03 8.908473102654490106e+00 3.114916545039730367e-01 1.295654360056812393e-02 -3.975228593987297776e-01
3.487000000000000000e+03 8.888303776394385736e+00 3.110174548867253863e-01 1.294694421510548393e-02 -3.973936960800141249e-01
3.488000000000000000e+03 8.868249676094658085e+00 3.105410209604417271e-01 1.293735575944979059e-02 -3.972738573355242830e-01
3.489000000000000000e+03 8.848302806861592984e+00 3.100603242495302836e-01 1.292777824255239051e-02 -3.971628431476871834e-01
3.490000000000000000e+03 8.828470113719673051e+00 3.095770451089082109e-01 1.291821167138776719e-02 -3.970601504248992830e-01
3.491000000000000000e+03 8.808743768996663448e+00 3.090898872078525761e-01 1.290865605077211146e-02 -3.969645298167868153e-01
3.492000000000000000e+03 8.789130886108969420e+00 3.085997773763138330e-01 1.289911138331647361e-02 -3.968769567097388262e-01
3.493000000000000000e+03 8.769631234483439286e+00 3.081054085981815849e-01 1.288957766930981866e-02 -3.967954310428157272e-01
3.494000000000000000e+03 8.750229810763157090e+00 3.076084398619340909e-01 1.288005490669606908e-02 -3.967194339845525053e-01
3.495000000000000000e+03 8.730948836397573132e+00 3.071075534880220448e-01 1.287054309110168340e-02 -3.966499276052080081e-01
3.496000000000000000e+03 8.711766044515009355e+00 3.066036549838278003e-01 1.286104221577748230e-02 -3.965848975446551461e-01
3.497000000000000000e+03 8.692696390095482784e+00 3.060961588802342259e-01 1.285155227173493189e-02 -3.965238097061784539e-01
3.498000000000000000e+03 8.673732621097180129e+00 3.055852172505357234e-01 1.284207324780476701e-02 -3.964676099459798486e-01
3.499000000000000000e+03 8.654874989411123209e+00 3.050709768913076880e-01 1.283260513068504652e-02 -3.964142667580141666e-01
3.500000000000000000e+03 8.636116391361076339e+00 3.045528365050917952e-01 1.282314790518587592e-02 -3.963639708200033529e-01
3.501000000000000000e+03 8.617464821179924073e+00 3.040309250852601952e-01 1.281370155428354814e-02 -3.963162073589150403e-01
3.502000000000000000e+03 8.598914168841288230e+00 3.035060800224025912e-01 1.280426605940389317e-02 -3.962713735310559593e-01
3.503000000000000000e+03 8.580465986756385277e+00 3.029768977031625510e-01 1.279484140053161779e-02 -3.962276748008417560e-01
3.504000000000000000e+03 8.562121885944058874e+00 3.024441978508911610e-01 1.278542755649511760e-02 -3.961862805090755058e-01
3.505000000000000000e+03 8.543876103558780244e+00 3.019080522129361510e-01 1.277602450515335011e-02 -3.961453809203009380e-01
3.506000000000000000e+03 8.525737783664228076e+00 3.013677845897837493e-01 1.276663222365341868e-02 -3.961068724705686939e-01
3.507000000000000000e+03 8.507701259440658248e+00 3.008234565360278223e-01 1.275725068870942752e-02 -3.960681863196008345e-01
3.508000000000000000e+03 8.489768333772021336e+00 3.002758673931114619e-01 1.274787987681709825e-02 -3.960304592781556665e-01
3.509000000000000000e+03 8.471940846402816305e+00 2.997243258186994552e-01 1.273851976450070256e-02 -3.959925908745975942e-01
3.510000000000000000e+03 8.454213241109231447e+00 2.991688783278577679e-01 1.272917032858617015e-02 -3.959549572810743268e-01
3.511000000000000000e+03 8.436594846328471675e+00 2.986095664958468010e-01 1.271983154643258583e-02 -3.959164397288721937e-01
3.512000000000000000e+03 8.419080157435859135e+00 2.980471698325855567e-01 1.271050339616943380e-02 -3.958773956081170220e-01
3.513000000000000000e+03 8.401671117614439410e+00 2.974802344836301460e-01 1.270118585689108265e-02 -3.958366868911432079e-01
3.514000000000000000e+03 8.384362257153266995e+00 2.969102731179609767e-01 1.269187890888151884e-02 -3.957953940751875455e-01
3.515000000000000000e+03 8.367148118014352320e+00 2.963358222919836860e-01 1.268258253378879395e-02 -3.957523589433944999e-01
3.516000000000000000e+03 8.350045535352171200e+00 2.957576423404231214e-01 1.267329671477661693e-02 -3.957078985149774519e-01
3.517000000000000000e+03 8.333041635815682469e+00 2.951750032484054542e-01 1.266402143665806140e-02 -3.956615763186408508e-01
3.518000000000000000e+03 8.316138404716401311e+00 2.945886560402466992e-01 1.265475668599350643e-02 -3.956122021747515705e-01
3.519000000000000000e+03 8.299330398383176544e+00 2.939986043244459668e-01 1.264550245121343758e-02 -3.955615461560674229e-01
3.520000000000000000e+03 8.282627026977937845e+00 2.934041043452943476e-01 1.263625872258338119e-02 -3.955069100265887760e-01
3.521000000000000000e+03 8.266022839237065156e+00 2.928058935407578667e-01 1.262702549231727207e-02 -3.954500410545122024e-01
3.522000000000000000e+03 8.249512377704068200e+00 2.922032192567314279e-01 1.261780275448002968e-02 -3.953897034581122516e-01
3.523000000000000000e+03 8.233105034360823637e+00 2.915975529777279363e-01 1.260859050496406647e-02 -3.953253923804536107e-01
3.524000000000000000e+03 8.216787908209555624e+00 2.909873905385483850e-01 1.259938874145989304e-02 -3.952580765278067010e-01
3.525000000000000000e+03 8.200562946758678251e+00 2.903734520277098663e-01 1.259019746326737500e-02 -3.951857409664614185e-01
3.526000000000000000e+03 8.184439517803696162e+00 2.897557105067157246e-01 1.258101667119796048e-02 -3.951093296136607425e-01
3.527000000000000000e+03 8.168404696543650090e+00 2.891341349057369170e-01 1.257184636739861437e-02 -3.950282880422937293e-01
3.528000000000000000e+03 8.152460408221390509e+00 2.885086900854686998e-01 1.256268655512756890e-02 -3.949420489696596204e-01
3.529000000000000000e+03 8.136608572665519290e+00 2.878793369001205749e-01 1.255353723856193933e-02 -3.948515177506860541e-01
3.530000000000000000e+03 8.120843677512517900e+00 2.872460322615739137e-01 1.254439842255026388e-02 -3.947553580302634035e-01
3.531000000000000000e+03 8.105160208432344859e+00 2.866094720397288631e-01 1.253527011229729239e-02 -3.946537057505708490e-01
3.532000000000000000e+03 8.089567507977360350e+00 2.859688626237523179e-01 1.252615231313803160e-02 -3.945466833180131250e-01
3.533000000000000000e+03 8.074052636217608381e+00 2.853241494946522350e-01 1.251704503018438545e-02 -3.944329137753118109e-01
3.534000000000000000e+03 8.058624943431189180e+00 2.846767601287569227e-01 1.250794826805125791e-02 -3.943139776590602885e-01
3.535000000000000000e+03 8.043278931104076435e+00 2.840251470571132919e-01 1.249886203050677713e-02 -3.941877273376049873e-01
3.536000000000000000e+03 8.028009111502594664e+00 2.833707306161943329e-01 1.248978632015116004e-02 -3.940557152200687696e-01
3.537000000000000000e+03 8.012817438972998474e+00 2.827134420091828027e-01 1.248072113814276823e-02 -3.939165081061585805e-01
3.538000000000000000e+03 7.997698456223464980e+00 2.820524662134740179e-01 1.247166648383093296e-02 -3.937708869025901004e-01
3.539000000000000000e+03 7.982661582344737994e+00 2.813892133941280349e-01 1.246262235443935940e-02 -3.936173894909297810e-01
3.540000000000000000e+03 7.967693973971141652e+00 2.807221191328950760e-01 1.245358874481282754e-02 -3.934567676224995370e-01
3.541000000000000000e+03 7.952797669840422579e+00 2.800533300186103802e-01 1.244456564707678743e-02 -3.932882726351795144e-01
3.542000000000000000e+03 7.937967308404098254e+00 2.793812753728197595e-01 1.243555305045627307e-02 -3.931118838578167018e-01
3.543000000000000000e+03 7.923204986997568255e+00 2.787066100068402719e-01 1.242655094094781247e-02 -3.929283085169601453e-01
3.544000000000000000e+03 7.908512835726654089e+00 2.780292429591326719e-01 1.241755930119788597e-02 -3.927360103116024903e-01
3.545000000000000000e+03 7.893885591081732933e+00 2.773490804087423434e-01 1.240857811023681791e-02 -3.925349235107951640e-01
3.546000000000000000e+03 7.879318025943371495e+00 2.766667685892905681e-01 1.239960734342201824e-02 -3.923257100495413097e-01
3.547000000000000000e+03 7.864812379244661145e+00 2.759814653637536752e-01 1.239064697224957420e-02 -3.921082737979043054e-01
3.548000000000000000e+03 7.850363500210009171e+00 2.752945544800068367e-01 1.238169696430851605e-02 -3.918817605086123423e-01
3.549000000000000000e+03 7.835973705594680538e+00 2.746051886417653631e-01 1.237275728326481770e-02 -3.916460434433046700e-01
3.550000000000000000e+03 7.821645351452208850e+00 2.739140037654603788e-01 1.236382788884397670e-02 -3.914017233374339488e-01
3.551000000000000000e+03 7.807366135162196130e+00 2.732208758262965609e-01 1.235490873688008077e-02 -3.911471487346130926e-01
3.552000000000000000e+03 7.793146713559758965e+00 2.725263624175925381e-01 1.234599977943427393e-02 -3.908843337517970973e-01
3.553000000000000000e+03 7.778975654442454868e+00 2.718295185227202482e-01 1.233710096490528429e-02 -3.906108117824508841e-01
3.554000000000000000e+03 7.764863845917874485e+00 2.711308826703278663e-01 1.232821223819544933e-02 -3.903278149806792552e-01
3.555000000000000000e+03 7.750799924136066998e+00 2.704302485136226286e-01 1.231933354096836561e-02 -3.900350744245889567e-01
3.556000000000000000e+03 7.736794840768382642e+00 2.697281505852962558e-01 1.231046481186414202e-02 -3.897323058033141385e-01
3.557000000000000000e+03 7.722837289838254904e+00 2.690243787126939679e-01 1.230160598681152677e-02 -3.894184666074940737e-01
3.558000000000000000e+03 7.708930845977048030e+00 2.683187209384385041e-01 1.229275699937895650e-02 -3.890954703382320523e-01
3.559000000000000000e+03 7.695079103821520938e+00 2.676117064414513247e-01 1.228391778109151448e-02 -3.887607581987471694e-01
3.560000000000000000e+03 7.681270817031585096e+00 2.669031199530990106e-01 1.227508826188311586e-02 -3.884162131645630400e-01
3.561000000000000000e+03 7.667524463761032472e+00 2.661927446788110441e-01 1.226626837045543053e-02 -3.880599888558711741e-01
3.562000000000000000e+03 7.653821386560633933e+00 2.654811052198093879e-01 1.225745803476788708e-02 -3.876931951178181901e-01
3.563000000000000000e+03 7.640165213960489865e+00 2.647679819900227161e-01 1.224865718249666842e-02 -3.873154410826359917e-01
3.564000000000000000e+03 7.626566998317279023e+00 2.640531541382896696e-01 1.223986574144599222e-02 -3.869255780837967396e-01
3.565000000000000000e+03 7.613008068423854802e+00 2.633363996354867731e-01 1.223108364014384962e-02 -3.865254139170716252e-01
3.566000000000000000e+03 7.599506878883400596e+00 2.626182381969732194e-01 1.222231080823809289e-02 -3.861122845822531624e-01
3.567000000000000000e+03 7.586044720740304115e+00 2.618984456998702526e-01 1.221354717702419733e-02 -3.856887112366202963e-01
3.568000000000000000e+03 7.572632570729178170e+00 2.611775399404892561e-01 1.220479267993037319e-02 -3.852527434432730380e-01
3.569000000000000000e+03 7.559266515287078825e+00 2.604545522166241689e-01 1.219604725297140230e-02 -3.848046447952779836e-01
3.570000000000000000e+03 7.545950029787790392e+00 2.597307415899449134e-01 1.218731083520979523e-02 -3.843454073595518605e-01
3.571000000000000000e+03 7.532671687798944582e+00 2.590058807980181177e-01 1.217858336921514954e-02 -3.838737804551590194e-01
3.572000000000000000e+03 7.519449725668934548e+00 2.582804848464070324e-01 1.216986480146405730e-02 -3.833914706212488421e-01
3.573000000000000000e+03 7.506272610439530979e+00 2.575535825904344267e-01 1.216115508269889796e-02 -3.828964562283012074e-01
3.574000000000000000e+03 7.493136176592314790e+00 2.568264309968726344e-01 1.215245416830457864e-02 -3.823904159585405638e-01
3.575000000000000000e+03 7.480043621372026941e+00 2.560980582201266009e-01 1.214376201859444955e-02 -3.818720434240180928e-01
3.576000000000000000e+03 7.466998072134414244e+00 2.553689778633773666e-01 1.213507859905984566e-02 -3.813422471480331644e-01
3.577000000000000000e+03 7.453995154110660160e+00 2.546397033941174004e-01 1.212640388064882384e-02 -3.808011793639236031e-01
3.578000000000000000e+03 7.441037843678872221e+00 2.539092625594088215e-01 1.211773783987626918e-02 -3.802474933212143249e-01
3.579000000000000000e+03 7.428121608724779001e+00 2.531789116458235123e-01 1.210908045894047887e-02 -3.796828004390563893e-01
3.580000000000000000e+03 7.415241834574782587e+00 2.524476785535798018e-01 1.210043172583668940e-02 -3.791064706062247658e-01
3.581000000000000000e+03 7.402401250475401540e+00 2.517160770555301741e-01 1.209179163431863165e-02 -3.785186036679639709e-01
3.582000000000000000e+03 7.389602499939372571e+00 2.509838783753407521e-01 1.208316018385637361e-02 -3.779192867392399124e-01
3.583000000000000000e+03 7.376833283323421142e+00 2.502515969401956086e-01 1.207453737953770312e-02 -3.773085943543213472e-01
3.584000000000000000e+03 7.364110927799726092e+00 2.495190047928008414e-01 1.206592323188110903e-02 -3.766865886174861067e-01
3.585000000000000000e+03 7.351415532668300834e+00 2.487866173427251970e-01 1.205731775667400613e-02 -3.760533193548639130e-01
3.586000000000000000e+03 7.338756825566816744e+00 2.480542077770618858e-01 1.204872097462623276e-02 -3.754095671023072178e-01
3.587000000000000000e+03 7.326137022361602469e+00 2.473222928103599172e-01 1.204013291104973245e-02 -3.747546147540971595e-01
3.588000000000000000e+03 7.313543401009740208e+00 2.465899042585918410e-01 1.203155359553313881e-02 -3.740892190579326315e-01
3.589000000000000000e+03 7.300978017723587676e+00 2.458590461276721484e-01 1.202298306142896359e-02 -3.734133822654683854e-01
3.590000000000000000e+03 7.288442853558492196e+00 2.451272663405648089e-01 1.201442134544148527e-02 -3.727263522892761971e-01
3.591000000000000000e+03 7.275932389845069181e+00 2.443965708341253595e-01 1.200586848710397808e-02 -3.720295942007742496e-01
3.592000000000000000e+03 7.263448469130376672e+00 2.436667381195224691e-01 1.199732452818298711e-02 -3.713230762143169827e-01
3.593000000000000000e+03 7.250992871484793767e+00 2.429375478619158202e-01 1.198878951214768854e-02 -3.706052698475570950e-01
3.594000000000000000e+03 7.238552462830397438e+00 2.422087809541737247e-01 1.198026348350396050e-02 -3.698783499286062426e-01
3.595000000000000000e+03 7.226136342042311256e+00 2.414802195894918679e-01 1.197174648719284869e-02 -3.691415092444306767e-01
3.596000000000000000e+03 7.213731276465755293e+00 2.407531330030304173e-01 1.196323856796237782e-02 -3.683946728813962124e-01
3.597000000000000000e+03 7.201346277847360255e+00 2.400273062023899340e-01 1.195473976966718310e-02 -3.676384983926690442e-01
3.598000000000000000e+03 7.188982894916947863e+00 2.393025257070789669e-01 1.194625013463128729e-02 -3.668736331329354172e-01
3.599000000000000000e+03 7.176635219461003246e+00 2.385793224518727440e-01 1.193776970296867197e-02 -3.660999715955444711e-01
3.600000000000000000e+03 7.164297320775252054e+00 2.378567433488616989e-01 1.192929851199449852e-02 -3.653173984223490600e-01
3.601000000000000000e+03 7.151970703794306772e+00 2.371367994640664334e-01 1.192083659552129957e-02 -3.645272330848798870e-01
3.602000000000000000e+03 7.139656957845944341e+00 2.364177538681657698e-01 1.191238398331505126e-02 -3.637283923902678295e-01
3.603000000000000000e+03 7.127357691320825417e+00 2.357015767492287861e-01 1.190394070046048823e-02 -3.629212283405711115e-01
3.604000000000000000e+03 7.115067085191900453e+00 2.349865260244030363e-01 1.189550676687977857e-02 -3.621068266522324275e-01
3.605000000000000000e+03 7.102779326660389358e+00 2.342730900813130845e-01 1.188708219678756214e-02 -3.612832927727723797e-01
3.606000000000000000e+03 7.090503470809039754e+00 2.335617593328790098e-01 1.187866699825037599e-02 -3.604524375916385859e-01
3.607000000000000000e+03 7.078233731754027147e+00 2.328522834409539610e-01 1.187026117275875349e-02 -3.596130921249602319e-01
3.608000000000000000e+03 7.065964343447104667e+00 2.321444142086533935e-01 1.186186471494106963e-02 -3.587655647299490269e-01
3.609000000000000000e+03 7.053696991628234159e+00 2.314393913065430075e-01 1.185347761221623893e-02 -3.579101556437399578e-01
3.610000000000000000e+03 7.041440816884884768e+00 2.307354853172338405e-01 1.184509984460906801e-02 -3.570456715266437375e-01
3.611000000000000000e+03 7.029182703728952930e+00 2.300339404690729117e-01 1.183673138458425297e-02 -3.561738826905744282e-01
3.612000000000000000e+03 7.016924424210898792e+00 2.293345176781798889e-01 1.182837219694523635e-02 -3.552943234767239056e-01
3.613000000000000000e+03 7.004667782440960444e+00 2.286377231043487945e-01 1.182002223885027410e-02 -3.544065209885601808e-01
3.614000000000000000e+03 6.992414615147344747e+00 2.279425796955319716e-01 1.181168145985298998e-02 -3.535114809943715741e-01
3.615000000000000000e+03 6.980159363206692724e+00 2.272495985761494031e-01 1.180334980204080994e-02 -3.526079739897141074e-01
3.616000000000000000e+03 6.967911355889362390e+00 2.265592934239233081e-01 1.179502720025708308e-02 -3.516977352847202032e-01
3.617000000000000000e+03 6.955657667615911421e+00 2.258714376804316359e-01 1.178671358236491572e-02 -3.507787797357864723e-01
3.618000000000000000e+03 6.943400257534111830e+00 2.251858074303820234e-01 1.177840886960454525e-02 -3.498535731822728923e-01
3.619000000000000000e+03 6.931148538324932495e+00 2.245029242795807956e-01 1.177011297698298681e-02 -3.489201186819106959e-01
3.620000000000000000e+03 6.918897087658047340e+00 2.238218268914162479e-01 1.176182581381264060e-02 -3.479793851211496758e-01
3.621000000000000000e+03 6.906640500773766789e+00 2.231437852023049895e-01 1.175354728421488908e-02 -3.470315933038537470e-01
3.622000000000000000e+03 6.894388242473212358e+00 2.224678434504933355e-01 1.174527728774487495e-02 -3.460769590539647389e-01
3.623000000000000000e+03 6.882134928452808609e+00 2.217952772238632742e-01 1.173701572004365312e-02 -3.451149506514992193e-01
3.624000000000000000e+03 6.869882604581742491e+00 2.211243936511209096e-01 1.172876247352865227e-02 -3.441457747766569208e-01
3.625000000000000000e+03 6.857625883968809788e+00 2.204564741170134401e-01 1.172051743816104885e-02 -3.431703767865851296e-01
3.626000000000000000e+03 6.845374225376142263e+00 2.197913172859257691e-01 1.171228050221862806e-02 -3.421882124894874977e-01
3.627000000000000000e+03 6.833122212837113629e+00 2.191287248043890801e-01 1.170405155309224739e-02 -3.412002197658136060e-01
3.628000000000000000e+03 6.820879261795378845e+00 2.184692441672649310e-01 1.169583047810267978e-02 -3.402058475107366808e-01
3.629000000000000000e+03 6.808639898228750376e+00 2.178126830775026779e-01 1.168761716540199329e-02 -3.392060272580177949e-01
3.630000000000000000e+03 6.796406036081463320e+00 2.171595951448390405e-01 1.167941150474780150e-02 -3.382009449592590644e-01
3.631000000000000000e+03 6.784172112874611749e+00 2.165090514079734407e-01 1.167121338840418701e-02 -3.371907841034520459e-01
3.632000000000000000e+03 6.771947367071112112e+00 2.158616117007308710e-01 1.166302271193567219e-02 -3.361749831663104482e-01
3.633000000000000000e+03 6.759733545417031308e+00 2.152170961717072561e-01 1.165483937506039784e-02 -3.351544643987324767e-01
3.634000000000000000e+03 6.747524895486798791e+00 2.145760709778405384e-01 1.164666328240422134e-02 -3.341294056040745586e-01
3.635000000000000000e+03 6.735323015156117421e+00 2.139376198015109365e-01 1.163849434430478877e-02 -3.330999832537471783e-01
3.636000000000000000e+03 6.723136845674869022e+00 2.133030580466924730e-01 1.163033247745957205e-02 -3.320663727656661957e-01
3.637000000000000000e+03 6.710952951710375203e+00 2.126714758484004042e-01 1.162217760569793021e-02 -3.310287487800834816e-01
3.638000000000000000e+03 6.698780085332781020e+00 2.120427094313293015e-01 1.161402966049254228e-02 -3.299872854323592786e-01
3.639000000000000000e+03 6.686612038652251400e+00 2.114173411269900105e-01 1.160588858155398029e-02 -3.289421566223480475e-01
3.640000000000000000e+03 6.674464780524062668e+00 2.107952137196050790e-01 1.159775431730269632e-02 -3.278942791148071745e-01
3.641000000000000000e+03 6.662324453672030522e+00 2.101769161307752154e-01 1.158962682532924809e-02 -3.268430842957276150e-01
3.642000000000000000e+03 6.650191941037544296e+00 2.095615549279035705e-01 1.158150607264525102e-02 -3.257894897689792568e-01
3.643000000000000000e+03 6.638075434394334451e+00 2.089497256763498956e-01 1.157339203603439601e-02 -3.247336711031127421e-01
3.644000000000000000e+03 6.625975575368878268e+00 2.083412844453554902e-01 1.156528470212713107e-02 -3.236758049129594972e-01
3.645000000000000000e+03 6.613878025599145616e+00 2.077360906526123097e-01 1.155718406756729537e-02 -3.226160691008657100e-01
3.646000000000000000e+03 6.601798036158625926e+00 2.071347499077357268e-01 1.154909013893942564e-02 -3.215553859271920722e-01
3.647000000000000000e+03 6.589728449257276743e+00 2.065371283492505594e-01 1.154100293274459323e-02 -3.204924509000809940e-01
3.648000000000000000e+03 6.577676840986429241e+00 2.059423526505137769e-01 1.153292247513560374e-02 -3.194296756793155723e-01
3.649000000000000000e+03 6.565628381404077452e+00 2.053517813643278844e-01 1.152484880170391406e-02 -3.183650171088146519e-01
3.650000000000000000e+03 6.553597835660292859e+00 2.047638050810933197e-01 1.151678195709068472e-02 -3.173008914485574428e-01
3.651000000000000000e+03 6.541570045576073689e+00 2.041805345690264062e-01 1.150872199455702828e-02 -3.162359701133894974e-01
3.652000000000000000e+03 6.529559075395306778e+00 2.036003802936340035e-01 1.150066897545504174e-02 -3.151710227083480698e-01
3.653000000000000000e+03 6.517556503755894681e+00 2.030232443933722986e-01 1.149262296862017634e-02 -3.141060457261716787e-01
3.654000000000000000e+03 6.505561238017156356e+00 2.024505180548351324e-01 1.148458404968893606e-02 -3.130417816860394109e-01
3.655000000000000000e+03 6.493572092412615682e+00 2.018813673345155602e-01 1.147655230034892726e-02 -3.119774908101305977e-01
3.656000000000000000e+03 6.481595223546220197e+00 2.013157044944734186e-01 1.146852780755882803e-02 -3.109139225395851636e-01
3.657000000000000000e+03 6.469621853072874629e+00 2.007541879966538434e-01 1.146051066266464379e-02 -3.098510871999835548e-01
3.658000000000000000e+03 6.457650561004168566e+00 2.001959939907806130e-01 1.145250096052819085e-02 -3.087897418366146729e-01
3.659000000000000000e+03 6.445687294417424162e+00 1.996425304812508295e-01 1.144449879851360680e-02 -3.077291618696495479e-01
3.660000000000000000e+03 6.433723091496391433e+00 1.990922374722912391e-01 1.143650427558597429e-02 -3.066693697550424424e-01
3.661000000000000000e+03 6.421771232678444186e+00 1.985457868023076666e-01 1.142851749124844732e-02 -3.056111351357072570e-01
3.662000000000000000e+03 6.409807823472872812e+00 1.980038536265550098e-01 1.142053854459453704e-02 -3.045544893188767976e-01
3.663000000000000000e+03 6.397853516075071134e+00 1.974656307336717931e-01 1.141256753322745197e-02 -3.034994682547310640e-01
3.664000000000000000e+03 6.385891807331145031e+00 1.969310570359167067e-01 1.140460455231410292e-02 -3.024453698416482705e-01
3.665000000000000000e+03 6.373928475326895438e+00 1.964008175531949951e-01 1.139664969349943324e-02 -3.013937254037121205e-01
3.666000000000000000e+03 6.361961875656913179e+00 1.958741148905195073e-01 1.138870304405625866e-02 -3.003430999803300416e-01
3.667000000000000000e+03 6.349990379242007599e+00 1.953508977245766165e-01 1.138076468583256069e-02 -2.992950351389407349e-01
3.668000000000000000e+03 6.338019809858550957e+00 1.948326036188058330e-01 1.137283469441267847e-02 -2.982495920955866020e-01
3.669000000000000000e+03 6.326033739546045531e+00 1.943177019921111526e-01 1.136491313826072137e-02 -2.972053518441580278e-01
3.670000000000000000e+03 6.314045495416695353e+00 1.938068939416603131e-01 1.135700007791167615e-02 -2.961646151295296292e-01
3.671000000000000000e+03 6.302046169035063983e+00 1.933001408791031051e-01 1.134909556529255931e-02 -2.951259742245871398e-01
3.672000000000000000e+03 6.290041765401782392e+00 1.927974073407779931e-01 1.134119964303874697e-02 -2.940902557371226633e-01
3.673000000000000000e+03 6.278030924470118457e+00 1.922979181266114834e-01 1.133331234392855741e-02 -2.930568065610889561e-01
3.674000000000000000e+03 6.266012355337264417e+00 1.918031296129385499e-01 1.132543369041918990e-02 -2.920272081782544493e-01
3.675000000000000000e+03 6.253984841304529141e+00 1.913122727139267842e-01 1.131756369424199125e-02 -2.910000769397885767e-01
3.676000000000000000e+03 6.241947244108800419e+00 1.908253241920966348e-01 1.130970235609057156e-02 -2.899762640385368240e-01
3.677000000000000000e+03 6.229898507285442477e+00 1.903422637925323568e-01 1.130184966545570539e-02 -2.889566271317741131e-01
3.678000000000000000e+03 6.217845086980308800e+00 1.898623313760189890e-01 1.129400560051736432e-02 -2.879398019647768092e-01
3.679000000000000000e+03 6.205786096785336881e+00 1.893869982262161578e-01 1.128617012814234558e-02 -2.869274023452080269e-01
3.680000000000000000e+03 6.193720736684197092e+00 1.889155100054790704e-01 1.127834320401145327e-02 -2.859188204283937829e-01
3.681000000000000000e+03 6.181648292699502889e+00 1.884478580599405761e-01 1.127052477280811836e-02 -2.849134553534817260e-01
3.682000000000000000e+03 6.169568135593537228e+00 1.879840365483488596e-01 1.126271476860667489e-02 -2.839129418806348726e-01
3.683000000000000000e+03 6.157487146984104598e+00 1.875240424051296262e-01 1.125491311517560523e-02 -2.829166935137142902e-01
3.684000000000000000e+03 6.145397431142630928e+00 1.870678753022730068e-01 1.124711972659622056e-02 -2.819241311389263371e-01
3.685000000000000000e+03 6.133306024356450337e+00 1.866155376104242369e-01 1.123933450784699202e-02 -2.809361688290098469e-01
3.686000000000000000e+03 6.121205176637523948e+00 1.861662915240501759e-01 1.123155735546790823e-02 -2.799529854726013345e-01
3.687000000000000000e+03 6.109109487776847480e+00 1.857208875258040126e-01 1.122378815835551463e-02 -2.789747677438041973e-01
3.688000000000000000e+03 6.097018759142284416e+00 1.852793358398650281e-01 1.121602679866731157e-02 -2.780009674017134280e-01
3.689000000000000000e+03 6.084925414884158279e+00 1.848416492246748866e-01 1.120827315269914276e-02 -2.770325299293833199e-01
3.690000000000000000e+03 6.072836779213844238e+00 1.844071000948168115e-01 1.120052709186910786e-02 -2.760689233270406384e-01
3.691000000000000000e+03 6.060752783027362867e+00 1.839764489821979487e-01 1.119278848381164392e-02 -2.751111095842561083e-01
3.692000000000000000e+03 6.048680811804441504e+00 1.835489731514766965e-01 1.118505719338941731e-02 -2.741585734704140020e-01
3.693000000000000000e+03 6.036620839715507891e+00 1.831254378948871109e-01 1.117733308389058482e-02 -2.732122940035297542e-01
3.694000000000000000e+03 6.024572848475569842e+00 1.827051251463504555e-01 1.116961601811171899e-02 -2.722717732363753029e-01
3.695000000000000000e+03 6.012536817635527164e+00 1.822880619400691071e-01 1.116190585955983451e-02 -2.713365220500784103e-01
3.696000000000000000e+03 6.000520143105029902e+00 1.818750203635494389e-01 1.115420247358508109e-02 -2.704082887794601597e-01
3.697000000000000000e+03 5.988515342251480078e+00 1.814645461699637696e-01 1.114650572852737311e-02 -2.694858594843255739e-01
3.698000000000000000e+03 5.976537185874103209e+00 1.810574157402343176e-01 1.113881549687999704e-02 -2.685695150719992763e-01
3.699000000000000000e+03 5.964578118494997305e+00 1.806536646944240376e-01 1.113113165639190161e-02 -2.676595457349629781e-01
3.700000000000000000e+03 5.952637962417045792e+00 1.802533306778295041e-01 1.112345409112535863e-02 -2.667555082184321358e-01
3.701000000000000000e+03 5.940716371947471153e+00 1.798557196138207970e-01 1.111578269248481889e-02 -2.658584534767861052e-01
3.702000000000000000e+03 5.928827356237186486e+00 1.794609187358629787e-01 1.110811736018654100e-02 -2.649679525877379760e-01
3.703000000000000000e+03 5.916962454854598263e+00 1.790697691257382707e-01 1.110045800313180092e-02 -2.640843281787975116e-01
3.704000000000000000e+03 5.905120552246496679e+00 1.786808851857470959e-01 1.109280454028354831e-02 -2.632071697807330524e-01
3.705000000000000000e+03 5.893315299402384966e+00 1.782958544332390038e-01 1.108515690133326376e-02 -2.623368195681711756e-01
3.706000000000000000e+03 5.881530537833746131e+00 1.779132947694113676e-01 1.107751502737903959e-02 -2.614743724228538180e-01
3.707000000000000000e+03 5.869779721289123842e+00 1.775340542732294913e-01 1.106987887149597782e-02 -2.606179618136456044e-01
3.708000000000000000e+03 5.858053913103734800e+00 1.771582398099320332e-01 1.106224839913247035e-02 -2.597687025240538183e-01
3.709000000000000000e+03 5.846358924691132941e+00 1.767852169793115991e-01 1.105462358851899522e-02 -2.589269765158962455e-01
3.710000000000000000e+03 5.834693028212096344e+00 1.764150957340078485e-01 1.104700443081418730e-02 -2.580924329596802624e-01
3.711000000000000000e+03 5.823061812006440796e+00 1.760479874924252008e-01 1.103939093028184076e-02 -2.572654739262572043e-01
3.712000000000000000e+03 5.811455895308323072e+00 1.756832622516274756e-01 1.103178310422715108e-02 -2.564457687297045374e-01
3.713000000000000000e+03 5.799880642461465285e+00 1.753225198750973657e-01 1.102418098295660474e-02 -2.556329967664280334e-01
3.714000000000000000e+03 5.788333879734782528e+00 1.749636473602345921e-01 1.101658460945887687e-02 -2.548283331802809193e-01
3.715000000000000000e+03 5.776820754935617863e+00 1.746082471360853317e-01 1.100899403910491486e-02 -2.540314775089326793e-01
3.716000000000000000e+03 5.765331456302703828e+00 1.742556943306020900e-01 1.100140933916730901e-02 -2.532413964965385400e-01
3.717000000000000000e+03 5.753870930856401777e+00 1.739061080581164875e-01 1.099383058825085559e-02 -2.524600382378819341e-01
3.718000000000000000e+03 5.742444033618956389e+00 1.735588656966458865e-01 1.098625787557302655e-02 -2.516856466237483714e-01
3.719000000000000000e+03 5.731040677761767732e+00 1.732148313401523643e-01 1.097869130027709361e-02 -2.509194468086663465e-01
3.720000000000000000e+03 5.719672984079863909e+00 1.728733844057690761e-01 1.097113097046783364e-02 -2.501611881450894193e-01
3.721000000000000000e+03 5.708323291076714767e+00 1.725346480860197318e-01 1.096357700232377004e-02 -2.494106297904463421e-01
3.722000000000000000e+03 5.697011019398634524e+00 1.721987464610105767e-01 1.095602951903864274e-02 -2.486682834716612833e-01
3.723000000000000000e+03 5.685718398283481356e+00 1.718650616106077444e-01 1.094848864969936650e-02 -2.479339277377398121e-01
3.724000000000000000e+03 5.674449902900118303e+00 1.715344620666658104e-01 1.094095452816078173e-02 -2.472080935460782558e-01
3.725000000000000000e+03 5.663202551983109956e+00 1.712063314201388853e-01 1.093342729181593677e-02 -2.464898356674651569e-01
3.726000000000000000e+03 5.651980775972897497e+00 1.708807967733292077e-01 1.092590708038352482e-02 -2.457789610957911708e-01
3.727000000000000000e+03 5.640781572061657201e+00 1.705579858521375780e-01 1.091839403459301389e-02 -2.450767717825102776e-01
3.728000000000000000e+03 5.629601944495209231e+00 1.702372841182934748e-01 1.091088829490269654e-02 -2.443830931914641458e-01
3.729000000000000000e+03 5.618446344976297802e+00 1.699188203866840163e-01 1.090339000023899524e-02 -2.436970170248875800e-01
3.730000000000000000e+03 5.607304399663386008e+00 1.696034667727325806e-01 1.089589928667879758e-02 -2.430191296157442893e-01
3.731000000000000000e+03 5.596180634512139207e+00 1.692898672997071585e-01 1.088841628620060634e-02 -2.423492833072035113e-01
3.732000000000000000e+03 5.585072201950099569e+00 1.689781520213408383e-01 1.088094112542072750e-02 -2.416873391695382178e-01
3.733000000000000000e+03 5.573976320634395520e+00 1.686691941343283763e-01 1.087347392445090627e-02 -2.410339097153439414e-01
3.734000000000000000e+03 5.562905143139395214e+00 1.683623814209615210e-01 1.086601479569095606e-02 -2.403873874381438902e-01
3.735000000000000000e+03 5.551841196324356353e+00 1.680578447019182298e-01 1.085856384278693389e-02 -2.397498873704523581e-01
3.736000000000000000e+03 5.540796817992163170e+00 1.677549721140416672e-01 1.085112115966701228e-02 -2.391198186111029300e-01
3.737000000000000000e+03 5.529762167593530009e+00 1.674546375634983764e-01 1.084368682952062748e-02 -2.384978268830022508e-01
3.738000000000000000e+03 5.518742376350012080e+00 1.671562293337311988e-01 1.083626092405601607e-02 -2.378838230713107016e-01
3.739000000000000000e+03 5.507735269714690851e+00 1.668591357038670397e-01 1.082884350269576121e-02 -2.372769831025481058e-01
3.740000000000000000e+03 5.496738802305194405e+00 1.665642305671435341e-01 1.082143461204129742e-02 -2.366779763302318262e-01
3.741000000000000000e+03 5.485751063496509872e+00 1.662709020395500559e-01 1.081403428526773146e-02 -2.360867369120337733e-01
3.742000000000000000e+03 5.474785138673031071e+00 1.659792809137098091e-01 1.080664254179162023e-02 -2.355032065290499077e-01
3.743000000000000000e+03 5.463824542594379885e+00 1.656902406079969747e-01 1.079925938696366799e-02 -2.349265914372665465e-01
3.744000000000000000e+03 5.452882648547657141e+00 1.654016829407540801e-01 1.079188481192295927e-02 -2.343575908616835624e-01
3.745000000000000000e+03 5.441950691105374105e+00 1.651152235951082459e-01 1.078451879358713165e-02 -2.337961683829241633e-01
3.746000000000000000e+03 5.431034907933907974e+00 1.648302493886984466e-01 1.077716129474163599e-02 -2.332422946667323804e-01
3.747000000000000000e+03 5.420126825293995587e+00 1.645461467289665025e-01 1.076981226426899224e-02 -2.326952045263432356e-01
3.748000000000000000e+03 5.409247825896728479e+00 1.642637872337389948e-01 1.076247163753615149e-02 -2.321548824928383603e-01
3.749000000000000000e+03 5.398382290377085724e+00 1.639832991771345561e-01 1.075513933682161090e-02 -2.316213198832449693e-01
3.750000000000000000e+03 5.387529591271604801e+00 1.637033246058235969e-01 1.074781527194316674e-02 -2.310952575416413135e-01
3.751000000000000000e+03 5.376704057088423916e+00 1.634247403385210018e-01 1.074049934098585991e-02 -2.305759813072382758e-01
3.752000000000000000e+03 5.365897732823801114e+00 1.631469643610216624e-01 1.073319143107567646e-02 -2.300628797890495458e-01
3.753000000000000000e+03 5.355110177047069264e+00 1.628709065009801560e-01 1.072589141934161827e-02 -2.295568577563594781e-01
3.754000000000000000e+03 5.344348483907221947e+00 1.625959901683881326e-01 1.071859917387103962e-02 -2.290573406498905007e-01
3.755000000000000000e+03 5.333612417231938352e+00 1.623216379792198905e-01 1.071131455489541910e-02 -2.285645030046836723e-01
3.756000000000000000e+03 5.322901828947906644e+00 1.620487573798179703e-01 1.070403741587292595e-02 -2.280785255341278572e-01
3.757000000000000000e+03 5.312216648511254746e+00 1.617767692615679764e-01 1.069676760477662053e-02 -2.275995950504522691e-01
3.758000000000000000e+03 5.301556871794136150e+00 1.615058364214324860e-01 1.068950496536856358e-02 -2.271271615508209107e-01
3.759000000000000000e+03 5.290937406228702677e+00 1.612361206830385252e-01 1.068224933850604220e-02 -2.266606809740305262e-01
3.760000000000000000e+03 5.280336060460949277e+00 1.609670400183560168e-01 1.067500056355133627e-02 -2.262011007921169714e-01
3.761000000000000000e+03 5.269775244079952792e+00 1.606987541752187831e-01 1.066775847972499698e-02 -2.257478885914046274e-01
3.762000000000000000e+03 5.259247671873894525e+00 1.604314218004769255e-01 1.066052292749277049e-02 -2.253020033329103666e-01
3.763000000000000000e+03 5.248760921683735425e+00 1.601644575638996593e-01 1.065329374991986350e-02 -2.248621810960422240e-01
3.764000000000000000e+03 5.238307708861775325e+00 1.598987606228958192e-01 1.064607079408484355e-02 -2.244286491709148457e-01
3.765000000000000000e+03 5.227895587750832185e+00 1.596344860779534414e-01 1.063885391236541085e-02 -2.240016403030052894e-01
3.766000000000000000e+03 5.217524655040686632e+00 1.593703020988986307e-01 1.063164296374309592e-02 -2.235813926053496770e-01
3.767000000000000000e+03 5.207194966962472193e+00 1.591063612271340633e-01 1.062443781502523006e-02 -2.231666637973869494e-01
3.768000000000000000e+03 5.196906528673121528e+00 1.588435575036210301e-01 1.061723834199657969e-02 -2.227584452854771413e-01
3.769000000000000000e+03 5.186659284279549809e+00 1.585812979276612078e-01 1.061004443051519544e-02 -2.223569907241590982e-01
3.770000000000000000e+03 5.176467964296495694e+00 1.583197309267050379e-01 1.060285597753922449e-02 -2.219610730782013153e-01
3.771000000000000000e+03 5.166310078772150760e+00 1.580590034870646143e-01 1.059567289195256085e-02 -2.215716986900259089e-01
3.772000000000000000e+03 5.156207621618247749e+00 1.577985182853891277e-01 1.058849509545568661e-02 -2.211876501569162157e-01
3.773000000000000000e+03 5.146152780556588091e+00 1.575384193262908961e-01 1.058132252318942472e-02 -2.208099432232374093e-01
3.774000000000000000e+03 5.136145073353612034e+00 1.572788490757739133e-01 1.057415512431027389e-02 -2.204381124816997273e-01
3.775000000000000000e+03 5.126183915041515604e+00 1.570199484306383508e-01 1.056699286244211153e-02 -2.200716969143321489e-01
3.776000000000000000e+03 5.116268614621881206e+00 1.567611138538185789e-01 1.055983571598833291e-02 -2.197117254274207343e-01
3.777000000000000000e+03 5.106405801284152446e+00 1.565024830157618618e-01 1.055268367832047118e-02 -2.193562597002947090e-01
3.778000000000000000e+03 5.096587138411835305e+00 1.562441919317154038e-01 1.054553675780712033e-02 -2.190070795534653225e-01
3.779000000000000000e+03 5.086819037240305263e+00 1.559863749349886253e-01 1.053839497772500119e-02 -2.186629972803462441e-01
3.780000000000000000e+03 5.077100373264100241e+00 1.557291646511390903e-01 1.053125837607518656e-02 -2.183250573333542222e-01
3.781000000000000000e+03 5.067422488885981124e+00 1.554719491381959251e-01 1.052412700517476804e-02 -2.179913363136962712e-01
3.782000000000000000e+03 5.057798910637127499e+00 1.552148575328459457e-01 1.051700093118342755e-02 -2.176628854809616320e-01
3.783000000000000000e+03 5.048220784033169650e+00 1.549580171924674343e-01 1.050988023353728248e-02 -2.173392735666753450e-01
3.784000000000000000e+03 5.038686593028773864e+00 1.547008108382027236e-01 1.050276500418123246e-02 -2.170208150978983619e-01
3.785000000000000000e+03 5.029202167114502409e+00 1.544448478740496344e-01 1.049565534671629066e-02 -2.167070845405534851e-01
3.786000000000000000e+03 5.019765832694618624e+00 1.541880216865796349e-01 1.048855137546058150e-02 -2.163984017784085223e-01
3.787000000000000000e+03 5.010360993724788159e+00 1.539319379760182571e-01 1.048145321441285027e-02 -2.160936034124244232e-01
3.788000000000000000e+03 5.001008139981766298e+00 1.536752292228261152e-01 1.047436099606059018e-02 -2.157930139015913351e-01
3.789000000000000000e+03 4.991690574120806190e+00 1.534194973505017268e-01 1.046727486021539408e-02 -2.154969596900949691e-01
3.790000000000000000e+03 4.982406421334558466e+00 1.531633710289693473e-01 1.046019495267422675e-02 -2.152042833316338000e-01
3.791000000000000000e+03 4.973161212756170180e+00 1.529069626690953143e-01 1.045312142392184479e-02 -2.149160574565362747e-01
3.792000000000000000e+03 4.963953040952081786e+00 1.526503827379716016e-01 1.044605442767749560e-02 -2.146311275516178951e-01
3.793000000000000000e+03 4.954780000794587025e+00 1.523937397449826037e-01 1.043899411951928861e-02 -2.143505687592755504e-01
3.794000000000000000e+03 4.945632773849193420e+00 1.521371402287736430e-01 1.043194065541971569e-02 -2.140724858202934511e-01
3.795000000000000000e+03 4.936524354612411791e+00 1.518806887450402654e-01 1.042489419026470729e-02 -2.137979555420549960e-01
3.796000000000000000e+03 4.927438064877823543e+00 1.516237450200378922e-01 1.041785487644229791e-02 -2.135265695768876204e-01
3.797000000000000000e+03 4.918379564869872489e+00 1.513671524450359851e-01 1.041082286238646099e-02 -2.132586627166292159e-01
3.798000000000000000e+03 4.909347152271723580e+00 1.511095238913178207e-01 1.040379829118374087e-02 -2.129930841787622264e-01
3.799000000000000000e+03 4.900346630986916807e+00 1.508524415462670354e-01 1.039678129920275709e-02 -2.127301687399302255e-01
3.800000000000000000e+03 4.891361609320523662e+00 1.505945142247630819e-01 1.038977201483682472e-02 -2.124695080271830627e-01
3.801000000000000000e+03 4.882398133305295040e+00 1.503365769845401434e-01 1.038277055723232575e-02 -2.122107168674111921e-01
3.802000000000000000e+03 4.873455140296619525e+00 1.500779762774256398e-01 1.037577703516450768e-02 -2.119549899053414788e-01
3.803000000000000000e+03 4.864531740151012862e+00 1.498195419500164827e-01 1.036879154593207085e-02 -2.117005732569461340e-01
3.804000000000000000e+03 4.855627171639142148e+00 1.495606161202944484e-01 1.036181417444383482e-02 -2.114486832877257305e-01
3.805000000000000000e+03 4.846733381780737204e+00 1.493012816779649976e-01 1.035484499232669497e-02 -2.111990494207336977e-01
3.806000000000000000e+03 4.837864745899530305e+00 1.490408766103031579e-01 1.034788405720269561e-02 -2.109506567955022061e-01
3.807000000000000000e+03 4.829006074729990772e+00 1.487809653388325049e-01 1.034093141210171846e-02 -2.107047174380873855e-01
3.808000000000000000e+03 4.820164617277320041e+00 1.485201388714938453e-01 1.033398708490449076e-02 -2.104602130872302579e-01
3.809000000000000000e+03 4.811340350630753271e+00 1.482584718106996213e-01 1.032705108804419028e-02 -2.102176092124939111e-01
3.810000000000000000e+03 4.802533410300366512e+00 1.479967795169380707e-01 1.032012341828866635e-02 -2.099766263590656934e-01
3.811000000000000000e+03 4.793736662603178544e+00 1.477343896030418602e-01 1.031320405662120542e-02 -2.097377256745667773e-01
3.812000000000000000e+03 4.784957989189559058e+00 1.474721132742244922e-01 1.030629296834035744e-02 -2.094998802680669014e-01
3.813000000000000000e+03 4.776198000206526295e+00 1.472085311536049657e-01 1.029939010325533859e-02 -2.092635464213760399e-01
3.814000000000000000e+03 4.767457459613480886e+00 1.469451931287215907e-01 1.029249539600852505e-02 -2.090291777973216358e-01
3.815000000000000000e+03 4.758729852570799501e+00 1.466806756733342321e-01 1.028560876654345362e-02 -2.087949968202413298e-01
3.816000000000000000e+03 4.750023665037466536e+00 1.464165245302599949e-01 1.027873012075789134e-02 -2.085629372487173006e-01
3.817000000000000000e+03 4.741332663769840750e+00 1.461505691995723943e-01 1.027185935116843411e-02 -2.083319585598875368e-01
3.818000000000000000e+03 4.732665602030468932e+00 1.458850941278820867e-01 1.026499633781905590e-02 -2.081010171956887145e-01
3.819000000000000000e+03 4.724016497468848108e+00 1.456179246928570037e-01 1.025814094917272025e-02 -2.078720378155549386e-01
3.820000000000000000e+03 4.715386907501719627e+00 1.453505983938777057e-01 1.025129304325973420e-02 -2.076432277000603288e-01
3.821000000000000000e+03 4.706778490424538219e+00 1.450831650131016726e-01 1.024445246876362972e-02 -2.074157621906527749e-01
3.822000000000000000e+03 4.698192994096118014e+00 1.448141866223135454e-01 1.023761906630894954e-02 -2.071885847747132192e-01
3.823000000000000000e+03 4.689632243944647172e+00 1.445451946006960642e-01 1.023079266977023997e-02 -2.069613783606780444e-01
3.824000000000000000e+03 4.681098130400392243e+00 1.442747469630265011e-01 1.022397310760528484e-02 -2.067353080529303611e-01
3.825000000000000000e+03 4.672592595864271559e+00 1.440043710488920770e-01 1.021716020435689369e-02 -2.065100497555993064e-01
3.826000000000000000e+03 4.664110192977219960e+00 1.437326208524339344e-01 1.021035378201843799e-02 -2.062845329552171481e-01
3.827000000000000000e+03 4.655667784408692889e+00 1.434610197130508913e-01 1.020355366161128721e-02 -2.060591691766466005e-01
3.828000000000000000e+03 4.647245102330511024e+00 1.431881176466335559e-01 1.019675966460887977e-02 -2.058336234315198132e-01
3.829000000000000000e+03 4.638866446553810974e+00 1.429146912028488869e-01 1.018997161445688547e-02 -2.056082998439623388e-01
3.830000000000000000e+03 4.630511530740448300e+00 1.426400293029284894e-01 1.018318933803556009e-02 -2.053828559378302610e-01
3.831000000000000000e+03 4.622189752569120458e+00 1.423649045934315682e-01 1.017641266713114993e-02 -2.051576882653264322e-01
3.832000000000000000e+03 4.613910467365125889e+00 1.420893449557005528e-01 1.016964143977532216e-02 -2.049317038609254349e-01
3.833000000000000000e+03 4.605660690561634851e+00 1.418126335210752320e-01 1.016287550163135281e-02 -2.047052915406840090e-01
3.834000000000000000e+03 4.597449655904916277e+00 1.415355371920304639e-01 1.015611470724866669e-02 -2.044788361911016317e-01
3.835000000000000000e+03 4.589279090852716791e+00 1.412573353188781300e-01 1.014935892128175643e-02 -2.042512330571688017e-01
3.836000000000000000e+03 4.581143206168296622e+00 1.409787910575047709e-01 1.014260801957670918e-02 -2.040236018743185054e-01
3.837000000000000000e+03 4.573050971451107394e+00 1.406991800476571353e-01 1.013586189017607990e-02 -2.037948298134801273e-01
3.838000000000000000e+03 4.564996393184428847e+00 1.404192617721959635e-01 1.012912043423391112e-02 -2.035652856094652408e-01
3.839000000000000000e+03 4.556980792278227277e+00 1.401390510719832394e-01 1.012238356676926909e-02 -2.033353338418414369e-01
3.840000000000000000e+03 4.549005369319607084e+00 1.398578181665707243e-01 1.011565121733035491e-02 -2.031038492132080653e-01
3.841000000000000000e+03 4.541071199336486508e+00 1.395755743456989495e-01 1.010892333051847773e-02 -2.028711878347419784e-01
3.842000000000000000e+03 4.533179227769612574e+00 1.392930719914709792e-01 1.010219986639630807e-02 -2.026384443336895491e-01
3.843000000000000000e+03 4.525322839334957159e+00 1.390103189312452137e-01 1.009548080070515538e-02 -2.024037376174945835e-01
3.844000000000000000e+03 4.517510141550720171e+00 1.387273212962766011e-01 1.008876612499780279e-02 -2.021674106549754268e-01
3.845000000000000000e+03 4.509734251086517709e+00 1.384433407109889325e-01 1.008205584661788466e-02 -2.019298019038995029e-01
3.846000000000000000e+03 4.501995579837588579e+00 1.381583799880554686e-01 1.007534998850292268e-02 -2.016912452404582001e-01
3.847000000000000000e+03 4.494294408858096723e+00 1.378739259890643665e-01 1.006864858888146738e-02 -2.014505842151969317e-01
3.848000000000000000e+03 4.486630891881760341e+00 1.375884926406632514e-01 1.006195170081928755e-02 -2.012081433161505561e-01
3.849000000000000000e+03 4.479005060043659725e+00 1.373020779715705963e-01 1.005525939167531933e-02 -2.009634993837614569e-01
3.850000000000000000e+03 4.471401971056930158e+00 1.370154213051064385e-01 1.004857174232091747e-02 -2.007177100330416741e-01
3.851000000000000000e+03 4.463836358386156000e+00 1.367285122924218332e-01 1.004188884637079171e-02 -2.004696039027304422e-01
3.852000000000000000e+03 4.456300857092676537e+00 1.364413178019938666e-01 1.003521080920947300e-02 -2.002195082713119356e-01
3.853000000000000000e+03 4.448795509909723833e+00 1.361537979228489015e-01 1.002853774694933975e-02 -1.999677497689304195e-01
3.854000000000000000e+03 4.441320276630325914e+00 1.358659113188318279e-01 1.002186978529999613e-02 -1.997131641068197738e-01
3.855000000000000000e+03 4.433875044720385183e+00 1.355776152586927186e-01 1.001520705826547571e-02 -1.994568101602518795e-01
3.856000000000000000e+03 4.426444783910050695e+00 1.352881228113910483e-01 1.000854970695233027e-02 -1.991982557006644894e-01
3.857000000000000000e+03 4.419044128159761442e+00 1.349988742171348288e-01 1.000189787808308459e-02 -1.989378058077001798e-01
3.858000000000000000e+03 4.411665389534937809e+00 1.347090799083305590e-01 9.995251722671343042e-03 -1.986742742715108534e-01
3.859000000000000000e+03 4.404308284279672137e+00 1.344186918812538267e-01 9.988611394500327909e-03 -1.984086976759194265e-01
3.860000000000000000e+03 4.396957660666789280e+00 1.341276608927876868e-01 9.981977048688981183e-03 -1.981406211328500255e-01
3.861000000000000000e+03 4.389635510458145262e+00 1.338366793275619082e-01 9.975348840161562050e-03 -1.978703266986298337e-01
3.862000000000000000e+03 4.382319270046116877e+00 1.335442098901485908e-01 9.968726922165906806e-03 -1.975966047827729666e-01
3.863000000000000000e+03 4.375023545165960925e+00 1.332524283177925206e-01 9.962111444784559067e-03 -1.973204682397228238e-01
3.864000000000000000e+03 4.367733268347936182e+00 1.329590522277563913e-01 9.955502553558618836e-03 -1.970421809490075782e-01
3.865000000000000000e+03 4.360455709600568497e+00 1.326662551705296567e-01 9.948900388002723805e-03 -1.967605149044340251e-01
3.866000000000000000e+03 4.353183346404385645e+00 1.323724954775016283e-01 9.942305080269265433e-03 -1.964764643178862624e-01
3.867000000000000000e+03 4.345916159911038967e+00 1.320784589741723358e-01 9.935716753892294764e-03 -1.961895313779814798e-01
3.868000000000000000e+03 4.338661645390768484e+00 1.317840876731845856e-01 9.929135522564924016e-03 -1.958999546943195613e-01
3.869000000000000000e+03 4.331405108480582911e+00 1.314893226424742878e-01 9.922561489048346839e-03 -1.956072235726125652e-01
3.870000000000000000e+03 4.324161672396495959e+00 1.311941040384978774e-01 9.915994744099076649e-03 -1.953123064710892143e-01
3.871000000000000000e+03 4.316909430569905837e+00 1.308983711393449656e-01 9.909435365611804145e-03 -1.950139367835254933e-01
3.872000000000000000e+03 4.309663736894965069e+00 1.306020623778929024e-01 9.902883417817228209e-03 -1.947130698144849681e-01
3.873000000000000000e+03 4.302417784562448944e+00 1.303058582099836382e-01 9.896338950560608708e-03 -1.944084257414613326e-01
3.874000000000000000e+03 4.295172323934959735e+00 1.300089526423054143e-01 9.889801998844297351e-03 -1.941016894399963111e-01
3.875000000000000000e+03 4.287928237465577830e+00 1.297120246055274706e-01 9.883272582357063851e-03 -1.937908249560122420e-01
3.876000000000000000e+03 4.280679113379499690e+00 1.294142666470492753e-01 9.876750705231694336e-03 -1.934775038514351397e-01
3.877000000000000000e+03 4.273433531499037485e+00 1.291163563039098849e-01 9.870236355885702098e-03 -1.931611625273885746e-01
3.878000000000000000e+03 4.266177920999277617e+00 1.288182276303319329e-01 9.863729507082296191e-03 -1.928412307405077686e-01
3.879000000000000000e+03 4.258928557102382051e+00 1.285198140653521226e-01 9.857230116024186597e-03 -1.925186172922956074e-01
3.880000000000000000e+03 4.251672131267396182e+00 1.282203056301856881e-01 9.850738124683329142e-03 -1.921927387160828338e-01
3.881000000000000000e+03 4.244417745408036069e+00 1.279218631356520697e-01 9.844253460213153034e-03 -1.918637478169797905e-01
3.882000000000000000e+03 4.237159764719089061e+00 1.276221898640910180e-01 9.837776035506078445e-03 -1.915317908793468804e-01
3.883000000000000000e+03 4.229907524512846351e+00 1.273227027866718208e-01 9.831305749861015547e-03 -1.911962648815290766e-01
3.884000000000000000e+03 4.222655609170096191e+00 1.270225899150315141e-01 9.824842489833512590e-03 -1.908580460578871152e-01
3.885000000000000000e+03 4.215398700175726709e+00 1.267225245081697316e-01 9.818386130136504131e-03 -1.905165186223532203e-01
3.886000000000000000e+03 4.208146423215343823e+00 1.264224365990133658e-01 9.811936534623207085e-03 -1.901718033436322064e-01
3.887000000000000000e+03 4.200901052665663826e+00 1.261222558608708355e-01 9.805493557456501294e-03 -1.898240147863533844e-01
3.888000000000000000e+03 4.193657500375032932e+00 1.258219116387419012e-01 9.799057044347109224e-03 -1.894732613928264975e-01
3.889000000000000000e+03 4.186418160482570094e+00 1.255213329806481592e-01 9.792626833714292503e-03 -1.891196455699116763e-01
3.890000000000000000e+03 4.179192896981861693e+00 1.252211915036257617e-01 9.786202758155063824e-03 -1.887632637806154756e-01
3.891000000000000000e+03 4.171961889088426467e+00 1.249206729196777749e-01 9.779784645785834230e-03 -1.884034638047734356e-01
3.892000000000000000e+03 4.164749901531398457e+00 1.246204484067522794e-01 9.773372321660662304e-03 -1.880403305083757637e-01
3.893000000000000000e+03 4.157544559277880580e+00 1.243197032993648005e-01 9.766965609260571529e-03 -1.876746859460197980e-01
3.894000000000000000e+03 4.150348332469535606e+00 1.240198512944043346e-01 9.760564331939839550e-03 -1.873058609606782499e-01
3.895000000000000000e+03 4.143163666234619846e+00 1.237193346365047658e-01 9.754168314410834734e-03 -1.869339237956735567e-01
3.896000000000000000e+03 4.135985538998419031e+00 1.234195668287261932e-01 9.747777384194191222e-03 -1.865596802028975099e-01
3.897000000000000000e+03 4.128831162811295030e+00 1.231189899827375145e-01 9.741391373042255358e-03 -1.861817022118693044e-01
3.898000000000000000e+03 4.121680543856089507e+00 1.228197603643332303e-01 9.735010118353853298e-03 -1.858015280842481298e-01
3.899000000000000000e+03 4.114550753754948609e+00 1.225195772384498616e-01 9.728633464445114731e-03 -1.854177197428456825e-01
3.900000000000000000e+03 4.107443919524378373e+00 1.222205969195453712e-01 9.722261263901438300e-03 -1.850318055602858391e-01
3.901000000000000000e+03 4.100347241679507704e+00 1.219219995380907418e-01 9.715893378717154610e-03 -1.846438099660021315e-01
3.902000000000000000e+03 4.093270212874495328e+00 1.216236885054937794e-01 9.709529681400520806e-03 -1.842522130817946246e-01
3.903000000000000000e+03 4.086214808325456360e+00 1.213255624491940687e-01 9.703170056039820898e-03 -1.838591911404786061e-01
3.904000000000000000e+03 4.079182876937952784e+00 1.210275201559831565e-01 9.696814399172372020e-03 -1.834624588914843812e-01
3.905000000000000000e+03 4.072168705766933350e+00 1.207302034368458316e-01 9.690462620569216187e-03 -1.830634408842526373e-01
3.906000000000000000e+03 4.065181298978821189e+00 1.204335114866158241e-01 9.684114643927446697e-03 -1.826620717179612274e-01
3.907000000000000000e+03 4.058214659515627432e+00 1.201373437486381035e-01 9.677770407430039828e-03 -1.822575389680329006e-01
3.908000000000000000e+03 4.051262642054778595e+00 1.198408571093187436e-01 9.671429864137374988e-03 -1.818505117790291947e-01
3.909000000000000000e+03 4.044333807193271291e+00 1.195454372676409971e-01 9.665092982312863124e-03 -1.814409124436344167e-01
3.910000000000000000e+03 4.037429135124302348e+00 1.192502417544163695e-01 9.658759745514864520e-03 -1.810279164826023857e-01
3.911000000000000000e+03 4.030542025615395652e+00 1.189559141365695294e-01 9.652430152675525038e-03 -1.806129240609944120e-01
3.912000000000000000e+03 4.023680584285047601e+00 1.186616127062105480e-01 9.646104217893860036e-03 -1.801943602148324275e-01
3.913000000000000000e+03 4.016830483309465016e+00 1.183672390145506653e-01 9.639781970276343689e-03 -1.797736175993234486e-01
3.914000000000000000e+03 4.010006963538407021e+00 1.180741807357886392e-01 9.633463453469427035e-03 -1.793498567075770544e-01
3.915000000000000000e+03 4.003195412526785901e+00 1.177808546855532296e-01 9.627148725143985092e-03 -1.789237201058108684e-01
3.916000000000000000e+03 3.996403368940829814e+00 1.174886495294649447e-01 9.620837856385674319e-03 -1.784943611496913329e-01
3.917000000000000000e+03 3.989630816175919303e+00 1.171967259661888389e-01 9.614530930891903096e-03 -1.780624153773466556e-01
3.918000000000000000e+03 3.982870190371565311e+00 1.169057309304493836e-01 9.608228044152244268e-03 -1.776270292189308653e-01
3.919000000000000000e+03 3.976121246047421565e+00 1.166148262806900870e-01 9.601929302394450125e-03 -1.771895742185568279e-01
3.920000000000000000e+03 3.969383637524644293e+00 1.163246601665080399e-01 9.595634821585118102e-03 -1.767491900682430506e-01
3.921000000000000000e+03 3.962656929442114340e+00 1.160351385507054633e-01 9.589344726240640188e-03 -1.763064988248308207e-01
3.922000000000000000e+03 3.955940607918361440e+00 1.157454252360470420e-01 9.583059148209067957e-03 -1.758606336100109468e-01
3.923000000000000000e+03 3.949234092256217910e+00 1.154569132317714436e-01 9.576778225383502860e-03 -1.754122099887968356e-01
3.924000000000000000e+03 3.942529318730996657e+00 1.151687677694321205e-01 9.570502100401525464e-03 -1.749610975020242931e-01
3.925000000000000000e+03 3.935825609750482901e+00 1.148816405037392796e-01 9.564230919182813151e-03 -1.745071625381787728e-01
3.926000000000000000e+03 3.929129686521870557e+00 1.145946981975616979e-01 9.557964829619685840e-03 -1.740502683701511122e-01
3.927000000000000000e+03 3.922433396757850854e+00 1.143085940868175249e-01 9.551703980123303628e-03 -1.735917608623509800e-01
3.928000000000000000e+03 3.915736012458198356e+00 1.140232393996609972e-01 9.545448518212496999e-03 -1.731307543334148491e-01
3.929000000000000000e+03 3.909036814147161643e+00 1.137378033802380617e-01 9.539198589124548225e-03 -1.726671029354082121e-01
3.930000000000000000e+03 3.902342531554306770e+00 1.134536846520256964e-01 9.532954334437727245e-03 -1.722014006946356868e-01
3.931000000000000000e+03 3.895637642174846871e+00 1.131707970653622192e-01 9.526715890774530363e-03 -1.717334958845601889e-01
3.932000000000000000e+03 3.888936381205183146e+00 1.128875697196403405e-01 9.520483388444859335e-03 -1.712632339063576703e-01
3.933000000000000000e+03 3.882223325643400003e+00 1.126061468299516394e-01 9.514256950277150821e-03 -1.707912001724825879e-01
3.934000000000000000e+03 3.875505402965286894e+00 1.123249593977541788e-01 9.508036690472608868e-03 -1.703172344885151845e-01
3.935000000000000000e+03 3.868782187176696308e+00 1.120446679114027316e-01 9.501822713499856465e-03 -1.698411739438594470e-01
3.936000000000000000e+03 3.862045907413113266e+00 1.117644481906371473e-01 9.495615113143377264e-03 -1.693635958064365621e-01
3.937000000000000000e+03 3.855296312309367757e+00 1.114857055806654645e-01 9.489413971662691641e-03 -1.688843319166266899e-01
3.938000000000000000e+03 3.848540676671853955e+00 1.112076179603977005e-01 9.483219358947624425e-03 -1.684024687559250721e-01
3.939000000000000000e+03 3.841771522044677312e+00 1.109308499351380206e-01 9.477031331915125936e-03 -1.679193188604795328e-01
3.940000000000000000e+03 3.834996334625031533e+00 1.106538386783708777e-01 9.470849934002073534e-03 -1.674347067242882570e-01
3.941000000000000000e+03 3.828207855235687518e+00 1.103787366282426852e-01 9.464675194689948709e-03 -1.669491973877866298e-01
3.942000000000000000e+03 3.821398938231955089e+00 1.101039831527607371e-01 9.458507129286312237e-03 -1.664618680214301483e-01
3.943000000000000000e+03 3.814584837575011544e+00 1.098302472448427214e-01 9.452345738714042211e-03 -1.659732793595271039e-01
3.944000000000000000e+03 3.807766064914582138e+00 1.095574561962168597e-01 9.446191009563741775e-03 -1.654839901293088666e-01
3.945000000000000000e+03 3.800928388239875666e+00 1.092855384458515516e-01 9.440042914149656197e-03 -1.649938143199068952e-01
3.946000000000000000e+03 3.794079971115198457e+00 1.090144235925766952e-01 9.433901410757093015e-03 -1.645025641265682459e-01
3.947000000000000000e+03 3.787221655624490868e+00 1.087447852419841238e-01 9.427766444040345042e-03 -1.640100500645829962e-01
3.948000000000000000e+03 3.780354385965652764e+00 1.084758125126078498e-01 9.421637945457169219e-03 -1.635175667578312730e-01
3.949000000000000000e+03 3.773479202641158103e+00 1.082081813864412267e-01 9.415515833941314611e-03 -1.630241788867620167e-01
3.950000000000000000e+03 3.766597235652475728e+00 1.079410833786903640e-01 9.409400016559682500e-03 -1.625304354904733295e-01
3.951000000000000000e+03 3.759702239493521780e+00 1.076751961139841562e-01 9.403290389364922161e-03 -1.620361250656530139e-01
3.952000000000000000e+03 3.752802782847758589e+00 1.074104525108585811e-01 9.397186838320132143e-03 -1.615409689552153027e-01
3.953000000000000000e+03 3.745892612587236936e+00 1.071460431083771786e-01 9.391089240288178278e-03 -1.610461567362614366e-01
3.954000000000000000e+03 3.738987814398373910e+00 1.068833881862606694e-01 9.384997464130134456e-03 -1.605506487117274450e-01
3.955000000000000000e+03 3.732067375345327953e+00 1.066216807612152540e-01 9.378911371832433091e-03 -1.600541473924129710e-01
3.956000000000000000e+03 3.725154884600352378e+00 1.063608579328116782e-01 9.372830819763280225e-03 -1.595578404757973245e-01
3.957000000000000000e+03 3.718236810085547184e+00 1.061016008887510353e-01 9.366755659886271540e-03 -1.590614296507900927e-01
3.958000000000000000e+03 3.711321913494311175e+00 1.058431064043553332e-01 9.360685741106478802e-03 -1.585653592483566299e-01
3.959000000000000000e+03 3.704411524944214662e+00 1.055860581867807402e-01 9.354620910525614230e-03 -1.580685878821881385e-01
3.960000000000000000e+03 3.697506959327554465e+00 1.053296555383421290e-01 9.348561014834664770e-03 -1.575715599342792372e-01
3.961000000000000000e+03 3.690602076018295818e+00 1.050745846996517796e-01 9.342505901556323600e-03 -1.570747200293077239e-01
3.962000000000000000e+03 3.683705552148193618e+00 1.048207903468501567e-01 9.336455420479354908e-03 -1.565777703430077938e-01
3.963000000000000000e+03 3.676818586057841287e+00 1.045682184287226313e-01 9.330409424796563822e-03 -1.560804135783502022e-01
3.964000000000000000e+03 3.669934886180429512e+00 1.043168161679984551e-01 9.324367772489076250e-03 -1.555838387747451868e-01
3.965000000000000000e+03 3.663062945460433095e+00 1.040665320624256096e-01 9.318330327451626247e-03 -1.550862644340452179e-01
3.966000000000000000e+03 3.656203746251907472e+00 1.038173158852629258e-01 9.312296960665803272e-03 -1.545888813337041312e-01
3.967000000000000000e+03 3.649350750939825527e+00 1.035691186853854029e-01 9.306267551280300934e-03 -1.540921384808878747e-01
3.968000000000000000e+03 3.642512178369877063e+00 1.033226356220307562e-01 9.300241987572689314e-03 -1.535950004026818416e-01
3.969000000000000000e+03 3.635681282661046065e+00 1.030770774589432337e-01 9.294220167928404427e-03 -1.530979186069569564e-01
3.970000000000000000e+03 3.628866059725686544e+00 1.028323990684177763e-01 9.288202001587026260e-03 -1.526013460283115186e-01
3.971000000000000000e+03 3.622066956302770535e+00 1.025892994297999405e-01 9.282187409394572833e-03 -1.521042514690386926e-01
3.972000000000000000e+03 3.615284293410950145e+00 1.023477359576110413e-01 9.276176324399211179e-03 -1.516085767149958630e-01
3.973000000000000000e+03 3.608510834160997938e+00 1.021068502158915398e-01 9.270168692331621357e-03 -1.511125511204692018e-01
3.974000000000000000e+03 3.601761494412574649e+00 1.018673449877138676e-01 9.264164472029377470e-03 -1.506166343830830645e-01
3.975000000000000000e+03 3.595021342693722755e+00 1.016291072003419338e-01 9.258163635616505419e-03 -1.501212881273927546e-01
3.976000000000000000e+03 3.588297598151255485e+00 1.013920993240248758e-01 9.252166168714331604e-03 -1.496269759878698646e-01
3.977000000000000000e+03 3.581589917777337373e+00 1.011562850850392103e-01 9.246172070426165318e-03 -1.491326780160278087e-01
3.978000000000000000e+03 3.574897826507886123e+00 1.009217037454365612e-01 9.240181353206021811e-03 -1.486388620916446190e-01
3.979000000000000000e+03 3.568220720071874297e+00 1.006883958154085462e-01 9.234194042663278548e-03 -1.481459983182833451e-01
3.980000000000000000e+03 3.561557868912738289e+00 1.004562544818960040e-01 9.228210177203856335e-03 -1.476530734130487577e-01
3.981000000000000000e+03 3.554908423143205543e+00 1.002253970214149886e-01 9.222229807559189849e-03 -1.471613049359212777e-01
3.982000000000000000e+03 3.548271418485275941e+00 9.999579337751797470e-02 9.216252996234811090e-03 -1.466704271636818102e-01
3.983000000000000000e+03 3.541653211488598352e+00 9.976734043898528859e-02 9.210279816845183543e-03 -1.461801768038530625e-01
3.984000000000000000e+03 3.535045202210113757e+00 9.954008488474390404e-02 9.204310353307272596e-03 -1.456910358686904772e-01
3.985000000000000000e+03 3.528446127785244357e+00 9.931407461088163913e-02 9.198344699040798128e-03 -1.452020032047286469e-01
3.986000000000000000e+03 3.521854643307513744e+00 9.908928444094224075e-02 9.192382955980208867e-03 -1.447150515331438736e-01
3.987000000000000000e+03 3.515276760031838421e+00 9.886569040283138543e-02 9.186425233594055356e-03 -1.442284419611166713e-01
3.988000000000000000e+03 3.508710999059185820e+00 9.864319543843790006e-02 9.180471647789839942e-03 -1.437426666849533352e-01
3.989000000000000000e+03 3.502148402157085894e+00 9.842200081388578770e-02 9.174522319816805910e-03 -1.432582205050121904e-01
3.990000000000000000e+03 3.495587399616925328e+00 9.820193756043241184e-02 9.168577375096739063e-03 -1.427756008429773293e-01
3.991000000000000000e+03 3.489041249994728311e+00 9.798306073461182653e-02 9.162636941981029681e-03 -1.422938220868570081e-01
3.992000000000000000e+03 3.482500909879847839e+00 9.776535227584744192e-02 9.156701150616248369e-03 -1.418133869443558015e-01
3.993000000000000000e+03 3.475964758841359803e+00 9.754886956485532556e-02 9.150770131663991253e-03 -1.413340579497184557e-01
3.994000000000000000e+03 3.469431182543507131e+00 9.733352256408994707e-02 9.144844015087987346e-03 -1.408570859796833552e-01
3.995000000000000000e+03 3.462898584028868409e+00 9.711937094232839240e-02 9.138922928949773719e-03 -1.403814960888864483e-01
3.996000000000000000e+03 3.456372823068197153e+00 9.690640121431673415e-02 9.133006998252297601e-03 -1.399078016952984560e-01
3.997000000000000000e+03 3.449844941727783443e+00 9.669460101409572961e-02 9.127096343749753829e-03 -1.394357760858209727e-01
3.998000000000000000e+03 3.443320887912916017e+00 9.648388480085788588e-02 9.121191080848804061e-03 -1.389659380976894787e-01
3.999000000000000000e+03 3.436799239895562685e+00 9.627424241482772371e-02 9.115291318645564120e-03 -1.384980664608661260e-01
4.000000000000000000e+03 3.430271215244815153e+00 9.606581334939728878e-02 9.109397158831317870e-03 -1.380319426468260280e-01
4.001000000000000000e+03 3.423742914419228622e+00 9.585844397433519737e-02 9.103508694853173003e-03 -1.375680880642603521e-01
4.002000000000000000e+03 3.417212894134310286e+00 9.565214203305284768e-02 9.097626011086120887e-03 -1.371062614419611969e-01
4.003000000000000000e+03 3.410687179611424202e+00 9.544699353775039363e-02 9.091749182082008857e-03 -1.366462186481821606e-01
4.004000000000000000e+03 3.404149606486169599e+00 9.524293696949603927e-02 9.085878271924424307e-03 -1.361892040376105062e-01
4.005000000000000000e+03 3.397613823949847234e+00 9.503998611506035699e-02 9.080013333694470987e-03 -1.357334934661763026e-01
4.006000000000000000e+03 3.391071299996328836e+00 9.483815576932155822e-02 9.074154409024631079e-03 -1.352810798336902265e-01
4.007000000000000000e+03 3.384521037504149454e+00 9.463746172069055496e-02 9.068301527791779865e-03 -1.348302447639807555e-01
4.008000000000000000e+03 3.377977004233302605e+00 9.443784645264598210e-02 9.062454707874187387e-03 -1.343822441535067191e-01
4.009000000000000000e+03 3.371423563328725947e+00 9.423940197882776926e-02 9.056613955031286509e-03 -1.339361083622649107e-01
4.010000000000000000e+03 3.364867471337802840e+00 9.404207269313442918e-02 9.050779262948309076e-03 -1.334923564280780239e-01
4.011000000000000000e+03 3.358300734998558301e+00 9.384580392048570696e-02 9.044950613311304038e-03 -1.330515104383805380e-01
4.012000000000000000e+03 3.351737750524886206e+00 9.365069046711758938e-02 9.039127976046383572e-03 -1.326126099047057194e-01
4.013000000000000000e+03 3.345170730065401887e+00 9.345667946947118498e-02 9.033311309647195503e-03 -1.321769259850388012e-01
4.014000000000000000e+03 3.338599410730675565e+00 9.326379322722280762e-02 9.027500561587359015e-03 -1.317435045230655188e-01
4.015000000000000000e+03 3.332031049334148953e+00 9.307198061838631298e-02 9.021695668855500214e-03 -1.313121374399560115e-01
4.016000000000000000e+03 3.325450702902933209e+00 9.288133993155148205e-02 9.015896558597807572e-03 -1.308841056229020361e-01
4.017000000000000000e+03 3.318880648626465479e+00 9.269174742977688564e-02 9.010103148808663517e-03 -1.304584648050998441e-01
4.018000000000000000e+03 3.312306092806371449e+00 9.250322874915190008e-02 9.004315349112831240e-03 -1.300350169622800922e-01
4.019000000000000000e+03 3.305734589493337872e+00 9.231581031253628666e-02 8.998533061609954517e-03 -1.296150532050475424e-01
4.020000000000000000e+03 3.299166318385588603e+00 9.212951930995257055e-02 8.992756181811788901e-03 -1.291976396617229295e-01
4.021000000000000000e+03 3.292601504029806669e+00 9.194430939521566759e-02 8.986984599624865330e-03 -1.287825888766361837e-01
4.022000000000000000e+03 3.286040406313879725e+00 9.176020923282687813e-02 8.981218200333261278e-03 -1.283704598680904529e-01
4.023000000000000000e+03 3.279490739044737868e+00 9.157717391059307099e-02 8.975456865647575902e-03 -1.279610725156810902e-01
4.024000000000000000e+03 3.272945374955594566e+00 9.139523348597915209e-02 8.969700474820275701e-03 -1.275542504517985787e-01
4.025000000000000000e+03 3.266412049091525827e+00 9.121434439832890040e-02 8.963948905694020877e-03 -1.271505639516243846e-01
4.026000000000000000e+03 3.259891063766124475e+00 9.103446373133730618e-02 8.958202035821262801e-03 -1.267498443164047917e-01
4.027000000000000000e+03 3.253375278687729910e+00 9.085562347542004702e-02 8.952459743526944291e-03 -1.263519267594153950e-01
4.028000000000000000e+03 3.246879814699096922e+00 9.067785622287488634e-02 8.946721909011093321e-03 -1.259573932894108572e-01
4.029000000000000000e+03 3.240397474318360338e+00 9.050112086299554048e-02 8.940988415356896854e-03 -1.255648242665148295e-01
4.030000000000000000e+03 3.233921017824446409e+00 9.032530256052963280e-02 8.935259149561163017e-03 -1.251754783049668085e-01
4.031000000000000000e+03 3.227465439817973625e+00 9.015058415159676874e-02 8.929534003507955467e-03 -1.247890581518948522e-01
4.032000000000000000e+03 3.221030819534867806e+00 8.997677757055916326e-02 8.923812874837688119e-03 -1.244054935257390276e-01
4.033000000000000000e+03 3.214609741888799554e+00 8.980391809630366984e-02 8.918095667856101166e-03 -1.240248668629025386e-01
4.034000000000000000e+03 3.208209575908943290e+00 8.963204148005982086e-02 8.912382294299683524e-03 -1.236470419257757331e-01
4.035000000000000000e+03 3.201830183829864840e+00 8.946110964029153900e-02 8.906672673962442305e-03 -1.232721095244215664e-01
4.036000000000000000e+03 3.195471344389126500e+00 8.929115920793440075e-02 8.900966735435424104e-03 -1.229000903983272081e-01
4.037000000000000000e+03 3.189125320275058240e+00 8.912207865430182840e-02 8.895264416603551952e-03 -1.225309352269965402e-01
4.038000000000000000e+03 3.182806568212744214e+00 8.895390540360953446e-02 8.889565665038757017e-03 -1.221646732021502840e-01
4.039000000000000000e+03 3.176514594811770120e+00 8.878660296091617221e-02 8.883870438417210830e-03 -1.218012634606462918e-01
4.040000000000000000e+03 3.170241383448586081e+00 8.862013517425144926e-02 8.878178704765329887e-03 -1.214406693623762135e-01
4.041000000000000000e+03 3.163986250441467085e+00 8.845446621337715865e-02 8.872490442574886699e-03 -1.210830070462975278e-01
4.042000000000000000e+03 3.157763273818325001e+00 8.828970911558980950e-02 8.866805640902015659e-03 -1.207281739964155137e-01
4.043000000000000000e+03 3.151556724567887713e+00 8.812568006368244611e-02 8.861124299315348285e-03 -1.203762947210654105e-01
4.044000000000000000e+03 3.145373067361610264e+00 8.796241834960567829e-02 8.855446427719361122e-03 -1.200272007412558350e-01
4.045000000000000000e+03 3.139211250314900781e+00 8.779988921967379900e-02 8.849772046162371342e-03 -1.196809505430526527e-01
4.046000000000000000e+03 3.133070137357753193e+00 8.763813242101030354e-02 8.844101184481608854e-03 -1.193376066899419496e-01
4.047000000000000000e+03 3.126955941421049268e+00 8.747711361407632669e-02 8.838433881926137728e-03 -1.189970129304962904e-01
4.048000000000000000e+03 3.120859944988679135e+00 8.731679863601118918e-02 8.832770186568739829e-03 -1.186592398530054854e-01
4.049000000000000000e+03 3.114795648161279740e+00 8.715707919694577754e-02 8.827110154828437388e-03 -1.183243619844090710e-01
4.050000000000000000e+03 3.108746777164422159e+00 8.699814427771147829e-02 8.821453850718712422e-03 -1.179922348853600644e-01
4.051000000000000000e+03 3.102719263324066556e+00 8.683981493199111057e-02 8.815801345212424464e-03 -1.176628733717740433e-01
4.052000000000000000e+03 3.096711456665813156e+00 8.668207437181864317e-02 8.810152715380050251e-03 -1.173363234731100019e-01
4.053000000000000000e+03 3.090721643776990657e+00 8.652505782770510134e-02 8.804508043625943955e-03 -1.170126417815864628e-01
4.054000000000000000e+03 3.084755511985247001e+00 8.636860345501101710e-02 8.798867416774248940e-03 -1.166917399560877810e-01
4.055000000000000000e+03 3.078803873381879885e+00 8.621277229943279108e-02 8.793230925183980612e-03 -1.163738303543266073e-01
4.056000000000000000e+03 3.072872387471073719e+00 8.605755114419931517e-02 8.787598661785512438e-03 -1.160586831271694930e-01
4.057000000000000000e+03 3.066951857102962364e+00 8.590300105835990685e-02 8.781970721194222451e-03 -1.157465918321113063e-01
4.058000000000000000e+03 3.061047951207315432e+00 8.574896024439125630e-02 8.776347198656903742e-03 -1.154374076747261280e-01
4.059000000000000000e+03 3.055166357336328353e+00 8.559556400431145295e-02 8.770728189187884313e-03 -1.151311337032035892e-01
4.060000000000000000e+03 3.049290505682567431e+00 8.544279902056081677e-02 8.765113786566714263e-03 -1.148278504510632791e-01
4.061000000000000000e+03 3.043426147990128339e+00 8.529057762147948529e-02 8.759504082452376078e-03 -1.145275672965998387e-01
4.062000000000000000e+03 3.037579080974205592e+00 8.513896061400165471e-02 8.753899165454472053e-03 -1.142302223898348235e-01
4.063000000000000000e+03 3.031740297674359930e+00 8.498786013192531630e-02 8.748299120307534080e-03 -1.139359054308970998e-01
4.064000000000000000e+03 3.025915708420460870e+00 8.483733675241479644e-02 8.742704027002768524e-03 -1.136446347485957631e-01
4.065000000000000000e+03 3.020103862790117777e+00 8.468737662804112776e-02 8.737113960083489617e-03 -1.133563572309594925e-01
4.066000000000000000e+03 3.014295955999278132e+00 8.453796575302582883e-02 8.731528987915307405e-03 -1.130711711080871901e-01
4.067000000000000000e+03 3.008498119669355209e+00 8.438908994611832304e-02 8.725949172035365325e-03 -1.127890287524822982e-01
4.068000000000000000e+03 3.002709141771793266e+00 8.424073483357412406e-02 8.720374566585505430e-03 -1.125098851826081409e-01
4.069000000000000000e+03 2.996920470859225638e+00 8.409281154875947184e-02 8.714805217828601458e-03 -1.122338465688977882e-01
4.070000000000000000e+03 2.991145932900966198e+00 8.394545384942514454e-02 8.709241163704169522e-03 -1.119608730412287589e-01
4.071000000000000000e+03 2.985377163792950928e+00 8.379857240000582186e-02 8.703682433535220656e-03 -1.116910014836986487e-01
4.072000000000000000e+03 2.979620752879453160e+00 8.365215188916100275e-02 8.698129047729815516e-03 -1.114242711979986089e-01
4.073000000000000000e+03 2.973861102121702960e+00 8.350617672983197404e-02 8.692581017652569950e-03 -1.111605010026755630e-01
4.074000000000000000e+03 2.968119852968146066e+00 8.336063104295320103e-02 8.687038345554396954e-03 -1.108998091702267652e-01
4.075000000000000000e+03 2.962381602074572129e+00 8.321557292486157775e-02 8.681501024515833262e-03 -1.106420933978418952e-01
4.076000000000000000e+03 2.956645898148137608e+00 8.307098586417500929e-02 8.675969038618865439e-03 -1.103873278995191748e-01
4.077000000000000000e+03 2.950927239532153745e+00 8.292677872593053057e-02 8.670442363076829445e-03 -1.101355633666665224e-01
4.078000000000000000e+03 2.945210500911597862e+00 8.278293430278105269e-02 8.664920964518289456e-03 -1.098867783643190377e-01
4.079000000000000000e+03 2.939510356182359452e+00 8.263958358287305794e-02 8.659404801299504933e-03 -1.096408050130869560e-01
4.080000000000000000e+03 2.933811847020977304e+00 8.249663431676733383e-02 8.653893823977605940e-03 -1.093977746579374716e-01
4.081000000000000000e+03 2.928129804413811321e+00 8.235399385266539696e-02 8.648387975697195348e-03 -1.091575978531921787e-01
4.082000000000000000e+03 2.922456844344185178e+00 8.221179197163400176e-02 8.642887192812583746e-03 -1.089201871845292824e-01
4.083000000000000000e+03 2.916800503156658397e+00 8.206986088804477109e-02 8.637391405470401518e-03 -1.086856058087257298e-01
4.084000000000000000e+03 2.911146088958978417e+00 8.192832950270981240e-02 8.631900538263195810e-03 -1.084537702937672793e-01
4.085000000000000000e+03 2.905508672838345241e+00 8.178717768715468295e-02 8.626414510923460441e-03 -1.082246734441931757e-01
4.086000000000000000e+03 2.899888511208895903e+00 8.164623626906153397e-02 8.620933239091310013e-03 -1.079982357098015350e-01
4.087000000000000000e+03 2.894285894721892127e+00 8.150570700249988587e-02 8.615456635031680521e-03 -1.077744537284382881e-01
4.088000000000000000e+03 2.888693711964820388e+00 8.136541971872295054e-02 8.609984608472717738e-03 -1.075532517349455514e-01
4.089000000000000000e+03 2.883112298128471807e+00 8.122542658026019047e-02 8.604517067426447133e-03 -1.073344815367539840e-01
4.090000000000000000e+03 2.877556855321445894e+00 8.108570493327973971e-02 8.599053918937395527e-03 -1.071182196228397110e-01
4.091000000000000000e+03 2.872012874508447666e+00 8.094623157759640864e-02 8.593595069939646836e-03 -1.069043214367654121e-01
4.092000000000000000e+03 2.866495554505150256e+00 8.080698275346630266e-02 8.588140428063590834e-03 -1.066927927669678727e-01
4.093000000000000000e+03 2.860990367597451289e+00 8.066800841218835227e-02 8.582689902382869065e-03 -1.064834925841125768e-01
4.094000000000000000e+03 2.855512479065188902e+00 8.052928363638341136e-02 8.577243404224698872e-03 -1.062765044281046706e-01
4.095000000000000000e+03 2.850054741821895554e+00 8.039070862764659264e-02 8.571800847868618276e-03 -1.060716163910370019e-01
4.096000000000000000e+03 2.844617403341494821e+00 8.025233154496842769e-02 8.566362151235823452e-03 -1.058688410669085672e-01
4.097000000000000000e+03 2.839200671327842596e+00 8.011419992592856698e-02 8.560927236561807763e-03 -1.056681183803827168e-01
4.098000000000000000e+03 2.833812136634342949e+00 7.997621210826891258e-02 8.555496030956368653e-03 -1.054693155466941562e-01
4.099000000000000000e+03 2.828444483379656482e+00 7.983834006922090054e-02 8.550068466994275793e-03 -1.052725241629827585e-01
4.100000000000000000e+03 2.823097769805841484e+00 7.970070369828904933e-02 8.544644483124211320e-03 -1.050775401778682727e-01
4.101000000000000000e+03 2.817779436112535674e+00 7.956312612599190925e-02 8.539224024147437295e-03 -1.048843948024965472e-01
4.102000000000000000e+03 2.812482050645982667e+00 7.942565681911456510e-02 8.533807041539699656e-03 -1.046930159671214250e-01
4.103000000000000000e+03 2.807212987165387474e+00 7.928834559971487117e-02 8.528393493713775156e-03 -1.045034181902171067e-01
4.104000000000000000e+03 2.801972127099659371e+00 7.915109302850370510e-02 8.522983346222822582e-03 -1.043156172610815724e-01
4.105000000000000000e+03 2.796751858953587799e+00 7.901394752985584080e-02 8.517576571941241556e-03 -1.041296301783435768e-01
4.106000000000000000e+03 2.791559363513200775e+00 7.887688253279090400e-02 8.512173151054836656e-03 -1.039454750850975495e-01
4.107000000000000000e+03 2.786386901339345190e+00 7.873987074627268601e-02 8.506773071072983028e-03 -1.037630226339592010e-01
4.108000000000000000e+03 2.781248956138329564e+00 7.860288415144779661e-02 8.501376326712684409e-03 -1.035823673339292678e-01
4.109000000000000000e+03 2.776130238632115610e+00 7.846604256125119803e-02 8.495982919768697850e-03 -1.034034560591953478e-01
4.110000000000000000e+03 2.771037688005349775e+00 7.832924219594816773e-02 8.490592858846481711e-03 -1.032263108234358767e-01
4.111000000000000000e+03 2.765970762136917838e+00 7.819252709402978174e-02 8.485206159126641029e-03 -1.030507315672418989e-01
4.112000000000000000e+03 2.760928870178436689e+00 7.805586625567760561e-02 8.479822841871466343e-03 -1.028768903452145361e-01
4.113000000000000000e+03 2.755911377331109247e+00 7.791922792035943512e-02 8.474442934176642725e-03 -1.027046626917318267e-01
4.114000000000000000e+03 2.750917610117233014e+00 7.778272812865544283e-02 8.469066468338528469e-03 -1.025341475209116948e-01
4.115000000000000000e+03 2.745946862090395957e+00 7.764625929967963747e-02 8.463693481478566649e-03 -1.023651470563239629e-01
4.116000000000000000e+03 2.740998399922299100e+00 7.750978736070018860e-02 8.458324014845777089e-03 -1.021978352954604069e-01
4.117000000000000000e+03 2.736071469801629075e+00 7.737335174292823969e-02 8.452958113321341893e-03 -1.020320893704838305e-01
4.118000000000000000e+03 2.731165304077669997e+00 7.723699109435251675e-02 8.447595824733419162e-03 -1.018679351610176642e-01
4.119000000000000000e+03 2.726279128079457159e+00 7.710052042587728360e-02 8.442237199242598120e-03 -1.017053986387507769e-01
4.120000000000000000e+03 2.721412167039094498e+00 7.696412537645055951e-02 8.436882288638977018e-03 -1.015443572122366050e-01
4.121000000000000000e+03 2.716563653048577720e+00 7.682769365896099933e-02 8.431531145704298374e-03 -1.013849110567637546e-01
4.122000000000000000e+03 2.711740260328859620e+00 7.669126075909529772e-02 8.426183823530776842e-03 -1.012270116100178335e-01
4.123000000000000000e+03 2.706926398638918485e+00 7.655471279960188169e-02 8.420840374784287555e-03 -1.010706100533255158e-01
4.124000000000000000e+03 2.702136218360773778e+00 7.641823223978039259e-02 8.415500851147134781e-03 -1.009156572275397845e-01
4.125000000000000000e+03 2.697354190086610704e+00 7.628170360649418058e-02 8.410165302581410277e-03 -1.007621778340367230e-01
4.126000000000000000e+03 2.692594537501971530e+00 7.614508491091039055e-02 8.404833776772504400e-03 -1.006101217872961417e-01
4.127000000000000000e+03 2.687841816297295239e+00 7.600848193164840005e-02 8.399506318529769561e-03 -1.004595127038580282e-01
4.128000000000000000e+03 2.683110346258710699e+00 7.587177679727946655e-02 8.394182969194755733e-03 -1.003102249762051756e-01
4.129000000000000000e+03 2.678392217629842254e+00 7.573507368756904334e-02 8.388863766207132339e-03 -1.001623551175209736e-01
4.130000000000000000e+03 2.673687008803396825e+00 7.559825313316650974e-02 8.383548742552551780e-03 -1.000157759908495286e-01
4.131000000000000000e+03 2.668994361698381557e+00 7.546134343395541344e-02 8.378237926452425377e-03 -9.987043387642738357e-02
4.132000000000000000e+03 2.664313984889447262e+00 7.532437209337315698e-02 8.372931340916532975e-03 -9.972642269170749196e-02
4.133000000000000000e+03 2.659638227758728934e+00 7.518729153637274121e-02 8.367629003509497940e-03 -9.958353823039955977e-02
4.134000000000000000e+03 2.654981795749593587e+00 7.505012767831714671e-02 8.362330926053462496e-03 -9.944187237392619616e-02
4.135000000000000000e+03 2.650337181453309654e+00 7.491283136002453713e-02 8.357037114498030300e-03 -9.930129305382699723e-02
4.136000000000000000e+03 2.645704378524459610e+00 7.477550120068855721e-02 8.351747568773198321e-03 -9.916188990331806230e-02
4.137000000000000000e+03 2.641076024819740020e+00 7.463808646647486500e-02 8.346462282779120237e-03 -9.902345422683188347e-02
4.138000000000000000e+03 2.636467114967893099e+00 7.450053564043750132e-02 8.341181244390543856e-03 -9.888599894215482911e-02
4.139000000000000000e+03 2.631863000428328103e+00 7.436301927623936714e-02 8.335904435479093641e-03 -9.874953569083030902e-02
4.140000000000000000e+03 2.627271385813835458e+00 7.422533573345070634e-02 8.330631832140835205e-03 -9.861392623548606573e-02
4.141000000000000000e+03 2.622700041094807144e+00 7.408765401629648084e-02 8.325363404815478569e-03 -9.847910527796555069e-02
4.142000000000000000e+03 2.618127084869952270e+00 7.394991950946132320e-02 8.320099118600789850e-03 -9.834515471340178616e-02
4.143000000000000000e+03 2.613575263992570008e+00 7.381215111626743264e-02 8.314838933509581878e-03 -9.821193218617214893e-02
4.144000000000000000e+03 2.609030237336748659e+00 7.367429269595072994e-02 8.309582804885152704e-03 -9.807936820018085811e-02
4.145000000000000000e+03 2.604499997760057806e+00 7.353636163526718061e-02 8.304330683769291579e-03 -9.794739181405513750e-02
4.146000000000000000e+03 2.599985153456484177e+00 7.339837456976816554e-02 8.299082517355097291e-03 -9.781607918902117393e-02
4.147000000000000000e+03 2.595478922359312435e+00 7.326034738880043973e-02 8.293838249463498027e-03 -9.768520787088114110e-02
4.148000000000000000e+03 2.590989411302134560e+00 7.312222095718957926e-02 8.288597821079532468e-03 -9.755485104272756947e-02
4.149000000000000000e+03 2.586509896496707483e+00 7.298400968769641617e-02 8.283361170864192088e-03 -9.742493181008604619e-02
4.150000000000000000e+03 2.582048530645228102e+00 7.284580154661567108e-02 8.278128235729599951e-03 -9.729537175527619430e-02
4.151000000000000000e+03 2.577598654972689030e+00 7.270753371049668012e-02 8.272898951379597382e-03 -9.716609636646088288e-02
4.152000000000000000e+03 2.573168601674104217e+00 7.256913664319644686e-02 8.267673252927246544e-03 -9.703719991588091731e-02
4.153000000000000000e+03 2.568751878636655661e+00 7.243076144857922560e-02 8.262451075460497743e-03 -9.690855770938415492e-02
4.154000000000000000e+03 2.564349416356210831e+00 7.229226139116599892e-02 8.257232354537052260e-03 -9.678019205251173207e-02
4.155000000000000000e+03 2.559962133435764287e+00 7.215378617064195643e-02 8.252017026890658483e-03 -9.665212367271121263e-02
4.156000000000000000e+03 2.555598359001830744e+00 7.201518766081332901e-02 8.246805030840780731e-03 -9.652422314117380109e-02
4.157000000000000000e+03 2.551244113647874290e+00 7.187646561757818353e-02 8.241596306895013213e-03 -9.639650799498158951e-02
4.158000000000000000e+03 2.546915102563472644e+00 7.173769340270484685e-02 8.236390798193677504e-03 -9.626906844086112469e-02
4.159000000000000000e+03 2.542604712146018020e+00 7.159886942427026724e-02 8.231188450957899888e-03 -9.614169592381226204e-02
4.160000000000000000e+03 2.538313718899191329e+00 7.145991714424856922e-02 8.225989214950737288e-03 -9.601447738013584032e-02
4.161000000000000000e+03 2.534035428707012816e+00 7.132083365335098457e-02 8.220793043845446915e-03 -9.588734951982681720e-02
4.162000000000000000e+03 2.529785386724929364e+00 7.118161539559508810e-02 8.215599895501963026e-03 -9.576024737557826960e-02
4.163000000000000000e+03 2.525549375966494203e+00 7.104233245996388613e-02 8.210409732311959446e-03 -9.563317856650269122e-02
4.164000000000000000e+03 2.521335413368163803e+00 7.090298002183588466e-02 8.205222521398285521e-03 -9.550614899316642314e-02
4.165000000000000000e+03 2.517144034597479152e+00 7.076347835158604271e-02 8.200038234791831582e-03 -9.537916281429843768e-02
4.166000000000000000e+03 2.512968292872078457e+00 7.062389567389375233e-02 8.194856849541869506e-03 -9.525214813816208770e-02
4.167000000000000000e+03 2.508816043448206745e+00 7.048415104270307208e-02 8.189678347789072430e-03 -9.512510556258939320e-02
4.168000000000000000e+03 2.504687658626961966e+00 7.034438576788364095e-02 8.184502716793192259e-03 -9.499795957922077538e-02
4.169000000000000000e+03 2.500576028426654496e+00 7.020451772362716614e-02 8.179329948827199909e-03 -9.487070711009752688e-02
4.170000000000000000e+03 2.496481418558998300e+00 7.006461277546775779e-02 8.174160041096537391e-03 -9.474341747538732317e-02
4.171000000000000000e+03 2.492404043940477099e+00 6.992458765598491555e-02 8.168992995589761594e-03 -9.461600950933203580e-02
4.172000000000000000e+03 2.488351499466745498e+00 6.978443282521633317e-02 8.163828818855668745e-03 -9.448847437557039708e-02
4.173000000000000000e+03 2.484316477918667498e+00 6.964421248071650528e-02 8.158667521752746565e-03 -9.436080124746477893e-02
4.174000000000000000e+03 2.480299058467811513e+00 6.950391600080706167e-02 8.153509119135657693e-03 -9.423290298709441348e-02
4.175000000000000000e+03 2.476299282238522803e+00 6.936345795501223932e-02 8.148353629471777326e-03 -9.410483895766161289e-02
4.176000000000000000e+03 2.472317156633393687e+00 6.922297524859104267e-02 8.143201074509989409e-03 -9.397659213418856072e-02
4.177000000000000000e+03 2.468352660022526734e+00 6.908230714880808643e-02 8.138051478801817951e-03 -9.384806906428230788e-02
4.178000000000000000e+03 2.464398318394073417e+00 6.894158956380241898e-02 8.132904869288515998e-03 -9.371939696295963906e-02
4.179000000000000000e+03 2.460468924011095737e+00 6.880073506912733061e-02 8.127761274808388559e-03 -9.359040368895876760e-02
4.180000000000000000e+03 2.456549542413112963e+00 6.865980433642120129e-02 8.122620725623117682e-03 -9.346121197401537073e-02
4.181000000000000000e+03 2.452640088107477467e+00 6.851878329425475922e-02 8.117483252881656577e-03 -9.333179368393021424e-02
4.182000000000000000e+03 2.448747901883830735e+00 6.837773170657646116e-02 8.112348888118863302e-03 -9.320204406501775285e-02
4.183000000000000000e+03 2.444872899791423748e+00 6.823656033376417074e-02 8.107217662765255767e-03 -9.307207884243991203e-02
4.184000000000000000e+03 2.441000150416908543e+00 6.809525379487633978e-02 8.102089607599458412e-03 -9.294178848493962752e-02
4.185000000000000000e+03 2.437144450502674253e+00 6.795394486296295333e-02 8.096964752254479092e-03 -9.281120959012487126e-02
4.186000000000000000e+03 2.433298331840078266e+00 6.781261734297212851e-02 8.091843124752294905e-03 -9.268037628711932319e-02
4.187000000000000000e+03 2.429469208135444092e+00 6.767118036727796937e-02 8.086724751043319545e-03 -9.254909735821049976e-02
4.188000000000000000e+03 2.425642238087403868e+00 6.752969125836261188e-02 8.081609654526806033e-03 -9.241755048147924645e-02
4.189000000000000000e+03 2.421824899977497392e+00 6.738813269046006749e-02 8.076497855714270466e-03 -9.228561365675901074e-02
4.190000000000000000e+03 2.418017282369753218e+00 6.724656126893314989e-02 8.071389371786405476e-03 -9.215331088713635266e-02
4.191000000000000000e+03 2.414219516127994680e+00 6.710488469210802720e-02 8.066284216305130012e-03 -9.202058931204386283e-02
4.192000000000000000e+03 2.410424349257919374e+00 6.696323318122110457e-02 8.061182398941407756e-03 -9.188754204479221421e-02
4.193000000000000000e+03 2.406639434640920783e+00 6.682158807547872170e-02 8.056083925180142907e-03 -9.175403674540022481e-02
4.194000000000000000e+03 2.402865047125825715e+00 6.668000469506293881e-02 8.050988796201122635e-03 -9.162016131572515987e-02
4.195000000000000000e+03 2.399094085107771335e+00 6.653838950332405244e-02 8.045897008663184524e-03 -9.148585247943714915e-02
4.196000000000000000e+03 2.395326928224405627e+00 6.639687153689120824e-02 8.040808554689880816e-03 -9.135111863400006971e-02
4.197000000000000000e+03 2.391571437756878193e+00 6.625535671739640753e-02 8.035723421807737868e-03 -9.121596557207102551e-02
4.198000000000000000e+03 2.387820671379034199e+00 6.611397356522970281e-02 8.030641592962158362e-03 -9.108047077382221135e-02
4.199000000000000000e+03 2.384075167407444962e+00 6.597262751128496472e-02 8.025563046607396209e-03 -9.094448628518791988e-02
4.200000000000000000e+03 2.380335515057096174e+00 6.583137232724459165e-02 8.020487756844904212e-03 -9.080801015138853516e-02
4.201000000000000000e+03 2.376594946423872479e+00 6.569025934760545915e-02 8.015415693589230881e-03 -9.067118360513533315e-02
4.202000000000000000e+03 2.372869114273046698e+00 6.554925652762405575e-02 8.010346822787594787e-03 -9.053391117810277722e-02
4.203000000000000000e+03 2.369151451940797237e+00 6.540825512742182157e-02 8.005281106783685569e-03 -9.039609207121571122e-02
4.204000000000000000e+03 2.365435432498399937e+00 6.526744336620191045e-02 8.000218504543042675e-03 -9.025777158179799919e-02
4.205000000000000000e+03 2.361729421405022400e+00 6.512663788344762172e-02 7.995158972106035031e-03 -9.011891828485311950e-02
4.206000000000000000e+03 2.358034386981140873e+00 6.498595230332795958e-02 7.990102462897857860e-03 -8.997957263443356890e-02
4.207000000000000000e+03 2.354343895550339294e+00 6.484535154633117027e-02 7.985048928297084833e-03 -8.983962414992076317e-02
4.208000000000000000e+03 2.350658962949891961e+00 6.470487469262224678e-02 7.979998318002619329e-03 -8.969910858882423899e-02
4.209000000000000000e+03 2.346988049061605963e+00 6.456448642774496871e-02 7.974950580536169231e-03 -8.955798513687428242e-02
4.210000000000000000e+03 2.343317338720062537e+00 6.442415133876827626e-02 7.969905663805244497e-03 -8.941621073364956762e-02
4.211000000000000000e+03 2.339662734310225201e+00 6.428398249399618070e-02 7.964863515567386504e-03 -8.927381439948997577e-02
4.212000000000000000e+03 2.336025279710096658e+00 6.414394432152174808e-02 7.959824084010736628e-03 -8.913074871280514400e-02
4.213000000000000000e+03 2.332391154294741753e+00 6.400392690538350693e-02 7.954787318191302789e-03 -8.898696413835277541e-02
4.214000000000000000e+03 2.328768808714582583e+00 6.386411741549877230e-02 7.949753168654758936e-03 -8.884255763965193120e-02
4.215000000000000000e+03 2.325159245606506442e+00 6.372433156865708881e-02 7.944721587888791542e-03 -8.869747559007729043e-02
4.216000000000000000e+03 2.321556013854155331e+00 6.358475647588385238e-02 7.939692530884581018e-03 -8.855166238491447850e-02
4.217000000000000000e+03 2.317974916456472467e+00 6.344528210335767526e-02 7.934665955500937520e-03 -8.840513476914133029e-02
4.218000000000000000e+03 2.314402006810308166e+00 6.330587270208454242e-02 7.929641823016217103e-03 -8.825790759760518411e-02
4.219000000000000000e+03 2.310838153868924216e+00 6.316664110367076201e-02 7.924620098469871421e-03 -8.810999387734835819e-02
4.220000000000000000e+03 2.307291609223785400e+00 6.302755159836329057e-02 7.919600751089599100e-03 -8.796133052528304352e-02
4.221000000000000000e+03 2.303763146260368710e+00 6.288849423067370548e-02 7.914583754543437488e-03 -8.781185269113014891e-02
4.222000000000000000e+03 2.300238628133238095e+00 6.274965622870094795e-02 7.909569087358708783e-03 -8.766164236230997164e-02
4.223000000000000000e+03 2.296733574701742775e+00 6.261092774808187100e-02 7.904556733038839780e-03 -8.751070554916454136e-02
4.224000000000000000e+03 2.293241161456155641e+00 6.247227330121015582e-02 7.899546680293372328e-03 -8.735889803517048191e-02
4.225000000000000000e+03 2.289761930869521400e+00 6.233373176887480049e-02 7.894538923184554399e-03 -8.720629682593619703e-02
4.226000000000000000e+03 2.286296362594433251e+00 6.219534212829889996e-02 7.889533461198142833e-03 -8.705297732795329313e-02
4.227000000000000000e+03 2.282844872623772670e+00 6.205714346460045050e-02 7.884530299232500594e-03 -8.689886480830275040e-02
4.228000000000000000e+03 2.279407813075631228e+00 6.191902641507501109e-02 7.879529447577610091e-03 -8.674395726953838814e-02
4.229000000000000000e+03 2.275985472607368720e+00 6.178110459788162256e-02 7.874530921830895716e-03 -8.658832547169667548e-02
4.230000000000000000e+03 2.272570649106026686e+00 6.164334320560909547e-02 7.869534742718365186e-03 -8.643203866824894499e-02
4.231000000000000000e+03 2.269170936397646443e+00 6.150570758318215508e-02 7.864540935908609018e-03 -8.627501605646185900e-02
4.232000000000000000e+03 2.265786441458675693e+00 6.136838608921869193e-02 7.859549531676944187e-03 -8.611724964260457360e-02
4.233000000000000000e+03 2.262409787259356264e+00 6.123119583855154285e-02 7.854560564687069688e-03 -8.595887853852562932e-02
4.234000000000000000e+03 2.259048401212073731e+00 6.109417698085089360e-02 7.849574073515004635e-03 -8.579981755476284722e-02
4.235000000000000000e+03 2.255694805688754467e+00 6.095744414383029441e-02 7.844590100358865559e-03 -8.564012862706499307e-02
4.236000000000000000e+03 2.252356335821716904e+00 6.082081502601083961e-02 7.839608690483730602e-03 -8.547972368975495505e-02
4.237000000000000000e+03 2.249025430940557957e+00 6.068447895823479016e-02 7.834629891758770198e-03 -8.531873609908167955e-02
4.238000000000000000e+03 2.245694496498668702e+00 6.054832836199143531e-02 7.829653754126602097e-03 -8.515714922041171808e-02
4.239000000000000000e+03 2.242385623036339481e+00 6.041240446007412751e-02 7.824680329083693112e-03 -8.499487071552684625e-02
4.240000000000000000e+03 2.239076308519183822e+00 6.027667443561097321e-02 7.819709669066922733e-03 -8.483202967971879838e-02
4.241000000000000000e+03 2.235773747899827413e+00 6.014125429186436417e-02 7.814741826888545531e-03 -8.466860522695252023e-02
4.242000000000000000e+03 2.232477697582779808e+00 6.000596316033077193e-02 7.809776855154909603e-03 -8.450472362652569625e-02
4.243000000000000000e+03 2.229187910082265578e+00 5.987106614475300181e-02 7.804814805617451418e-03 -8.434028688827106823e-02
4.244000000000000000e+03 2.225904140356103511e+00 5.973630864426038994e-02 7.799855728654212991e-03 -8.417541846697193519e-02
4.245000000000000000e+03 2.222626152099276275e+00 5.960188204754160446e-02 7.794899672603080101e-03 -8.401009184889073056e-02
4.246000000000000000e+03 2.219346295581235751e+00 5.946775518960554369e-02 7.789946683253447593e-03 -8.384442769085773128e-02
4.247000000000000000e+03 2.216071798711945817e+00 5.933397149399970844e-02 7.784996803255771550e-03 -8.367839669302416794e-02
4.248000000000000000e+03 2.212802487770881399e+00 5.920042613019770722e-02 7.780050071656590543e-03 -8.351196817391393079e-02
4.249000000000000000e+03 2.209530792889167206e+00 5.906716315541680334e-02 7.775106523359608633e-03 -8.334518436416288312e-02
4.250000000000000000e+03 2.206264038225253188e+00 5.893430123860520647e-02 7.770166188735014821e-03 -8.317816041886329226e-02
4.251000000000000000e+03 2.203002160170496992e+00 5.880166121102396032e-02 7.765229093174413726e-03 -8.301085480666073324e-02
4.252000000000000000e+03 2.199730278878064826e+00 5.866935722352936006e-02 7.760295256746382354e-03 -8.284319756862006112e-02
4.253000000000000000e+03 2.196463276469155623e+00 5.853742845377003096e-02 7.755364693979620132e-03 -8.267525923105981112e-02
4.254000000000000000e+03 2.193201231569363863e+00 5.840576586884532739e-02 7.750437413487252895e-03 -8.250696046976184472e-02
4.255000000000000000e+03 2.189929421899314388e+00 5.827440936570978808e-02 7.745513417903229260e-03 -8.233836927042433029e-02
4.256000000000000000e+03 2.186662896344627960e+00 5.814347349406516485e-02 7.740592703692122066e-03 -8.216940382417721456e-02
4.257000000000000000e+03 2.183394477825431501e+00 5.801285032838137540e-02 7.735675261179046289e-03 -8.200027826149874910e-02
4.258000000000000000e+03 2.180124477353636792e+00 5.788250660792776392e-02 7.730761074452914376e-03 -8.183075985349395898e-02
4.259000000000000000e+03 2.176853265661702785e+00 5.775263230936899389e-02 7.725850121580909655e-03 -8.166106045358866028e-02
4.260000000000000000e+03 2.173588700850270783e+00 5.762304638439109949e-02 7.720942374622287788e-03 -8.149101942191028236e-02
4.261000000000000000e+03 2.170316413605320349e+00 5.749386531647154852e-02 7.716037799928556797e-03 -8.132069793969486093e-02
4.262000000000000000e+03 2.167051803597461745e+00 5.736505742503158339e-02 7.711136358390050655e-03 -8.115008192480561988e-02
4.263000000000000000e+03 2.163780609973511293e+00 5.723666572090956722e-02 7.706238005766094870e-03 -8.097923065141859889e-02
4.264000000000000000e+03 2.160510906470273884e+00 5.710858506060503825e-02 7.701342693100632353e-03 -8.080797967157411776e-02
4.265000000000000000e+03 2.157243384074029269e+00 5.698085928490524005e-02 7.696450367151755692e-03 -8.063653514164043079e-02
4.266000000000000000e+03 2.153986203215217277e+00 5.685353265625717883e-02 7.691560970937889180e-03 -8.046465676473552042e-02
4.267000000000000000e+03 2.150717846987323156e+00 5.672664986309212259e-02 7.686674444209236345e-03 -8.029247497263464206e-02
4.268000000000000000e+03 2.147461399142513994e+00 5.660003317333334866e-02 7.681790724111768782e-03 -8.011997100655157689e-02
4.269000000000000000e+03 2.144210254658470927e+00 5.647387670637361856e-02 7.676909745766874460e-03 -7.994712555144033173e-02
4.270000000000000000e+03 2.140957826841350276e+00 5.634807788527004813e-02 7.672031442968656710e-03 -7.977399308813912238e-02
4.271000000000000000e+03 2.137712397423057187e+00 5.622268314143370749e-02 7.667155748792978294e-03 -7.960055339628151205e-02
4.272000000000000000e+03 2.134467396316283239e+00 5.609773935098292391e-02 7.662282596381026455e-03 -7.942686019202614689e-02
4.273000000000000000e+03 2.131231107998689644e+00 5.597314527109512050e-02 7.657411919587195706e-03 -7.925281834871127085e-02
4.274000000000000000e+03 2.128004379342796515e+00 5.584894867716144740e-02 7.652543653690134506e-03 -7.907848110228851701e-02
4.275000000000000000e+03 2.124788040815186907e+00 5.572512351526644203e-02 7.647677736117267262e-03 -7.890390155545115580e-02
4.276000000000000000e+03 2.121575471017090209e+00 5.560179275558851247e-02 7.642814107104419462e-03 -7.872905846465397262e-02
4.277000000000000000e+03 2.118374874738763847e+00 5.547878269404361157e-02 7.637952710432596368e-03 -7.855393059334418726e-02
4.278000000000000000e+03 2.115179562748662700e+00 5.535621722297443675e-02 7.633093493989044631e-03 -7.837849678017580479e-02
4.279000000000000000e+03 2.111990230289376935e+00 5.523399784901911885e-02 7.628236410436672540e-03 -7.820288457280827332e-02
4.280000000000000000e+03 2.108822379198315389e+00 5.511224939644814025e-02 7.623381417774703107e-03 -7.802692459158015736e-02
4.281000000000000000e+03 2.105654313616252438e+00 5.499087430830573026e-02 7.618528479876009868e-03 -7.785074486002571681e-02
4.282000000000000000e+03 2.102501418102767694e+00 5.486984978246919192e-02 7.613677566950174426e-03 -7.767439944720563871e-02
4.283000000000000000e+03 2.099364154307794550e+00 5.474930205704742203e-02 7.608828655952602771e-03 -7.749779424119346283e-02
4.284000000000000000e+03 2.096235485009572130e+00 5.462920927810439864e-02 7.603981730966076838e-03 -7.732098413699804718e-02
4.285000000000000000e+03 2.093115727115200553e+00 5.450947578474386879e-02 7.599136783514622365e-03 -7.714402452017660172e-02
4.286000000000000000e+03 2.090012548615319155e+00 5.439015496114253667e-02 7.594293812724424442e-03 -7.696697131374316547e-02
4.287000000000000000e+03 2.086918681179360746e+00 5.427122638729642984e-02 7.589452825541169283e-03 -7.678988102153723461e-02
4.288000000000000000e+03 2.083841631923521120e+00 5.415281869073617499e-02 7.584613836755811807e-03 -7.661266220068410626e-02
4.289000000000000000e+03 2.080773969119649625e+00 5.403476384648410458e-02 7.579776869045358988e-03 -7.643537263121870373e-02
4.290000000000000000e+03 2.077715607115580010e+00 5.391719144595594204e-02 7.574941952866461915e-03 -7.625814506398188863e-02
4.291000000000000000e+03 2.074673806970911194e+00 5.380000871313241756e-02 7.570109126292644090e-03 -7.608081583069913056e-02
4.292000000000000000e+03 2.071648321160451278e+00 5.368327192254239433e-02 7.565278434841771031e-03 -7.590359341904551194e-02
4.293000000000000000e+03 2.068623967387963614e+00 5.356688926566355313e-02 7.560449931096628086e-03 -7.572638994054907424e-02
4.294000000000000000e+03 2.065615201597217787e+00 5.345099226858777974e-02 7.555623674352546053e-03 -7.554919256377404246e-02
4.295000000000000000e+03 2.062621551503939887e+00 5.333556437443986997e-02 7.550799730212767388e-03 -7.537213780963163134e-02
4.296000000000000000e+03 2.059627620923019542e+00 5.322051522674788732e-02 7.545978170007068379e-03 -7.519521442561974411e-02
4.297000000000000000e+03 2.056647664854950097e+00 5.310582923601929461e-02 7.541159070244204954e-03 -7.501841195757720515e-02
4.298000000000000000e+03 2.053681024983134762e+00 5.299163986262427767e-02 7.536342512001809567e-03 -7.484179503475220374e-02
4.299000000000000000e+03 2.050719564187823973e+00 5.287785819856206243e-02 7.531528580154466142e-03 -7.466542908478372709e-02
4.300000000000000000e+03 2.047762529919352481e+00 5.276454438383746531e-02 7.526717362767764222e-03 -7.448938032964812217e-02
4.301000000000000000e+03 2.044816543676148957e+00 5.265161112058967807e-02 7.521908950221803045e-03 -7.431356283314090316e-02
4.302000000000000000e+03 2.041873270530117246e+00 5.253912275337541127e-02 7.517103434477732243e-03 -7.413809677328773995e-02
4.303000000000000000e+03 2.038931764919295286e+00 5.242707046921852437e-02 7.512300908228295923e-03 -7.396295015079251689e-02
4.304000000000000000e+03 2.035998496344011865e+00 5.231544592994825937e-02 7.507501464058420788e-03 -7.378809172317646325e-02
4.305000000000000000e+03 2.033072500882031175e+00 5.220424127005884873e-02 7.502705193599929628e-03 -7.361356527531755234e-02
4.306000000000000000e+03 2.030137961138057001e+00 5.209344909434163867e-02 7.497912186673651169e-03 -7.343934103886830267e-02
4.307000000000000000e+03 2.027208784648493634e+00 5.198313675874963180e-02 7.493122530479577430e-03 -7.326546424547203396e-02
4.308000000000000000e+03 2.024284042006439410e+00 5.187329780058229367e-02 7.488336308728723092e-03 -7.309190654598696213e-02
4.309000000000000000e+03 2.021355403281476004e+00 5.176385193534983886e-02 7.483553600886157231e-03 -7.291871456405629726e-02
4.310000000000000000e+03 2.018422002553310168e+00 5.165486790399555911e-02 7.478774481353935542e-03 -7.274586131668230038e-02
4.311000000000000000e+03 2.015490445430966560e+00 5.154626633520482254e-02 7.473999018848375385e-03 -7.257332048647303913e-02
4.312000000000000000e+03 2.012559959482465466e+00 5.143819115923559115e-02 7.469227275586068013e-03 -7.240121497878591883e-02
4.313000000000000000e+03 2.009622400904286899e+00 5.133056390275118896e-02 7.464459306755910281e-03 -7.222951977984334859e-02
4.314000000000000000e+03 2.006677117363387719e+00 5.122338081852327585e-02 7.459695159964312323e-03 -7.205821051799038424e-02
4.315000000000000000e+03 2.003730953546656313e+00 5.111663859749612793e-02 7.454934874658578937e-03 -7.188733774387925934e-02
4.316000000000000000e+03 2.000783399361323323e+00 5.101040864743659753e-02 7.450178481793797575e-03 -7.171695264645566725e-02
4.317000000000000000e+03 1.997826594134735290e+00 5.090453995403378118e-02 7.445426003409289992e-03 -7.154695848818785897e-02
4.318000000000000000e+03 1.994867615118914861e+00 5.079925334363592088e-02 7.440677452450947943e-03 -7.137748202818916532e-02
4.319000000000000000e+03 1.991906195109332867e+00 5.069432435940392917e-02 7.435932832511682987e-03 -7.120842782994998843e-02
4.320000000000000000e+03 1.988934724298883960e+00 5.058990037416243729e-02 7.431192137813394036e-03 -7.103984969104953917e-02
4.321000000000000000e+03 1.985960536344249183e+00 5.048590631664536671e-02 7.426455353141243887e-03 -7.087172780839914865e-02
4.322000000000000000e+03 1.982983623476683777e+00 5.038241608299087737e-02 7.421722453966691016e-03 -7.070411736453040275e-02
4.323000000000000000e+03 1.979996635803358496e+00 5.027935539660370601e-02 7.416993406600576322e-03 -7.053692569993477712e-02
4.324000000000000000e+03 1.977014593149268418e+00 5.017679893583815859e-02 7.412268168471021490e-03 -7.037028375708388739e-02
4.325000000000000000e+03 1.974022884197463190e+00 5.007467319346731172e-02 7.407546688522974841e-03 -7.020402612579614010e-02
4.326000000000000000e+03 1.971021833349679397e+00 4.997297932070650373e-02 7.402828907535980579e-03 -7.003835962793196479e-02
4.327000000000000000e+03 1.968026696680262200e+00 4.987179312035983775e-02 7.398114758755841916e-03 -6.987312051908488308e-02
4.328000000000000000e+03 1.965023087016222414e+00 4.977096790601897441e-02 7.393404168428874268e-03 -6.970844307955248453e-02
4.329000000000000000e+03 1.962026395191308170e+00 4.967065447960841706e-02 7.388697056490986861e-03 -6.954423967226294745e-02
4.330000000000000000e+03 1.959022357014551963e+00 4.957085542338742629e-02 7.383993337232950920e-03 -6.938057220529623981e-02
4.331000000000000000e+03 1.956019044868112955e+00 4.947142509273661642e-02 7.379292920192343300e-03 -6.921742932865956877e-02
4.332000000000000000e+03 1.953017146889659106e+00 4.937244102656841716e-02 7.374595710911161818e-03 -6.905487505069399234e-02
4.333000000000000000e+03 1.950024815761960406e+00 4.927390680604089301e-02 7.369901611868746524e-03 -6.889282593834082646e-02
4.334000000000000000e+03 1.947027946980375290e+00 4.917582633085170601e-02 7.365210523348392907e-03 -6.873127402000263342e-02
4.335000000000000000e+03 1.944034740279655837e+00 4.907812952839761544e-02 7.360522344427785323e-03 -6.857036112219534740e-02
4.336000000000000000e+03 1.941053405648125674e+00 4.898089519697067240e-02 7.355836973959048106e-03 -6.840993322214586336e-02
4.337000000000000000e+03 1.938069869165099934e+00 4.888412814798375611e-02 7.351154311506121614e-03 -6.825006048610600395e-02
4.338000000000000000e+03 1.935099762252103339e+00 4.878775919866462640e-02 7.346474258340212476e-03 -6.809081447232581685e-02
4.339000000000000000e+03 1.932136414019860249e+00 4.869179373178018216e-02 7.341796718411849366e-03 -6.793204533320239269e-02
4.340000000000000000e+03 1.929180555556837762e+00 4.859623740487446775e-02 7.337121599325709988e-03 -6.777390185132854683e-02
4.341000000000000000e+03 1.926232882643645894e+00 4.850109614313237449e-02 7.332448813193892523e-03 -6.761623722148606130e-02
4.342000000000000000e+03 1.923301475432687591e+00 4.840637613216101226e-02 7.327778277595941962e-03 -6.745920336657250382e-02
4.343000000000000000e+03 1.920372076727848487e+00 4.831200952740279803e-02 7.323109916401475059e-03 -6.730265671507779102e-02
4.344000000000000000e+03 1.917460082549684142e+00 4.821807729762086353e-02 7.318443660548980094e-03 -6.714667822850159395e-02
4.345000000000000000e+03 1.914565964660416952e+00 4.812451208395252672e-02 7.313779448742552085e-03 -6.699127630668871847e-02
4.346000000000000000e+03 1.911682692128183980e+00 4.803132104343328657e-02 7.309117228194324939e-03 -6.683638682410003584e-02
4.347000000000000000e+03 1.908810581898208403e+00 4.793851155874828684e-02 7.304456955128030456e-03 -6.668217029594228351e-02
4.348000000000000000e+03 1.905957293384855644e+00 4.784609123142434528e-02 7.299798595346451528e-03 -6.652849192182545834e-02
4.349000000000000000e+03 1.903115538790412620e+00 4.775399359172714797e-02 7.295142124574232126e-03 -6.637536731045666494e-02
4.350000000000000000e+03 1.900292792704322054e+00 4.766230094250047122e-02 7.290487528860462377e-03 -6.622296249876194474e-02
4.351000000000000000e+03 1.897488988635529950e+00 4.757094859672240245e-02 7.285834804737493370e-03 -6.607107474977912120e-02
4.352000000000000000e+03 1.894696470529382504e+00 4.747987757209137794e-02 7.281183959400226897e-03 -6.591995198480209150e-02
4.353000000000000000e+03 1.891922323181094434e+00 4.738925330112470774e-02 7.276535010699078550e-03 -6.576939908144506519e-02
4.354000000000000000e+03 1.889158674174427954e+00 4.729894426227212317e-02 7.271887987114922236e-03 -6.561944565624554249e-02
4.355000000000000000e+03 1.886419836444039877e+00 4.720896767472121391e-02 7.267242927540111704e-03 -6.547019749181016979e-02
4.356000000000000000e+03 1.883690311591261768e+00 4.711941520868680178e-02 7.262599881026547514e-03 -6.532161367515913752e-02
4.357000000000000000e+03 1.880976791049611796e+00 4.703015584528967563e-02 7.257958906375174685e-03 -6.517365514872280885e-02
4.358000000000000000e+03 1.878271017974995294e+00 4.694120728788925279e-02 7.253320071742878732e-03 -6.502635897273134624e-02
4.359000000000000000e+03 1.875586933538295753e+00 4.685266167256796344e-02 7.248683454019463207e-03 -6.487976401588779751e-02
4.360000000000000000e+03 1.872908683877853919e+00 4.676446271155817319e-02 7.244049138189085843e-03 -6.473383664145236638e-02
4.361000000000000000e+03 1.870250053123864165e+00 4.667662853770528086e-02 7.239417216605687107e-03 -6.458869352288236498e-02
4.362000000000000000e+03 1.867595043584059811e+00 4.658917741493388137e-02 7.234787788179472545e-03 -6.444415590393977322e-02
4.363000000000000000e+03 1.864949881887223881e+00 4.650197916516968233e-02 7.230160957525909489e-03 -6.430034382399260617e-02
4.364000000000000000e+03 1.862320742261277973e+00 4.641520086333984080e-02 7.225536833981114487e-03 -6.415730465430276308e-02
4.365000000000000000e+03 1.859691470373674438e+00 4.632878684675300479e-02 7.220915530621125657e-03 -6.401493876522823534e-02
4.366000000000000000e+03 1.857075591157082206e+00 4.624268155940859659e-02 7.216297163298812829e-03 -6.387337089187344885e-02
4.367000000000000000e+03 1.854464320129653565e+00 4.615690382944927228e-02 7.211681849445416084e-03 -6.373257866220316536e-02
4.368000000000000000e+03 1.851856286876126134e+00 4.607147257930710449e-02 7.207069707090175449e-03 -6.359254110797725457e-02
4.369000000000000000e+03 1.849250116993699455e+00 4.598633253599074266e-02 7.202460853660872832e-03 -6.345316432376987836e-02
4.370000000000000000e+03 1.846651870859589817e+00 4.590157707513134455e-02 7.197855404948529101e-03 -6.331465282601246580e-02
4.371000000000000000e+03 1.844052769020565696e+00 4.581715108060525204e-02 7.193253473908925270e-03 -6.317684094262172867e-02
4.372000000000000000e+03 1.841451487611107440e+00 4.573307378838068621e-02 7.188655169672935816e-03 -6.303986130553305978e-02
4.373000000000000000e+03 1.838846740198469387e+00 4.564929021297191997e-02 7.184060596371778275e-03 -6.290362480785413601e-02
4.374000000000000000e+03 1.836244716060946969e+00 4.556581970760423261e-02 7.179469852192419017e-03 -6.276819196383263966e-02
4.375000000000000000e+03 1.833636804702591494e+00 4.548268167390110556e-02 7.174883028338210206e-03 -6.263355000222688151e-02
4.376000000000000000e+03 1.831029318366210301e+00 4.539989555487718154e-02 7.170300208142351556e-03 -6.249968709565256741e-02
4.377000000000000000e+03 1.828413787202587848e+00 4.531733226088251187e-02 7.165721466162192077e-03 -6.236666659190049505e-02
4.378000000000000000e+03 1.825796680617241874e+00 4.523515986341237333e-02 7.161146867398506498e-03 -6.223440411415669810e-02
4.379000000000000000e+03 1.823177129463265045e+00 4.515332360322923261e-02 7.156576466630718870e-03 -6.210303893218501597e-02
4.380000000000000000e+03 1.820546932510609173e+00 4.507169445004597513e-02 7.152010307692934811e-03 -6.197241393459311520e-02
4.381000000000000000e+03 1.817912847128313691e+00 4.499044051236039676e-02 7.147448423092380397e-03 -6.184266985774286574e-02
4.382000000000000000e+03 1.815266880619049727e+00 4.490943276193502809e-02 7.142890833440511747e-03 -6.171372526562840521e-02
4.383000000000000000e+03 1.812623435762351187e+00 4.482876501051102219e-02 7.138337547202329263e-03 -6.158557365264082789e-02
4.384000000000000000e+03 1.809967315169418667e+00 4.474838248444599348e-02 7.133788560494654443e-03 -6.145820913316788620e-02
4.385000000000000000e+03 1.807305721526422992e+00 4.466823038384345329e-02 7.129243856954208501e-03 -6.133170070263073426e-02
4.386000000000000000e+03 1.804631116596772111e+00 4.458840244158436550e-02 7.124703407728194549e-03 -6.120596936906620711e-02
4.387000000000000000e+03 1.801958362676172376e+00 4.450884378123864255e-02 7.120167171629231823e-03 -6.108101099050482208e-02
4.388000000000000000e+03 1.799272722792722767e+00 4.442957375946066101e-02 7.115635095382304848e-03 -6.095682198287046688e-02
4.389000000000000000e+03 1.796589285115852919e+00 4.435053739088015701e-02 7.111107113935511391e-03 -6.083339931605544204e-02
4.390000000000000000e+03 1.793893532734077034e+00 4.427175390696334867e-02 7.106583150905711188e-03 -6.071074051446990333e-02
4.391000000000000000e+03 1.791193337686059373e+00 4.419324246429699732e-02 7.102063119176730589e-03 -6.058876937857977929e-02
4.392000000000000000e+03 1.788489242175125060e+00 4.411502213641588926e-02 7.097546921575314041e-03 -6.046755884458470537e-02
4.393000000000000000e+03 1.785789308967545397e+00 4.403703762225174428e-02 7.093034451537171166e-03 -6.034703386370310341e-02
4.394000000000000000e+03 1.783079400825594796e+00 4.395923352145127139e-02 7.088525594046521210e-03 -6.022726855306883426e-02
4.395000000000000000e+03 1.780367742643066187e+00 4.388170289339693442e-02 7.084020226501880520e-03 -6.010811479866508961e-02
4.396000000000000000e+03 1.777662627698132436e+00 4.380439011521962411e-02 7.079518219742129796e-03 -5.998964797996413773e-02
4.397000000000000000e+03 1.774950123255227163e+00 4.372731372449045750e-02 7.075019439062104482e-03 -5.987179557857131434e-02
4.398000000000000000e+03 1.772246059101463267e+00 4.365041784438248446e-02 7.070523745413073713e-03 -5.975463434098917531e-02
4.399000000000000000e+03 1.769544018702073007e+00 4.357379502663435294e-02 7.066030996496484341e-03 -5.963794460811035897e-02
4.400000000000000000e+03 1.766845041826574647e+00 4.349731482655617293e-02 7.061541047971986798e-03 -5.952195318232504639e-02
4.401000000000000000e+03 1.764157611781682844e+00 4.342107034668847565e-02 7.057053754682522835e-03 -5.940644590645099976e-02
4.402000000000000000e+03 1.761467925645244570e+00 4.334493507853406924e-02 7.052568971859980891e-03 -5.929152237579114054e-02
4.403000000000000000e+03 1.758791886525485237e+00 4.326908033026122258e-02 7.048086556420040533e-03 -5.917721271092071800e-02
4.404000000000000000e+03 1.756123095527972522e+00 4.319338010212506185e-02 7.043606368112397334e-03 -5.906339935957972964e-02
4.405000000000000000e+03 1.753469982350941425e+00 4.311793106445324653e-02 7.039128270779401036e-03 -5.895011426288965933e-02
4.406000000000000000e+03 1.750826080966734644e+00 4.304260685046393253e-02 7.034652133474874995e-03 -5.883746460293717839e-02
4.407000000000000000e+03 1.748192304095918637e+00 4.296750375129186617e-02 7.030177831606402097e-03 -5.872540998118741529e-02
4.408000000000000000e+03 1.745576933072683135e+00 4.289256929276391572e-02 7.025705248025361678e-03 -5.861391101227005768e-02
4.409000000000000000e+03 1.742973323196855606e+00 4.281782508050980401e-02 7.021234274000424241e-03 -5.850292934798059785e-02
4.410000000000000000e+03 1.740389608168063429e+00 4.274329251134607183e-02 7.016764810130159125e-03 -5.839250198131412661e-02
4.411000000000000000e+03 1.737818978433462780e+00 4.266899276836961380e-02 7.012296767249436187e-03 -5.828266698020555248e-02
4.412000000000000000e+03 1.735261958784320102e+00 4.259479824943540605e-02 7.007830067157618491e-03 -5.817331493366290074e-02
4.413000000000000000e+03 1.732726401770088964e+00 4.252080398043251580e-02 7.003364643260516671e-03 -5.806456037815792975e-02
4.414000000000000000e+03 1.730212625346973176e+00 4.244703047732395484e-02 6.998900441127891767e-03 -5.795637038436501215e-02
4.415000000000000000e+03 1.727713408217464330e+00 4.237334945898062200e-02 6.994437418949730860e-03 -5.784863884014346258e-02
4.416000000000000000e+03 1.725228842909010574e+00 4.229992954486069823e-02 6.989975547849947533e-03 -5.774148357891778494e-02
4.417000000000000000e+03 1.722773761579194485e+00 4.222664198391636037e-02 6.985514812116264821e-03 -5.763487495143215789e-02
4.418000000000000000e+03 1.720325736123546223e+00 4.215350635287364034e-02 6.981055209253208410e-03 -5.752878437662855421e-02
4.419000000000000000e+03 1.717906789710716309e+00 4.208054198672828844e-02 6.976596749968399722e-03 -5.742318432013054919e-02
4.420000000000000000e+03 1.715497228732344448e+00 4.200769369301436684e-02 6.972139458034239470e-03 -5.731804826738484682e-02
4.421000000000000000e+03 1.713109185411023860e+00 4.193505460044442967e-02 6.967683369927390492e-03 -5.721349925832118488e-02
4.422000000000000000e+03 1.710738336578143226e+00 4.186256902309859473e-02 6.963228534542525820e-03 -5.710943843239809498e-02
4.423000000000000000e+03 1.708384707198783659e+00 4.179025530957173468e-02 6.958775012575249379e-03 -5.700584211983271421e-02
4.424000000000000000e+03 1.706046732892534834e+00 4.171805727464285296e-02 6.954322875998669197e-03 -5.690283607743592403e-02
4.425000000000000000e+03 1.703724237485772619e+00 4.164606704887836158e-02 6.949872207203633759e-03 -5.680024973506975910e-02
4.426000000000000000e+03 1.701415468842266243e+00 4.157415366019388131e-02 6.945423098262599494e-03 -5.669813612336193492e-02
4.427000000000000000e+03 1.699120078269195533e+00 4.150240873426475768e-02 6.940975649952864368e-03 -5.659654896192473778e-02
4.428000000000000000e+03 1.696836158066775901e+00 4.143077507650946151e-02 6.936529970749778611e-03 -5.649546831107420120e-02
4.429000000000000000e+03 1.694563965338031775e+00 4.135926952221077868e-02 6.932086175760365093e-03 -5.639487478686808913e-02
4.430000000000000000e+03 1.692300732435539468e+00 4.128790865277504052e-02 6.927644385569899955e-03 -5.629474948976763427e-02
4.431000000000000000e+03 1.690046620499024543e+00 4.121663451216331375e-02 6.923204724951048487e-03 -5.619507393069476248e-02
4.432000000000000000e+03 1.687799530933550063e+00 4.114553745724623679e-02 6.918767321705359546e-03 -5.609590423850858293e-02
4.433000000000000000e+03 1.685558088435873403e+00 4.107455902383555513e-02 6.914332305327345468e-03 -5.599722251543898244e-02
4.434000000000000000e+03 1.683321652936688340e+00 4.100371477723056823e-02 6.909899805694232414e-03 -5.589901104187734726e-02
4.435000000000000000e+03 1.681088846018719440e+00 4.093294574525449536e-02 6.905469951771421241e-03 -5.580125219722624486e-02
4.436000000000000000e+03 1.678857563039377165e+00 4.086234126891368640e-02 6.901042870211851823e-03 -5.570400266415324181e-02
4.437000000000000000e+03 1.676627213680323303e+00 4.079176758484700377e-02 6.896618684145454890e-03 -5.560724478293511963e-02
4.438000000000000000e+03 1.674396505297334414e+00 4.072138780991586132e-02 6.892197511860595656e-03 -5.551088647385283431e-02
4.439000000000000000e+03 1.672163454474502098e+00 4.065114195670266328e-02 6.887779465535331762e-03 -5.541505829518814791e-02
4.440000000000000000e+03 1.669927626674799104e+00 4.058096978388799764e-02 6.883364650103879039e-03 -5.531959338479926214e-02
4.441000000000000000e+03 1.667687918367482425e+00 4.051088507965190655e-02 6.878953162090402015e-03 -5.522462165686830432e-02
4.442000000000000000e+03 1.665443309881094125e+00 4.044090137797101692e-02 6.874545088533156635e-03 -5.513004974920054230e-02
4.443000000000000000e+03 1.663192131878261870e+00 4.037103195824674751e-02 6.870140506063480458e-03 -5.503593237606730498e-02
4.444000000000000000e+03 1.660933559537387305e+00 4.030128984493643735e-02 6.865739479983801880e-03 -5.494224941696439213e-02
4.445000000000000000e+03 1.658668363020782133e+00 4.023161352356051379e-02 6.861342063453351389e-03 -5.484890586029613629e-02
4.446000000000000000e+03 1.656393714309064569e+00 4.016208979049268324e-02 6.856948296906685732e-03 -5.475595460223336292e-02
4.447000000000000000e+03 1.654111364048338251e+00 4.009258233480954281e-02 6.852558207387413579e-03 -5.466337354951930627e-02
4.448000000000000000e+03 1.651819474952393563e+00 4.002325172192852665e-02 6.848171808142539986e-03 -5.457113986154841362e-02
4.449000000000000000e+03 1.649517825115604408e+00 3.995396112462270416e-02 6.843789098297934324e-03 -5.447922991455322189e-02
4.450000000000000000e+03 1.647207067489130150e+00 3.988479630647188967e-02 6.839410062675558080e-03 -5.438761927128280688e-02
4.451000000000000000e+03 1.644887255159519057e+00 3.981569401446571899e-02 6.835034671707578696e-03 -5.429628584170147210e-02
4.452000000000000000e+03 1.642557127903994996e+00 3.974673854551190322e-02 6.830662881540439102e-03 -5.420529370337181380e-02
4.453000000000000000e+03 1.640219281314056365e+00 3.967779089384923519e-02 6.826294634162869031e-03 -5.411463496613872631e-02
4.454000000000000000e+03 1.637871983334249215e+00 3.960900892279371754e-02 6.821929857822411208e-03 -5.402422658011166862e-02
4.455000000000000000e+03 1.635517341817384507e+00 3.954025309532510635e-02 6.817568467383769253e-03 -5.393413318479811647e-02
4.456000000000000000e+03 1.633155357070694258e+00 3.947160645701639631e-02 6.813210364966074822e-03 -5.384434426304302718e-02
4.457000000000000000e+03 1.630786887319404466e+00 3.940300321695958119e-02 6.808855440632418515e-03 -5.375484843430504422e-02
4.458000000000000000e+03 1.628412156107207798e+00 3.933452588027020608e-02 6.804503573123970965e-03 -5.366570775310597341e-02
4.459000000000000000e+03 1.626033715715067052e+00 3.926610811235665965e-02 6.800154630914657418e-03 -5.357676059483506420e-02
4.460000000000000000e+03 1.623650495637058544e+00 3.919775758803218518e-02 6.795808473062409094e-03 -5.348814166463418396e-02
4.461000000000000000e+03 1.621265964078097310e+00 3.912948170638852474e-02 6.791464950411262372e-03 -5.339968775795823214e-02
4.462000000000000000e+03 1.618879203488622576e+00 3.906128758939151485e-02 6.787123906723791476e-03 -5.331160634443685847e-02
4.463000000000000000e+03 1.616492327806035689e+00 3.899318208054378815e-02 6.782785179891375610e-03 -5.322365848501202368e-02
4.464000000000000000e+03 1.614106756607688542e+00 3.892509746000236137e-02 6.778448603350199081e-03 -5.313597598915804215e-02
4.465000000000000000e+03 1.611723945815472181e+00 3.885704001059227947e-02 6.774114007283517890e-03 -5.304846718764471419e-02
4.466000000000000000e+03 1.609344632383099105e+00 3.878909001673351564e-02 6.769781220077592324e-03 -5.296118839294159525e-02
4.467000000000000000e+03 1.606971792923729492e+00 3.872125319659055348e-02 6.765450069752343767e-03 -5.287412109293237322e-02
4.468000000000000000e+03 1.604605431034081153e+00 3.865338641801328856e-02 6.761120385284630392e-03 -5.278717199572229013e-02
4.469000000000000000e+03 1.602247021473138799e+00 3.858571768256933987e-02 6.756791998086248904e-03 -5.270047020899190637e-02
4.470000000000000000e+03 1.599898754611932761e+00 3.851802900686206871e-02 6.752464743336637591e-03 -5.261384730027450496e-02
4.471000000000000000e+03 1.597561295447260665e+00 3.845039925759548283e-02 6.748138461361635407e-03 -5.252743160907838438e-02
4.472000000000000000e+03 1.595235999973534824e+00 3.838290701784466408e-02 6.743812998978504156e-03 -5.244112830509316259e-02
4.473000000000000000e+03 1.592924903510632095e+00 3.831540773722520027e-02 6.739488210672043254e-03 -5.235491656292383389e-02
4.474000000000000000e+03 1.590626995424602619e+00 3.824797943369320774e-02 6.735163959897329765e-03 -5.226884960050620643e-02
4.475000000000000000e+03 1.588344894210496960e+00 3.818062556082892772e-02 6.730840120086800833e-03 -5.218283186409724411e-02
4.476000000000000000e+03 1.586079637983094592e+00 3.811334929277766792e-02 6.726516575763459571e-03 -5.209691619450668859e-02
4.477000000000000000e+03 1.583830675671739741e+00 3.804615352613087420e-02 6.722193223414631852e-03 -5.201108100503275961e-02
4.478000000000000000e+03 1.581599573331168518e+00 3.797896659854006068e-02 6.717869972374782700e-03 -5.192530458930513099e-02
4.479000000000000000e+03 1.579387035951872464e+00 3.791186514178818828e-02 6.713546745474931708e-03 -5.183956514111175140e-02
4.480000000000000000e+03 1.577192901690584126e+00 3.784477695056155666e-02 6.709223479690024951e-03 -5.175384076960437563e-02
4.481000000000000000e+03 1.575018365739746296e+00 3.777777811967245047e-02 6.704900126574246493e-03 -5.166818379285337270e-02
4.482000000000000000e+03 1.572862262696068436e+00 3.771079591356693572e-02 6.700576652591910820e-03 -5.158257217571943914e-02
4.483000000000000000e+03 1.570726264161827812e+00 3.764390590412196314e-02 6.696253039372199178e-03 -5.149690952947727496e-02
4.484000000000000000e+03 1.568609677891049436e+00 3.757703484089700702e-02 6.691929283686352294e-03 -5.141132223992182088e-02
4.485000000000000000e+03 1.566512419366836717e+00 3.751025778949487050e-02 6.687605397511143038e-03 -5.132571375486866955e-02
4.486000000000000000e+03 1.564432784780632746e+00 3.744357528596646556e-02 6.683281407688002398e-03 -5.124013598481919063e-02
4.487000000000000000e+03 1.562371910759906335e+00 3.737683905830322534e-02 6.678957355671310235e-03 -5.115449214662502048e-02
4.488000000000000000e+03 1.560328578452209181e+00 3.731027201635075258e-02 6.674633297006743980e-03 -5.106890815329853672e-02
4.489000000000000000e+03 1.558301447136304363e+00 3.724372542232255029e-02 6.670309300798623990e-03 -5.098328688024178490e-02
4.490000000000000000e+03 1.556290546129482255e+00 3.717719888121669147e-02 6.665985448933222333e-03 -5.089767954494083674e-02
4.491000000000000000e+03 1.554294310760345299e+00 3.711069177987459666e-02 6.661661835239277192e-03 -5.081206281412406489e-02
4.492000000000000000e+03 1.552311819196747100e+00 3.704427757668868337e-02 6.657338564584424842e-03 -5.072641304048736838e-02
4.493000000000000000e+03 1.550341316033003292e+00 3.697795524102111264e-02 6.653015751839205447e-03 -5.064070621191182203e-02
4.494000000000000000e+03 1.548382450902907381e+00 3.691164925980917194e-02 6.648693520697448490e-03 -5.055506646414155425e-02
4.495000000000000000e+03 1.546434060840835567e+00 3.684543249474969695e-02 6.644372002469572241e-03 -5.046946888913961954e-02
4.496000000000000000e+03 1.544493438972678989e+00 3.677930333855724404e-02 6.640051334817367520e-03 -5.038381375847955645e-02
4.497000000000000000e+03 1.542561546441000964e+00 3.671326000528705308e-02 6.635731660428296000e-03 -5.029814931134526934e-02
4.498000000000000000e+03 1.540634110907997734e+00 3.664722625373274117e-02 6.631413125614915235e-03 -5.021252312340887536e-02
4.499000000000000000e+03 1.538712039097856143e+00 3.658134852835785711e-02 6.627095878859325974e-03 -5.012690775802836063e-02
4.500000000000000000e+03 1.536792515839141782e+00 3.651555026508918750e-02 6.622780069438052516e-03 -5.004127498394339568e-02
4.501000000000000000e+03 1.534874970106725245e+00 3.644982823027524688e-02 6.618465845935544295e-03 -4.995574438827929398e-02
4.502000000000000000e+03 1.532956661761123662e+00 3.638417583817178669e-02 6.614153354815205214e-03 -4.987013794631223185e-02
4.503000000000000000e+03 1.531037120901254323e+00 3.631858556337680399e-02 6.609842738976567759e-03 -4.978457388903655828e-02
4.504000000000000000e+03 1.529114436178504288e+00 3.625304974919956597e-02 6.605534136444297412e-03 -4.969909511122553442e-02
4.505000000000000000e+03 1.527187495610772494e+00 3.618763489767358454e-02 6.601227678903848380e-03 -4.961359482728005393e-02
4.506000000000000000e+03 1.525255255553093825e+00 3.612233310864993580e-02 6.596923490533320757e-03 -4.952811364775799863e-02
4.507000000000000000e+03 1.523316751890623211e+00 3.605698780236190476e-02 6.592621686746510251e-03 -4.944269095781405471e-02
4.508000000000000000e+03 1.521370367679298230e+00 3.599181370980528150e-02 6.588322373010527602e-03 -4.935721629954318429e-02
4.509000000000000000e+03 1.519415328477411675e+00 3.592665404324399403e-02 6.584025643864573930e-03 -4.927187502643336214e-02
4.510000000000000000e+03 1.517450968267345601e+00 3.586157476956123441e-02 6.579731581993530747e-03 -4.918655399345964185e-02
4.511000000000000000e+03 1.515476737225498027e+00 3.579656748141248068e-02 6.575440257328162355e-03 -4.910121293763788919e-02
4.512000000000000000e+03 1.513491465597974539e+00 3.573162368552310064e-02 6.571151726362486553e-03 -4.901595872987528357e-02
4.513000000000000000e+03 1.511494854957968315e+00 3.566680909075311406e-02 6.566866031560904260e-03 -4.893074821491900928e-02
4.514000000000000000e+03 1.509486739782988973e+00 3.560196647835307121e-02 6.562583200901355752e-03 -4.884553675816046686e-02
4.515000000000000000e+03 1.507466347813203766e+00 3.553723569047352593e-02 6.558303247563437334e-03 -4.876035251509189955e-02
4.516000000000000000e+03 1.505433787666481393e+00 3.547260793290769182e-02 6.554026169685649335e-03 -4.867522213968034778e-02
4.517000000000000000e+03 1.503389306679363990e+00 3.540800006199800593e-02 6.549751950350637085e-03 -4.859009649921892243e-02
4.518000000000000000e+03 1.501333290306526624e+00 3.534347743833927968e-02 6.545480557635872595e-03 -4.850492496243155593e-02
4.519000000000000000e+03 1.499264774577739878e+00 3.527895679555995839e-02 6.541211944939796449e-03 -4.841980397736371511e-02
4.520000000000000000e+03 1.497185899977818702e+00 3.521457766059057914e-02 6.536946051224507351e-03 -4.833467995435713344e-02
4.521000000000000000e+03 1.495095964406532030e+00 3.515018237149482999e-02 6.532682801549769859e-03 -4.824949785613424913e-02
4.522000000000000000e+03 1.492996617472401866e+00 3.508591034762125610e-02 6.528422107725183679e-03 -4.816427551037313903e-02
4.523000000000000000e+03 1.490887396789607244e+00 3.502167810702336292e-02 6.524163869054902185e-03 -4.807910364428508859e-02
4.524000000000000000e+03 1.488770920048285484e+00 3.495755068575175789e-02 6.519907973173485506e-03 -4.799384879051643571e-02
4.525000000000000000e+03 1.486647676383488159e+00 3.489344450537434916e-02 6.515654297048274930e-03 -4.790859903321680741e-02
4.526000000000000000e+03 1.484518987996825912e+00 3.482949879190112147e-02 6.511402708052274266e-03 -4.782329264012065428e-02
4.527000000000000000e+03 1.482385513924379117e+00 3.476555559256518102e-02 6.507153065112131728e-03 -4.773794096691223038e-02
4.528000000000000000e+03 1.480248724396906690e+00 3.470175404497093108e-02 6.502905219985150552e-03 -4.765247994780797552e-02
4.529000000000000000e+03 1.478110146049601337e+00 3.463801039368756551e-02 6.498659018559210104e-03 -4.756706729053859772e-02
4.530000000000000000e+03 1.475971349431387969e+00 3.457431512527942008e-02 6.494414302221716839e-03 -4.748148827193318655e-02
4.531000000000000000e+03 1.473833193256721463e+00 3.451073296931430473e-02 6.490170909276692969e-03 -4.739582435543878564e-02
4.532000000000000000e+03 1.471697296858475168e+00 3.444718004881057449e-02 6.485928676431968777e-03 -4.731008184107431125e-02
4.533000000000000000e+03 1.469565283952322776e+00 3.438372101534707681e-02 6.481687440186885071e-03 -4.722426621775582811e-02
4.534000000000000000e+03 1.467438026340017299e+00 3.432034619955467297e-02 6.477447038387235990e-03 -4.713838223253840470e-02
4.535000000000000000e+03 1.465317859015454749e+00 3.425712017934046810e-02 6.473207311619738613e-03 -4.705235967621125559e-02
4.536000000000000000e+03 1.463205595610377108e+00 3.419388464706761555e-02 6.468968104724959894e-03 -4.696620201903526498e-02
4.537000000000000000e+03 1.461102743990918773e+00 3.413085267902581793e-02 6.464729268149699282e-03 -4.687998647802084362e-02
4.538000000000000000e+03 1.459010750938823264e+00 3.406779161842187625e-02 6.460490659330191295e-03 -4.679364123221305821e-02
4.539000000000000000e+03 1.456930990205650200e+00 3.400491447912260684e-02 6.456252144007661696e-03 -4.670709405298709149e-02
4.540000000000000000e+03 1.454864008380328588e+00 3.394206282909397604e-02 6.452013597408721816e-03 -4.662049521515797962e-02
4.541000000000000000e+03 1.452811000013516818e+00 3.387937534403168832e-02 6.447774905427389180e-03 -4.653377185335751121e-02
4.542000000000000000e+03 1.450773055084829677e+00 3.381676782526401442e-02 6.443535965630893189e-03 -4.644692514956050983e-02
4.543000000000000000e+03 1.448751150242530095e+00 3.375423033628077024e-02 6.439296688319033450e-03 -4.635995609909168702e-02
4.544000000000000000e+03 1.446746141060614610e+00 3.369182720575321366e-02 6.435056997228214698e-03 -4.627286555550565866e-02
4.545000000000000000e+03 1.444757269714456616e+00 3.362954846361587702e-02 6.430816830330957426e-03 -4.618572855414292133e-02
4.546000000000000000e+03 1.442786616485552287e+00 3.356730984456048755e-02 6.426576140380030333e-03 -4.609839721301349502e-02
4.547000000000000000e+03 1.440833152776199722e+00 3.350524992573088862e-02 6.422334895418049631e-03 -4.601094646342333144e-02
4.548000000000000000e+03 1.438897937888318657e+00 3.344328442978943688e-02 6.418093079046386339e-03 -4.592345122331448204e-02
4.549000000000000000e+03 1.436980403049145094e+00 3.338147764670074125e-02 6.413850690654838461e-03 -4.583583784862431398e-02
4.550000000000000000e+03 1.435081322235454593e+00 3.331974530434930054e-02 6.409607745439229766e-03 -4.574810699615840942e-02
4.551000000000000000e+03 1.433199843899532588e+00 3.325815108583556751e-02 6.405364274317547173e-03 -4.566033138193699437e-02
4.552000000000000000e+03 1.431335728407465480e+00 3.319668191934899842e-02 6.401120323715858533e-03 -4.557250047000190041e-02
4.553000000000000000e+03 1.429487858802187983e+00 3.313532413189310827e-02 6.396875955139215766e-03 -4.548460149611611991e-02
4.554000000000000000e+03 1.427657214394259189e+00 3.307413835994989920e-02 6.392631244751275851e-03 -4.539662170583285555e-02
4.555000000000000000e+03 1.425841676649809209e+00 3.301303670495757403e-02 6.388386282639791150e-03 -4.530854833881096944e-02
4.556000000000000000e+03 1.424041235904376146e+00 3.295207987336210009e-02 6.384141172118667704e-03 -4.522044289134644762e-02
4.557000000000000000e+03 1.422253542293425488e+00 3.289125433240409901e-02 6.379896028846527081e-03 -4.513221824034949203e-02
4.558000000000000000e+03 1.420479114537324339e+00 3.283054660006499287e-02 6.375650979851558466e-03 -4.504401003058395442e-02
4.559000000000000000e+03 1.418716149951880334e+00 3.277001753523743621e-02 6.371406162380527025e-03 -4.495565665596639587e-02
4.560000000000000000e+03 1.416963506470491296e+00 3.270957949381537999e-02 6.367161722825848309e-03 -4.486729348957770730e-02
4.561000000000000000e+03 1.415219228382200267e+00 3.264921918608463397e-02 6.362917815389111317e-03 -4.477890714142963163e-02
4.562000000000000000e+03 1.413482786867634511e+00 3.258907196704500381e-02 6.358674600787162130e-03 -4.469048398160578583e-02
4.563000000000000000e+03 1.411752121200710697e+00 3.252897614225421646e-02 6.354432244879902950e-03 -4.460193581051979245e-02
4.564000000000000000e+03 1.410025880191020375e+00 3.246906724269992689e-02 6.350190917264300454e-03 -4.451347122850506793e-02
4.565000000000000000e+03 1.408302692563361713e+00 3.240925804712187913e-02 6.345950789803129523e-03 -4.442492703532589793e-02
4.566000000000000000e+03 1.406580437491867563e+00 3.234953572278845974e-02 6.341712035129304197e-03 -4.433636244841190899e-02
4.567000000000000000e+03 1.404859229341881566e+00 3.228996183205921910e-02 6.337474825260781645e-03 -4.424776191927066310e-02
4.568000000000000000e+03 1.403135488300700340e+00 3.223052377194630946e-02 6.333239330057109304e-03 -4.415918365126324935e-02
4.569000000000000000e+03 1.401409381825476697e+00 3.217120906390075891e-02 6.329005715833856995e-03 -4.407061098454778669e-02
4.570000000000000000e+03 1.399678894727525158e+00 3.211200535997030953e-02 6.324774143917694623e-03 -4.398202663318335343e-02
4.571000000000000000e+03 1.397943555661511184e+00 3.205297473217484649e-02 6.320544769315983302e-03 -4.389348692441671224e-02
4.572000000000000000e+03 1.396200734701582347e+00 3.199403082760915451e-02 6.316317739433592593e-03 -4.380489890662226521e-02
4.573000000000000000e+03 1.394450111431608130e+00 3.193523600779370197e-02 6.312093192856422195e-03 -4.371639172857232775e-02
4.574000000000000000e+03 1.392689971078546529e+00 3.187650421971122833e-02 6.307871258188722623e-03 -4.362794518722359211e-02
4.575000000000000000e+03 1.390920928129850687e+00 3.181797241799995402e-02 6.303652053021880156e-03 -4.353953826418965195e-02
4.576000000000000000e+03 1.389139992143122448e+00 3.175955486820209589e-02 6.299435683049922977e-03 -4.345114909976210971e-02
4.577000000000000000e+03 1.387348003557359988e+00 3.170124028482954048e-02 6.295222241142824950e-03 -4.336282925511732167e-02
4.578000000000000000e+03 1.385543697376190542e+00 3.164309183484912552e-02 6.291011806706729194e-03 -4.327448084582623256e-02
4.579000000000000000e+03 1.383726679717206087e+00 3.158502429032036124e-02 6.286804445110115436e-03 -4.318622794875603965e-02
4.580000000000000000e+03 1.381895946149980237e+00 3.152717544866284055e-02 6.282600207201246775e-03 -4.309804517953235575e-02
4.581000000000000000e+03 1.380052112971775102e+00 3.146938615045863363e-02 6.278399128985783471e-03 -4.300990626034460751e-02
4.582000000000000000e+03 1.378194447377543375e+00 3.141172026579898413e-02 6.274201231491462367e-03 -4.292178402669778736e-02
4.583000000000000000e+03 1.376323839035651364e+00 3.135416756178359410e-02 6.270006520669840419e-03 -4.283372472346641535e-02
4.584000000000000000e+03 1.374439827709537543e+00 3.129679227047945517e-02 6.265814987558430624e-03 -4.274569945661209347e-02
4.585000000000000000e+03 1.372542829460558167e+00 3.123951023908125638e-02 6.261626608447060267e-03 -4.265775278450076313e-02
4.586000000000000000e+03 1.370634133104770891e+00 3.118238606405585034e-02 6.257441345296838736e-03 -4.256992846483154125e-02
4.587000000000000000e+03 1.368714409792934017e+00 3.112541024043597587e-02 6.253259146221401034e-03 -4.248212092339332530e-02
4.588000000000000000e+03 1.366783707098915945e+00 3.106857344469333981e-02 6.249079946135180884e-03 -4.239452099641673882e-02
4.589000000000000000e+03 1.364843670506636242e+00 3.101186653381403716e-02 6.244903667447852628e-03 -4.230694742545792336e-02
4.590000000000000000e+03 1.362895306847544896e+00 3.095528054388028971e-02 6.240730221011562238e-03 -4.221944117664083035e-02
4.591000000000000000e+03 1.360939718113386210e+00 3.089888097196250710e-02 6.236559507036177827e-03 -4.213211692936810054e-02
4.592000000000000000e+03 1.358977348718545475e+00 3.084258492367039986e-02 6.232391416128979685e-03 -4.204486600206852609e-02
4.593000000000000000e+03 1.357010203315483610e+00 3.078645824485283858e-02 6.228225830512431824e-03 -4.195772783313668486e-02
4.594000000000000000e+03 1.355038864075887473e+00 3.073049266864770132e-02 6.224062625189374053e-03 -4.187066719694834682e-02
4.595000000000000000e+03 1.353065450070082942e+00 3.067468009623442599e-02 6.219901669281623080e-03 -4.178379712363994303e-02
4.596000000000000000e+03 1.351090633494546500e+00 3.061893831045375824e-02 6.215742827342845937e-03 -4.169693326948086670e-02
4.597000000000000000e+03 1.349115855388305585e+00 3.056340810676737296e-02 6.211585960741624647e-03 -4.161026254139082309e-02
4.598000000000000000e+03 1.347142569771649701e+00 3.050800758904955584e-02 6.207430929093551118e-03 -4.152367461938709370e-02
4.599000000000000000e+03 1.345172973337296796e+00 3.045280358382719196e-02 6.203277591695046354e-03 -4.143720773221645781e-02
4.600000000000000000e+03 1.343207763805468025e+00 3.039771450301370984e-02 6.199125808906208283e-03 -4.135082588122312303e-02
4.601000000000000000e+03 1.341248349547358831e+00 3.034273318032005076e-02 6.194975443576733638e-03 -4.126456522956320483e-02
4.602000000000000000e+03 1.339296819214934597e+00 3.028800111916452736e-02 6.190826362470881403e-03 -4.117845313659667522e-02
4.603000000000000000e+03 1.337354461264002259e+00 3.023336282069863032e-02 6.186678437588618261e-03 -4.109244069986714432e-02
4.604000000000000000e+03 1.335421015054504723e+00 3.017888577592333157e-02 6.182531547473504689e-03 -4.100655364221919563e-02
4.605000000000000000e+03 1.333499116515584504e+00 3.012463761215655039e-02 6.178385578435131170e-03 -4.092081809386435148e-02
4.606000000000000000e+03 1.331589830479007253e+00 3.007046323960684345e-02 6.174240425749962305e-03 -4.083511208787693469e-02
4.607000000000000000e+03 1.329693383644995563e+00 3.001650483323281896e-02 6.170095994699377993e-03 -4.074946275268885587e-02
4.608000000000000000e+03 1.327811384094115921e+00 2.996260756214106161e-02 6.165952201647102379e-03 -4.066397208313900918e-02
4.609000000000000000e+03 1.325943841912581300e+00 2.990898813899484435e-02 6.161808974771382924e-03 -4.057851985622656227e-02
4.610000000000000000e+03 1.324091390693035830e+00 2.985549198284083439e-02 6.157666254987060987e-03 -4.049313509361055635e-02
4.611000000000000000e+03 1.322256024459166346e+00 2.980211320196279531e-02 6.153523996532808682e-03 -4.040784753431735099e-02
4.612000000000000000e+03 1.320436635891685917e+00 2.974892030893436928e-02 6.149382167520325848e-03 -4.032261338550333779e-02
4.613000000000000000e+03 1.318633469762839905e+00 2.969590765248388692e-02 6.145240750329846596e-03 -4.023746391809100015e-02
4.614000000000000000e+03 1.316848120580567105e+00 2.964306970016980514e-02 6.141099741911174546e-03 -4.015243120607712990e-02
4.615000000000000000e+03 1.315079817296830100e+00 2.959032675440809515e-02 6.136959153901624074e-03 -4.006747385985559573e-02
4.616000000000000000e+03 1.313329137613217901e+00 2.953782208633408402e-02 6.132819012632842980e-03 -3.998255132069526013e-02
4.617000000000000000e+03 1.311594295181014447e+00 2.948547623493330896e-02 6.128679359027827157e-03 -3.989777243274669760e-02
4.618000000000000000e+03 1.309876342050194653e+00 2.943328414159583628e-02 6.124540248307123493e-03 -3.981309830812951311e-02
4.619000000000000000e+03 1.308174715466508431e+00 2.938124086741584692e-02 6.120401749626219745e-03 -3.972856517079994404e-02
4.620000000000000000e+03 1.306487985679257502e+00 2.932941587785988652e-02 6.116263945536280604e-03 -3.964406149377713157e-02
4.621000000000000000e+03 1.304815347702226846e+00 2.927773019372700847e-02 6.112126931330496074e-03 -3.955969939906506250e-02
4.622000000000000000e+03 1.303156628463578937e+00 2.922617924335750919e-02 6.107990814326462806e-03 -3.947544321740636269e-02
4.623000000000000000e+03 1.301510809277697467e+00 2.917483286463158632e-02 6.103855713016542554e-03 -3.939133231133967739e-02
4.624000000000000000e+03 1.299876034901417787e+00 2.912368674035169247e-02 6.099721755971737255e-03 -3.930733247609730086e-02
4.625000000000000000e+03 1.298251109089902045e+00 2.907258811702836260e-02 6.095589080987330773e-03 -3.922355875424102245e-02
4.626000000000000000e+03 1.296636248053693041e+00 2.902175579227165778e-02 6.091457833753035137e-03 -3.913982969493418063e-02
4.627000000000000000e+03 1.295028634707886761e+00 2.897103728249315543e-02 6.087328166776382124e-03 -3.905633586269404572e-02
4.628000000000000000e+03 1.293427630308518372e+00 2.892050309397493912e-02 6.083200238061552655e-03 -3.897289695691088379e-02
4.629000000000000000e+03 1.291831815326071720e+00 2.887007530844837300e-02 6.079074209801612130e-03 -3.888970459922689443e-02
4.630000000000000000e+03 1.290239744802244903e+00 2.881989900379510958e-02 6.074950247014844311e-03 -3.880672801621049689e-02
4.631000000000000000e+03 1.288650703899777428e+00 2.876982227275140525e-02 6.070828516164291332e-03 -3.872386255600027138e-02
4.632000000000000000e+03 1.287061749351876561e+00 2.871991621062231631e-02 6.066709183787632673e-03 -3.864122677133992323e-02
4.633000000000000000e+03 1.285473664888758805e+00 2.867017778444272413e-02 6.062592415120042835e-03 -3.855879095116149236e-02
4.634000000000000000e+03 1.283882802638043330e+00 2.862052983608710105e-02 6.058478372728308241e-03 -3.847659992064197260e-02
4.635000000000000000e+03 1.282289266619875079e+00 2.857111821934438592e-02 6.054367215094611128e-03 -3.839462442476845178e-02
4.636000000000000000e+03 1.280691724821984900e+00 2.852186610166332001e-02 6.050259095406736003e-03 -3.831290964766693313e-02
4.637000000000000000e+03 1.279088906292671135e+00 2.847269681734826072e-02 6.046154160283847591e-03 -3.823135231642314780e-02
4.638000000000000000e+03 1.277478869126005501e+00 2.842368243707630790e-02 6.042052548523914671e-03 -3.815014635898338058e-02
4.639000000000000000e+03 1.275861981922471911e+00 2.837482091950793706e-02 6.037954390072096042e-03 -3.806911431262074985e-02
4.640000000000000000e+03 1.274236476107388993e+00 2.832618468027132616e-02 6.033859804904923886e-03 -3.798845012234520341e-02
4.641000000000000000e+03 1.272601425723626001e+00 2.827762345948014316e-02 6.029768902177228343e-03 -3.790797627326376179e-02
4.642000000000000000e+03 1.270956754933450839e+00 2.822921002408802435e-02 6.025681779281213957e-03 -3.782781231357697227e-02
4.643000000000000000e+03 1.269301758832111604e+00 2.818094303470680337e-02 6.021598521181122099e-03 -3.774800341308497120e-02
4.644000000000000000e+03 1.267635851691935711e+00 2.813282132961859167e-02 6.017519199769718816e-03 -3.766844606050148009e-02
4.645000000000000000e+03 1.265959314084818654e+00 2.808484392484062245e-02 6.013443873388722716e-03 -3.758911089988808962e-02
4.646000000000000000e+03 1.264271067506764101e+00 2.803701001379037966e-02 6.009372586436661189e-03 -3.751019128861143165e-02
4.647000000000000000e+03 1.262570904829321883e+00 2.798924468303776517e-02 6.005305369069771984e-03 -3.743150902569328947e-02
4.648000000000000000e+03 1.260859491048252456e+00 2.794169604498632914e-02 6.001242237164173231e-03 -3.735318290504380245e-02
4.649000000000000000e+03 1.259136877161634249e+00 2.789428953519357268e-02 5.997183192278172231e-03 -3.727518302157123431e-02
4.650000000000000000e+03 1.257403241359898560e+00 2.784695076069496761e-02 5.993128221798148768e-03 -3.719747935068253714e-02
4.651000000000000000e+03 1.255659621672798876e+00 2.779975450888561017e-02 5.989077299175812365e-03 -3.712018984459812543e-02
4.652000000000000000e+03 1.253904918558182979e+00 2.775277751085679714e-02 5.985030384344760569e-03 -3.704313328943818762e-02
4.653000000000000000e+03 1.252141111790467720e+00 2.770579997034463421e-02 5.980987424236675412e-03 -3.696642506598292466e-02
4.654000000000000000e+03 1.250368804701728065e+00 2.765904795030806052e-02 5.976948353377794197e-03 -3.689003196949896396e-02
4.655000000000000000e+03 1.248587959906162670e+00 2.761237625000582604e-02 5.972913094574012517e-03 -3.681399509724287561e-02
4.656000000000000000e+03 1.246800862606796123e+00 2.756586266809905178e-02 5.968881559837133782e-03 -3.673820703916445829e-02
4.657000000000000000e+03 1.245006911871454180e+00 2.751951086345485673e-02 5.964853651267993523e-03 -3.666278334028922475e-02
4.658000000000000000e+03 1.243208553674649552e+00 2.747325034961096632e-02 5.960829262014285222e-03 -3.658761684791984881e-02
4.659000000000000000e+03 1.241406813581094282e+00 2.742715933931295924e-02 5.956808277408214523e-03 -3.651282346396254874e-02
4.660000000000000000e+03 1.239602028705754089e+00 2.738124188776503223e-02 5.952790576119922072e-03 -3.643829649751396949e-02
4.661000000000000000e+03 1.237796064877432878e+00 2.733535360268041919e-02 5.948776031310917638e-03 -3.636407813814624551e-02
4.662000000000000000e+03 1.235990076433268081e+00 2.728972162202556936e-02 5.944764511912351869e-03 -3.629013666256176995e-02
4.663000000000000000e+03 1.234185979940066957e+00 2.724412748857167610e-02 5.940755883883608486e-03 -3.621644077641572590e-02
4.664000000000000000e+03 1.232384213604246437e+00 2.719872426129325144e-02 5.936750011529813749e-03 -3.614310823992393507e-02
4.665000000000000000e+03 1.230585953668250410e+00 2.715344224020803388e-02 5.932746758724278743e-03 -3.607003450900568564e-02
4.666000000000000000e+03 1.228793102392679026e+00 2.710836037649738336e-02 5.928745990291448692e-03 -3.599726421084870065e-02
4.667000000000000000e+03 1.227006790569508565e+00 2.706333484770549400e-02 5.924747573240136088e-03 -3.592476835041855110e-02
4.668000000000000000e+03 1.225228108852175257e+00 2.701851903492215670e-02 5.920751378001925039e-03 -3.585251864924918902e-02
4.669000000000000000e+03 1.223458096668589512e+00 2.697376924748813576e-02 5.916757279630878268e-03 -3.578056188219272404e-02
4.670000000000000000e+03 1.221698474488757347e+00 2.692916470028614354e-02 5.912765158989771383e-03 -3.570887136103391424e-02
4.671000000000000000e+03 1.219950148204748785e+00 2.688478465619239741e-02 5.908774903814250322e-03 -3.563749554918042850e-02
4.672000000000000000e+03 1.218213942723326504e+00 2.684048556868740346e-02 5.904786409720613749e-03 -3.556626097163711336e-02
4.673000000000000000e+03 1.216490593515547225e+00 2.679634677615678681e-02 5.900799581173800899e-03 -3.549536652340171128e-02
4.674000000000000000e+03 1.214781481869357638e+00 2.675229907797574413e-02 5.896814332303503513e-03 -3.542471495393824388e-02
4.675000000000000000e+03 1.213086399738143584e+00 2.670842186234812649e-02 5.892830587676534115e-03 -3.535435859968143191e-02
4.676000000000000000e+03 1.211406515429745978e+00 2.666472024998205528e-02 5.888848282918167538e-03 -3.528420227666256848e-02
4.677000000000000000e+03 1.209742140494500573e+00 2.662112508854517709e-02 5.884867365308191038e-03 -3.521430043610208893e-02
4.678000000000000000e+03 1.208092726202369294e+00 2.657771579814892371e-02 5.880887794111524375e-03 -3.514470861380843136e-02
4.679000000000000000e+03 1.206459832473473437e+00 2.653434894904689936e-02 5.876909540954748483e-03 -3.507533487405036648e-02
4.680000000000000000e+03 1.204842669590106441e+00 2.649117824185721198e-02 5.872932590011084239e-03 -3.500616266556366707e-02
4.681000000000000000e+03 1.203241812233993180e+00 2.644813451925440845e-02 5.868956937995000941e-03 -3.493732510496295324e-02
4.682000000000000000e+03 1.201656229145661392e+00 2.640522289647889709e-02 5.864982594201983979e-03 -3.486873355359625809e-02
4.683000000000000000e+03 1.200086256587805433e+00 2.636244847494914265e-02 5.861009580264109689e-03 -3.480037474058302049e-02
4.684000000000000000e+03 1.198531373063870031e+00 2.631981633974242452e-02 5.857037929899160979e-03 -3.473223646279345600e-02
4.685000000000000000e+03 1.196990203607370518e+00 2.627725727412173751e-02 5.853067688464601293e-03 -3.466438184670102285e-02
4.686000000000000000e+03 1.195463496433705197e+00 2.623485060847217942e-02 5.849098912468063405e-03 -3.459680075486397388e-02
4.687000000000000000e+03 1.193950415045407221e+00 2.619260136872465436e-02 5.845131668933886519e-03 -3.452948403784150688e-02
4.688000000000000000e+03 1.192448545419135364e+00 2.615044027569643145e-02 5.841166034718099122e-03 -3.446242349845319436e-02
4.689000000000000000e+03 1.190959103873668878e+00 2.610844659550741464e-02 5.837202095597436753e-03 -3.439561185163512308e-02
4.690000000000000000e+03 1.189480260335551431e+00 2.606655100571139347e-02 5.833239945469474025e-03 -3.432911696415097413e-02
4.691000000000000000e+03 1.188010861967482512e+00 2.602475844645994046e-02 5.829279685369486569e-03 -3.426285895682327359e-02
4.692000000000000000e+03 1.186549700368717764e+00 2.598307383804891041e-02 5.825321422394375177e-03 -3.419683300492071254e-02
4.693000000000000000e+03 1.185096264931109200e+00 2.594150208225405943e-02 5.821365268648884608e-03 -3.413110928529386467e-02
4.694000000000000000e+03 1.183649268075336325e+00 2.590004806405726834e-02 5.817411340064325420e-03 -3.406568435469303768e-02
4.695000000000000000e+03 1.182207399273900172e+00 2.585871665358518631e-02 5.813459755265078764e-03 -3.400048109330377349e-02
4.696000000000000000e+03 1.180769336415079085e+00 2.581751270830223363e-02 5.809510634402784146e-03 -3.393557149790402128e-02
4.697000000000000000e+03 1.179333757235291102e+00 2.577636679204005354e-02 5.805564097859954552e-03 -3.387095377326601597e-02
4.698000000000000000e+03 1.177900093548201133e+00 2.573528374448829856e-02 5.801620265160118209e-03 -3.380662655760393459e-02
4.699000000000000000e+03 1.176465571152880196e+00 2.569434268404528418e-02 5.797679253664578085e-03 -3.374258886488120529e-02
4.700000000000000000e+03 1.175031163512714416e+00 2.565347416003581696e-02 5.793741177499179239e-03 -3.367891431161783300e-02
4.701000000000000000e+03 1.173593428165423891e+00 2.561275771856411435e-02 5.789806146315149872e-03 -3.361545511829663879e-02
4.702000000000000000e+03 1.172153421787362371e+00 2.557205177439888719e-02 5.785874264272801437e-03 -3.355229132925677954e-02
4.703000000000000000e+03 1.170709290645993716e+00 2.553143802822947783e-02 5.781945628976829961e-03 -3.348943005522932864e-02
4.704000000000000000e+03 1.169259996843708516e+00 2.549092390654034840e-02 5.778020330484990967e-03 -3.342687851775030111e-02
4.705000000000000000e+03 1.167804583786752559e+00 2.545051684772771036e-02 5.774098450394522970e-03 -3.336471828726973732e-02
4.706000000000000000e+03 1.166342926534121194e+00 2.541022430449602770e-02 5.770180061054564803e-03 -3.330280810756069271e-02
4.707000000000000000e+03 1.164874995620011733e+00 2.536997946262638248e-02 5.766265224777689102e-03 -3.324122955873271001e-02
4.708000000000000000e+03 1.163399377125490686e+00 2.532978980993647738e-02 5.762353993211764142e-03 -3.317998988944025063e-02
4.709000000000000000e+03 1.161915505959773665e+00 2.528973713792913997e-02 5.758446406823132871e-03 -3.311902198737707442e-02
4.710000000000000000e+03 1.160422926795479537e+00 2.524975469268714301e-02 5.754542494407453856e-03 -3.305848148847981977e-02
4.711000000000000000e+03 1.158922782471009549e+00 2.520985002639246006e-02 5.750642272751893373e-03 -3.299822677218060274e-02
4.712000000000000000e+03 1.157412615820701207e+00 2.517003071437113465e-02 5.746745746477772976e-03 -3.293833893060637424e-02
4.713000000000000000e+03 1.155894541465193104e+00 2.513030435539443525e-02 5.742852907835217270e-03 -3.287875034066448099e-02
4.714000000000000000e+03 1.154367074161832596e+00 2.509060428784556582e-02 5.738963736813643655e-03 -3.281954179246959064e-02
4.715000000000000000e+03 1.152831812794663291e+00 2.505108672319296403e-02 5.735078201120441706e-03 -3.276071963830853861e-02
4.716000000000000000e+03 1.151287495127798710e+00 2.501161076021826343e-02 5.731196256522712827e-03 -3.270221579676316215e-02
4.717000000000000000e+03 1.149735936906280953e+00 2.497218408450356877e-02 5.727317847097703613e-03 -3.264403632864038007e-02
4.718000000000000000e+03 1.148176827458901927e+00 2.493281439929900464e-02 5.723442905706939594e-03 -3.258618716683290423e-02
4.719000000000000000e+03 1.146610695558806015e+00 2.489358370647366467e-02 5.719571354523461486e-03 -3.252874841767967179e-02
4.720000000000000000e+03 1.145039645909831538e+00 2.485442545299624412e-02 5.715703105614541348e-03 -3.247157724860474937e-02
4.721000000000000000e+03 1.143462894981543299e+00 2.481534737785627207e-02 5.711838061736752327e-03 -3.241475361488421053e-02
4.722000000000000000e+03 1.141882705800240982e+00 2.477628294115607685e-02 5.707976117052723439e-03 -3.235828315460926446e-02
4.723000000000000000e+03 1.140299179558587506e+00 2.473738845362924779e-02 5.704117158082444572e-03 -3.230209722091209601e-02
4.724000000000000000e+03 1.138713217838244640e+00 2.469852308741523131e-02 5.700261064485677952e-03 -3.224627576724908157e-02
4.725000000000000000e+03 1.137126513009900419e+00 2.465976885516174902e-02 5.696407710230578028e-03 -3.219075025078762392e-02
4.726000000000000000e+03 1.135539309738200497e+00 2.462098490350277807e-02 5.692556964507653958e-03 -3.213560080534710178e-02
4.727000000000000000e+03 1.133952623204170784e+00 2.458240177510508453e-02 5.688708692815688285e-03 -3.208068486454940943e-02
4.728000000000000000e+03 1.132368971463899587e+00 2.454380428383855575e-02 5.684862758076230857e-03 -3.202608290428785032e-02
4.729000000000000000e+03 1.130787907868182396e+00 2.450534862681628609e-02 5.681019021697004262e-03 -3.197180135084238400e-02
4.730000000000000000e+03 1.129210467509971227e+00 2.446689382604732080e-02 5.677177344730562070e-03 -3.191777262290611955e-02
4.731000000000000000e+03 1.127639156769913331e+00 2.442852170601964371e-02 5.673337588946831059e-03 -3.186407802385225058e-02
4.732000000000000000e+03 1.126073486057219242e+00 2.439023975257706076e-02 5.669499617937097911e-03 -3.181065064849351864e-02
4.733000000000000000e+03 1.124515902545347945e+00 2.435205538923695956e-02 5.665663298149897602e-03 -3.175749827306530160e-02
4.734000000000000000e+03 1.122966580777694512e+00 2.431390168637526800e-02 5.661828499969233375e-03 -3.170455482599698199e-02
4.735000000000000000e+03 1.121425642108715426e+00 2.427586020459642988e-02 5.657995098581513477e-03 -3.165190327378052115e-02
4.736000000000000000e+03 1.119896117549766146e+00 2.423786385340086919e-02 5.654162975006870283e-03 -3.159947852001650931e-02
4.737000000000000000e+03 1.118376511571477661e+00 2.419991973458893858e-02 5.650332016947516404e-03 -3.154721600237472834e-02
4.738000000000000000e+03 1.116869708995230193e+00 2.416210913536917526e-02 5.646502119507616768e-03 -3.149527456966382671e-02
4.739000000000000000e+03 1.115374054628263112e+00 2.412436467098759765e-02 5.642673185986554242e-03 -3.144351652041526418e-02
4.740000000000000000e+03 1.113892261778310466e+00 2.408661884528184513e-02 5.638845128428029464e-03 -3.139195332301551733e-02
4.741000000000000000e+03 1.112423236451160591e+00 2.404902689488716550e-02 5.635017868215005075e-03 -3.134060449204711940e-02
4.742000000000000000e+03 1.110968016342085418e+00 2.401144679883911517e-02 5.631191336477697068e-03 -3.128944560051330481e-02
4.743000000000000000e+03 1.109526796764647827e+00 2.397395925751891546e-02 5.627365474470228356e-03 -3.123848999791554309e-02
4.744000000000000000e+03 1.108099671734743330e+00 2.393649627004571998e-02 5.623540233788060748e-03 -3.118770709994207746e-02
4.745000000000000000e+03 1.106686633211140913e+00 2.389913826360265392e-02 5.619715576508128516e-03 -3.113710409722796058e-02
4.746000000000000000e+03 1.105287571329426788e+00 2.386189123868981063e-02 5.615891475281265324e-03 -3.108667394917571936e-02
4.747000000000000000e+03 1.103902275622929308e+00 2.382461248197186368e-02 5.612067913225285420e-03 -3.103639537147316607e-02
4.748000000000000000e+03 1.102531180047295667e+00 2.378745626416348471e-02 5.608244883751418476e-03 -3.098627738907850510e-02
4.749000000000000000e+03 1.101172394774829755e+00 2.375035385286534614e-02 5.604422390342932853e-03 -3.093630731632227016e-02
4.750000000000000000e+03 1.099826910081870057e+00 2.371331064460589083e-02 5.600600446171411298e-03 -3.088651758599255531e-02
4.751000000000000000e+03 1.098493404084195824e+00 2.367633196276964364e-02 5.596779073689823851e-03 -3.083677182238864570e-02
4.752000000000000000e+03 1.097171227816178929e+00 2.363942330557425656e-02 5.592958304051046797e-03 -3.078726708231407233e-02
4.753000000000000000e+03 1.095859660854624718e+00 2.360259009709260794e-02 5.589138176486883706e-03 -3.073788297536759681e-02
4.754000000000000000e+03 1.094558658645572002e+00 2.356583760459309701e-02 5.585318737719128547e-03 -3.068864808364450691e-02
4.755000000000000000e+03 1.093266631779975739e+00 2.352909665608518552e-02 5.581500041118573480e-03 -3.063951706722651755e-02
4.756000000000000000e+03 1.091983425651545048e+00 2.349237220888990632e-02 5.577682145868262387e-03 -3.059059346777565774e-02
4.757000000000000000e+03 1.090707357890341678e+00 2.345574335166795282e-02 5.573865116172993864e-03 -3.054190680904657340e-02
4.758000000000000000e+03 1.089437456009097138e+00 2.341921474011194465e-02 5.570049020313315793e-03 -3.049333826232132616e-02
4.759000000000000000e+03 1.088173466822126123e+00 2.338264231656917227e-02 5.566233929754899230e-03 -3.044499201153086712e-02
4.760000000000000000e+03 1.086914380380509249e+00 2.334617901480191826e-02 5.562419918117559280e-03 -3.039674949867128551e-02
4.761000000000000000e+03 1.085658439668840236e+00 2.330975477956104269e-02 5.558607060238539982e-03 -3.034878935414663317e-02
4.762000000000000000e+03 1.084405378805315179e+00 2.327344798866802511e-02 5.554795431180199576e-03 -3.030099307459019689e-02
4.763000000000000000e+03 1.083154204135548193e+00 2.323711404042043058e-02 5.550985105287210841e-03 -3.025339066982286537e-02
4.764000000000000000e+03 1.081903203643483913e+00 2.320083105997382961e-02 5.547176155146941318e-03 -3.020601204250462912e-02
4.765000000000000000e+03 1.080652184589348419e+00 2.316467705434432575e-02 5.543368650731419177e-03 -3.015881265255065599e-02
4.766000000000000000e+03 1.079399510936900564e+00 2.312850706773547996e-02 5.539562658501401456e-03 -3.011182203361715409e-02
4.767000000000000000e+03 1.078145083012824967e+00 2.309239888869205753e-02 5.535758240439844248e-03 -3.006499517744648867e-02
4.768000000000000000e+03 1.076888116794553873e+00 2.305635592212739587e-02 5.531955453394852770e-03 -3.001843533821067778e-02
4.769000000000000000e+03 1.075627893938503776e+00 2.302030719575163739e-02 5.528154348177317240e-03 -2.997209685487713798e-02
4.770000000000000000e+03 1.074363025472393485e+00 2.298433021683546698e-02 5.524354968939522784e-03 -2.992600796138878555e-02
4.771000000000000000e+03 1.073092943266389154e+00 2.294835384448470558e-02 5.520557352584183793e-03 -2.988012218244600476e-02
4.772000000000000000e+03 1.071817905055268527e+00 2.291245542997472073e-02 5.516761528143218629e-03 -2.983446686704155706e-02
4.773000000000000000e+03 1.070537512967441707e+00 2.287663797230488072e-02 5.512967516379144867e-03 -2.978899459186692966e-02
4.774000000000000000e+03 1.069251459698193907e+00 2.284083012416006364e-02 5.509175329404356058e-03 -2.974380598613557761e-02
4.775000000000000000e+03 1.067958788124918623e+00 2.280503476469191229e-02 5.505384970345964489e-03 -2.969877829275821557e-02
4.776000000000000000e+03 1.066659378519547730e+00 2.276925472144112478e-02 5.501596433180242635e-03 -2.965401105224269376e-02
4.777000000000000000e+03 1.065353949172521242e+00 2.273356705892362606e-02 5.497809702686291301e-03 -2.960952895609215985e-02
4.778000000000000000e+03 1.064042570427328638e+00 2.269790023302650436e-02 5.494024754306346681e-03 -2.956520755503758494e-02
4.779000000000000000e+03 1.062724663472455866e+00 2.266225694576835120e-02 5.490241554343905719e-03 -2.952114467277255558e-02
4.780000000000000000e+03 1.061401226742611392e+00 2.262663986579672298e-02 5.486460060061776160e-03 -2.947728898903722791e-02
4.781000000000000000e+03 1.060071861603949062e+00 2.259105163178159320e-02 5.482680220007041423e-03 -2.943358861152554212e-02
4.782000000000000000e+03 1.058737739881438822e+00 2.255549485544262531e-02 5.478901974268173512e-03 -2.939021393542004187e-02
4.783000000000000000e+03 1.057397885075192390e+00 2.251997212391057546e-02 5.475125254968826391e-03 -2.934696338845525776e-02
4.784000000000000000e+03 1.056055109683885274e+00 2.248448600152095495e-02 5.471349986835103568e-03 -2.930400628277280567e-02
4.785000000000000000e+03 1.054707837972204132e+00 2.244896474776385958e-02 5.467576087618852311e-03 -2.926121428378138795e-02
4.786000000000000000e+03 1.053357527644214864e+00 2.241355945189811918e-02 5.463803468858510759e-03 -2.921853285131644287e-02
4.787000000000000000e+03 1.052005691265634368e+00 2.237812404858120080e-02 5.460032036557880934e-03 -2.917612983337993307e-02
4.788000000000000000e+03 1.050652402869677315e+00 2.234273530198044658e-02 5.456261691900107964e-03 -2.913394979442632954e-02
4.789000000000000000e+03 1.049297775493080342e+00 2.230739567063472900e-02 5.452492332137361640e-03 -2.909186261396962819e-02
4.790000000000000000e+03 1.047944181220088700e+00 2.227210758944811811e-02 5.448723851325216853e-03 -2.904996065415896625e-02
4.791000000000000000e+03 1.046591785467441804e+00 2.223679918395700741e-02 5.444956141254939097e-03 -2.900826166090770403e-02
4.792000000000000000e+03 1.045240766628462215e+00 2.220154711814679993e-02 5.441189092318575449e-03 -2.896663451665025535e-02
4.793000000000000000e+03 1.043892792812181280e+00 2.216627945722041831e-02 5.437422594412541672e-03 -2.892524497843272299e-02
4.794000000000000000e+03 1.042548784426580610e+00 2.213114708141674172e-02 5.433656537823899381e-03 -2.888396144722423994e-02
4.795000000000000000e+03 1.041208905372342119e+00 2.209600369735193609e-02 5.429890814110329214e-03 -2.884280070622932679e-02
4.796000000000000000e+03 1.039874782933906117e+00 2.206085153445971545e-02 5.426125316982419872e-03 -2.880170510726379890e-02
4.797000000000000000e+03 1.038547270935080702e+00 2.202584134005700425e-02 5.422359943153376438e-03 -2.876076545719697536e-02
4.798000000000000000e+03 1.037225698921181882e+00 2.199082667302117503e-02 5.418594593206001349e-03 -2.871992391870214698e-02
4.799000000000000000e+03 1.035913064453481303e+00 2.195580959936382220e-02 5.414829172274801539e-03 -2.867919689373139153e-02
4.800000000000000000e+03 1.034607854877860555e+00 2.192086640291399449e-02 5.411063590832892838e-03 -2.863852648773993273e-02
4.801000000000000000e+03 1.033312217085128104e+00 2.188599877842475894e-02 5.407297765394232514e-03 -2.859792970651891045e-02
4.802000000000000000e+03 1.032026024136963427e+00 2.185113312381007158e-02 5.403531619068775022e-03 -2.855742600220687044e-02
4.803000000000000000e+03 1.030749826301372574e+00 2.181634408631438066e-02 5.399765082130638175e-03 -2.851696120973433446e-02
4.804000000000000000e+03 1.029483355910967735e+00 2.178155765630806692e-02 5.395998092519030571e-03 -2.847655553283214361e-02
4.805000000000000000e+03 1.028227752220246538e+00 2.174684829527438398e-02 5.392230596221029605e-03 -2.843622927718293322e-02
4.806000000000000000e+03 1.026983330058018451e+00 2.171214179587982462e-02 5.388462547603558098e-03 -2.839592858026706440e-02
4.807000000000000000e+03 1.025750320650724356e+00 2.167751241024867132e-02 5.384693909649191333e-03 -2.835567398780939469e-02
4.808000000000000000e+03 1.024528127621030515e+00 2.164295999396066358e-02 5.380924654114249348e-03 -2.831556045949885220e-02
4.809000000000000000e+03 1.023316812344519988e+00 2.160841000081223720e-02 5.377154761630169831e-03 -2.827538595338404889e-02
4.810000000000000000e+03 1.022117094488549371e+00 2.157393632853876406e-02 5.373384221627981738e-03 -2.823531997531629825e-02
4.811000000000000000e+03 1.020928124887935828e+00 2.153953846378884457e-02 5.369613032303764341e-03 -2.819530930500168883e-02
4.812000000000000000e+03 1.019749716255491601e+00 2.150514147814411997e-02 5.365841200416910164e-03 -2.815537512031053569e-02
4.813000000000000000e+03 1.018581603350855680e+00 2.147074459161415691e-02 5.362068741036022691e-03 -2.811539013322897351e-02
4.814000000000000000e+03 1.017423446748731086e+00 2.143649545311481636e-02 5.358295677261993781e-03 -2.807552427378004825e-02
4.815000000000000000e+03 1.016274837330715997e+00 2.140224443716614092e-02 5.354522039719324632e-03 -2.803572468476496840e-02
4.816000000000000000e+03 1.015135301452372962e+00 2.136799034305993800e-02 5.350747866143277208e-03 -2.799593854852698918e-02
4.817000000000000000e+03 1.014003563895361282e+00 2.133388039371841502e-02 5.346973200853275508e-03 -2.795626162701986966e-02
4.818000000000000000e+03 1.012880525554776590e+00 2.129976453426032576e-02 5.343198094096478397e-03 -2.791656681444885935e-02
4.819000000000000000e+03 1.011763327599421558e+00 2.126571541664410564e-02 5.339422601491774709e-03 -2.787702408965348974e-02
4.820000000000000000e+03 1.010652787085907001e+00 2.123165698312559288e-02 5.335646783277797102e-03 -2.783743193004241390e-02
4.821000000000000000e+03 1.009548204725415177e+00 2.119773588539601225e-02 5.331870703571332977e-03 -2.779796011031599248e-02
4.822000000000000000e+03 1.008447372766294592e+00 2.116380150231309334e-02 5.328094429691598508e-03 -2.775855539656886875e-02
4.823000000000000000e+03 1.007351040077386406e+00 2.112992592752711146e-02 5.324318031293392116e-03 -2.771923864122033745e-02
4.824000000000000000e+03 1.006257720484272644e+00 2.109610683911209567e-02 5.320541579664591313e-03 -2.767995617617727971e-02
4.825000000000000000e+03 1.005165929482126241e+00 2.106234178756393946e-02 5.316765146831678099e-03 -2.764072833948789595e-02
4.826000000000000000e+03 1.004076420891911292e+00 2.102862820075646760e-02 5.312988804871697328e-03 -2.760157515151175425e-02
4.827000000000000000e+03 1.002986995028121164e+00 2.099496338971613280e-02 5.309212625049758265e-03 -2.756251627497550982e-02
4.828000000000000000e+03 1.001897706338745753e+00 2.096134455484047199e-02 5.305436677131817810e-03 -2.752357097555102258e-02
4.829000000000000000e+03 1.000807899564575498e+00 2.092776879284127464e-02 5.301661028556801936e-03 -2.748460951674208674e-02
4.830000000000000000e+03 9.997154740331256617e-01 2.089423310403855372e-02 5.297885743827051609e-03 -2.744579882398462747e-02
4.831000000000000000e+03 9.986220901930275007e-01 2.086073440025619161e-02 5.294110883801671046e-03 -2.740708246530389885e-02
4.832000000000000000e+03 9.975250046114317870e-01 2.082726951307788121e-02 5.290336505103661671e-03 -2.736840346874365101e-02
4.833000000000000000e+03 9.964245039408111682e-01 2.079383520254003692e-02 5.286562659525667444e-03 -2.732985285899126870e-02
4.834000000000000000e+03 9.953209385746670801e-01 2.076050244952944504e-02 5.282789393581530622e-03 -2.729144677914156075e-02
4.835000000000000000e+03 9.942124984687589206e-01 2.072719361454176956e-02 5.279016748027562725e-03 -2.725305218226048432e-02
4.836000000000000000e+03 9.930996737677708630e-01 2.069390529753133492e-02 5.275244757547897789e-03 -2.721483251082279856e-02
4.837000000000000000e+03 9.919822863368393806e-01 2.066063406400079835e-02 5.271473450385178415e-03 -2.717665341041972105e-02
4.838000000000000000e+03 9.908594918627410264e-01 2.062745073801014808e-02 5.267702848194979505e-03 -2.713860269949925491e-02
4.839000000000000000e+03 9.897312668357383103e-01 2.059427756129223602e-02 5.263932965839830669e-03 -2.710061894083773057e-02
4.840000000000000000e+03 9.885976662262074832e-01 2.056111105319408106e-02 5.260163811370757031e-03 -2.706278856824026816e-02
4.841000000000000000e+03 9.874588231935986782e-01 2.052802202005795523e-02 5.256395385995366390e-03 -2.702497446547975565e-02
4.842000000000000000e+03 9.863149479985378054e-01 2.049500699731022016e-02 5.252627684191400748e-03 -2.698733595128070123e-02
4.843000000000000000e+03 9.851663261312190167e-01 2.046198825831727769e-02 5.248860693852013329e-03 -2.694973451534533188e-02
4.844000000000000000e+03 9.840125728423749774e-01 2.042903667335995224e-02 5.245094396553084265e-03 -2.691232809448361463e-02
4.845000000000000000e+03 9.828548582813774193e-01 2.039607458373045995e-02 5.241328767834792235e-03 -2.687497681605915956e-02
4.846000000000000000e+03 9.816929320918810209e-01 2.036324722691053996e-02 5.237563777546181722e-03 -2.683768871428937261e-02
4.847000000000000000e+03 9.805280900338397831e-01 2.033032847555841724e-02 5.233799390367746725e-03 -2.680054546534677701e-02
4.848000000000000000e+03 9.793594544862651574e-01 2.029753796260688400e-02 5.230035566272777867e-03 -2.676347955874143481e-02
4.849000000000000000e+03 9.781884255865617162e-01 2.026479825219562603e-02 5.226272261032244119e-03 -2.672649717253255258e-02
4.850000000000000000e+03 9.770164463671204835e-01 2.023203197887169652e-02 5.222509426869045498e-03 -2.668960391750955022e-02
4.851000000000000000e+03 9.758427703230584394e-01 2.019938441324980322e-02 5.218747013043683464e-03 -2.665287862844030117e-02
4.852000000000000000e+03 9.746689198498564854e-01 2.016670261283399698e-02 5.214984966648422531e-03 -2.661617469545934575e-02
4.853000000000000000e+03 9.734956989331077226e-01 2.013413056161033471e-02 5.211223233159202953e-03 -2.657949308264798138e-02
4.854000000000000000e+03 9.723231826818053980e-01 2.010158947720458097e-02 5.207461757233126064e-03 -2.654290860260864748e-02
4.855000000000000000e+03 9.711529380949929235e-01 2.006907494638244735e-02 5.203700483451176133e-03 -2.650642138654932256e-02
4.856000000000000000e+03 9.699857877722749544e-01 2.003665692578495902e-02 5.199939357024502620e-03 -2.646995692207044365e-02
4.857000000000000000e+03 9.688210593269542814e-01 2.000425689131920745e-02 5.196178324544459097e-03 -2.643351465857391933e-02
4.858000000000000000e+03 9.676610347566748649e-01 1.997187068780741093e-02 5.192417334687603539e-03 -2.639716804585033258e-02
4.859000000000000000e+03 9.665050003127660938e-01 1.993956852726942383e-02 5.188656338984086284e-03 -2.636084172195236539e-02
4.860000000000000000e+03 9.653551819940372480e-01 1.990734641960345552e-02 5.184895292396608790e-03 -2.632453440148692717e-02
4.861000000000000000e+03 9.642107960175571035e-01 1.987512616937197815e-02 5.181134154040071930e-03 -2.628824462914200466e-02
4.862000000000000000e+03 9.630724993856057958e-01 1.984290393899578939e-02 5.177372887755959420e-03 -2.625197081534399665e-02
4.863000000000000000e+03 9.619416410783295790e-01 1.981082452770882574e-02 5.173611462716410161e-03 -2.621571127049256156e-02
4.864000000000000000e+03 9.608180281064077066e-01 1.977873566547787287e-02 5.169849853876297592e-03 -2.617946423740537265e-02
4.865000000000000000e+03 9.597028919946352099e-01 1.974670799176907882e-02 5.166088042485666998e-03 -2.614322792147095315e-02
4.866000000000000000e+03 9.585959132178606401e-01 1.971473791539704937e-02 5.162326016413171237e-03 -2.610700051849564399e-02
4.867000000000000000e+03 9.574974461578342755e-01 1.968282189132065929e-02 5.158563770518470766e-03 -2.607078024004449643e-02
4.868000000000000000e+03 9.564077734300524547e-01 1.965095641356128658e-02 5.154801306932108723e-03 -2.603456533589914787e-02
4.869000000000000000e+03 9.553271037834774049e-01 1.961921229141546166e-02 5.151038635149225026e-03 -2.599827982998977743e-02
4.870000000000000000e+03 9.542555707584663427e-01 1.958743750768641295e-02 5.147275772264679923e-03 -2.596207067073082533e-02
4.871000000000000000e+03 9.531932321157575716e-01 1.955577719548964866e-02 5.143512742896317637e-03 -2.592578775956424358e-02
4.872000000000000000e+03 9.521393272052695034e-01 1.952415364571348164e-02 5.139749579234004391e-03 -2.588950394532697416e-02
4.873000000000000000e+03 9.510945064475001542e-01 1.949256343313008483e-02 5.135986320863729186e-03 -2.585321789652307925e-02
4.874000000000000000e+03 9.500571188957520619e-01 1.946107740838232472e-02 5.132223014670178260e-03 -2.581692838795966033e-02
4.875000000000000000e+03 9.490284145613619993e-01 1.942961783981866919e-02 5.128459714433646933e-03 -2.578063430020156865e-02
4.876000000000000000e+03 9.480073477642824153e-01 1.939818125624483136e-02 5.124696480652528828e-03 -2.574426033259241339e-02
4.877000000000000000e+03 9.469928095169629634e-01 1.936691272314730941e-02 5.120933380094807447e-03 -2.570795413036541105e-02
4.878000000000000000e+03 9.459851177153281165e-01 1.933566013467846734e-02 5.117170485354325185e-03 -2.567156629010595645e-02
4.879000000000000000e+03 9.449837937499868668e-01 1.930441990810582639e-02 5.113407874325067576e-03 -2.563524461491773973e-02
4.880000000000000000e+03 9.439883109999762656e-01 1.927333697773050969e-02 5.109645629642639575e-03 -2.559891411418871790e-02
4.881000000000000000e+03 9.429973581404491600e-01 1.924225908829045248e-02 5.105883838102768038e-03 -2.556249983598037068e-02
4.882000000000000000e+03 9.420110742117908664e-01 1.921133105806063432e-02 5.102122590010167193e-03 -2.552614969694907629e-02
4.883000000000000000e+03 9.410288270306742531e-01 1.918040050656251091e-02 5.098361978497508752e-03 -2.548978875876865835e-02
4.884000000000000000e+03 9.400492203899238897e-01 1.914958240564338526e-02 5.094602098808545705e-03 -2.545341633773024956e-02
4.885000000000000000e+03 9.390723299705189264e-01 1.911883566063814557e-02 5.090843047650657135e-03 -2.541710597896416901e-02
4.886000000000000000e+03 9.380959967062640903e-01 1.908815624561536334e-02 5.087084922327946186e-03 -2.538070829525717817e-02
4.887000000000000000e+03 9.371217770586428575e-01 1.905756234538227498e-02 5.083327820133789338e-03 -2.534437092370846537e-02
4.888000000000000000e+03 9.361467794031622658e-01 1.902703492842274663e-02 5.079571837566472514e-03 -2.530809279625382061e-02
4.889000000000000000e+03 9.351710998507285488e-01 1.899659203094348006e-02 5.075817069636767535e-03 -2.527179839442702733e-02
4.890000000000000000e+03 9.341941153664204966e-01 1.896621447485687117e-02 5.072063609124366317e-03 -2.523556057130904931e-02
4.891000000000000000e+03 9.332152336465409093e-01 1.893591272526799762e-02 5.068311545913803569e-03 -2.519937767288198474e-02
4.892000000000000000e+03 9.322338998362489360e-01 1.890568975189034842e-02 5.064560966415284672e-03 -2.516317351069304389e-02
4.893000000000000000e+03 9.312488600189273713e-01 1.887554103322766977e-02 5.060811952878774278e-03 -2.512702018595727033e-02
4.894000000000000000e+03 9.302603955876993513e-01 1.884546941815395948e-02 5.057064582922637247e-03 -2.509098949774779888e-02
4.895000000000000000e+03 9.292673572528765691e-01 1.881546284672267269e-02 5.053318928954168149e-03 -2.505493006918412674e-02
4.896000000000000000e+03 9.282701411563376581e-01 1.878553892676924908e-02 5.049575057809840839e-03 -2.501898731066374074e-02
4.897000000000000000e+03 9.272677216824203317e-01 1.875569294288130170e-02 5.045833030280924905e-03 -2.498308341616970255e-02
4.898000000000000000e+03 9.262598834484799815e-01 1.872591272109361965e-02 5.042092900855769944e-03 -2.494728876411721891e-02
4.899000000000000000e+03 9.252464812527829707e-01 1.869620835097869638e-02 5.038354717477251318e-03 -2.491159905276098957e-02
4.900000000000000000e+03 9.242274421267564488e-01 1.866657505322120991e-02 5.034618521335799436e-03 -2.487593528885256866e-02
4.901000000000000000e+03 9.232027659323547297e-01 1.863701537245689849e-02 5.030884346762806193e-03 -2.484036567794180653e-02
4.902000000000000000e+03 9.221725237901721162e-01 1.860752402470746900e-02 5.027152221244619856e-03 -2.480487991304355933e-02
4.903000000000000000e+03 9.211368599425791004e-01 1.857811049922864985e-02 5.023422165432235229e-03 -2.476946631154209807e-02
4.904000000000000000e+03 9.200959914422610630e-01 1.854875460139268628e-02 5.019694193283770825e-03 -2.473411276808089310e-02
4.905000000000000000e+03 9.190502063778474007e-01 1.851946589073169558e-02 5.015968312194509816e-03 -2.469880675881453574e-02
4.906000000000000000e+03 9.179991185185133462e-01 1.849024655037192350e-02 5.012244523406720643e-03 -2.466360963244866936e-02
4.907000000000000000e+03 9.169438925796430384e-01 1.846109882690351311e-02 5.008522822171395696e-03 -2.462850805382604119e-02
4.908000000000000000e+03 9.158842689545565463e-01 1.843200275654153369e-02 5.004803198269670156e-03 -2.459341401779663663e-02
4.909000000000000000e+03 9.148215304777900236e-01 1.840298303152254969e-02 5.001085636410127454e-03 -2.455838771644019980e-02
4.910000000000000000e+03 9.137555259052221324e-01 1.837401987084730237e-02 4.997370116768829959e-03 -2.452341470811683979e-02
4.911000000000000000e+03 9.126876355235670202e-01 1.834512331443361594e-02 4.993656615564075370e-03 -2.448855450699324171e-02
4.912000000000000000e+03 9.116177935860008130e-01 1.831628123491822746e-02 4.989945105666882333e-03 -2.445371775730251912e-02
4.913000000000000000e+03 9.105467101627153781e-01 1.828751134592753250e-02 4.986235557213956719e-03 -2.441888911100196374e-02
4.914000000000000000e+03 9.094751212881742042e-01 1.825879435610512289e-02 4.982527938312051805e-03 -2.438420154057840961e-02
4.915000000000000000e+03 9.084045244860488033e-01 1.823013340446127603e-02 4.978822215775918769e-03 -2.434949066915213789e-02
4.916000000000000000e+03 9.073341999011850234e-01 1.820153178321226237e-02 4.975118355803748171e-03 -2.431481478753498918e-02
4.917000000000000000e+03 9.062664024752656866e-01 1.817299294478879473e-02 4.971416324771841568e-03 -2.428015775416792962e-02
4.918000000000000000e+03 9.052004115334076895e-01 1.814450565146316641e-02 4.967716089862948305e-03 -2.424550331358204386e-02
4.919000000000000000e+03 9.041384657470652453e-01 1.811608112228843548e-02 4.964017619919294973e-03 -2.421090941530968516e-02
4.920000000000000000e+03 9.030798128302437444e-01 1.808770846742856903e-02 4.960320886085695970e-03 -2.417635968284499032e-02
4.921000000000000000e+03 9.020266447690566958e-01 1.805939183330038458e-02 4.956625862479945195e-03 -2.414176344951937669e-02
4.922000000000000000e+03 9.009781479394198822e-01 1.803113554809246052e-02 4.952932526964384623e-03 -2.410725292834848404e-02
4.923000000000000000e+03 8.999356960730654498e-01 1.800292926645189265e-02 4.949240861668021373e-03 -2.407273754588570500e-02
4.924000000000000000e+03 8.989006152676499717e-01 1.797478511134265045e-02 4.945550853658301112e-03 -2.403820111064316339e-02
4.925000000000000000e+03 8.978719494576754556e-01 1.794670053150611982e-02 4.941862495377062278e-03 -2.400362756237076067e-02
4.926000000000000000e+03 8.968509119251735218e-01 1.791867315607042349e-02 4.938175785242219715e-03 -2.396914957094873830e-02
4.927000000000000000e+03 8.958371662059190221e-01 1.789070821995400809e-02 4.934490727949594410e-03 -2.393460286495650846e-02
4.928000000000000000e+03 8.948325359797320022e-01 1.786280370291708219e-02 4.930807334966207274e-03 -2.390004624425456220e-02
4.929000000000000000e+03 8.938358016191674249e-01 1.783495775283639243e-02 4.927125624728097460e-03 -2.386553875511073300e-02
4.930000000000000000e+03 8.928471543108463804e-01 1.780716867958906033e-02 4.923445622816277970e-03 -2.383091686301249540e-02
4.931000000000000000e+03 8.918681939161519079e-01 1.777944980448714282e-02 4.919767362232795212e-03 -2.379638874141473334e-02
4.932000000000000000e+03 8.908967277601772539e-01 1.775179231059985374e-02 4.916090883361728080e-03 -2.376179145478183805e-02
4.933000000000000000e+03 8.899349412408111837e-01 1.772419494724708500e-02 4.912416233976448637e-03 -2.372718524168689058e-02
4.934000000000000000e+03 8.889812268654349037e-01 1.769666402033768376e-02 4.908743469133260151e-03 -2.369255639306022676e-02
4.935000000000000000e+03 8.880353851169499046e-01 1.766920595359248655e-02 4.905072651052579807e-03 -2.365796582840909087e-02
4.936000000000000000e+03 8.870978834308319572e-01 1.764181242090195542e-02 4.901403848792664115e-03 -2.362332625141728287e-02
4.937000000000000000e+03 8.861683731123456420e-01 1.761449747645854255e-02 4.897737137988417665e-03 -2.358862500357705380e-02
4.938000000000000000e+03 8.852456926758877076e-01 1.758725297266168150e-02 4.894072600434800149e-03 -2.355399834776516696e-02
4.939000000000000000e+03 8.843293575758157665e-01 1.756007826117467543e-02 4.890410323593026055e-03 -2.351936004779920861e-02
4.940000000000000000e+03 8.834203077838201912e-01 1.753298018025305563e-02 4.886750400099670877e-03 -2.348469849662258510e-02
4.941000000000000000e+03 8.825157133238408225e-01 1.750596561362206816e-02 4.883092927162376723e-03 -2.345000242421870634e-02
4.942000000000000000e+03 8.816171514219621752e-01 1.747901919260572492e-02 4.879438005887273139e-03 -2.341533516993859684e-02
4.943000000000000000e+03 8.807216989778580141e-01 1.745215528175925179e-02 4.875785740623861386e-03 -2.338076038517620039e-02
4.944000000000000000e+03 8.798301107048549508e-01 1.742537339614023961e-02 4.872136238223678632e-03 -2.334611916697856490e-02
4.945000000000000000e+03 8.789416266349641127e-01 1.739867304565807793e-02 4.868489607262772335e-03 -2.331147574084056068e-02
4.946000000000000000e+03 8.780547226258782478e-01 1.737205372304817530e-02 4.864845957276688927e-03 -2.327689459039268549e-02
4.947000000000000000e+03 8.771686039496379150e-01 1.734551489240246033e-02 4.861205397897650979e-03 -2.324229186876177952e-02
4.948000000000000000e+03 8.762832133783378108e-01 1.731905597818092155e-02 4.857568038065367307e-03 -2.320773250974293364e-02
4.949000000000000000e+03 8.753970108518283055e-01 1.729268378328715702e-02 4.853933985200207385e-03 -2.317320735329400985e-02
4.950000000000000000e+03 8.745099529947284456e-01 1.726639762283136911e-02 4.850303344392722926e-03 -2.313870740433409193e-02
4.951000000000000000e+03 8.736205275253818847e-01 1.724018940589484850e-02 4.846676217530971817e-03 -2.310429757144696894e-02
4.952000000000000000e+03 8.727279826476078695e-01 1.721407361217133086e-02 4.843052702641200032e-03 -2.306989223245981685e-02
4.953000000000000000e+03 8.718323418049418461e-01 1.718804244412107385e-02 4.839432893000901806e-03 -2.303555390149033752e-02
4.954000000000000000e+03 8.709321849092385159e-01 1.716209544418332428e-02 4.835816876543674175e-03 -2.300127087312680771e-02
4.955000000000000000e+03 8.700276266697049010e-01 1.713623949030528698e-02 4.832204735082825872e-03 -2.296703148142060710e-02
4.956000000000000000e+03 8.691173517766124235e-01 1.711046650741340075e-02 4.828596543749096200e-03 -2.293289836010547686e-02
4.957000000000000000e+03 8.682008493973286667e-01 1.708478317861215554e-02 4.824992370439007763e-03 -2.289878556983540592e-02
4.958000000000000000e+03 8.672784185723334538e-01 1.705918865916225893e-02 4.821392275297058452e-03 -2.286468142792845090e-02
4.959000000000000000e+03 8.663496872894316247e-01 1.703367457674218044e-02 4.817796310307924379e-03 -2.283072277279992943e-02
4.960000000000000000e+03 8.654143593611767216e-01 1.700825474640237089e-02 4.814204518923367697e-03 -2.279674924561309740e-02
4.961000000000000000e+03 8.644707320516616944e-01 1.698291317491136196e-02 4.810616935777578887e-03 -2.276288268671875295e-02
4.962000000000000000e+03 8.635208984367945817e-01 1.695766349151743221e-02 4.807033586566759192e-03 -2.272906656488715357e-02
4.963000000000000000e+03 8.625633207592530161e-01 1.693248952645853844e-02 4.803454487885569155e-03 -2.269530367414330715e-02
4.964000000000000000e+03 8.615980311471058695e-01 1.690739731584987166e-02 4.799879647195586137e-03 -2.266159669901932766e-02
4.965000000000000000e+03 8.606258888102322757e-01 1.688239282415763057e-02 4.796309062949565168e-03 -2.262795563756658801e-02
4.966000000000000000e+03 8.596470935531330682e-01 1.685745966788734784e-02 4.792742724657449507e-03 -2.259437551366031208e-02
4.967000000000000000e+03 8.586604412806941866e-01 1.683261112363311149e-02 4.789180613218333403e-03 -2.256085866215875105e-02
4.968000000000000000e+03 8.576677785184783076e-01 1.680783071198361719e-02 4.785622701146637070e-03 -2.252739987492937204e-02
4.969000000000000000e+03 8.566695421038424962e-01 1.678312420739092731e-02 4.782068953062715982e-03 -2.249400869148694693e-02
4.970000000000000000e+03 8.556654979423160556e-01 1.675848993712875795e-02 4.778519326070033123e-03 -2.246066483693647323e-02
4.971000000000000000e+03 8.546569646910948670e-01 1.673393365084407600e-02 4.774973770401335672e-03 -2.242739251633445174e-02
4.972000000000000000e+03 8.536445797345528774e-01 1.670943882078618561e-02 4.771432229911714597e-03 -2.239417128753895883e-02
4.973000000000000000e+03 8.526282930180205666e-01 1.668501122572704429e-02 4.767894642914051809e-03 -2.236100293202565592e-02
4.974000000000000000e+03 8.516095887990944302e-01 1.666064925199800539e-02 4.764360942777537931e-03 -2.232789661581425014e-02
4.975000000000000000e+03 8.505892498647441569e-01 1.663635133630641041e-02 4.760831058775088186e-03 -2.229484662420518071e-02
4.976000000000000000e+03 8.495680926353144091e-01 1.661211598038226170e-02 4.757304916879158060e-03 -2.226184724000670676e-02
4.977000000000000000e+03 8.485469590541337981e-01 1.658793433722667576e-02 4.753782440608765418e-03 -2.222890019495236957e-02
4.978000000000000000e+03 8.475259653424129791e-01 1.656381251055856138e-02 4.750263551940685225e-03 -2.219599983758402742e-02
4.979000000000000000e+03 8.465074647108585815e-01 1.653974928391963375e-02 4.746748172183856869e-03 -2.216314058714820637e-02
4.980000000000000000e+03 8.454908387527401148e-01 1.651572870606059229e-02 4.743236222856798620e-03 -2.213033181671726635e-02
4.981000000000000000e+03 8.444784313153463895e-01 1.649176467419804365e-02 4.739727626609272285e-03 -2.209756073850549507e-02
4.982000000000000000e+03 8.434695970507214424e-01 1.646784894804109722e-02 4.736222308128160141e-03 -2.206482957298892822e-02
4.983000000000000000e+03 8.424666354544316782e-01 1.644398087491538360e-02 4.732720194992652389e-03 -2.203213329114139113e-02
4.984000000000000000e+03 8.414695825915838867e-01 1.642015254391572185e-02 4.729221218472114997e-03 -2.199946706998651136e-02
4.985000000000000000e+03 8.404784314718913851e-01 1.639637108068452490e-02 4.725725314382169667e-03 -2.196682631913078609e-02
4.986000000000000000e+03 8.394960956390644657e-01 1.637262894271639471e-02 4.722232423818800186e-03 -2.193421413497381386e-02
4.987000000000000000e+03 8.385209735284366861e-01 1.634893364020454515e-02 4.718742493874305763e-03 -2.190162646878812333e-02
4.988000000000000000e+03 8.375551128929911160e-01 1.632527060047036030e-02 4.715255478269029209e-03 -2.186905957848122445e-02
4.989000000000000000e+03 8.365975191315361270e-01 1.630164774285533524e-02 4.711771337925745561e-03 -2.183651005057625494e-02
4.990000000000000000e+03 8.356508353126965716e-01 1.627806576866209706e-02 4.708290041489647179e-03 -2.180398224871332377e-02
4.991000000000000000e+03 8.347131662232180060e-01 1.625452559138903380e-02 4.704811565721440762e-03 -2.177148090350024268e-02
4.992000000000000000e+03 8.337862455605051792e-01 1.623102090867161937e-02 4.701335895871476024e-03 -2.173900370029232393e-02
4.993000000000000000e+03 8.328694900781268284e-01 1.620756048609192992e-02 4.697863025918435839e-03 -2.170656357800374719e-02
4.994000000000000000e+03 8.319637114397622213e-01 1.618414586928862420e-02 4.694392958747429026e-03 -2.167414417030417290e-02
4.995000000000000000e+03 8.310681434383691002e-01 1.616077880793688470e-02 4.690925706143674219e-03 -2.164176666960848650e-02
4.996000000000000000e+03 8.301826699604502036e-01 1.613744639289929617e-02 4.687461288908392407e-03 -2.160941554978994261e-02
4.997000000000000000e+03 8.293078253541369405e-01 1.611416561883671078e-02 4.683999736637753722e-03 -2.157709799642849521e-02
4.998000000000000000e+03 8.284425672028179477e-01 1.609092394827563513e-02 4.680541087519024014e-03 -2.154479933749055970e-02
4.999000000000000000e+03 8.275872498467857774e-01 1.606772387106072258e-02 4.677085388063239625e-03 -2.151252761150197756e-02
5.000000000000000000e+03 8.267406561108265883e-01 1.604456803563123965e-02 4.673632692694093538e-03 -2.148026899281255120e-02
