0.000000000000000000e+00 0.000000000000000000e+00 0.000000000000000000e+00 0.000000000000000000e+00 0.000000000000000000e+00
1.000000000000000000e+00 0.000000000000000000e+00 0.000000000000000000e+00 0.000000000000000000e+00 0.000000000000000000e+00
2.000000000000000000e+00 9.735707463743577819e+02 3.204399042437421075e-02 1.715336035202271332e-06 2.600990623753984377e+00
3.000000000000000000e+00 9.219192213527242075e+02 4.414088429770007815e-02 3.431120858097641853e-06 2.995558874368772884e+00
4.000000000000000000e+00 8.717091725981367745e+02 4.133590789573584473e-02 5.719528387057571766e-06 2.877532064720468963e+00
5.000000000000000000e+00 8.337922898534931164e+02 2.994749059583063158e-02 8.581146780465856859e-06 2.507604873430029357e+00
6.000000000000000000e+00 8.075254268274534297e+02 1.796353225687363428e-02 1.201670247535198311e-05 2.062977405432765643e+00
7.000000000000000000e+00 7.905564466365448197e+02 9.815999067252114199e-03 1.602705444361591689e-05 1.646029726291941664e+00
8.000000000000000000e+00 7.801442842631209942e+02 5.876338551114326098e-03 2.061318745577506159e-05 1.307588822622176794e+00
9.000000000000000000e+00 7.749515519410717843e+02 4.458355264436298163e-03 2.577620431113456122e-05 1.061055103486085116e+00
1.000000000000000000e+01 7.736160979080775633e+02 3.882674954369514427e-03 3.151731716615828292e-05 9.056523813777647147e-01
1.100000000000000000e+01 7.748281764781149832e+02 3.368187112995529517e-03 3.783783811280957868e-05 8.299382391527331260e-01
1.200000000000000000e+01 7.792115887551741480e+02 2.880925303390234702e-03 4.473916889184729816e-05 8.178002385224801829e-01
1.300000000000000000e+01 7.849016580905033607e+02 2.596677750963814063e-03 5.222278999867819167e-05 8.462694527432775837e-01
1.400000000000000000e+01 7.917676274427456065e+02 2.571425275811615747e-03 6.029024920099007796e-05 8.921878525049865560e-01
1.500000000000000000e+01 7.987836977624058363e+02 2.723576375809922366e-03 6.894314961868161420e-05 9.450812328953717145e-01
1.600000000000000000e+01 8.076142736350204814e+02 2.944623742627889250e-03 7.818313739287244941e-05 1.003535095405193589e+00
1.700000000000000000e+01 8.181092771495092393e+02 3.238265196817700312e-03 8.801188912519673476e-05 1.062924638431604896e+00
1.800000000000000000e+01 8.291618612910115189e+02 3.639737431241643617e-03 9.843109920035667611e-05 1.120514699435879002e+00
1.900000000000000000e+01 8.415488267070576285e+02 4.195897970398941405e-03 1.094424668560667314e-04 1.179578655604647475e+00
2.000000000000000000e+01 8.536687507423552006e+02 4.927271071419683963e-03 1.210476837182572984e-04 1.235782776600225397e+00
2.100000000000000000e+01 8.662141198943511426e+02 5.817861531565790209e-03 1.332484210785291772e-04 1.295273815628578573e+00
2.200000000000000000e+01 8.792065083969314401e+02 6.859775443088603382e-03 1.460463178240984370e-04 1.360065345712792695e+00
2.300000000000000000e+01 8.922583676190105280e+02 8.041758631692205034e-03 1.594429683775219514e-04 1.428683306059761904e+00
2.400000000000000000e+01 9.056897859330043730e+02 9.361301607364336599e-03 1.734399113424407257e-04 1.498586965614752575e+00
2.500000000000000000e+01 9.196360525205122940e+02 1.082332499377144756e-02 1.880386190876440959e-04 1.561999513167648512e+00
2.600000000000000000e+01 9.336085545550474762e+02 1.243722923984619776e-02 2.032404872608162890e-04 1.622055396823756990e+00
2.700000000000000000e+01 9.480169165819835371e+02 1.419827215329768841e-02 2.190468255187939513e-04 1.677813442557139378e+00
2.800000000000000000e+01 9.626918994600833912e+02 1.608664040926232816e-02 2.354588489190146685e-04 1.722794481935177702e+00
2.900000000000000000e+01 9.775561862753469313e+02 1.813510225151629754e-02 2.524776707022301659e-04 1.761680939474098873e+00
3.000000000000000000e+01 9.928067303559087122e+02 2.038167366557073340e-02 2.701042952728345179e-04 1.787790014139673644e+00
3.100000000000000000e+01 1.007840552806338792e+03 2.282364394379004027e-02 2.883396125209052854e-04 1.811802733045764446e+00
3.200000000000000000e+01 1.023464459537532548e+03 2.547676792301018650e-02 3.071843937368496616e-04 1.828711533721562699e+00
3.300000000000000000e+01 1.039146843098451654e+03 2.830395516561130115e-02 3.266392880828224501e-04 1.837776674418392098e+00
3.400000000000000000e+01 1.054863786553064983e+03 3.133505371945134732e-02 3.467048201453163314e-04 1.841154093500678490e+00
3.500000000000000000e+01 1.071197199851237201e+03 3.458326469319893126e-02 3.673813886900165453e-04 1.831340791404219903e+00
3.600000000000000000e+01 1.087246648288876941e+03 3.807799385896012273e-02 3.886692666425056166e-04 1.819819800465608317e+00
3.700000000000000000e+01 1.103532252495646389e+03 4.182084255979138382e-02 4.105686028265141739e-04 1.799747107995653739e+00
3.800000000000000000e+01 1.120156502551427593e+03 4.577829826488687137e-02 4.330794235974958981e-04 1.771623099152288994e+00
3.900000000000000000e+01 1.137027865384236748e+03 4.995157690593456101e-02 4.562016369309810932e-04 1.734046206369354470e+00
4.000000000000000000e+01 1.154075015126041080e+03 5.435319461218831444e-02 4.799350360739336268e-04 1.684118001799397080e+00
4.100000000000000000e+01 1.171219038871001885e+03 5.899529176124163055e-02 5.042793064967088191e-04 1.619867368268663510e+00
4.200000000000000000e+01 1.188462097867499097e+03 6.388798739796723580e-02 5.292340304517941440e-04 1.542965471348530127e+00
4.300000000000000000e+01 1.205813622874714838e+03 6.904072767881019868e-02 5.547986958227851427e-04 1.455594800412596701e+00
4.400000000000000000e+01 1.223320187119493539e+03 7.446080398427017133e-02 5.809727049768128411e-04 1.358333357182964996e+00
4.500000000000000000e+01 1.241043221145845564e+03 8.015268437380185240e-02 6.077553820383707443e-04 1.251454617082382814e+00
4.600000000000000000e+01 1.258946755934974590e+03 8.611783742877651693e-02 6.351459845590855637e-04 1.135391055434681773e+00
4.700000000000000000e+01 1.277013781839005560e+03 9.235747225097935831e-02 6.631437122705610438e-04 1.009353951430951080e+00
4.800000000000000000e+01 1.295219029615353520e+03 9.886586146066132785e-02 6.917477199998568705e-04 8.722307409111922372e-01
4.900000000000000000e+01 1.313552086870978428e+03 1.056365343394199546e-01 7.209571275970638174e-04 7.229831783134018641e-01
5.000000000000000000e+01 1.332069396385503524e+03 1.126741622083429067e-01 7.507710320080240645e-04 5.607119627956010932e-01
5.100000000000000000e+01 1.350830687971971656e+03 1.199844499625038197e-01 7.811885209375566980e-04 3.848942124619185723e-01
5.200000000000000000e+01 1.369782557822458330e+03 1.275727812090815816e-01 8.122086824413215795e-04 1.963105675235171099e-01
5.300000000000000000e+01 1.388852603847366709e+03 1.354411161700936062e-01 8.438306186350297625e-04 -4.142352380236435407e-03
5.400000000000000000e+01 1.408020421902985390e+03 1.435921575160719887e-01 8.760534577433999430e-04 -2.164270591353707751e-01
5.500000000000000000e+01 1.427280463911726429e+03 1.520300932329010091e-01 9.088763661189507796e-04 -4.408756688736427676e-01
5.600000000000000000e+01 1.446743734972364791e+03 1.607519861376494608e-01 9.422985600102838557e-04 -6.783792595751045873e-01
5.700000000000000000e+01 1.466512040630842193e+03 1.697531414309366160e-01 9.763193168032131266e-04 -9.294999851383783929e-01
5.800000000000000000e+01 1.486543747116024406e+03 1.790306532417550722e-01 1.010937986260704562e-03 -1.194038500144824155e+00
5.900000000000000000e+01 1.506752649453624599e+03 1.885823583330147601e-01 1.046154001145465544e-03 -1.471507956296361996e+00
6.000000000000000000e+01 1.527119396620073303e+03 1.983986649622277720e-01 1.081966885966700138e-03 -1.761005493293871238e+00
6.100000000000000000e+01 1.547651835206417672e+03 2.084714558658105066e-01 1.118376269341864052e-03 -2.061774789943736863e+00
6.200000000000000000e+01 1.568355180804937390e+03 2.187985120824338936e-01 1.155381888579578437e-03 -2.374002312716806617e+00
6.300000000000000000e+01 1.589246989768695812e+03 2.293798320674763636e-01 1.192983599902620309e-03 -2.698125066994200960e+00
6.400000000000000000e+01 1.610329960243406049e+03 2.402146714876449152e-01 1.231181384659349757e-03 -3.034572611211617144e+00
6.500000000000000000e+01 1.631629073869267359e+03 2.513045146165126531e-01 1.269975355898679678e-03 -3.383833913543178973e+00
6.600000000000000000e+01 1.653181301587514781e+03 2.626438162644836316e-01 1.309365762499104923e-03 -3.746359300549711779e+00
6.700000000000000000e+01 1.674967579396194424e+03 2.742256550265324555e-01 1.349352994635276111e-03 -4.121605176860024145e+00
6.800000000000000000e+01 1.696951119154600065e+03 2.860397943308606306e-01 1.389937585698380581e-03 -4.508773886497087879e+00
6.900000000000000000e+01 1.719087702738248936e+03 2.980782264541629312e-01 1.431120216207341011e-03 -4.907097476143128745e+00
7.000000000000000000e+01 1.741347967101198719e+03 3.103336869170648660e-01 1.472901714181529655e-03 -5.316001120455449147e+00
7.100000000000000000e+01 1.763710205043516225e+03 3.228015139911525333e-01 1.515283055860867012e-03 -5.735229503605392409e+00
7.200000000000000000e+01 1.786287334483038421e+03 3.354777987399632511e-01 1.558265365489534555e-03 -6.165634519930300428e+00
7.300000000000000000e+01 1.809192500916881272e+03 3.483575209378074189e-01 1.601849913817403933e-03 -6.608127584262542875e+00
7.400000000000000000e+01 1.832434851482971681e+03 3.614297183567447558e-01 1.646038116280222055e-03 -7.062550426342891541e+00
7.500000000000000000e+01 1.856016103582950336e+03 3.746826866823776969e-01 1.690831529097552724e-03 -7.528410499113769028e+00
7.600000000000000000e+01 1.879891843437314265e+03 3.881027250076254931e-01 1.736231848332061038e-03 -8.005142308598733436e+00
7.700000000000000000e+01 1.903937133453466004e+03 4.016800290407891438e-01 1.782240902264916682e-03 -8.491353731804126781e+00
7.800000000000000000e+01 1.928136900399876595e+03 4.154035408754747083e-01 1.828860648453955757e-03 -8.986671669527606099e+00
7.900000000000000000e+01 1.952535496833243542e+03 4.292629464706852471e-01 1.876093168059560961e-03 -9.491020161986730486e+00
8.000000000000000000e+01 1.977154989358074772e+03 4.432479328872666047e-01 1.923940659544794932e-03 -1.000447182341922847e+01
8.100000000000000000e+01 2.002019671751893839e+03 4.573480190249905042e-01 1.972405433217961929e-03 -1.052686542379337098e+01
8.200000000000000000e+01 2.027140463906292098e+03 4.715535333650241467e-01 2.021489903827510242e-03 -1.105784716677112023e+01
8.300000000000000000e+01 2.052493371384245620e+03 4.858531506982545212e-01 2.071196584415911472e-03 -1.159720083246532241e+01
8.400000000000000000e+01 2.078076684395120083e+03 5.002362900325145745e-01 2.121528079694086962e-03 -1.214441308041235779e+01
8.500000000000000000e+01 2.103881264524472499e+03 5.146916289919509779e-01 2.172487078319335681e-03 -1.269934200270514246e+01
8.600000000000000000e+01 2.129902547190474706e+03 5.292099968773384955e-01 2.224076346351434256e-03 -1.326143433797116700e+01
8.700000000000000000e+01 2.156109693597822115e+03 5.437789398450360023e-01 2.276298721580717003e-03 -1.383019988317676052e+01
8.800000000000000000e+01 2.182483867393191758e+03 5.583866701900388474e-01 2.329157105729902366e-03 -1.440510850259058628e+01
8.900000000000000000e+01 2.209035945866769453e+03 5.730214019214359134e-01 2.382654458744263171e-03 -1.498570436554172680e+01
9.000000000000000000e+01 2.235769378322811008e+03 5.876668938144735677e-01 2.436793793041705253e-03 -1.557168023157688275e+01
9.100000000000000000e+01 2.262694543486480597e+03 6.023107683470021456e-01 2.491578168166208758e-03 -1.616251375899773635e+01
9.200000000000000000e+01 2.289812394682723607e+03 6.169390121498175006e-01 2.547010685984815986e-03 -1.675801066420627095e+01
9.300000000000000000e+01 2.317138243222913388e+03 6.315377614968642472e-01 2.603094486078429918e-03 -1.735768728223925805e+01
9.400000000000000000e+01 2.344665116160846082e+03 6.460953831737704656e-01 2.659832742540335204e-03 -1.796135711212274799e+01
9.500000000000000000e+01 2.372408326482645862e+03 6.605972746856397793e-01 2.717228660284157996e-03 -1.856853655058561614e+01
9.600000000000000000e+01 2.400360903084734218e+03 6.750303213166685135e-01 2.775285473134893842e-03 -1.917881631132343756e+01
9.700000000000000000e+01 2.428523304244804876e+03 6.893806676725918736e-01 2.834006442050425369e-03 -1.979178714326529231e+01
9.800000000000000000e+01 2.456903417681832707e+03 7.036337177254056163e-01 2.893394854210864890e-03 -2.040703983236052466e+01
9.900000000000000000e+01 2.485479418854530650e+03 7.177763633603819748e-01 2.953454022848550631e-03 -2.102409091987989953e+01
1.000000000000000000e+02 2.514266626152715162e+03 7.317977272502423913e-01 3.014187287703396466e-03 -2.164245698773751414e+01
1.010000000000000000e+02 2.543258074123692950e+03 7.456839630461747914e-01 3.075598016143980817e-03 -2.226165466032454887e+01
1.020000000000000000e+02 2.572454226890867176e+03 7.594137984003030972e-01 3.137689605434872304e-03 -2.288142345686295798e+01
1.030000000000000000e+02 2.601840693109873428e+03 7.729882483963179673e-01 3.200465485430976659e-03 -2.350098295823687167e+01
1.040000000000000000e+02 2.631417939365899656e+03 7.863786171243465350e-01 3.263929121576141564e-03 -2.411999849438905485e+01
1.050000000000000000e+02 2.661179005108965612e+03 7.995784961553362713e-01 3.328084019029767596e-03 -2.473791259466680259e+01
1.060000000000000000e+02 2.691116930980273992e+03 8.125740511596214466e-01 3.392933726858031115e-03 -2.535409355669638032e+01
1.070000000000000000e+02 2.721224758778863361e+03 8.253588786225080076e-01 3.458481843534940911e-03 -2.596813258225964205e+01
1.080000000000000000e+02 2.751488103069096269e+03 8.379117208061237498e-01 3.524732021607464554e-03 -2.657947236164118365e+01
1.090000000000000000e+02 2.781914864531155217e+03 8.502261791582779171e-01 3.591687973609428413e-03 -2.718748135897887863e+01
1.100000000000000000e+02 2.812490659801510901e+03 8.622810009154948663e-01 3.659353478148678809e-03 -2.779175094810563706e+01
1.110000000000000000e+02 2.843208429415718001e+03 8.740697080172693534e-01 3.727732386119815035e-03 -2.839179567274672777e+01
1.120000000000000000e+02 2.874068121557460017e+03 8.855854869414412356e-01 3.796828626643147450e-03 -2.898689685848967557e+01
1.130000000000000000e+02 2.905062151462868769e+03 8.968065854559980066e-01 3.866646213420232500e-03 -2.957670470536340090e+01
1.140000000000000000e+02 2.936182935084750625e+03 9.077186821441817210e-01 3.937189251048992152e-03 -3.016057234563110256e+01
1.150000000000000000e+02 2.967422889010180370e+03 9.183223147385295437e-01 4.008461940593171548e-03 -3.073800154647337735e+01
1.160000000000000000e+02 2.998781858726473729e+03 9.286031666987529798e-01 4.080468585424639610e-03 -3.130849414460118751e+01
1.170000000000000000e+02 3.030252261835599256e+03 9.385394955366254122e-01 4.153213596508840803e-03 -3.187147776431480040e+01
1.180000000000000000e+02 3.061819087969359316e+03 9.481318461872830783e-01 4.226701497088179889e-03 -3.242638010250530556e+01
1.190000000000000000e+02 3.093482183756684208e+03 9.573659092236581625e-01 4.300936926894097928e-03 -3.297277749708986505e+01
1.200000000000000000e+02 3.125233967691840007e+03 9.662348058681822227e-01 4.375924645869407222e-03 -3.351009779435739944e+01
1.210000000000000000e+02 3.157066858407119071e+03 9.747242312492889749e-01 4.451669536493719354e-03 -3.403776891724866971e+01
1.220000000000000000e+02 3.188965846249523111e+03 9.828273110532410595e-01 4.528176606320650013e-03 -3.455536743354995366e+01
1.230000000000000000e+02 3.220930778263922093e+03 9.905371731217342823e-01 4.605450988417853289e-03 -3.506232142297997711e+01
1.240000000000000000e+02 3.252954073081117713e+03 9.978395190438449358e-01 4.683497941798241831e-03 -3.555805904519453264e+01
1.250000000000000000e+02 3.285020720863940824e+03 1.004734909144737287e+00 4.762322850342067850e-03 -3.604215710768897907e+01
1.260000000000000000e+02 3.317130568312169089e+03 1.011209049017759876e+00 4.841931220766085807e-03 -3.651411821608137132e+01
1.270000000000000000e+02 3.349268605224527619e+03 1.017262502854055839e+00 4.922328679202282210e-03 -3.697337077479176060e+01
1.280000000000000000e+02 3.381427249521879730e+03 1.022880979965002490e+00 5.003520967036858592e-03 -3.741949183811406243e+01
1.290000000000000000e+02 3.413606347229701896e+03 1.028065048102283052e+00 5.085513935173968485e-03 -3.785198426015405460e+01
1.300000000000000000e+02 3.445790887420290801e+03 1.032800419971152905e+00 5.168313537156395653e-03 -3.827027669515329933e+01
1.310000000000000000e+02 3.477966099655696780e+03 1.037087636703527105e+00 5.251925821285900568e-03 -3.867394988592424454e+01
1.320000000000000000e+02 3.510140461269266325e+03 1.040927121550739187e+00 5.336356921178268646e-03 -3.906252412659977580e+01
1.330000000000000000e+02 3.542292976724228083e+03 1.044304412594665887e+00 5.421613045479256252e-03 -3.943559751639963196e+01
1.340000000000000000e+02 3.574424935364335397e+03 1.047234762581908285e+00 5.507700466223820757e-03 -3.979261967121123433e+01
1.350000000000000000e+02 3.606522769711411911e+03 1.049696283662880703e+00 5.594625505549333071e-03 -4.013333742429134787e+01
1.360000000000000000e+02 3.638587768926238368e+03 1.051696802429753719e+00 5.682394522382649624e-03 -4.045712627430083330e+01
1.370000000000000000e+02 3.670606365478266980e+03 1.053229289697130922e+00 5.771013897082640995e-03 -4.076358465275270504e+01
1.380000000000000000e+02 3.702572420277525453e+03 1.054301573780041190e+00 5.860490015824550321e-03 -4.105238535630738994e+01
1.390000000000000000e+02 3.734472366065236656e+03 1.054906626966300554e+00 5.950829253312274296e-03 -4.132312697894138864e+01
1.400000000000000000e+02 3.766314920915314815e+03 1.055044850435458148e+00 6.042037955500786234e-03 -4.157540819449918956e+01
1.410000000000000000e+02 3.798079089891813965e+03 1.054731502473437610e+00 6.134122421141970788e-03 -4.180890203912329639e+01
1.420000000000000000e+02 3.829758735267568682e+03 1.053952128231604224e+00 6.227088882346621529e-03 -4.202313305955533451e+01
1.430000000000000000e+02 3.861355148298177483e+03 1.052714558033993830e+00 6.320943485630631069e-03 -4.221784872934173904e+01
1.440000000000000000e+02 3.892847335951413697e+03 1.051026622179251691e+00 6.415692271343491696e-03 -4.239264802990279435e+01
1.450000000000000000e+02 3.924236591144316208e+03 1.048881294088090943e+00 6.511341153648647975e-03 -4.254705573250910788e+01
1.460000000000000000e+02 3.955494494431184194e+03 1.046293831899095528e+00 6.607895899950941808e-03 -4.268089381416509553e+01
1.470000000000000000e+02 3.986614912598120554e+03 1.043272064908515873e+00 6.705362110368992892e-03 -4.279361290435922172e+01
1.480000000000000000e+02 4.017584285406744129e+03 1.039816393407501094e+00 6.803745197302079120e-03 -4.288496083476600518e+01
1.490000000000000000e+02 4.048389054089911042e+03 1.035934645216939343e+00 6.903050364675031476e-03 -4.295453693632257597e+01
1.500000000000000000e+02 4.079015661496780012e+03 1.031634647167442687e+00 7.003282588338660339e-03 -4.300194060424256293e+01
1.510000000000000000e+02 4.109442927092856735e+03 1.026924039196161598e+00 7.104446596088005716e-03 -4.302691397638431425e+01
1.520000000000000000e+02 4.139678598472494741e+03 1.021809716976905813e+00 7.206546849726905464e-03 -4.302917570440045836e+01
1.530000000000000000e+02 4.169707943423259167e+03 1.016305817287441515e+00 7.309587524762324942e-03 -4.300843861123787093e+01
1.540000000000000000e+02 4.199531088601913325e+03 1.010426475208334507e+00 7.413572493950598523e-03 -4.296456414244504884e+01
1.550000000000000000e+02 4.229140734609041829e+03 1.004170967239248702e+00 7.518505310432520815e-03 -4.289719094633855434e+01
1.560000000000000000e+02 4.258544441157869187e+03 9.975608528646970896e-01 7.624389191849468249e-03 -4.280618057264742760e+01
1.570000000000000000e+02 4.287720057082538005e+03 9.905954042648361657e-01 7.731227005619048867e-03 -4.269124605258566874e+01
1.580000000000000000e+02 4.316675147240608567e+03 9.833036045776055722e-01 7.839021255342228101e-03 -4.255217474690552848e+01
1.590000000000000000e+02 4.345394994151680294e+03 9.756847209053315373e-01 7.947774068489663057e-03 -4.238875405990616940e+01
1.600000000000000000e+02 4.373872311477814037e+03 9.677603025735861397e-01 8.057487185335946572e-03 -4.220084572041734106e+01
1.610000000000000000e+02 4.402084959040542344e+03 9.595444675358154596e-01 8.168161949382978654e-03 -4.198816292874723644e+01
1.620000000000000000e+02 4.430025656277354756e+03 9.510513305282246588e-01 8.279799299038588176e-03 -4.175064177162829537e+01
1.630000000000000000e+02 4.457687125583881425e+03 9.423098595741007388e-01 8.392399760608716675e-03 -4.148792123511470464e+01
1.640000000000000000e+02 4.485047235642858141e+03 9.333193056850414004e-01 8.505963443122382603e-03 -4.120001175350434153e+01
1.650000000000000000e+02 4.512106143191311276e+03 9.241012011150926408e-01 8.620490034463539411e-03 -4.088662665520324424e+01
1.660000000000000000e+02 4.538849151271524534e+03 9.146770741123171344e-01 8.735978798753868749e-03 -4.054770214461962041e+01
1.670000000000000000e+02 4.565268994270190888e+03 9.050684487208906503e-01 8.852428575355324875e-03 -4.018310016552199215e+01
1.680000000000000000e+02 4.591358409542780464e+03 8.952968445828120014e-01 8.969837779850213522e-03 -3.979290553241015971e+01
1.690000000000000000e+02 4.617110137374542319e+03 8.853837767414527438e-01 9.088204404969628045e-03 -3.937698022685520982e+01
1.700000000000000000e+02 4.642516920928104810e+03 8.753433270935144783e-01 9.207526024834128409e-03 -3.893526052885897570e+01
1.710000000000000000e+02 4.667564077827839355e+03 8.652044292443793472e-01 9.327799798941513107e-03 -3.846768273069570654e+01
1.720000000000000000e+02 4.692259213482927407e+03 8.549885832623201898e-01 9.449022478105147116e-03 -3.797425741775309405e+01
1.730000000000000000e+02 4.716580222545731885e+03 8.447172838352581259e-01 9.571190411305633902e-03 -3.745492089885951259e+01
1.740000000000000000e+02 4.740519858912156451e+03 8.344120200784765906e-01 9.694299553949698584e-03 -3.690968377061399508e+01
1.750000000000000000e+02 4.764078307259747817e+03 8.241091320449221991e-01 9.818345476792764148e-03 -3.633870519820497691e+01
1.760000000000000000e+02 4.787241019534578299e+03 8.138225183852193512e-01 9.943323375973074293e-03 -3.574192018745685573e+01
1.770000000000000000e+02 4.810001364848765661e+03 8.035877550624096477e-01 1.006922808345916964e-02 -3.511933279289302590e+01
1.780000000000000000e+02 4.832345407665565290e+03 7.934254046176949515e-01 1.019605407874675865e-02 -3.447102003825521876e+01
1.790000000000000000e+02 4.854274071046945210e+03 7.833560230904736965e-01 1.032379550063766173e-02 -3.379698465450689326e+01
1.800000000000000000e+02 4.875780851453074320e+03 7.734150165406968869e-01 1.045244615975146098e-02 -3.309737792758284769e+01
1.810000000000000000e+02 4.896851818588239439e+03 7.636303558233833444e-01 1.058199955109825376e-02 -3.237235112860366826e+01
1.820000000000000000e+02 4.917487900294398969e+03 7.540300047673185180e-01 1.071244886704533425e-02 -3.162198122756740659e+01
1.830000000000000000e+02 4.937682597341341534e+03 7.446344916569289651e-01 1.084378701029209933e-02 -3.084641945752049708e+01
1.840000000000000000e+02 4.957421983266923235e+03 7.354791941190073068e-01 1.097600660678394596e-02 -3.004589131169255367e+01
1.850000000000000000e+02 4.976706989268631332e+03 7.265994822623643712e-01 1.110910001834125062e-02 -2.922032512308464547e+01
1.860000000000000000e+02 4.995523690645194620e+03 7.180158618216988531e-01 1.124305935507584689e-02 -2.837009489655848782e+01
1.870000000000000000e+02 5.013873020043175529e+03 7.097570018920434931e-01 1.137787648761543792e-02 -2.749527747083621065e+01
1.880000000000000000e+02 5.031748482255990893e+03 7.018612204526765153e-01 1.151354305836525295e-02 -2.659617250000104605e+01
1.890000000000000000e+02 5.049136154078954860e+03 6.943579133497967959e-01 1.165005049267441202e-02 -2.567293103292417911e+01
1.900000000000000000e+02 5.066036969221449908e+03 6.872794395208855489e-01 1.178739000880843664e-02 -2.472585264416834860e+01
1.910000000000000000e+02 5.082444433124952411e+03 6.806559210189272457e-01 1.192555262708292971e-02 -2.375523686382928190e+01
1.920000000000000000e+02 5.098344622840130796e+03 6.745204427318103324e-01 1.206452917890326638e-02 -2.276116032382607912e+01
1.930000000000000000e+02 5.113731043613605834e+03 6.689045952534395933e-01 1.220431031364237195e-02 -2.174392245566502524e+01
1.940000000000000000e+02 5.128612057134406314e+03 6.638421889450243363e-01 1.234488650564728382e-02 -2.070397120363619337e+01
1.950000000000000000e+02 5.142973739689538888e+03 6.593670253233088197e-01 1.248624805929473766e-02 -1.964153160395068198e+01
1.960000000000000000e+02 5.156817023833246822e+03 6.555128969596211164e-01 1.262838511365969862e-02 -1.855705148235639257e+01
1.970000000000000000e+02 5.170142841616193436e+03 6.523150730562168320e-01 1.277128764547935148e-02 -1.745083003317855841e+01
1.980000000000000000e+02 5.182952124527154410e+03 6.498073280189149425e-01 1.291494547139954326e-02 -1.632324066633410098e+01
1.990000000000000000e+02 5.195223518396234795e+03 6.480234270472996494e-01 1.305934824873074100e-02 -1.517458243678941443e+01
2.000000000000000000e+02 5.206972810163240865e+03 6.469971260618245790e-01 1.320448547538164048e-02 -1.400537717499191182e+01
2.010000000000000000e+02 5.218185921628172764e+03 6.467643468959781705e-01 1.335034648980483116e-02 -1.281584338722894856e+01
2.020000000000000000e+02 5.228855597965466586e+03 6.473585604947901251e-01 1.349692046324670568e-02 -1.160654646897851805e+01
2.030000000000000000e+02 5.238959575904524172e+03 6.488146607709945890e-01 1.364419640453109865e-02 -1.037767420072433033e+01
2.040000000000000000e+02 5.248505304922169671e+03 6.511667893101465987e-01 1.379216315003642911e-02 -9.129711407279259561e+00
2.050000000000000000e+02 5.257463092116649023e+03 6.544498210055744725e-01 1.394080935991221480e-02 -7.863068536547116238e+00
2.060000000000000000e+02 5.265840385747119399e+03 6.586971355280368812e-01 1.409012351202343361e-02 -6.578081655782948012e+00
2.070000000000000000e+02 5.273622348478740605e+03 6.639443314844560851e-01 1.424009389483712855e-02 -5.275094159698535456e+00
2.080000000000000000e+02 5.280801570840123532e+03 6.702255122347490213e-01 1.439070860004825966e-02 -3.954672188871512173e+00
2.090000000000000000e+02 5.287407784689254186e+03 6.775740287277843832e-01 1.454195551458876100e-02 -2.617314920343758011e+00
2.100000000000000000e+02 5.293426151433266568e+03 6.860254508515900573e-01 1.469382231209226744e-02 -1.263543704096394826e+00
2.110000000000000000e+02 5.298864117259770865e+03 6.956145961126173338e-01 1.484629644400957231e-02 1.061291397276659526e-01
2.120000000000000000e+02 5.303736556520946579e+03 7.063740439941575966e-01 1.499936513080382151e-02 1.491178039449583270e+00
2.130000000000000000e+02 5.308043486771768585e+03 7.183393358399391415e-01 1.515301535264790798e-02 2.891086460543851100e+00
2.140000000000000000e+02 5.311792353912943327e+03 7.315452607266108576e-01 1.530723384066191330e-02 4.305332052529664999e+00
2.150000000000000000e+02 5.314983175584606215e+03 7.460191700063079079e-01 1.546200706796332057e-02 5.733364367456734279e+00
2.160000000000000000e+02 5.317601112911061136e+03 7.618040052599344136e-01 1.561732124125551902e-02 7.174625662758482569e+00
2.170000000000000000e+02 5.319646183996290347e+03 7.789270993037793467e-01 1.577316229276868112e-02 8.628536047951227417e+00
2.180000000000000000e+02 5.321118407316277626e+03 7.974157758126827478e-01 1.592951587297562754e-02 1.009462719825680921e+01
2.190000000000000000e+02 5.322010373458631875e+03 8.173122061189269649e-01 1.608636734355040065e-02 1.157225265217069676e+01
2.200000000000000000e+02 5.322314673558553295e+03 8.386436959194144558e-01 1.624370177174473337e-02 1.306092951870265040e+01
2.210000000000000000e+02 5.322038756079708037e+03 8.614375420953436224e-01 1.640150392518874289e-02 1.455995220618578223e+01
2.220000000000000000e+02 5.321167785136877683e+03 8.857358895419308320e-01 1.655975826825335090e-02 1.606891240970095325e+01
2.230000000000000000e+02 5.319709210663769227e+03 9.115585895575967212e-01 1.671844895898748351e-02 1.758703056233818884e+01
2.240000000000000000e+02 5.317670483419989978e+03 9.389403417457646839e-01 1.687755984788658417e-02 1.911382438937277328e+01
2.250000000000000000e+02 5.315051626688949000e+03 9.679009807756628891e-01 1.703707447749415807e-02 2.064851464276129178e+01
2.260000000000000000e+02 5.311845236315583861e+03 9.984826183057909921e-01 1.719697608379075829e-02 2.219061937153365704e+01
2.270000000000000000e+02 5.308058765783612216e+03 1.030712501415930848e+00 1.735724759883674681e-02 2.373943393949737057e+01
2.280000000000000000e+02 5.303692241179379380e+03 1.064610441151620401e+00 1.751787165482591307e-02 2.529432816131344808e+01
2.290000000000000000e+02 5.298753117894447314e+03 1.100211097779559388e+00 1.767883059012911526e-02 2.685467202089888161e+01
2.300000000000000000e+02 5.293233995563959979e+03 1.137541695952712262e+00 1.784010645659033292e-02 2.841983567316611570e+01
2.310000000000000000e+02 5.287142331443410512e+03 1.176614596586737838e+00 1.800168102844156015e-02 2.998911516209063421e+01
2.320000000000000000e+02 5.280485583670324559e+03 1.217464438848695485e+00 1.816353581286397900e-02 3.156188098911335516e+01
2.330000000000000000e+02 5.273256354512201142e+03 1.260118427004278230e+00 1.832565206214315651e-02 3.313742954735763391e+01
2.340000000000000000e+02 5.265454675351978949e+03 1.304596330676497162e+00 1.848801078766277792e-02 3.471505740617638480e+01
2.350000000000000000e+02 5.257095434959387603e+03 1.350925341816094249e+00 1.865059277485561079e-02 3.629420987902290108e+01
2.360000000000000000e+02 5.248163809297139778e+03 1.399132646631271015e+00 1.881337860014420382e-02 3.787410960662465698e+01
2.370000000000000000e+02 5.238682116567858429e+03 1.449223140827494927e+00 1.897634864919776551e-02 3.945405369149998620e+01
2.380000000000000000e+02 5.228642961943924092e+03 1.501224000010052073e+00 1.913948313640384535e-02 4.103341369828570606e+01
2.390000000000000000e+02 5.218053807539097761e+03 1.555147538244065597e+00 1.930276212562555618e-02 4.261148708688179454e+01
2.400000000000000000e+02 5.206914687216598395e+03 1.611028350126929354e+00 1.946616555230717624e-02 4.418742292892238765e+01
2.410000000000000000e+02 5.195225634787682793e+03 1.668878741018122502e+00 1.962967324645554026e-02 4.576074189209296605e+01
2.420000000000000000e+02 5.183001540550873870e+03 1.728711012430980576e+00 1.979326495663766283e-02 4.733059340473406706e+01
2.430000000000000000e+02 5.170242437721061833e+03 1.790544890733546612e+00 1.995692037481285736e-02 4.889627563981980529e+01
2.440000000000000000e+02 5.156948358952544368e+03 1.854392670807953669e+00 2.012061916197679587e-02 5.045723551425533060e+01
2.450000000000000000e+02 5.143134192855623951e+03 1.920274073120229241e+00 2.028434097412224260e-02 5.201269727050217284e+01
2.460000000000000000e+02 5.128807398756736802e+03 1.988186530697346521e+00 2.044806548883625757e-02 5.356203389307389529e+01
2.470000000000000000e+02 5.113960578155079020e+03 2.058157187965864221e+00 2.061177243204828299e-02 5.510454425686207003e+01
2.480000000000000000e+02 5.098616044628283817e+03 2.130198331045741078e+00 2.077544160495319731e-02 5.663945312582519875e+01
2.490000000000000000e+02 5.082766396833229919e+03 2.204307388153655900e+00 2.093905291111432948e-02 5.816620828554893308e+01
2.500000000000000000e+02 5.066426516760549021e+03 2.280511500116296997e+00 2.110258638284947738e-02 5.968403484064819509e+01
2.510000000000000000e+02 5.049588914631743137e+03 2.358793662122392831e+00 2.126602220805901694e-02 6.119208476245966466e+01
2.520000000000000000e+02 5.032260616040832247e+03 2.439175710509570383e+00 2.142934075603559682e-02 6.268973696841347021e+01
2.530000000000000000e+02 5.014441131130620306e+03 2.521657621888422351e+00 2.159252260267539164e-02 6.417622295538150468e+01
2.540000000000000000e+02 4.996144824264863928e+03 2.606254230497692781e+00 2.175554855547097780e-02 6.565070009872673040e+01
2.550000000000000000e+02 4.977356343749288499e+03 2.692958086899824632e+00 2.191839967701459529e-02 6.711254878415459757e+01
2.560000000000000000e+02 4.958090048463876883e+03 2.781784028534856290e+00 2.208105730794240190e-02 6.856100098794453856e+01
2.570000000000000000e+02 4.938352865950799242e+03 2.872732038427536772e+00 2.224350308850077743e-02 6.999551169211467538e+01
2.580000000000000000e+02 4.918159148964131418e+03 2.965794674001154263e+00 2.240571897902356863e-02 7.141509033046547472e+01
2.590000000000000000e+02 4.897515818629556634e+03 3.060986780946976182e+00 2.256768727921892870e-02 7.282023215712952435e+01
2.600000000000000000e+02 4.876444649367278544e+03 3.158300923596217835e+00 2.272939064564285030e-02 7.420875836784020407e+01
2.610000000000000000e+02 4.854945127025683178e+03 3.257737098798102693e+00 2.289081210834680372e-02 7.558146164345863838e+01
2.620000000000000000e+02 4.833039018881250740e+03 3.359295308051362117e+00 2.305193508517745099e-02 7.693690630206799597e+01
2.630000000000000000e+02 4.810733231799824352e+03 3.462975557988667408e+00 2.321274339528507299e-02 7.827514247130389435e+01
2.640000000000000000e+02 4.788034668864236664e+03 3.568770432514469793e+00 2.337322127046070896e-02 7.959473474539923643e+01
2.650000000000000000e+02 4.764942800966193317e+03 3.676665093295687470e+00 2.353335336494990354e-02 8.089647635739648024e+01
2.660000000000000000e+02 4.741464523464164813e+03 3.786652136955041659e+00 2.369312476378932636e-02 8.217818933100407719e+01
2.670000000000000000e+02 4.717614156156187164e+03 3.898716738865616094e+00 2.385252098921726571e-02 8.343918148772480947e+01
2.680000000000000000e+02 4.693391158217334123e+03 4.012851510347682726e+00 2.401152800573192608e-02 8.468024644378182586e+01
2.690000000000000000e+02 4.668794984903758632e+03 4.129049070816467548e+00 2.417013222303204811e-02 8.589920659684324278e+01
2.700000000000000000e+02 4.643832515921566483e+03 4.247287191579728116e+00 2.432832049810459973e-02 8.709685580304599739e+01
2.710000000000000000e+02 4.618525483810431069e+03 4.367558509737943240e+00 2.448608013510723130e-02 8.827101669356854075e+01
2.720000000000000000e+02 4.592865903889705805e+03 4.489848243632366120e+00 2.464339888419530417e-02 8.942248335155204586e+01
2.730000000000000000e+02 4.566882929471992611e+03 4.614119336643183189e+00 2.480026493878838625e-02 9.054982146359363071e+01
2.740000000000000000e+02 4.540568568434917324e+03 4.740371884489334775e+00 2.495666693164575595e-02 9.165382532651068459e+01
2.750000000000000000e+02 4.513937110109611240e+03 4.868576280573065240e+00 2.511259392968859944e-02 9.273231799872378645e+01
2.760000000000000000e+02 4.487010268677991007e+03 4.998717786576556854e+00 2.526803542793600380e-02 9.378609397695646521e+01
2.770000000000000000e+02 4.459787469879845958e+03 5.130774247904884788e+00 2.542298134207802984e-02 9.481371934749860486e+01
2.780000000000000000e+02 4.432275564531201780e+03 5.264723522527561705e+00 2.557742200041440359e-02 9.581450312268104597e+01
2.790000000000000000e+02 4.404488828649790776e+03 5.400528624766582020e+00 2.573134813529423873e-02 9.678924007220763315e+01
2.800000000000000000e+02 4.376441535237236167e+03 5.538160010833096614e+00 2.588475087367892932e-02 9.773649654426682787e+01
2.810000000000000000e+02 4.348133097716674456e+03 5.677603007660328771e+00 2.603762172726992868e-02 9.865632463681851050e+01
2.820000000000000000e+02 4.319577783476307559e+03 5.818813243280859915e+00 2.618995258262380929e-02 9.954803368860295620e+01
2.830000000000000000e+02 4.290789857314573055e+03 5.961768645753685369e+00 2.634173569063135226e-02 1.004109331101674769e+02
2.840000000000000000e+02 4.261768724887114331e+03 6.106439730233785390e+00 2.649296365644090989e-02 1.012443323797822501e+02
2.850000000000000000e+02 4.232528646255728745e+03 6.252789599438322021e+00 2.664362942925483854e-02 1.020482838742911866e+02
2.860000000000000000e+02 4.203076450984706753e+03 6.400788800808468793e+00 2.679372629229614597e-02 1.028228400298191474e+02
2.870000000000000000e+02 4.173433823336542446e+03 6.550385613564192688e+00 2.694324785344773265e-02 1.035673105023819289e+02
2.880000000000000000e+02 4.143600160662229428e+03 6.701558047606412494e+00 2.709218803615966523e-02 1.042802621634202183e+02
2.890000000000000000e+02 4.113582286939146798e+03 6.854261845509628692e+00 2.724054107110327957e-02 1.049632332703545217e+02
2.900000000000000000e+02 4.083401881252396834e+03 7.008460196361120609e+00 2.738830148850304042e-02 1.056140479466830016e+02
2.910000000000000000e+02 4.053065764517954449e+03 7.164131164542611785e+00 2.753546411152360193e-02 1.062335016924193098e+02
2.920000000000000000e+02 4.022573327949089162e+03 7.321141408200984024e+00 2.768202405015884882e-02 1.068209043690434754e+02
2.930000000000000000e+02 3.991938818214354797e+03 7.479565598726146902e+00 2.782797669679061905e-02 1.073763086995638361e+02
2.940000000000000000e+02 3.961176480834524227e+03 7.639329860349100443e+00 2.797331772235531200e-02 1.078982817583132032e+02
2.950000000000000000e+02 3.930285703568944427e+03 7.800286054046406292e+00 2.811804307390841987e-02 1.083876191408290737e+02
2.960000000000000000e+02 3.899280729892139789e+03 7.962508911943945833e+00 2.826214897341108520e-02 1.088436307833665779e+02
2.970000000000000000e+02 3.868160945656613421e+03 8.125850336687314268e+00 2.840563191764556780e-02 1.092648837924450191e+02
2.980000000000000000e+02 3.836948020895636091e+03 8.290310819330422021e+00 2.854848867979139712e-02 1.096521737793531486e+02
2.990000000000000000e+02 3.805648768110955189e+03 8.455816589195608302e+00 2.869071631163760266e-02 1.100055535143399226e+02
3.000000000000000000e+02 3.774269998999469863e+03 8.622293897733081636e+00 2.883231214817051982e-02 1.103243329207921732e+02
3.010000000000000000e+02 3.742825930657093977e+03 8.789818162568790783e+00 2.897327381173582517e-02 1.106085573023103450e+02
3.020000000000000000e+02 3.711330690749908626e+03 8.958169996907146881e+00 2.911359922054808022e-02 1.108582421905185242e+02
3.030000000000000000e+02 3.679790955630801363e+03 9.127427747797975499e+00 2.925328659398074641e-02 1.110733956500461375e+02
3.040000000000000000e+02 3.648220829175105337e+03 9.297521218741648497e+00 2.939233446305370562e-02 1.112540257093272515e+02
3.050000000000000000e+02 3.616634414393823135e+03 9.468380236999035304e+00 2.953074167995371757e-02 1.113993975192388461e+02
3.060000000000000000e+02 3.585030956685155161e+03 9.640008937386653542e+00 2.966850742913233752e-02 1.115095190167255055e+02
3.070000000000000000e+02 3.553431985526972312e+03 9.812262912049655839e+00 2.980563123937671199e-02 1.115843980832665636e+02
3.080000000000000000e+02 3.521844172656702540e+03 9.985146344739993296e+00 2.994211299653448330e-02 1.116240425382924570e+02
3.090000000000000000e+02 3.490274188693755605e+03 1.015858916056405192e+01 3.007795295707986830e-02 1.116284601325323820e+02
3.100000000000000000e+02 3.458721274702872506e+03 1.033244702622445210e+01 3.021315176229643837e-02 1.115976585413011151e+02
3.110000000000000000e+02 3.427214383851701314e+03 1.050679848425818896e+01 3.034771045288204780e-02 1.115301596876827688e+02
3.120000000000000000e+02 3.395745326158662920e+03 1.068149925223561603e+01 3.048163048391176744e-02 1.114274567458704865e+02
3.130000000000000000e+02 3.364335623540271172e+03 1.085655364047224936e+01 3.061491374012834804e-02 1.112888142891454919e+02
3.140000000000000000e+02 3.332991939600864498e+03 1.103181741820324646e+01 3.074756255113914732e-02 1.111142396231053624e+02
3.150000000000000000e+02 3.301713507871493675e+03 1.120722066425985552e+01 3.087957970663363777e-02 1.109037399437501250e+02
3.160000000000000000e+02 3.270521845098267477e+03 1.138284205072501187e+01 3.101096847139044391e-02 1.106573223305869504e+02
3.170000000000000000e+02 3.239423609378440233e+03 1.155846314205519576e+01 3.114173259983605765e-02 1.103757365747624704e+02
3.180000000000000000e+02 3.208432885099828582e+03 1.173408837971805241e+01 3.127187635013243400e-02 1.100582466671082642e+02
3.190000000000000000e+02 3.177548897781366122e+03 1.190964794828522066e+01 3.140140449768578923e-02 1.097048592963593876e+02
3.200000000000000000e+02 3.146778299019098085e+03 1.208514634252279585e+01 3.153032234764305969e-02 1.093163238423312720e+02
3.210000000000000000e+02 3.116150023087142017e+03 1.226043951695103118e+01 3.165863574665254976e-02 1.088926466990895250e+02
3.220000000000000000e+02 3.085648431692365193e+03 1.243545773640074614e+01 3.178635109338283360e-02 1.084330912682234498e+02
3.230000000000000000e+02 3.055302454091969594e+03 1.261013129254063614e+01 3.191347534803710972e-02 1.079384064572574999e+02
3.240000000000000000e+02 3.025103875164125384e+03 1.278439050388787734e+01 3.204001604045438739e-02 1.074093410030101126e+02
3.250000000000000000e+02 2.995074190493472997e+03 1.295823999930174075e+01 3.216598127652477851e-02 1.068451577950353482e+02
3.260000000000000000e+02 2.965212607863486937e+03 1.313161015094889272e+01 3.229137974377625092e-02 1.062466052093052298e+02
3.270000000000000000e+02 2.935533188963616794e+03 1.330435707425399272e+01 3.241622071453888893e-02 1.056129457617923748e+02
3.280000000000000000e+02 2.906042564307017074e+03 1.347641119483382965e+01 3.254051404795407776e-02 1.049449274423610916e+02
3.290000000000000000e+02 2.876747361562574497e+03 1.364777724840527107e+01 3.266427019016349825e-02 1.042440408736497801e+02
3.300000000000000000e+02 2.847661633900850575e+03 1.381831143016428598e+01 3.278750017249609794e-02 1.035088051299776595e+02
3.310000000000000000e+02 2.818784574953423544e+03 1.398801852866016660e+01 3.291021560817228991e-02 1.027399675766823037e+02
3.320000000000000000e+02 2.790130232238765075e+03 1.415682907513038735e+01 3.303242868672025268e-02 1.019375325243202468e+02
3.330000000000000000e+02 2.761697793801149601e+03 1.432459934331999918e+01 3.315415216696209616e-02 1.011029897281863299e+02
3.340000000000000000e+02 2.733501301666733070e+03 1.449133419978592130e+01 3.327539936785366831e-02 1.002356002077824257e+02
3.350000000000000000e+02 2.705554795213306079e+03 1.465688996966062696e+01 3.339618415755057218e-02 9.933611041669074382e+01
3.360000000000000000e+02 2.677857454555113236e+03 1.482127157041229992e+01 3.351652094084988515e-02 9.840452373240599115e+01
3.370000000000000000e+02 2.650415885693735163e+03 1.498440966106430139e+01 3.363642464461311793e-02 9.744232895648056569e+01
3.380000000000000000e+02 2.623236692282425793e+03 1.514623492540082417e+01 3.375591070157780982e-02 9.644878613463599493e+01
3.390000000000000000e+02 2.596333904104926660e+03 1.530667807164617145e+01 3.387499503266711703e-02 9.542538356231825958e+01
3.400000000000000000e+02 2.569714120516906860e+03 1.546574411562263229e+01 3.399369402773944754e-02 9.437212360515010801e+01
3.410000000000000000e+02 2.543376510600567144e+03 1.562321524637210501e+01 3.411202452466109702e-02 9.328900836473104619e+01
3.420000000000000000e+02 2.517327670031602338e+03 1.577909652677845287e+01 3.423000378732776738e-02 9.217603967456237513e+01
3.430000000000000000e+02 2.491574192906364260e+03 1.593331875914101481e+01 3.434764948228355430e-02 9.103470476619736473e+01
3.440000000000000000e+02 2.466115243578963600e+03 1.608573848473383805e+01 3.446497965454612539e-02 8.986426209039245805e+01
3.450000000000000000e+02 2.440957413557995551e+03 1.623636083384904794e+01 3.458201270192947513e-02 8.866545548868417370e+01
3.460000000000000000e+02 2.416107293360224503e+03 1.638504239129839490e+01 3.469876734908207416e-02 8.743828568494146225e+01
3.470000000000000000e+02 2.391564044370767988e+03 1.653178832991135749e+01 3.481526262061293564e-02 8.618349595221795312e+01
3.480000000000000000e+02 2.367334255759261850e+03 1.667638099248724615e+01 3.493151781375718884e-02 8.490108643967751334e+01
3.490000000000000000e+02 2.343431944699445921e+03 1.681897415925652339e+01 3.504755247064000878e-02 8.359328550984261597e+01
3.500000000000000000e+02 2.319856271540579201e+03 1.695942449577669109e+01 3.516338635034195470e-02 8.225934989073832071e+01
3.510000000000000000e+02 2.296621332923468799e+03 1.709773715298696573e+01 3.527903940082358081e-02 8.090075754872226810e+01
3.520000000000000000e+02 2.273734115427872894e+03 1.723384261500587300e+01 3.539453173125036572e-02 7.951821543654074276e+01
3.530000000000000000e+02 2.251194257319334611e+03 1.736767128305309171e+01 3.550988358419658597e-02 7.811168040064924867e+01
3.540000000000000000e+02 2.229008825976939988e+03 1.749922785863749652e+01 3.562511530849989116e-02 7.668333748913009629e+01
3.550000000000000000e+02 2.207192318108038307e+03 1.762836849235812764e+01 3.574024733253903380e-02 7.523240010466331285e+01
3.560000000000000000e+02 2.185736946556506609e+03 1.775509791720189057e+01 3.585530013828729795e-02 7.375956701298224516e+01
3.570000000000000000e+02 2.164649782256581148e+03 1.787934659730348130e+01 3.597029423620445865e-02 7.226553667128676750e+01
3.580000000000000000e+02 2.143937897727083509e+03 1.800104501069590412e+01 3.608525014087512334e-02 7.075100722686251231e+01
3.590000000000000000e+02 2.123600938906924966e+03 1.812004936503650754e+01 3.620018834801760205e-02 6.921593368082947961e+01
3.600000000000000000e+02 2.103638553681123994e+03 1.823636444732476747e+01 3.631512931241580311e-02 6.766175639214378634e+01
3.610000000000000000e+02 2.084057820395891213e+03 1.834992077258712229e+01 3.643009342714781384e-02 6.608738976754113992e+01
3.620000000000000000e+02 2.064858391311190644e+03 1.846064886655442550e+01 3.654510100428150915e-02 6.449464495644888018e+01
3.630000000000000000e+02 2.046054777792023970e+03 1.856847926482031497e+01 3.666017225692191905e-02 6.288406997422580247e+01
3.640000000000000000e+02 2.027631780334311543e+03 1.867341679548634659e+01 3.677532728261023731e-02 6.125628680473697329e+01
3.650000000000000000e+02 2.009611343830841179e+03 1.877539201128398005e+01 3.689058604858994062e-02 5.961206568353600233e+01
3.660000000000000000e+02 1.991985702518619746e+03 1.887433547219013263e+01 3.700596837811666318e-02 5.795217653069008179e+01
3.670000000000000000e+02 1.974761950165607004e+03 1.897025202802853272e+01 3.712149393870793623e-02 5.627724038375597360e+01
3.680000000000000000e+02 1.957939755090644667e+03 1.906299796704799832e+01 3.723718223199271038e-02 5.458810081542514325e+01
3.690000000000000000e+02 1.941518788569800790e+03 1.915272671601134746e+01 3.735305258476211837e-02 5.288545251629749089e+01
3.700000000000000000e+02 1.925513581578458798e+03 1.923914600423227483e+01 3.746912414196122004e-02 5.116991557882452213e+01
3.710000000000000000e+02 1.909908954717092456e+03 1.932248354815939706e+01 3.758541586087284225e-02 4.944233263191706129e+01
3.720000000000000000e+02 1.894719445026554922e+03 1.940244708138234131e+01 3.770194650703426187e-02 4.770332314068717494e+01
3.730000000000000000e+02 1.879937307536070193e+03 1.947919003919644609e+01 3.781873465130522471e-02 4.595365482487910214e+01
3.740000000000000000e+02 1.865569657001215546e+03 1.955264300610392070e+01 3.793579866826466557e-02 4.419409509294747807e+01
3.750000000000000000e+02 1.851608754477309731e+03 1.962273656533704269e+01 3.805315673603042875e-02 4.242518819280081743e+01
3.760000000000000000e+02 1.838061720683213252e+03 1.968940129786707871e+01 3.817082683703391238e-02 4.064777519774104775e+01
3.770000000000000000e+02 1.824935679252880391e+03 1.975264206490942342e+01 3.828882675982843431e-02 3.886247402354272396e+01
3.780000000000000000e+02 1.812215471626861927e+03 1.981238943991568746e+01 3.840717410186593461e-02 3.706997656423825305e+01
3.790000000000000000e+02 1.799915655437513578e+03 1.986857399106853705e+01 3.852588627297044710e-02 3.527104869407526877e+01
3.800000000000000000e+02 1.788035934333241812e+03 1.992120056377225623e+01 3.864498049967144550e-02 3.346638170265530476e+01
3.810000000000000000e+02 1.776568586247935173e+03 1.997027399613510212e+01 3.876447382985655221e-02 3.165659229726754020e+01
3.820000000000000000e+02 1.765520748365509007e+03 2.001557626744388685e+01 3.888438313781035494e-02 2.984244545592430953e+01
3.830000000000000000e+02 1.754892131978798488e+03 2.005733504866642036e+01 3.900472512957514626e-02 2.802470586308209022e+01
3.840000000000000000e+02 1.744675022396296526e+03 2.009540658290227455e+01 3.912551634861448357e-02 2.620421219607212748e+01
3.850000000000000000e+02 1.734869135547759925e+03 2.012979566887817384e+01 3.924677318097515716e-02 2.438165427772653615e+01
3.860000000000000000e+02 1.725481617888953679e+03 2.016058137642279391e+01 3.936851186059471541e-02 2.255794449723375195e+01
3.870000000000000000e+02 1.716512189606800803e+03 2.018769419493684580e+01 3.949074847432751389e-02 2.073377211267895959e+01
3.880000000000000000e+02 1.707945716176932137e+03 2.021121316638179621e+01 3.961349896622643613e-02 1.890997467232768514e+01
3.890000000000000000e+02 1.699789350026107968e+03 2.023106875024958029e+01 3.973677914166465902e-02 1.708731516810765072e+01
3.900000000000000000e+02 1.692042817046935397e+03 2.024726567305216207e+01 3.986060467028267051e-02 1.526655632332141899e+01
3.910000000000000000e+02 1.684705844869510429e+03 2.025980864380307622e+01 3.998499108849370987e-02 1.344846059707926145e+01
3.920000000000000000e+02 1.677763306089051639e+03 2.026862806950209972e+01 4.010995380081209399e-02 1.163379018895635575e+01
3.930000000000000000e+02 1.671229788303273835e+03 2.027380290463300838e+01 4.023550808031436249e-02 9.823232760372929917e+00
3.940000000000000000e+02 1.665090167254910511e+03 2.027526351614783451e+01 4.036166906771730678e-02 8.017475723205459204e+00
3.950000000000000000e+02 1.659344176887230560e+03 2.027294024946987250e+01 4.048845176962085485e-02 6.217354812126626662e+00
3.960000000000000000e+02 1.653991552607770700e+03 2.026698627800396579e+01 4.061587105521391461e-02 4.423549527805714199e+00
3.970000000000000000e+02 1.649024602913181980e+03 2.025725761762668142e+01 4.074394165164457043e-02 2.636805993201594589e+00
3.980000000000000000e+02 1.644450494426461773e+03 2.024383311021658116e+01 4.087267813822219320e-02 8.578181059674453435e-01
3.990000000000000000e+02 1.640261538494241222e+03 2.022664300516030877e+01 4.100209493895326518e-02 -9.126833151164805980e-01
4.000000000000000000e+02 1.636457476247937620e+03 2.020584037588938386e+01 4.113220631393532667e-02 -2.673986979156609767e+00
4.010000000000000000e+02 1.633038138477050097e+03 2.018128031601034778e+01 4.126302634906801187e-02 -4.425387076159173816e+00
4.020000000000000000e+02 1.629996281916533690e+03 2.015303746770985427e+01 4.139456894460863401e-02 -6.166163434235599539e+00
4.030000000000000000e+02 1.627332181392106577e+03 2.012118562544115008e+01 4.152684780202198223e-02 -7.895623633492751203e+00
4.040000000000000000e+02 1.625046113328658521e+03 2.008564998635340615e+01 4.165987640995661573e-02 -9.613027898871246535e+00
4.050000000000000000e+02 1.623123499121109262e+03 2.004642999985840746e+01 4.179366802844915879e-02 -1.131768120421032187e+01
4.060000000000000000e+02 1.621564618618212535e+03 2.000367365019996058e+01 4.192823567202697693e-02 -1.300895554963059553e+01
4.070000000000000000e+02 1.620369753515787124e+03 1.995730603801631275e+01 4.206359209188013926e-02 -1.468602253307405014e+01
4.080000000000000000e+02 1.619531759110498115e+03 1.990725222993116361e+01 4.219974975682547896e-02 -1.634820247473889765e+01
4.090000000000000000e+02 1.619036064413468466e+03 1.985373439165616460e+01 4.233672083321737140e-02 -1.799481584187945415e+01
4.100000000000000000e+02 1.618897814023887577e+03 1.979667751907253148e+01 4.247451716404770233e-02 -1.962510895694824953e+01
4.110000000000000000e+02 1.619087584756718798e+03 1.973608085485474462e+01 4.261315024727244105e-02 -2.123862540660139331e+01
4.120000000000000000e+02 1.619620525982751587e+03 1.967201788759141579e+01 4.275263121380416115e-02 -2.283461176502822454e+01
4.130000000000000000e+02 1.620489504619191166e+03 1.960448778391194935e+01 4.289297080450889948e-02 -2.441261185318700555e+01
4.140000000000000000e+02 1.621687390327908361e+03 1.953356395463345763e+01 4.303417934735213890e-02 -2.597194674537826842e+01
4.150000000000000000e+02 1.623199627316163969e+03 1.945931977041163918e+01 4.317626673400822013e-02 -2.751208617773282938e+01
4.160000000000000000e+02 1.625041376241090802e+03 1.938167999390061169e+01 4.331924239656326919e-02 -2.903249997207659305e+01
4.170000000000000000e+02 1.627190659211669526e+03 1.930079219644234456e+01 4.346311528429882415e-02 -3.053243517619676339e+01
4.180000000000000000e+02 1.629655215094924870e+03 1.921665533974365303e+01 4.360789384068484986e-02 -3.201143603904679935e+01
4.190000000000000000e+02 1.632420501216554612e+03 1.912926834208366600e+01 4.375358598089457846e-02 -3.346882401683976127e+01
4.200000000000000000e+02 1.635494263611944689e+03 1.903863007753015069e+01 4.390019906964414548e-02 -3.490406918110480916e+01
4.210000000000000000e+02 1.638861967070054334e+03 1.894488794217479111e+01 4.404773989992268046e-02 -3.631656735866629049e+01
4.220000000000000000e+02 1.642516508674405486e+03 1.884796643586589227e+01 4.419621467246465790e-02 -3.770564012208237870e+01
4.230000000000000000e+02 1.646465646286713309e+03 1.874786429547899047e+01 4.434562897617623511e-02 -3.907075763055249951e+01
4.240000000000000000e+02 1.650694856921224073e+03 1.864472877769585324e+01 4.449598776983806209e-02 -4.041139005328237488e+01
4.250000000000000000e+02 1.655197050262390121e+03 1.853855852428804596e+01 4.464729536473602267e-02 -4.172700755983299103e+01
4.260000000000000000e+02 1.659972568771565875e+03 1.842942641193505438e+01 4.479955540896662924e-02 -4.301737744446653977e+01
4.270000000000000000e+02 1.664999474381743084e+03 1.831747955155350382e+01 4.495277087283285761e-02 -4.428204413196014855e+01
4.280000000000000000e+02 1.670292975383415069e+03 1.820279072063972947e+01 4.510694403627885096e-02 -4.552062630194955517e+01
4.290000000000000000e+02 1.675823714642993536e+03 1.808535836263770946e+01 4.526207647736809475e-02 -4.673281687927261174e+01
4.300000000000000000e+02 1.681592053163070204e+03 1.796525515333195955e+01 4.541816906291323841e-02 -4.791808589031915488e+01
4.310000000000000000e+02 1.687598356725136910e+03 1.784270228375944356e+01 4.557522194073373306e-02 -4.907620043793098574e+01
4.320000000000000000e+02 1.693828139218258684e+03 1.771762375862616423e+01 4.573323453363948438e-02 -5.020677899079745998e+01
4.330000000000000000e+02 1.700289204404542261e+03 1.759009209677663321e+01 4.589220553537131514e-02 -5.130929137389966144e+01
4.340000000000000000e+02 1.706959647466362867e+03 1.746025404716976581e+01 4.605213290839550028e-02 -5.238350446000756477e+01
4.350000000000000000e+02 1.713847281791930072e+03 1.732803345437197606e+01 4.621301388354165374e-02 -5.342888789218452672e+01
4.360000000000000000e+02 1.720945068841884677e+03 1.719357695910093753e+01 4.637484496148784607e-02 -5.444513405887504831e+01
4.370000000000000000e+02 1.728245974802499404e+03 1.705688258026820137e+01 4.653762191626120703e-02 -5.543186095051414952e+01
4.380000000000000000e+02 1.735742970523161830e+03 1.691809684857193474e+01 4.670133980029889803e-02 -5.638868643370091149e+01
4.390000000000000000e+02 1.743436459789193123e+03 1.677721767209780523e+01 4.686599295147120259e-02 -5.731522824192336429e+01
4.400000000000000000e+02 1.751311994179168096e+03 1.663431718646657487e+01 4.703157500174780931e-02 -5.821132681684638044e+01
4.410000000000000000e+02 1.759362558009758004e+03 1.648954175450420578e+01 4.719807888761628351e-02 -5.907667388163649491e+01
4.420000000000000000e+02 1.767573711515981131e+03 1.634288911543560729e+01 4.736549686181246860e-02 -5.991103528236455134e+01
4.430000000000000000e+02 1.775945875770089287e+03 1.619450551862746579e+01 4.753382050679309800e-02 -6.071402812845139607e+01
4.440000000000000000e+02 1.784464619136914280e+03 1.604446287284628880e+01 4.770304074948118062e-02 -6.148549220119240033e+01
4.450000000000000000e+02 1.793122942170086844e+03 1.589275874605763939e+01 4.787314787708182168e-02 -6.222519281081764575e+01
4.460000000000000000e+02 1.801913849097370303e+03 1.573961349926935149e+01 4.804413155433792659e-02 -6.293289507112280745e+01
4.470000000000000000e+02 1.810830347647415238e+03 1.558502458538504243e+01 4.821598084154523484e-02 -6.360866102466514604e+01
4.480000000000000000e+02 1.819880305569311531e+03 1.542913796662084103e+01 4.838868421359007049e-02 -6.425232964948884273e+01
4.490000000000000000e+02 1.829049308693859075e+03 1.527202526393873505e+01 4.856222957961611741e-02 -6.486381398443393209e+01
4.500000000000000000e+02 1.838330374141774200e+03 1.511368375702461897e+01 4.873660430332339005e-02 -6.544310112049069517e+01
4.510000000000000000e+02 1.847723978166990946e+03 1.495433276894676311e+01 4.891179522368164362e-02 -6.599009570760584609e+01
4.520000000000000000e+02 1.857230711727238486e+03 1.479396571709271058e+01 4.908778867604363105e-02 -6.650459619335235573e+01
4.530000000000000000e+02 1.866828911111615525e+03 1.463272377887779108e+01 4.926457051325981717e-02 -6.698646713424268739e+01
4.540000000000000000e+02 1.876519199800496835e+03 1.447067379073818572e+01 4.944212612686173236e-02 -6.743549853788948667e+01
4.550000000000000000e+02 1.886287346513872308e+03 1.430788253180644354e+01 4.962044046820961868e-02 -6.785155442163069495e+01
4.560000000000000000e+02 1.896126550063945842e+03 1.414441672412520923e+01 4.979949806913155225e-02 -6.823442423719721717e+01
4.570000000000000000e+02 1.906030010810210570e+03 1.398034303290147840e+01 4.997928306245763563e-02 -6.858397142944264147e+01
4.580000000000000000e+02 1.915983502119164541e+03 1.381580235030477688e+01 5.015977920176855481e-02 -6.889991057761363891e+01
4.590000000000000000e+02 1.925972798530276350e+03 1.365086122879915465e+01 5.034096988057221167e-02 -6.918232737169923041e+01
4.600000000000000000e+02 1.936013388979515639e+03 1.348558616502429963e+01 5.052283815075044732e-02 -6.943130718680531288e+01
4.610000000000000000e+02 1.946076193127170882e+03 1.332004360021590728e+01 5.070536674011168199e-02 -6.964611795657144455e+01
4.620000000000000000e+02 1.956184129750110060e+03 1.315444848767301700e+01 5.088853806891996401e-02 -6.982899862380193667e+01
4.630000000000000000e+02 1.966308119686809050e+03 1.298886715925219981e+01 5.107233426542302085e-02 -6.997847361730678983e+01
4.640000000000000000e+02 1.976471082599611691e+03 1.282336589291854700e+01 5.125673718031763942e-02 -7.009529552423325072e+01
4.650000000000000000e+02 1.986643939940857308e+03 1.265808519683619338e+01 5.144172839983814777e-02 -7.017947374216694811e+01
4.660000000000000000e+02 1.996842183387146179e+03 1.249309124299277052e+01 5.162728925783997141e-02 -7.023176014145677470e+01
4.670000000000000000e+02 2.007051591229653241e+03 1.232852443487552030e+01 5.181340084643149685e-02 -7.025142055249402517e+01
4.680000000000000000e+02 2.017257941680057002e+03 1.216445084117846598e+01 5.200004402550281735e-02 -7.023920609825100314e+01
4.690000000000000000e+02 2.027461869488265165e+03 1.200093648005828229e+01 5.218719943068012707e-02 -7.019512468173536490e+01
4.700000000000000000e+02 2.037649152471018397e+03 1.183804731992791837e+01 5.237484748030815651e-02 -7.011918381364196762e+01
4.710000000000000000e+02 2.047805568154341699e+03 1.167592356379320506e+01 5.256296838084781320e-02 -7.001064777005940698e+01
4.720000000000000000e+02 2.057931750428189389e+03 1.151470536662391986e+01 5.275154213127147135e-02 -6.987100892541405983e+01
4.730000000000000000e+02 2.068013476111520959e+03 1.135438426926175381e+01 5.294054852606105976e-02 -6.969878790025998683e+01
4.740000000000000000e+02 2.078051378330949774e+03 1.119502604987939165e+01 5.312996715713241141e-02 -6.949621906959819739e+01
4.750000000000000000e+02 2.088038661458730530e+03 1.103684500847267458e+01 5.331977741461341874e-02 -6.926182220586002813e+01
4.760000000000000000e+02 2.097975957812511297e+03 1.087990683387759461e+01 5.350995848678556654e-02 -6.899634515248847322e+01
4.770000000000000000e+02 2.107849042613687743e+03 1.072420288833689206e+01 5.370048935872880069e-02 -6.870053531240320410e+01
4.780000000000000000e+02 2.117665975756844091e+03 1.056994734260979385e+01 5.389134881058483401e-02 -6.837439680668407505e+01
4.790000000000000000e+02 2.127427388435196917e+03 1.041720575959511308e+01 5.408251541459463407e-02 -6.801897327251882075e+01
4.800000000000000000e+02 2.137111626473869364e+03 1.026611794600841421e+01 5.427396753201199631e-02 -6.763367365119091801e+01
4.810000000000000000e+02 2.146734177172024374e+03 1.011660081957586677e+01 5.446568330913496153e-02 -6.721924352245817147e+01
4.820000000000000000e+02 2.156265957495567363e+03 9.968942678290936499e+00 5.465764067310424634e-02 -6.677598229498362059e+01
4.830000000000000000e+02 2.165715025979578513e+03 9.823134650160714187e+00 5.484981732748575589e-02 -6.630426318556678211e+01
4.840000000000000000e+02 2.175067155979111703e+03 9.679316395521162519e+00 5.504219074757944752e-02 -6.580445893058947604e+01
4.850000000000000000e+02 2.184308120774704093e+03 9.537553257860126976e+00 5.523473817598497509e-02 -6.527686749770677466e+01
4.860000000000000000e+02 2.193445978678676511e+03 9.397910548680142639e+00 5.542743661802235905e-02 -6.472193493180427026e+01
4.870000000000000000e+02 2.202466502988815137e+03 9.260453548887227271e+00 5.562026283769821305e-02 -6.413995821670491182e+01
4.880000000000000000e+02 2.211362895442985973e+03 9.125396077212645451e+00 5.581319335387090880e-02 -6.353145668867576745e+01
4.890000000000000000e+02 2.220143214620307845e+03 8.992654790641505969e+00 5.600620443707407525e-02 -6.289694918220248354e+01
4.900000000000000000e+02 2.228793234236971330e+03 8.862443453902367096e+00 5.619927210699279113e-02 -6.223687974306641024e+01
4.910000000000000000e+02 2.237313584939625343e+03 8.734827239947048128e+00 5.639237213067434251e-02 -6.155184047573843742e+01
4.920000000000000000e+02 2.245704897641011030e+03 8.609797014972153661e+00 5.658548002168591745e-02 -6.084220012306903413e+01
4.930000000000000000e+02 2.253967803549104701e+03 8.487492190468957531e+00 5.677857104026823309e-02 -6.010862404833235928e+01
4.940000000000000000e+02 2.262095505838067766e+03 8.368052157783328227e+00 5.697162019458007487e-02 -5.935140568156278817e+01
4.950000000000000000e+02 2.270081208010885803e+03 8.251542006199812818e+00 5.716460224312722160e-02 -5.857128363628070389e+01
4.960000000000000000e+02 2.277925542252413379e+03 8.137952524548920152e+00 5.735749169853968793e-02 -5.776862458950955670e+01
4.970000000000000000e+02 2.285614284371110443e+03 8.027423053341975034e+00 5.755026283260034070e-02 -5.694401754869213050e+01
4.980000000000000000e+02 2.293148067181596616e+03 7.920018635910039961e+00 5.774288968272919820e-02 -5.609805100043685400e+01
4.990000000000000000e+02 2.300520095424029932e+03 7.815804303571114886e+00 5.793534605995513675e-02 -5.523123862663039318e+01
5.000000000000000000e+02 2.307723574072610973e+03 7.714919360814935345e+00 5.812760555831532339e-02 -5.434401930441835304e+01
5.010000000000000000e+02 2.314751662449204105e+03 7.617354797293693025e+00 5.831964156575138170e-02 -5.343704700797402296e+01
5.020000000000000000e+02 2.321604765009897619e+03 7.523251205944574416e+00 5.851142727660182952e-02 -5.251094626093966156e+01
5.030000000000000000e+02 2.328275812063146077e+03 7.432600868312326803e+00 5.870293570555094875e-02 -5.156618526828299309e+01
5.040000000000000000e+02 2.334765162211532243e+03 7.345618913007133877e+00 5.889413970315180574e-02 -5.060360313486793160e+01
5.050000000000000000e+02 2.341080602248225205e+03 7.262223332945538345e+00 5.908501197268414828e-02 -4.962374131576736147e+01
5.060000000000000000e+02 2.347207633640353833e+03 7.182554971639179442e+00 5.927552508868108583e-02 -4.862721503598176298e+01
5.070000000000000000e+02 2.353154042503132132e+03 7.106695247669052584e+00 5.946565151658565751e-02 -4.761463900951182637e+01
5.080000000000000000e+02 2.358912757709949801e+03 7.034710726582226847e+00 5.965536363387491381e-02 -4.658670172580283264e+01
5.090000000000000000e+02 2.364476707443456235e+03 6.966653122698002853e+00 5.984463375239783278e-02 -4.554401688604448850e+01
5.100000000000000000e+02 2.369861104086822252e+03 6.902581585975008593e+00 6.003343414188836574e-02 -4.448727197384021537e+01
5.110000000000000000e+02 2.375044017252883805e+03 6.842547847136646766e+00 6.022173705447730896e-02 -4.341700540871824643e+01
5.120000000000000000e+02 2.380040657109274434e+03 6.786603647856077615e+00 6.040951475023785544e-02 -4.233390368450966434e+01
5.130000000000000000e+02 2.384836519041179599e+03 6.734815599299628808e+00 6.059673952354732718e-02 -4.123865280705473424e+01
5.140000000000000000e+02 2.389431953561207592e+03 6.687235470576245788e+00 6.078338373013281865e-02 -4.013178973224610502e+01
5.150000000000000000e+02 2.393827309411651186e+03 6.643907618944939308e+00 6.096941981475753614e-02 -3.901399950541704698e+01
5.160000000000000000e+02 2.398022933362743061e+03 6.604891276728859673e+00 6.115482033935826928e-02 -3.788604098353989258e+01
5.170000000000000000e+02 2.402011741657289804e+03 6.570223411432754901e+00 6.133955801151218939e-02 -3.674844970723156479e+01
5.180000000000000000e+02 2.405786648153617080e+03 6.539963297717798163e+00 6.152360571316940752e-02 -3.560198360809108920e+01
5.190000000000000000e+02 2.409355420817762024e+03 6.514147949177594654e+00 6.170693652919959082e-02 -3.444732588131024187e+01
5.200000000000000000e+02 2.412703539764146626e+03 6.492821833619644600e+00 6.188952377611200983e-02 -3.328508499258380482e+01
5.210000000000000000e+02 2.415838767150444710e+03 6.476036874948364108e+00 6.207134103041661577e-02 -3.211601753580831797e+01
5.220000000000000000e+02 2.418754005222365322e+03 6.463830169999034148e+00 6.225236215660426981e-02 -3.094073110653496528e+01
5.230000000000000000e+02 2.421442152814057408e+03 6.456238847123885627e+00 6.243256133459183788e-02 -2.975990716020294968e+01
5.240000000000000000e+02 2.423918390203816671e+03 6.453285211377152386e+00 6.261191308656970100e-02 -2.857430102011907991e+01
5.250000000000000000e+02 2.426168180473491248e+03 6.454999031450527447e+00 6.279039230311984909e-02 -2.738451903517467656e+01
5.260000000000000000e+02 2.428206696128940166e+03 6.461402684855832135e+00 6.296797426824921051e-02 -2.619124143881338540e+01
5.270000000000000000e+02 2.430026820475100521e+03 6.472526016505856461e+00 6.314463468363391840e-02 -2.499514807421593687e+01
5.280000000000000000e+02 2.431628860853147671e+03 6.488398912241104100e+00 6.332034969152133819e-02 -2.379699268670858103e+01
5.290000000000000000e+02 2.433013120136678481e+03 6.509036444001570665e+00 6.349509589661549158e-02 -2.259730579886896606e+01
5.300000000000000000e+02 2.434187324939506198e+03 6.534453728394153060e+00 6.366885038646991068e-02 -2.139698898786407000e+01
5.310000000000000000e+02 2.435136912084091819e+03 6.564680785253426798e+00 6.384159075056783372e-02 -2.019664634343980936e+01
5.320000000000000000e+02 2.435877026935278536e+03 6.599717969392788319e+00 6.401329509794417838e-02 -1.899717874563980757e+01
5.330000000000000000e+02 2.436400524843657422e+03 6.639580542549900599e+00 6.418394207324265577e-02 -1.779911532316117118e+01
5.340000000000000000e+02 2.436700256105056724e+03 6.684283818520292186e+00 6.435351087119399460e-02 -1.660335629843062932e+01
5.350000000000000000e+02 2.436791350934027378e+03 6.733850593330513057e+00 6.452198124965399795e-02 -1.541050444629950178e+01
5.360000000000000000e+02 2.436659220949099563e+03 6.788281433648091223e+00 6.468933354073953812e-02 -1.422145937244173730e+01
5.370000000000000000e+02 2.436318985926232472e+03 6.847576963629718350e+00 6.485554866040456334e-02 -1.303674897236444075e+01
5.380000000000000000e+02 2.435763475313013259e+03 6.911745295053934868e+00 6.502060811667163820e-02 -1.185712371011066146e+01
5.390000000000000000e+02 2.435000369960311218e+03 6.980772315687031160e+00 6.518449401579616553e-02 -1.068333377858005306e+01
5.400000000000000000e+02 2.434015060365726640e+03 7.054658832783595734e+00 6.534718906714338804e-02 -9.515980543492895904e+00
5.410000000000000000e+02 2.432830073484333298e+03 7.133413146467106891e+00 6.550867658633763302e-02 -8.355739405003806297e+00
5.420000000000000000e+02 2.431438217598841675e+03 7.217021338039549150e+00 6.566894049714376569e-02 -7.203359808941706355e+00
5.430000000000000000e+02 2.429832295756228177e+03 7.305476985072012042e+00 6.582796533158645491e-02 -6.059464692723643076e+00
5.440000000000000000e+02 2.428027390866778205e+03 7.398773734721099338e+00 6.598573622886026724e-02 -4.924721348909198326e+00
5.450000000000000000e+02 2.426023724013126866e+03 7.496875591970418640e+00 6.614223893299366053e-02 -3.799744868271491605e+00
5.460000000000000000e+02 2.423814082872096606e+03 7.599783776399849700e+00 6.629745978920521809e-02 -2.685157578347059371e+00
5.470000000000000000e+02 2.421406106847497540e+03 7.707462440273008752e+00 6.645138573921462177e-02 -1.581596483655869578e+00
5.480000000000000000e+02 2.418800002111031972e+03 7.819831241748632422e+00 6.660400431548853251e-02 -4.896687075898411567e-01
5.490000000000000000e+02 2.415995970052848861e+03 7.937032767021282353e+00 6.675530363467190031e-02 5.899794118207855043e-01
5.500000000000000000e+02 2.412994207389520852e+03 8.058838263801884949e+00 6.690527239014133765e-02 1.656732879007931869e+00
5.510000000000000000e+02 2.409809696552136757e+03 8.185391604183855918e+00 6.705389984403287151e-02 2.709941380762023844e+00
5.520000000000000000e+02 2.406427436423961808e+03 8.316544113674519068e+00 6.720117581860209077e-02 3.748957037700337835e+00
5.530000000000000000e+02 2.402862068548007755e+03 8.452296894488108947e+00 6.734709068732391835e-02 4.773130055341098021e+00
5.540000000000000000e+02 2.399120801930684138e+03 8.592651133528946161e+00 6.749163536543242858e-02 5.781825589228636986e+00
5.550000000000000000e+02 2.395195984821653383e+03 8.737533820211867308e+00 6.763480130071204688e-02 6.774386590381198836e+00
5.560000000000000000e+02 2.391087389895744764e+03 8.886946314750916898e+00 6.777658046394299807e-02 7.750163505779189776e+00
5.570000000000000000e+02 2.386817071084570671e+03 9.040815782397123357e+00 6.791696533948286818e-02 8.708581120494258698e+00
5.580000000000000000e+02 2.382369936904494352e+03 9.199143761644004158e+00 6.805594891622734899e-02 9.648960264151229538e+00
5.590000000000000000e+02 2.377753177386384323e+03 9.361857598379874190e+00 6.819352467866231227e-02 1.057085207344998778e+01
5.600000000000000000e+02 2.372966550799124434e+03 9.528959014005398132e+00 6.832968659857627247e-02 1.147365913295816320e+01
5.610000000000000000e+02 2.368024668820649367e+03 9.700301255993075245e+00 6.846442912712236151e-02 1.235678402866867920e+01
5.620000000000000000e+02 2.362912426551588851e+03 9.875960516419736379e+00 6.859774718764002910e-02 1.321985218495949610e+01
5.630000000000000000e+02 2.357644429426390161e+03 1.005579023192371935e+01 6.872963616909108509e-02 1.406211758292867309e+01
5.640000000000000000e+02 2.352227851564396587e+03 1.023979250214046210e+01 6.886009192043464344e-02 1.488313129817827551e+01
5.650000000000000000e+02 2.346647579164150557e+03 1.042789524006827762e+01 6.898911074574959335e-02 1.568244435297585326e+01
5.660000000000000000e+02 2.340918209041796217e+03 1.062010073989572767e+01 6.911668940035452235e-02 1.645960770234059112e+01
5.670000000000000000e+02 2.335046906957783449e+03 1.081618854376233863e+01 6.924282508785026269e-02 1.721402365304374982e+01
5.680000000000000000e+02 2.329025979335418015e+03 1.101623542699419112e+01 6.936751545828102883e-02 1.794531726705152508e+01
5.690000000000000000e+02 2.322862586721149455e+03 1.122016969775388340e+01 6.949075860720994868e-02 1.865303921337592641e+01
5.700000000000000000e+02 2.316556458783335074e+03 1.142784548115388077e+01 6.961255307597530306e-02 1.933674003737520053e+01
5.710000000000000000e+02 2.310114751052315569e+03 1.163926557032047526e+01 6.973289785283427744e-02 1.999589586299313737e+01
5.720000000000000000e+02 2.303544616599748679e+03 1.185428429288476515e+01 6.985179237544650310e-02 2.063027979596474992e+01
5.730000000000000000e+02 2.296845777707979778e+03 1.207290464543816810e+01 6.996923653416850519e-02 2.123936764144861300e+01
5.740000000000000000e+02 2.290017954230098439e+03 1.229505544341427381e+01 7.008523067637668913e-02 2.182293215766680206e+01
5.750000000000000000e+02 2.283083148640911077e+03 1.252059132142151299e+01 7.019977561189687243e-02 2.238067162398897736e+01
5.760000000000000000e+02 2.276026219225921068e+03 1.274951558402658058e+01 7.031287261918194031e-02 2.291220982651467963e+01
5.770000000000000000e+02 2.268869163565981580e+03 1.298168307196309179e+01 7.042452345246642820e-02 2.341717032715389379e+01
5.780000000000000000e+02 2.261604263358907247e+03 1.321702301280032366e+01 7.053473034969252875e-02 2.389517644921089712e+01
5.790000000000000000e+02 2.254238654487109216e+03 1.345553902104701827e+01 7.064349604101567703e-02 2.434607411349207595e+01
5.800000000000000000e+02 2.246779470276220309e+03 1.369701196418733247e+01 7.075082375807183188e-02 2.476948612291854346e+01
5.810000000000000000e+02 2.239233841447926807e+03 1.394144566368401073e+01 7.085671724377035074e-02 2.516503499869995863e+01
5.820000000000000000e+02 2.231601467717092873e+03 1.418869547739633674e+01 7.096118076243268513e-02 2.553241724955321246e+01
5.830000000000000000e+02 2.223882046084791909e+03 1.443869114996035741e+01 7.106421911019306092e-02 2.587140335748067699e+01
5.840000000000000000e+02 2.216090127477918486e+03 1.469143681260376688e+01 7.116583762574722749e-02 2.618161491311445843e+01
5.850000000000000000e+02 2.208225403284599906e+03 1.494663956539077354e+01 7.126604220106134979e-02 2.646282173566408247e+01
5.860000000000000000e+02 2.200287561989406186e+03 1.520437802844450381e+01 7.136483929211737132e-02 2.671471900844450786e+01
5.870000000000000000e+02 2.192283717457633884e+03 1.546450807356959523e+01 7.146223592947345549e-02 2.693722439903179122e+01
5.880000000000000000e+02 2.184228408869703344e+03 1.572688567434522433e+01 7.155823972859783055e-02 2.713010662801849904e+01
5.890000000000000000e+02 2.176106458905723684e+03 1.599144118915650559e+01 7.165285889961442445e-02 2.729320830592360281e+01
5.900000000000000000e+02 2.167939828836009838e+03 1.625810507716398234e+01 7.174610225687159948e-02 2.742629735273623837e+01
5.910000000000000000e+02 2.159728191660856282e+03 1.652673361421724252e+01 7.183797922754783793e-02 2.752928983513044869e+01
5.920000000000000000e+02 2.151471217107561188e+03 1.679725745921992086e+01 7.192849985965733828e-02 2.760187853582973716e+01
5.930000000000000000e+02 2.143175999932460854e+03 1.706953308642908951e+01 7.201767482925566788e-02 2.764405292518335955e+01
5.940000000000000000e+02 2.134842203178653563e+03 1.734349135170951683e+01 7.210551544653349965e-02 2.765572773090517344e+01
5.950000000000000000e+02 2.126484343192331380e+03 1.761898892472295586e+01 7.219203366100720998e-02 2.763681720903093719e+01
5.960000000000000000e+02 2.118102076195569225e+03 1.789595685507305234e+01 7.227724206539687390e-02 2.758723513158731677e+01
5.970000000000000000e+02 2.109695054969608918e+03 1.817425200438601962e+01 7.236115389843431056e-02 2.750682049098238124e+01
5.980000000000000000e+02 2.101270357197618523e+03 1.845373132884517631e+01 7.244378304629806031e-02 2.739563462214254841e+01
5.990000000000000000e+02 2.092835057117325505e+03 1.873440044517460734e+01 7.252514404268414761e-02 2.725351548986745698e+01
6.000000000000000000e+02 2.084388797184595660e+03 1.901604221205255030e+01 7.260525206739473769e-02 2.708052337846683599e+01
6.010000000000000000e+02 2.075946048082324978e+03 1.929858902549640476e+01 7.268412294357524950e-02 2.687671039699093001e+01
6.020000000000000000e+02 2.067491463454665336e+03 1.958190260417436690e+01 7.276177313332136964e-02 2.664217185245139063e+01
6.030000000000000000e+02 2.059054238660166902e+03 1.986591991818142233e+01 7.283821973241495773e-02 2.637677200466721672e+01
6.040000000000000000e+02 2.050618995697542687e+03 2.015050374175533676e+01 7.291348046079798584e-02 2.608059739012983158e+01
6.050000000000000000e+02 2.042192638432036574e+03 2.043551693544331371e+01 7.298757365675086206e-02 2.575365967798722266e+01
6.060000000000000000e+02 2.033789495981572372e+03 2.072089672822329831e+01 7.306051826439861896e-02 2.539604422733640021e+01
6.070000000000000000e+02 2.025401609414845097e+03 2.100658043256769503e+01 7.313233382214755218e-02 2.500768722730173010e+01
6.080000000000000000e+02 2.017043301964195734e+03 2.129235687595517490e+01 7.320304044938046040e-02 2.458874710543619102e+01
6.090000000000000000e+02 2.008721465748015362e+03 2.157816353334840542e+01 7.327265883143750658e-02 2.413938166840944533e+01
6.100000000000000000e+02 2.000420705205313425e+03 2.186386367510513296e+01 7.334121020343548070e-02 2.365959952650866427e+01
6.110000000000000000e+02 1.992170192394271680e+03 2.214924636534838243e+01 7.340871633257747830e-02 2.314948293596514972e+01
6.120000000000000000e+02 1.983954526946246233e+03 2.243432359429837675e+01 7.347519949938326189e-02 2.260911350758663119e+01
6.130000000000000000e+02 1.975780591385112984e+03 2.271895885903420975e+01 7.354068247767202304e-02 2.203864648271230919e+01
6.140000000000000000e+02 1.967670122953528335e+03 2.300301572872568556e+01 7.360518851348016311e-02 2.143831072598479892e+01
6.150000000000000000e+02 1.959600286996083696e+03 2.328635784281322785e+01 7.366874130294479017e-02 2.080833443494008961e+01
6.160000000000000000e+02 1.951600245705557427e+03 2.356892319264359159e+01 7.373136496943827334e-02 2.014909370042649783e+01
6.170000000000000000e+02 1.943662018119865934e+03 2.385064983605460753e+01 7.379308403977025144e-02 1.946074108282811466e+01
6.180000000000000000e+02 1.935792478779805151e+03 2.413147589541665283e+01 7.385392341980551167e-02 1.874365130713795224e+01
6.190000000000000000e+02 1.927991072889348061e+03 2.441111670512135134e+01 7.391390836958033894e-02 1.799804983982583906e+01
6.200000000000000000e+02 1.920264673231256893e+03 2.468965907755297096e+01 7.397306447797487305e-02 1.722423573404843822e+01
6.210000000000000000e+02 1.912627580385222927e+03 2.496696703297568121e+01 7.403141763695864075e-02 1.642243305766837480e+01
6.220000000000000000e+02 1.905071809546987879e+03 2.524275608089933698e+01 7.408899401583528277e-02 1.559301373910703781e+01
6.230000000000000000e+02 1.897596804150388152e+03 2.551711320241703262e+01 7.414582003539148258e-02 1.473627471250310350e+01
6.240000000000000000e+02 1.890216864438514904e+03 2.578982829646011155e+01 7.420192234199513015e-02 1.385243791369838817e+01
6.250000000000000000e+02 1.882931434282435021e+03 2.606083987854846029e+01 7.425732778197423334e-02 1.294179884354812593e+01
6.260000000000000000e+02 1.875747386449442956e+03 2.632993794447432023e+01 7.431206337632934034e-02 1.200472656454492437e+01
6.270000000000000000e+02 1.868656737766575588e+03 2.659706110196534823e+01 7.436615629577776609e-02 1.104144084725339248e+01
6.280000000000000000e+02 1.861681219432167609e+03 2.686207371779016739e+01 7.441963383629436601e-02 1.005230930158000646e+01
6.290000000000000000e+02 1.854805422068502594e+03 2.712491448233683755e+01 7.447252339541381161e-02 9.037847374350315377e+00
6.300000000000000000e+02 1.848043651072920738e+03 2.738552212364540139e+01 7.452485244916554064e-02 7.998421213193459778e+00
6.310000000000000000e+02 1.841395356708291501e+03 2.764361255439773757e+01 7.457664852975220970e-02 6.934396231758880980e+00
6.320000000000000000e+02 1.834859990987831225e+03 2.789927313739803694e+01 7.462793920417783167e-02 5.846285675250531000e+00
6.330000000000000000e+02 1.828451864551544531e+03 2.815229413147465465e+01 7.467875205395070604e-02 4.734379201761606204e+00
6.340000000000000000e+02 1.822163005081903748e+03 2.840254010638228976e+01 7.472911465559574362e-02 3.599188582455350005e+00
6.350000000000000000e+02 1.816000299212459140e+03 2.865002422366019275e+01 7.477905456231567771e-02 2.441195137142115001e+00
6.360000000000000000e+02 1.809970635974636025e+03 2.889453681644229732e+01 7.482859928693630369e-02 1.260857162435992995e+00
6.370000000000000000e+02 1.804073478584324903e+03 2.913609108776349643e+01 7.487777628575656430e-02 5.867678703591962253e-02
6.380000000000000000e+02 1.798308292918207371e+03 2.937447740680515906e+01 7.492661294377463144e-02 -1.164844597922772174e+00
6.390000000000000000e+02 1.792681975979077151e+03 2.960970900714151099e+01 7.497513656097558321e-02 -2.409228623139753722e+00
6.400000000000000000e+02 1.787193999299289544e+03 2.984157628292798492e+01 7.502337433992864457e-02 -3.673976855610157521e+00
6.410000000000000000e+02 1.781851265734027947e+03 3.007009248709305993e+01 7.507135337441943335e-02 -4.958585653885812405e+00
6.420000000000000000e+02 1.776645824492188012e+03 3.029504802747467807e+01 7.511910063948612493e-02 -6.262486739499777855e+00
6.430000000000000000e+02 1.771599441308509086e+03 3.051645616496313806e+01 7.516664298237894781e-02 -7.585106621657643267e+00
6.440000000000000000e+02 1.766689315000920715e+03 3.073418159309403563e+01 7.521400711474865441e-02 -8.925859166436046266e+00
6.450000000000000000e+02 1.761937217722905189e+03 3.094801471863573283e+01 7.526121960583856407e-02 -1.028417382171836891e+01
6.460000000000000000e+02 1.757342639850505293e+03 3.115796879266493846e+01 7.530830687674987256e-02 -1.165948075735128420e+01
6.470000000000000000e+02 1.752897646712443475e+03 3.136390849010257398e+01 7.535529519561695588e-02 -1.305112914979757832e+01
6.480000000000000000e+02 1.748609163661365528e+03 3.156569847375121896e+01 7.540221067362530560e-02 -1.445867688394621275e+01
6.490000000000000000e+02 1.744476691035078147e+03 3.176335195831860858e+01 7.544907926188967884e-02 -1.588132599428430325e+01
6.500000000000000000e+02 1.740514589211415796e+03 3.195673357341378917e+01 7.549592674898790434e-02 -1.731857635514692006e+01
6.510000000000000000e+02 1.736707543622778530e+03 3.214585612768114231e+01 7.554277875922216223e-02 -1.876971284509395943e+01
6.520000000000000000e+02 1.733062668555652863e+03 3.233065665466531158e+01 7.558966075123592365e-02 -2.023412393711086210e+01
6.530000000000000000e+02 1.729587116727678449e+03 3.251107179390853474e+01 7.563659801724986753e-02 -2.171128023142241759e+01
6.540000000000000000e+02 1.726280615798589224e+03 3.268703815479744890e+01 7.568361568254244887e-02 -2.320057872859050008e+01
6.550000000000000000e+02 1.723150325047085971e+03 3.285841803003292227e+01 7.573073870518245987e-02 -2.470141710657129153e+01
6.560000000000000000e+02 1.720181121943198377e+03 3.302529652661110049e+01 7.577799187584820240e-02 -2.621304514687986043e+01
6.570000000000000000e+02 1.717387600571293433e+03 3.318753586178026893e+01 7.582539981777294824e-02 -2.773501042838687880e+01
6.580000000000000000e+02 1.714769501498615227e+03 3.334507249402547302e+01 7.587298698653753559e-02 -2.926648976818730574e+01
6.590000000000000000e+02 1.712326568445504336e+03 3.349776855304283174e+01 7.592077766969991537e-02 -3.080695776512135353e+01
6.600000000000000000e+02 1.710058548255673713e+03 3.364563468723285666e+01 7.596879598618103135e-02 -3.235574109036330981e+01
6.610000000000000000e+02 1.707965190867896808e+03 3.378853292668485153e+01 7.601706588528527042e-02 -3.391216704563451145e+01
6.620000000000000000e+02 1.706053677640192973e+03 3.392639953068926673e+01 7.606561114523331668e-02 -3.547563783751686373e+01
6.630000000000000000e+02 1.704316336276054471e+03 3.405924498475493323e+01 7.611445537115735238e-02 -3.704540771735929638e+01
6.640000000000000000e+02 1.702760354206217926e+03 3.418693114713295955e+01 7.616362199257806220e-02 -3.862080582180205823e+01
6.650000000000000000e+02 1.701385493523191599e+03 3.430946837987444553e+01 7.621313426001605218e-02 -4.020123616239730069e+01
6.660000000000000000e+02 1.700184090971684327e+03 3.442679269538855635e+01 7.626301524100841112e-02 -4.178602904782968608e+01
6.670000000000000000e+02 1.699163342995530911e+03 3.453891432053310240e+01 7.631328781517265902e-02 -4.337444107274914273e+01
6.680000000000000000e+02 1.698330449039647874e+03 3.464569484321402371e+01 7.636397466858102501e-02 -4.496580367321823957e+01
6.690000000000000000e+02 1.697670326508465450e+03 3.474707006002362419e+01 7.641509828705755902e-02 -4.655952311476761452e+01
6.700000000000000000e+02 1.697197609233985304e+03 3.484312425689871162e+01 7.646668094867443977e-02 -4.815485762956093652e+01
6.710000000000000000e+02 1.696904649047761950e+03 3.493379307229336916e+01 7.651874471515517084e-02 -4.975114025419638608e+01
6.720000000000000000e+02 1.696791229213297811e+03 3.501893777789260298e+01 7.657131142250832301e-02 -5.134777881662778043e+01
6.730000000000000000e+02 1.696857136114996365e+03 3.509864240986387784e+01 7.662440267048138687e-02 -5.294395878870859207e+01
6.740000000000000000e+02 1.697102159305244186e+03 3.517284234861789827e+01 7.667803981116286249e-02 -5.453916325690335754e+01
6.750000000000000000e+02 1.697533519909608231e+03 3.524147288312023818e+01 7.673224393666462639e-02 -5.613257864010865461e+01
6.760000000000000000e+02 1.698143585638801824e+03 3.530454349173551520e+01 7.678703586573336348e-02 -5.772354037616418054e+01
6.770000000000000000e+02 1.698932155909744552e+03 3.536206355610283936e+01 7.684243612965400982e-02 -5.931145862351048237e+01
6.780000000000000000e+02 1.699891605222707767e+03 3.541389379154657746e+01 7.689846495720430164e-02 -6.089544682850963397e+01
6.790000000000000000e+02 1.701036596646967382e+03 3.546004337854142108e+01 7.695514225888563931e-02 -6.247484169447920976e+01
6.800000000000000000e+02 1.702359511810546337e+03 3.550052139320315803e+01 7.701248761022554123e-02 -6.404898031539482872e+01
6.810000000000000000e+02 1.703852736048333099e+03 3.553518823782104619e+01 7.707052023471706870e-02 -6.561697730929739691e+01
6.820000000000000000e+02 1.705516086855267076e+03 3.556412705595121082e+01 7.712925898594924501e-02 -6.717824478644151043e+01
6.830000000000000000e+02 1.707356813994248569e+03 3.558719802902674445e+01 7.718872232930069910e-02 -6.873197234813710566e+01
6.840000000000000000e+02 1.709374742907844848e+03 3.560448407504357249e+01 7.724892832322280412e-02 -7.027764705436668180e+01
6.850000000000000000e+02 1.711554846483841857e+03 3.561606799577064209e+01 7.730989460016129966e-02 -7.181460770562374307e+01
6.860000000000000000e+02 1.713904386925125436e+03 3.562188390751052935e+01 7.737163834726648592e-02 -7.334182197502492784e+01
6.870000000000000000e+02 1.716423202469341959e+03 3.562208865642659816e+01 7.743417628697131516e-02 -7.485952062776519256e+01
6.880000000000000000e+02 1.719111135861016692e+03 3.561654183189035194e+01 7.749752465755097020e-02 -7.636704328173904344e+01
6.890000000000000000e+02 1.721968034473764874e+03 3.560540003241752061e+01 7.756169919366538712e-02 -7.786298695654713242e+01
6.900000000000000000e+02 1.724986322081734443e+03 3.558874544612373825e+01 7.762671510728054447e-02 -7.934669172536948167e+01
6.910000000000000000e+02 1.728165855680386130e+03 3.556643728174117314e+01 7.769258706864537456e-02 -8.081824069662488341e+01
6.920000000000000000e+02 1.731506497254233409e+03 3.553855746770913981e+01 7.775932918783604042e-02 -8.227697432543025968e+01
6.930000000000000000e+02 1.735008113891655057e+03 3.550511351629521073e+01 7.782695499662185823e-02 -8.372223322999967365e+01
6.940000000000000000e+02 1.738663149545413717e+03 3.546618708878713733e+01 7.789547743115829426e-02 -8.515261533787176518e+01
6.950000000000000000e+02 1.742478910189277258e+03 3.542171114322962211e+01 7.796490881512499471e-02 -8.656820437212989816e+01
6.960000000000000000e+02 1.746432993816663839e+03 3.537161849973158212e+01 7.803526084380286998e-02 -8.796759849235401418e+01
6.970000000000000000e+02 1.750547574036774677e+03 3.531613897283726544e+01 7.810654456892530961e-02 -8.935088161569288445e+01
6.980000000000000000e+02 1.754800259957949947e+03 3.525513081842474605e+01 7.817877038463583173e-02 -9.071665205767037321e+01
6.990000000000000000e+02 1.759205808118800405e+03 3.518867500020781591e+01 7.825194801429781466e-02 -9.206499385313901485e+01
7.000000000000000000e+02 1.763749267405690716e+03 3.511685233777193815e+01 7.832608649848128712e-02 -9.339524823201873005e+01
7.010000000000000000e+02 1.768430602779329320e+03 3.503966792500582272e+01 7.840119418414365215e-02 -9.470675650891223540e+01
7.020000000000000000e+02 1.773242570968505561e+03 3.495712152225711122e+01 7.847727871501082586e-02 -9.599886028528749193e+01
7.030000000000000000e+02 1.778192844867512122e+03 3.486936001208777469e+01 7.855434702319759321e-02 -9.727164404386145691e+01
7.040000000000000000e+02 1.783281674950586194e+03 3.477630727723285986e+01 7.863240532217177781e-02 -9.852296371547431875e+01
7.050000000000000000e+02 1.788487032590189074e+03 3.467810990048110398e+01 7.871145910098409360e-02 -9.975364650506206488e+01
7.060000000000000000e+02 1.793831465216769175e+03 3.457476574609500375e+01 7.879151311993963513e-02 -1.009622910273093623e+02
7.070000000000000000e+02 1.799292956111827834e+03 3.446642109282143451e+01 7.887257140759959539e-02 -1.021489814626428654e+02
7.080000000000000000e+02 1.804871779544680521e+03 3.435292493194622665e+01 7.895463725912749142e-02 -1.033138018680996311e+02
7.090000000000000000e+02 1.810575644044886303e+03 3.423457180145863532e+01 7.903771323600437826e-02 -1.044546076532298571e+02
7.100000000000000000e+02 1.816389978962646865e+03 3.411128466673388004e+01 7.912180116714734313e-02 -1.055722254063174859e+02
7.110000000000000000e+02 1.822315076170051725e+03 3.398313490433253747e+01 7.920690215125075762e-02 -1.066659958653519453e+02
7.120000000000000000e+02 1.828358661649631358e+03 3.385019373434980139e+01 7.929301656049654590e-02 -1.077345167342590031e+02
7.130000000000000000e+02 1.834498753670988435e+03 3.371245793634074062e+01 7.938014404547760750e-02 -1.087778711692723022e+02
7.140000000000000000e+02 1.840743089510120626e+03 3.357007269932983462e+01 7.946828354128813998e-02 -1.097953992552532156e+02
7.150000000000000000e+02 1.847091983605354699e+03 3.342303448737823146e+01 7.955743327480985227e-02 -1.107871836572397228e+02
7.160000000000000000e+02 1.853530899104616992e+03 3.327133960624188092e+01 7.964759077305975932e-02 -1.117525639320051880e+02
7.170000000000000000e+02 1.860060161154859088e+03 3.311505848660420526e+01 7.973875287246270926e-02 -1.126901365097834997e+02
7.180000000000000000e+02 1.866680100081480077e+03 3.295426140038122043e+01 7.983091572922611234e-02 -1.135999831811891312e+02
7.190000000000000000e+02 1.873383622910153008e+03 3.278909274411026331e+01 7.992407483034376370e-02 -1.144814425741132453e+02
7.200000000000000000e+02 1.880171069932266846e+03 3.261954818840782622e+01 8.001822500556288187e-02 -1.153353386408998347e+02
7.210000000000000000e+02 1.887035357862965839e+03 3.244584609552730115e+01 8.011336043987608846e-02 -1.161602664654555923e+02
7.220000000000000000e+02 1.893976836394576821e+03 3.226798181846991298e+01 8.020947468666521363e-02 -1.169563064207483620e+02
7.230000000000000000e+02 1.900995859694465025e+03 3.208617340220678216e+01 8.030656068131036829e-02 -1.177235384812717882e+02
7.240000000000000000e+02 1.908085357898905386e+03 3.190049016645539126e+01 8.040461075523730461e-02 -1.184612993706805639e+02
7.250000000000000000e+02 1.915245693654555680e+03 3.171100127305598448e+01 8.050361665016080026e-02 -1.191689253796240138e+02
7.260000000000000000e+02 1.922469805256626614e+03 3.151777572642584957e+01 8.060356953260762458e-02 -1.198472380187563289e+02
7.270000000000000000e+02 1.929758063186600566e+03 3.132095665759934988e+01 8.070446000854826496e-02 -1.204948298267268285e+02
7.280000000000000000e+02 1.937110841598591151e+03 3.112053847434187048e+01 8.080627813792364000e-02 -1.211125213636032214e+02
7.290000000000000000e+02 1.944506233105421188e+03 3.091673827936762109e+01 8.090901344928888572e-02 -1.216981613491305154e+02
7.300000000000000000e+02 1.951959475418474767e+03 3.070947588661188377e+01 8.101265495405475525e-02 -1.222533121615544616e+02
7.310000000000000000e+02 1.959463524385366327e+03 3.049896809012512122e+01 8.111719116070985336e-02 -1.227773071411874923e+02
7.320000000000000000e+02 1.967003910532669124e+03 3.028520868051433723e+01 8.122261008848025154e-02 -1.232687362443945318e+02
7.330000000000000000e+02 1.974588452312416621e+03 3.006841414700136994e+01 8.132889928079084507e-02 -1.237284173678037718e+02
7.340000000000000000e+02 1.982210114200307316e+03 2.984850369403335790e+01 8.143604581816513144e-02 -1.241549393224443776e+02
7.350000000000000000e+02 1.989854434899964417e+03 2.962576779401772598e+01 8.154403633052055567e-02 -1.245498616633909990e+02
7.360000000000000000e+02 1.997536668953336175e+03 2.940027392059875311e+01 8.165285700901447896e-02 -1.249117719942185687e+02
7.370000000000000000e+02 2.005234931453237778e+03 2.917201511704322314e+01 8.176249361714273134e-02 -1.252407429619966734e+02
7.380000000000000000e+02 2.012957053066482786e+03 2.894120713171452408e+01 8.187293150121664753e-02 -1.255368465722784634e+02
7.390000000000000000e+02 2.020696009809737916e+03 2.870791700210746455e+01 8.198415560011321213e-02 -1.257994113393131386e+02
7.400000000000000000e+02 2.028444779634173528e+03 2.847228590698551187e+01 8.209615045430829205e-02 -1.260277651065126321e+02
7.410000000000000000e+02 2.036196342316643950e+03 2.823445488458999009e+01 8.220890021413516935e-02 -1.262234635371782048e+02
7.420000000000000000e+02 2.043951107708340032e+03 2.799449055093049310e+01 8.232238864731807049e-02 -1.263858330902168063e+02
7.430000000000000000e+02 2.051709487290251218e+03 2.775253366866308724e+01 8.243659914570716785e-02 -1.265141995113042981e+02
7.440000000000000000e+02 2.059457037385731837e+03 2.750872486554055030e+01 8.255151473129716810e-02 -1.266086306542260047e+02
7.450000000000000000e+02 2.067194172481872556e+03 2.726320463644360714e+01 8.266711806151295916e-02 -1.266691936324026528e+02
7.460000000000000000e+02 2.074913880106325905e+03 2.701603906198707605e+01 8.278339143376071962e-02 -1.266966976407071712e+02
7.470000000000000000e+02 2.082616577462390978e+03 2.676736837770984678e+01 8.290031678932253956e-02 -1.266897226024061638e+02
7.480000000000000000e+02 2.090295254669873884e+03 2.651725840932999390e+01 8.301787571663066245e-02 -1.266490761666085660e+02
7.490000000000000000e+02 2.097950331413404456e+03 2.626584914208367039e+01 8.313604945392377710e-02 -1.265748223557288412e+02
7.500000000000000000e+02 2.105574800195827720e+03 2.601328043962907799e+01 8.325481889136947256e-02 -1.264670243883491167e+02
7.510000000000000000e+02 2.113161672249134881e+03 2.575961677612270151e+01 8.337416457268320702e-02 -1.263249945451230474e+02
7.520000000000000000e+02 2.120704030302564661e+03 2.550499284507503006e+01 8.349406669642554790e-02 -1.261487579656655242e+02
7.530000000000000000e+02 2.128209832449037094e+03 2.524946795565729829e+01 8.361450511677361030e-02 -1.259398173338589118e+02
7.540000000000000000e+02 2.135672181116397951e+03 2.499317558928708038e+01 8.373545934414941549e-02 -1.256967031439136520e+02
7.550000000000000000e+02 2.143084179744716494e+03 2.473632340237497118e+01 8.385690854568109143e-02 -1.254201735348829345e+02
7.560000000000000000e+02 2.150438932765850041e+03 2.447897037862729519e+01 8.397883154537516548e-02 -1.251102429402317426e+02
7.570000000000000000e+02 2.157751830635850638e+03 2.422132396592780523e+01 8.410120682436310335e-02 -1.247669249128696691e+02
7.580000000000000000e+02 2.165008551366245683e+03 2.396336866175678537e+01 8.422401252119292303e-02 -1.243917177855579297e+02
7.590000000000000000e+02 2.172209630609238047e+03 2.370538600069849267e+01 8.434722643213016235e-02 -1.239831476514756616e+02
7.600000000000000000e+02 2.179348176590585354e+03 2.344743457296988609e+01 8.447082601185185169e-02 -1.235419682004802127e+02
7.610000000000000000e+02 2.186424726792929050e+03 2.318964716153179850e+01 8.459478837414421970e-02 -1.230681893704719556e+02
7.620000000000000000e+02 2.193432391236597596e+03 2.293208217823780970e+01 8.471909029326604723e-02 -1.225618201742735778e+02
7.630000000000000000e+02 2.200371709159158854e+03 2.267487223404456387e+01 8.484370820549551329e-02 -1.220236115269088657e+02
7.640000000000000000e+02 2.207228363940774216e+03 2.241807557526139760e+01 8.496861821135572035e-02 -1.214520848981655803e+02
7.650000000000000000e+02 2.214002896477667491e+03 2.216189893736018490e+01 8.509379607834355319e-02 -1.208487321508526691e+02
7.660000000000000000e+02 2.220695848449812729e+03 2.190640041431378293e+01 8.521921724432067469e-02 -1.202128156891361073e+02
7.670000000000000000e+02 2.227292905583708944e+03 2.165156374549109586e+01 8.534485682167368414e-02 -1.195443397925874223e+02
7.680000000000000000e+02 2.233802039361429706e+03 2.139766973660488958e+01 8.547068960212231281e-02 -1.188433077755546918e+02
7.690000000000000000e+02 2.240201508520637162e+03 2.114485056217295522e+01 8.559669006246699297e-02 -1.181112076520640244e+02
7.700000000000000000e+02 2.246506714152094446e+03 2.089316405253610398e+01 8.572283237112468535e-02 -1.173480407910355297e+02
7.710000000000000000e+02 2.252703344485727484e+03 2.064274226441642668e+01 8.584909039560160993e-02 -1.165538075821216211e+02
7.720000000000000000e+02 2.258784516572859502e+03 2.039379148450656132e+01 8.597543771092536202e-02 -1.157285074319753591e+02
7.730000000000000000e+02 2.264758204559802380e+03 2.014636938258630749e+01 8.610184760892249101e-02 -1.148736244310564416e+02
7.740000000000000000e+02 2.270610097852049421e+03 1.990060786568724538e+01 8.622829310858047547e-02 -1.139891560107810733e+02
7.750000000000000000e+02 2.276340742772870726e+03 1.965663879827897986e+01 8.635474696737671652e-02 -1.130750986113228720e+02
7.760000000000000000e+02 2.281958114112196199e+03 1.941459400598841967e+01 8.648118169349450213e-02 -1.121329333499199379e+02
7.770000000000000000e+02 2.287455329966722729e+03 1.917453099584513865e+01 8.660756955918140487e-02 -1.111619118445189400e+02
7.780000000000000000e+02 2.292832936673266431e+03 1.893658152706212405e+01 8.673388261488042261e-02 -1.101635132232109697e+02
7.790000000000000000e+02 2.298091480332929223e+03 1.870080304783259351e+01 8.686009270443162400e-02 -1.091369871138881820e+02
7.800000000000000000e+02 2.303224078327239113e+03 1.846740154966442304e+01 8.698617148114709541e-02 -1.080845534897501352e+02
7.810000000000000000e+02 2.308238704227481321e+03 1.823636015371834418e+01 8.711209042474681030e-02 -1.070054599899629864e+02
7.820000000000000000e+02 2.313121045894491999e+03 1.800781053219372652e+01 8.723782085912493156e-02 -1.059004389311987069e+02
7.830000000000000000e+02 2.317879075424033090e+03 1.778188434521823424e+01 8.736333397094464548e-02 -1.047687359694566993e+02
7.840000000000000000e+02 2.322498478882371728e+03 1.755863896126032486e+01 8.748860082888078316e-02 -1.036118242776437057e+02
7.850000000000000000e+02 2.326979797888329813e+03 1.733813174456576078e+01 8.761359240358565503e-02 -1.024289475384128707e+02
7.860000000000000000e+02 2.331308716037264276e+03 1.712049434261220071e+01 8.773827958825188011e-02 -1.012200912877870422e+02
7.870000000000000000e+02 2.335493200472109493e+03 1.690578412307315403e+01 8.786263321965939732e-02 -9.998672575424066622e+01
7.880000000000000000e+02 2.339526359947306446e+03 1.669413274480771037e+01 8.798662409970696430e-02 -9.872734885313906261e+01
7.890000000000000000e+02 2.343393872990296586e+03 1.648567187835745074e+01 8.811022301729010131e-02 -9.744417170708355513e+01
7.900000000000000000e+02 2.347111129460776283e+03 1.628045892645681292e+01 8.823340077057831299e-02 -9.613643313633461673e+01
7.910000000000000000e+02 2.350663803554188235e+03 1.607869987856606642e+01 8.835612818928749446e-02 -9.480708518021057785e+01
7.920000000000000000e+02 2.354059852057201624e+03 1.588052646440034366e+01 8.847837615731075911e-02 -9.345536475353300432e+01
7.930000000000000000e+02 2.357292372399202122e+03 1.568607044147891827e+01 8.860011563517823652e-02 -9.208273633403953795e+01
7.940000000000000000e+02 2.360361887505597679e+03 1.549538931567823141e+01 8.872131768265732743e-02 -9.068992063000999337e+01
7.950000000000000000e+02 2.363261488900457152e+03 1.530868919580263210e+01 8.884195348109565071e-02 -8.927838025854983073e+01
7.960000000000000000e+02 2.365999121561810171e+03 1.512595338014148716e+01 8.896199435552093471e-02 -8.784734841422576324e+01
7.970000000000000000e+02 2.368575298677632873e+03 1.494723949455372747e+01 8.908141179652734332e-02 -8.639828588844716251e+01
7.980000000000000000e+02 2.370983101455568885e+03 1.477260521304352103e+01 8.920017748176681249e-02 -8.493116690406114344e+01
7.990000000000000000e+02 2.373230463987148596e+03 1.460210826184064636e+01 8.931826329691122668e-02 -8.344670763062978835e+01
8.000000000000000000e+02 2.375310459664758582e+03 1.443580642348148757e+01 8.943564135612548649e-02 -8.194413769003119796e+01
8.010000000000000000e+02 2.377223560893828108e+03 1.427368361457227408e+01 8.955228402193403381e-02 -8.042564989338708870e+01
8.020000000000000000e+02 2.378977563436663786e+03 1.411572524492599179e+01 8.966816392439512506e-02 -7.889043571936838362e+01
8.030000000000000000e+02 2.380557948332398155e+03 1.396221428408857612e+01 8.978325397957415133e-02 -7.733916418948821558e+01
8.040000000000000000e+02 2.381972477003103904e+03 1.381306235669783078e+01 8.989752740718376378e-02 -7.577324632993027365e+01
8.050000000000000000e+02 2.383206621002896100e+03 1.366855258156740760e+01 9.001095774742982891e-02 -7.419186384436721937e+01
8.060000000000000000e+02 2.384253275277805187e+03 1.352867102421324752e+01 9.012351887698237529e-02 -7.259716897247498935e+01
8.070000000000000000e+02 2.385112758033371847e+03 1.339355240190552543e+01 9.023518502401875474e-02 -7.098759898845698046e+01
8.080000000000000000e+02 2.385785382261125960e+03 1.326333152068640509e+01 9.034593078225520990e-02 -6.936604740046884388e+01
8.090000000000000000e+02 2.386264027274553428e+03 1.313806899587369870e+01 9.045573112415711270e-02 -6.773169277988266401e+01
8.100000000000000000e+02 2.386548995305571225e+03 1.301782553955089305e+01 9.056456141304788932e-02 -6.608519862138022916e+01
8.110000000000000000e+02 2.386640583060247991e+03 1.290266196453349146e+01 9.067239741425846267e-02 -6.442811909021941119e+01
8.120000000000000000e+02 2.386553938335422117e+03 1.279249062130660874e+01 9.077921530534294181e-02 -6.276104195031526700e+01
8.130000000000000000e+02 2.386281918193807996e+03 1.268744681945401886e+01 9.088499168520045024e-02 -6.108485139977244671e+01
8.140000000000000000e+02 2.385832230651871214e+03 1.258751741403321134e+01 9.098970358234143019e-02 -5.940035666969730954e+01
8.150000000000000000e+02 2.385212577926185531e+03 1.249268937643652677e+01 9.109332846210323187e-02 -5.770836632434915714e+01
8.160000000000000000e+02 2.384423228040168851e+03 1.240309836521790210e+01 9.119584423301581311e-02 -5.600968827810142869e+01
8.170000000000000000e+02 2.383457014791033089e+03 1.231873159586756472e+01 9.129722925219266316e-02 -5.430475839519166925e+01
8.180000000000000000e+02 2.382314194426975519e+03 1.223965069506414061e+01 9.139746232995214770e-02 -5.259371479077686473e+01
8.190000000000000000e+02 2.380987588932821382e+03 1.216584313737138778e+01 9.149652273355889098e-02 -5.087691783328239836e+01
8.200000000000000000e+02 2.379470014375538994e+03 1.209751938290404816e+01 9.159439019021485551e-02 -4.915472731199422185e+01
8.210000000000000000e+02 2.377754280908219243e+03 1.203459289641729590e+01 9.169104488935986286e-02 -4.742742817191257387e+01
8.220000000000000000e+02 2.375840621132588694e+03 1.197720013537931472e+01 9.178646748429537816e-02 -4.569523053235418075e+01
8.230000000000000000e+02 2.373721833418565438e+03 1.192532913595899124e+01 9.188063909321060596e-02 -4.395856683979950219e+01
8.240000000000000000e+02 2.371405566982326945e+03 1.187904236697568727e+01 9.197354129967012792e-02 -4.221838902096438773e+01
8.250000000000000000e+02 2.368899465219823469e+03 1.183832816627551132e+01 9.206515615270263742e-02 -4.047579708456311920e+01
8.260000000000000000e+02 2.366203737396643191e+03 1.180324931105376685e+01 9.215546616638212174e-02 -3.873189057378255740e+01
8.270000000000000000e+02 2.363326015394105525e+03 1.177372017059791531e+01 9.224445431915700988e-02 -3.698776858595461192e+01
8.280000000000000000e+02 2.360266497059172252e+03 1.174980384347824369e+01 9.233210405291313039e-02 -3.524438122540723839e+01
8.290000000000000000e+02 2.357040231309790670e+03 1.173148931014830154e+01 9.241839927183256864e-02 -3.350290104100665900e+01
8.300000000000000000e+02 2.353647404791966437e+03 1.171884000298233630e+01 9.250332434113534008e-02 -3.176427734533637803e+01
8.310000000000000000e+02 2.350088198641156396e+03 1.171177095872191032e+01 9.258686408579498706e-02 -3.002879053403100329e+01
8.320000000000000000e+02 2.346355360195042067e+03 1.171034595535910050e+01 9.266900378921630321e-02 -2.829686922479877964e+01
8.330000000000000000e+02 2.342441631408267767e+03 1.171462894792110276e+01 9.274972919207132016e-02 -2.656864457703864346e+01
8.340000000000000000e+02 2.338354605618219466e+03 1.172460978767137263e+01 9.282902649120540473e-02 -2.484439601361597383e+01
8.350000000000000000e+02 2.334079585859204144e+03 1.174027850822734109e+01 9.290688233877379687e-02 -2.312447695824139871e+01
8.360000000000000000e+02 2.329609298328408386e+03 1.176169961158744925e+01 9.298328384164157578e-02 -2.140901772245450374e+01
8.370000000000000000e+02 2.324951320800017129e+03 1.178886350355788259e+01 9.305821856111266832e-02 -1.969851979474234582e+01
8.380000000000000000e+02 2.320113225986942325e+03 1.182176077959204008e+01 9.313167451294092347e-02 -1.799363301122780712e+01
8.390000000000000000e+02 2.315080296550110234e+03 1.186030794352832096e+01 9.320364016777989147e-02 -1.629537842746308485e+01
8.400000000000000000e+02 2.309882380308071333e+03 1.190449597673702620e+01 9.327410445205791545e-02 -1.460455407177902920e+01
8.410000000000000000e+02 2.304512178438470073e+03 1.195424177315730319e+01 9.334305674929108121e-02 -1.292218066774601226e+01
8.420000000000000000e+02 2.298977243980466483e+03 1.200953670824272557e+01 9.341048690188927250e-02 -1.124905595467501307e+01
8.430000000000000000e+02 2.293277696830755758e+03 1.207029807379422337e+01 9.347638521348508589e-02 -9.586126126710338369e+00
8.440000000000000000e+02 2.287435937187113268e+03 1.213644336319685202e+01 9.354074245171839497e-02 -7.934263003960408511e+00
8.450000000000000000e+02 2.281429790434223833e+03 1.220803884005441375e+01 9.360354985152524732e-02 -6.293892636675986196e+00
8.460000000000000000e+02 2.275274219029831784e+03 1.228507668920604523e+01 9.366479911907849010e-02 -4.665641593459643133e+00
8.470000000000000000e+02 2.268954467381071026e+03 1.236762358514946847e+01 9.372448243604043772e-02 -3.049883853679847157e+00
8.480000000000000000e+02 2.262478060319885117e+03 1.245559784284520610e+01 9.378259246442631480e-02 -1.447134531850060357e+00
8.490000000000000000e+02 2.255837661370511341e+03 1.254906655293156525e+01 9.383912235189452444e-02 1.421417519602931612e-01
8.500000000000000000e+02 2.249025929463789907e+03 1.264802273231526542e+01 9.389406573755500196e-02 1.717463995099415719e+00
8.510000000000000000e+02 2.242057755406348406e+03 1.275253527217773097e+01 9.394741675810151793e-02 3.278372553001277723e+00
8.520000000000000000e+02 2.234925546011727874e+03 1.286238166137700034e+01 9.399917005435656780e-02 4.824445836411899613e+00
8.530000000000000000e+02 2.227636511623059050e+03 1.297756383171397054e+01 9.404932077821152869e-02 6.355268713622443499e+00
8.540000000000000000e+02 2.220190429648368536e+03 1.309793536108274559e+01 9.409786459972362127e-02 7.870425925040984261e+00
8.550000000000000000e+02 2.212609357953104791e+03 1.322342432454543903e+01 9.414479771466650881e-02 9.369502061253596636e+00
8.560000000000000000e+02 2.204878208046033251e+03 1.335395901129274954e+01 9.419011685206969686e-02 1.085211868283724890e+01
8.570000000000000000e+02 2.197019028566366615e+03 1.348931935799824622e+01 9.423381928198638902e-02 1.231785258657367699e+01
8.580000000000000000e+02 2.189031578463562710e+03 1.362958265009002190e+01 9.427590282330372551e-02 1.376620607012453945e+01
8.590000000000000000e+02 2.180915612027489715e+03 1.377460353738814014e+01 9.431636585159880459e-02 1.519645834311680233e+01
8.600000000000000000e+02 2.172670878865950272e+03 1.392445973517408575e+01 9.435520730692742442e-02 1.660788835575951694e+01
8.610000000000000000e+02 2.164304552231083562e+03 1.407908060663337046e+01 9.439242670143940805e-02 1.799970049347448509e+01
8.620000000000000000e+02 2.155808943943937265e+03 1.423839572971757583e+01 9.442802412688673652e-02 1.937109883856077275e+01
8.630000000000000000e+02 2.147198646120763442e+03 1.440255774741205208e+01 9.446200026184167764e-02 2.072136143189351287e+01
8.640000000000000000e+02 2.138465961046869324e+03 1.457142238288330915e+01 9.449435637858057124e-02 2.204961740065223808e+01
8.650000000000000000e+02 2.129610614553856976e+03 1.474499414006475817e+01 9.452509434960752743e-02 2.335529263761732821e+01
8.660000000000000000e+02 2.120647184347582424e+03 1.492320345262734449e+01 9.455421665370407347e-02 2.463810977950289427e+01
8.670000000000000000e+02 2.111560529886433869e+03 1.510598096686881142e+01 9.458172638154034584e-02 2.589816246884997497e+01
8.680000000000000000e+02 2.102357790815504359e+03 1.529318325750822716e+01 9.460762724059033901e-02 2.713517249745696702e+01
8.690000000000000000e+02 2.093046101901486509e+03 1.548474139389931992e+01 9.463192355954258561e-02 2.834923261993160537e+01
8.700000000000000000e+02 2.083617736321596112e+03 1.568066093915162362e+01 9.465462029198605520e-02 2.954013798077450659e+01
8.710000000000000000e+02 2.074079819058316843e+03 1.588072481515579781e+01 9.467572301935497925e-02 3.070790607758985047e+01
8.720000000000000000e+02 2.064439470197480205e+03 1.608486471904663873e+01 9.469523795308426584e-02 3.185240532236115740e+01
8.730000000000000000e+02 2.054688948231675113e+03 1.629293827156257279e+01 9.471317193603440154e-02 3.297313216983612705e+01
8.740000000000000000e+02 2.044842791821185074e+03 1.650495186633777678e+01 9.472953244298175368e-02 3.406973108104966741e+01
8.750000000000000000e+02 2.034900678058642825e+03 1.672076353459531362e+01 9.474432758025191914e-02 3.514162308493975928e+01
8.760000000000000000e+02 2.024869707542265814e+03 1.694023151077481870e+01 9.475756608450898455e-02 3.618845145862375290e+01
8.770000000000000000e+02 2.014749547704783708e+03 1.716321423107554267e+01 9.476925732050762996e-02 3.720956172228574843e+01
8.780000000000000000e+02 2.004562146251097374e+03 1.738964461542290962e+01 9.477941127806577271e-02 3.820467017025878675e+01
8.790000000000000000e+02 1.994292304400428520e+03 1.761945578235193466e+01 9.478803856791240268e-02 3.917319529922811228e+01
8.800000000000000000e+02 1.983954532090406246e+03 1.785250676381279789e+01 9.479515041672220699e-02 4.011477777265301370e+01
8.810000000000000000e+02 1.973541049585008750e+03 1.808873107040655981e+01 9.480075866120279970e-02 4.102898326685190256e+01
8.820000000000000000e+02 1.963066357643700940e+03 1.832813668953901498e+01 9.480487574116500116e-02 4.191545101830642039e+01
8.830000000000000000e+02 1.952522667495576798e+03 1.857050894948754305e+01 9.480751469177599311e-02 4.277367095367041117e+01
8.840000000000000000e+02 1.941909614324016502e+03 1.881593050191888139e+01 9.480868913486337202e-02 4.360335508803023430e+01
8.850000000000000000e+02 1.931234257358286868e+03 1.906426133529507183e+01 9.480841326938288516e-02 4.440399180488309838e+01
8.860000000000000000e+02 1.920496223272503585e+03 1.931536162322759509e+01 9.480670186102438390e-02 4.517529153840595058e+01
8.870000000000000000e+02 1.909695134643042365e+03 1.956924028925192616e+01 9.480357023103731795e-02 4.591718675498454161e+01
8.880000000000000000e+02 1.898845466763704962e+03 1.982575787050964777e+01 9.479903424432528647e-02 4.662968336802856584e+01
8.890000000000000000e+02 1.887931977666124794e+03 2.008470079886537363e+01 9.479311029678763600e-02 4.731293500360060733e+01
8.900000000000000000e+02 1.876976563400900659e+03 2.034607853245276132e+01 9.478581530207616512e-02 4.796679728185029035e+01
8.910000000000000000e+02 1.865971403020836306e+03 2.060975213561942354e+01 9.477716667763327885e-02 4.859142206782193796e+01
8.920000000000000000e+02 1.854923528824185723e+03 2.087558284330967950e+01 9.476718233031662664e-02 4.918673747007989050e+01
8.930000000000000000e+02 1.843832541451475663e+03 2.114350634186493849e+01 9.475588064142070888e-02 4.975281924173532389e+01
8.940000000000000000e+02 1.832712895089222457e+03 2.141323563223061655e+01 9.474328045139454590e-02 5.028959363033848007e+01
8.950000000000000000e+02 1.821549327526294746e+03 2.168485529511173127e+01 9.472940104408109074e-02 5.079691164568826167e+01
8.960000000000000000e+02 1.810363715468443161e+03 2.195807865300110961e+01 9.471426213073563805e-02 5.127484617857024318e+01
8.970000000000000000e+02 1.799148219552198043e+03 2.223284203516969626e+01 9.469788383377450436e-02 5.172324628490758158e+01
8.980000000000000000e+02 1.787909854615855920e+03 2.250900764054314607e+01 9.468028667038205781e-02 5.214203430539063078e+01
8.990000000000000000e+02 1.776655633171234513e+03 2.278636353450394125e+01 9.466149153602571031e-02 5.253120585156667488e+01
9.000000000000000000e+02 1.765385137227886389e+03 2.306492077961853582e+01 9.464151968790374125e-02 5.289060694190802536e+01
9.010000000000000000e+02 1.754097927186871857e+03 2.334439450777259140e+01 9.462039272844798010e-02 5.322022488246111038e+01
9.020000000000000000e+02 1.742808339820707488e+03 2.362480136480030879e+01 9.459813258891400234e-02 5.352002096612107351e+01
9.030000000000000000e+02 1.731515833947677720e+03 2.390601062586385694e+01 9.457476151312013690e-02 5.378980061506501897e+01
9.040000000000000000e+02 1.720219866942429235e+03 2.418789169880852796e+01 9.455030204137715444e-02 5.402959102737230523e+01
9.050000000000000000e+02 1.708927323263110111e+03 2.447031412044697873e+01 9.452477699469252759e-02 5.423926974874061813e+01
9.060000000000000000e+02 1.697637657926565453e+03 2.475329611976113142e+01 9.449820945929848781e-02 5.441871322929132049e+01
9.070000000000000000e+02 1.686365181733087866e+03 2.503655891299670344e+01 9.447062277150428122e-02 5.456787109745649644e+01
9.080000000000000000e+02 1.675101919686957444e+03 2.532004668420301030e+01 9.444204050298525555e-02 5.468684043446130971e+01
9.090000000000000000e+02 1.663854752916811094e+03 2.560377801416352384e+01 9.441248644646932364e-02 5.477564291540282682e+01
9.100000000000000000e+02 1.652623133790888687e+03 2.588754874223497993e+01 9.438198460192046002e-02 5.483437336845717880e+01
9.110000000000000000e+02 1.641413942780009165e+03 2.617122909612092840e+01 9.435055916325101044e-02 5.486312548420453084e+01
9.120000000000000000e+02 1.630234060265889184e+03 2.645476368755045371e+01 9.431823450546596155e-02 5.486199180908943163e+01
9.130000000000000000e+02 1.619082938345226694e+03 2.673809722437078307e+01 9.428503517246455967e-02 5.483106373952146129e+01
9.140000000000000000e+02 1.607960029329747613e+03 2.702102593905497585e+01 9.425098586525250399e-02 5.477035723311933424e+01
9.150000000000000000e+02 1.596864785891211568e+03 2.730349471814375661e+01 9.421611143088857998e-02 5.468003565461634707e+01
9.160000000000000000e+02 1.585811517901913930e+03 2.758544853059314406e+01 9.418043685184621094e-02 5.456026120490827935e+01
9.170000000000000000e+02 1.574792250818261664e+03 2.786660957254242632e+01 9.414398723602496188e-02 5.441104635075916462e+01
9.180000000000000000e+02 1.563806439211303996e+03 2.814699724703207906e+01 9.410678780726869364e-02 5.423269952318671017e+01
9.190000000000000000e+02 1.552868395241129747e+03 2.842640817461393610e+01 9.406886389646282320e-02 5.402523084747273430e+01
9.200000000000000000e+02 1.541977575374603248e+03 2.870478760592146017e+01 9.403024093311229681e-02 5.378879784286846899e+01
9.210000000000000000e+02 1.531126008848941183e+03 2.898193228265013488e+01 9.399094443747454952e-02 5.352355685493757420e+01
9.220000000000000000e+02 1.520328011180686417e+03 2.925778756649379631e+01 9.395100001308322180e-02 5.322988590606702530e+01
9.230000000000000000e+02 1.509590470867417935e+03 2.953229886700492912e+01 9.391043333981004271e-02 5.290801327860929604e+01
9.240000000000000000e+02 1.498897992784835878e+03 2.980533735290001474e+01 9.386927016729040840e-02 5.255831465019301874e+01
9.250000000000000000e+02 1.488272325081391500e+03 3.007669994681362624e+01 9.382753630869881956e-02 5.218109024515688787e+01
9.260000000000000000e+02 1.477705504113923098e+03 3.034640645401235304e+01 9.378525763492102929e-02 5.177678768763117745e+01
9.270000000000000000e+02 1.467204424632542441e+03 3.061425385603799754e+01 9.374246006889953853e-02 5.134563058722481088e+01
9.280000000000000000e+02 1.456775983159295492e+03 3.088026200633870033e+01 9.369916958037403931e-02 5.088798996035296796e+01
9.290000000000000000e+02 1.446419649713156787e+03 3.114422792383281546e+01 9.365541218064177276e-02 5.040416138415097436e+01
9.300000000000000000e+02 1.436134896231926632e+03 3.140602292146460428e+01 9.361121391763557731e-02 4.989436500149064102e+01
9.310000000000000000e+02 1.425921196640649896e+03 3.166559260072163084e+01 9.356660087093303380e-02 4.935889409358529889e+01
9.320000000000000000e+02 1.415792883617659754e+03 3.192280827912330565e+01 9.352159914693206066e-02 4.879796651915556538e+01
9.330000000000000000e+02 1.405742006906395318e+03 3.217761555170060461e+01 9.347623487394240982e-02 4.821194757166581013e+01
9.340000000000000000e+02 1.395775475127635218e+03 3.242973715144665192e+01 9.343053419728103437e-02 4.760097856908472380e+01
9.350000000000000000e+02 1.385892770788051166e+03 3.267919292828556621e+01 9.338452327419553833e-02 4.696542256270318916e+01
9.360000000000000000e+02 1.376093378688496614e+03 3.292577985900225457e+01 9.333822826863096001e-02 4.630556721144249366e+01
9.370000000000000000e+02 1.366384214331432759e+03 3.316951774270525988e+01 9.329167534590214472e-02 4.562184764117981217e+01
9.380000000000000000e+02 1.356764767277151122e+03 3.341027777776803731e+01 9.324489066698013473e-02 4.491454932004074863e+01
9.390000000000000000e+02 1.347241957900940633e+03 3.364793112329825675e+01 9.319790038254030518e-02 4.418410520218061777e+01
9.400000000000000000e+02 1.337807852399334479e+03 3.388227461011531716e+01 9.315073062675768845e-02 4.343087288750111696e+01
9.410000000000000000e+02 1.328476804599062007e+03 3.411340215276327115e+01 9.310340751060153242e-02 4.265513463231128810e+01
9.420000000000000000e+02 1.319240885914301998e+03 3.434111047601656708e+01 9.305595711485654953e-02 4.185732021091688893e+01
9.430000000000000000e+02 1.310107027158083156e+03 3.456527052694822544e+01 9.300840548264655006e-02 4.103785836010240473e+01
9.440000000000000000e+02 1.301074733553376291e+03 3.478590175302259979e+01 9.296077861153168032e-02 4.019725107450964430e+01
9.450000000000000000e+02 1.292150941497420945e+03 3.500287496271463539e+01 9.291310244515187111e-02 3.933585076838042482e+01
9.460000000000000000e+02 1.283327733577028766e+03 3.521613517069008736e+01 9.286540286436695268e-02 3.845415742217516453e+01
9.470000000000000000e+02 1.274619480388343163e+03 3.542547874201812874e+01 9.281770567791389204e-02 3.755267002852052372e+01
9.480000000000000000e+02 1.266018270506481485e+03 3.563099908795821591e+01 9.277003661255234235e-02 3.663181232198916604e+01
9.490000000000000000e+02 1.257523623960469195e+03 3.583256667626958603e+01 9.272242130273247729e-02 3.569193279269779850e+01
9.500000000000000000e+02 1.249149920660318685e+03 3.603005187660504305e+01 9.267488527970631218e-02 3.473367611772042807e+01
9.510000000000000000e+02 1.240889275085158033e+03 3.622332474184722884e+01 9.262745396026031419e-02 3.375730731885214198e+01
9.520000000000000000e+02 1.232741298845751317e+03 3.641240292929133204e+01 9.258015263481518542e-02 3.276335841388699777e+01
9.530000000000000000e+02 1.224713051691624059e+03 3.659715520255461030e+01 9.253300645520341761e-02 3.175213036155108171e+01
9.540000000000000000e+02 1.216796740189536195e+03 3.677752449085033959e+01 9.248604042195082697e-02 3.072414608241579970e+01
9.550000000000000000e+02 1.209006859566410412e+03 3.695337931721118707e+01 9.243927937112740578e-02 2.967977905662678495e+01
9.560000000000000000e+02 1.201335623702270141e+03 3.712466236079873738e+01 9.239274796084520625e-02 2.861947618989185926e+01
9.570000000000000000e+02 1.193790106978533004e+03 3.729131616878395761e+01 9.234647065740832217e-02 2.754368354569050226e+01
9.580000000000000000e+02 1.186362530976463859e+03 3.745335743531271078e+01 9.230047172115243836e-02 2.645306921171803793e+01
9.590000000000000000e+02 1.179059977979806490e+03 3.761065414654315475e+01 9.225477519201473464e-02 2.534822618203115141e+01
9.600000000000000000e+02 1.171889534377833115e+03 3.776329699378620575e+01 9.220940487486918580e-02 2.422967237341737601e+01
9.610000000000000000e+02 1.164843434070013245e+03 3.791107938470027960e+01 9.216438432468926356e-02 2.309792492547711973e+01
9.620000000000000000e+02 1.157928771973482753e+03 3.805409170710868949e+01 9.211973683160837312e-02 2.195364878441494483e+01
9.630000000000000000e+02 1.151145219079709477e+03 3.819227562386797814e+01 9.207548540586095454e-02 2.079743386952297968e+01
9.640000000000000000e+02 1.144492450912737468e+03 3.832549835233998436e+01 9.203165276274755113e-02 1.962964652337009852e+01
9.650000000000000000e+02 1.137970147637358195e+03 3.845384979445815077e+01 9.198826130761045272e-02 1.845080094671141779e+01
9.660000000000000000e+02 1.131577994167057341e+03 3.857712254835307419e+01 9.194533312088616628e-02 1.726141064908306078e+01
9.670000000000000000e+02 1.125323108621552365e+03 3.869533188909964139e+01 9.190288994329398609e-02 1.606198846660602797e+01
9.680000000000000000e+02 1.119197757382243253e+03 3.880841863102326528e+01 9.186095316127027011e-02 1.485297229649306772e+01
9.690000000000000000e+02 1.113209068597874420e+03 3.891632340760452280e+01 9.181954379258032428e-02 1.363487368227100305e+01
9.700000000000000000e+02 1.107356747236468436e+03 3.901891238446442856e+01 9.177868247229672982e-02 1.240812926520380444e+01
9.710000000000000000e+02 1.101633075185579855e+03 3.911634867344967148e+01 9.173838943907793031e-02 1.117332365344227441e+01
9.720000000000000000e+02 1.096045196400425766e+03 3.920842377776698129e+01 9.169868452189232355e-02 9.931040873879142694e+00
9.730000000000000000e+02 1.090592831947205241e+03 3.929515185674335953e+01 9.165958712720702339e-02 8.681715824226193590e+00
9.740000000000000000e+02 1.085283136793933409e+03 3.937662115564387477e+01 9.162111622664309563e-02 7.425931426332788909e+00
9.750000000000000000e+02 1.080100986495622919e+03 3.945262258506360808e+01 9.158329034516157763e-02 6.164344362222989204e+00
9.760000000000000000e+02 1.075053547377419363e+03 3.952331826943507309e+01 9.154612754990022749e-02 4.897313676358298729e+00
9.770000000000000000e+02 1.070147991560562559e+03 3.958849870906794166e+01 9.150964543954145936e-02 3.625569347175814361e+00
9.780000000000000000e+02 1.065376640333321802e+03 3.964832561231737174e+01 9.147386113439387456e-02 2.349469472323895580e+00
9.790000000000000000e+02 1.060739249267575360e+03 3.970273762478516488e+01 9.143879126715072359e-02 1.069624270593272808e+00
9.800000000000000000e+02 1.056243008278735715e+03 3.975159889362274868e+01 9.140445197432715829e-02 -2.134901715322268523e-01
9.810000000000000000e+02 1.051880256628752022e+03 3.979514476592021310e+01 9.137085888838419878e-02 -1.499368455148934132e+00
9.820000000000000000e+02 1.047650768024203444e+03 3.983316466762798314e+01 9.133802713074312685e-02 -2.787498132701943909e+00
9.830000000000000000e+02 1.043554322306779568e+03 3.986581921960814157e+01 9.130597130536868833e-02 -4.077367114789486990e+00
9.840000000000000000e+02 1.039598133837484056e+03 3.989297168370962510e+01 9.127470549323483950e-02 -5.368486676236661204e+00
9.850000000000000000e+02 1.035774566472931610e+03 3.991463366145443814e+01 9.124424324751544135e-02 -6.660395148190869641e+00
9.860000000000000000e+02 1.032083418636146462e+03 3.993081652477697219e+01 9.121459758950795083e-02 -7.952643039073049813e+00
9.870000000000000000e+02 1.028531923329564961e+03 3.994153141384119721e+01 9.118578100537513831e-02 -9.244793011960814155e+00
9.880000000000000000e+02 1.025112463090220217e+03 3.994664066792567070e+01 9.115780544356442971e-02 -1.053640129082824473e+01
9.890000000000000000e+02 1.021824855039392787e+03 3.994630352440150034e+01 9.113068231298460109e-02 -1.182702432291062067e+01
9.900000000000000000e+02 1.018668922524288064e+03 3.994030756524585968e+01 9.110442248193256765e-02 -1.311615932848883581e+01
9.910000000000000000e+02 1.015644495103094528e+03 3.992873726667411205e+01 9.107903627761450294e-02 -1.440346712772409710e+01
9.920000000000000000e+02 1.012758836873558039e+03 3.991167686331352371e+01 9.105453348637333744e-02 -1.568829670231493800e+01
9.930000000000000000e+02 1.009996933043755121e+03 3.988898749595434623e+01 9.103092335457556306e-02 -1.697014572903765384e+01
9.940000000000000000e+02 1.007373488349265017e+03 3.986082719440160105e+01 9.100821459004443392e-02 -1.824836342132037714e+01
9.950000000000000000e+02 1.004873500210494171e+03 3.982720517487134515e+01 9.098641536405795149e-02 -1.952252192210739068e+01
9.960000000000000000e+02 1.002504257137916397e+03 3.978813040548498492e+01 9.096553331388523844e-02 -2.079197057797324177e+01
9.970000000000000000e+02 1.000265625279033429e+03 3.974353732133568684e+01 9.094557554577578640e-02 -2.205620733155260282e+01
9.980000000000000000e+02 9.981574767113852431e+02 3.969350867364583735e+01 9.092654863840686497e-02 -2.331465584575037298e+01
9.990000000000000000e+02 9.961722610302061867e+02 3.963812696149506820e+01 9.090845864669871990e-02 -2.456659119477040676e+01
1.000000000000000000e+03 9.943172903325992138e+02 3.957732586363283644e+01 9.089131110597940821e-02 -2.581151125598713847e+01
1.001000000000000000e+03 9.925776364903689455e+02 3.951111167908087651e+01 9.087511103640455445e-02 -2.704876655257139006e+01
1.002000000000000000e+03 9.909682468116712926e+02 3.943948481619523960e+01 9.085986294773218397e-02 -2.827771265236503950e+01
1.003000000000000000e+03 9.894743998771091356e+02 3.936244401817987892e+01 9.084557084418658224e-02 -2.949770628401523354e+01
1.004000000000000000e+03 9.881036648162256597e+02 3.927998777107454487e+01 9.083223822951927429e-02 -3.070817830837895102e+01
1.005000000000000000e+03 9.868413311230682439e+02 3.919211430302920007e+01 9.081986811215522759e-02 -3.190855940877464647e+01
1.006000000000000000e+03 9.857024070229909967e+02 3.909897015068195003e+01 9.080846301047756919e-02 -3.309850291518089449e+01
1.007000000000000000e+03 9.846721925841208076e+02 3.900070159162824979e+01 9.079802495800766426e-02 -3.427781049438367234e+01
1.008000000000000000e+03 9.837582780814063881e+02 3.889745464399894104e+01 9.078855550863658419e-02 -3.544635784010417012e+01
1.009000000000000000e+03 9.829608305071545828e+02 3.878937506614472852e+01 9.078005574179950909e-02 -3.660379751262282610e+01
1.010000000000000000e+03 9.822651651319524717e+02 3.867668263993245859e+01 9.077252626750999254e-02 -3.774993032995277531e+01
1.011000000000000000e+03 9.816863155173567748e+02 3.855937403664061947e+01 9.076596723127554334e-02 -3.888448249104431653e+01
1.012000000000000000e+03 9.812096066254597417e+02 3.843766851799430384e+01 9.076037831885101770e-02 -4.000732840007970026e+01
1.013000000000000000e+03 9.808352248326797280e+02 3.831148795178491895e+01 9.075575876074831738e-02 -4.111811922284780252e+01
1.014000000000000000e+03 9.805782178430872591e+02 3.818082822963917522e+01 9.075210733660715734e-02 -4.221635714425872976e+01
1.015000000000000000e+03 9.804164961513150729e+02 3.804553641689031451e+01 9.074942237925893995e-02 -4.330176676001821079e+01
1.016000000000000000e+03 9.803651164613138462e+02 3.790568217059364997e+01 9.074770177853094810e-02 -4.437399791695420248e+01
1.017000000000000000e+03 9.804242831526889859e+02 3.776103775563863962e+01 9.074694298479563104e-02 -4.543269997105574731e+01
1.018000000000000000e+03 9.805793482008215278e+02 3.761159803002470170e+01 9.074714301220915269e-02 -4.647744747873119309e+01
1.019000000000000000e+03 9.808379528504453901e+02 3.745743187874507640e+01 9.074829844170714810e-02 -4.750788873882265051e+01
1.020000000000000000e+03 9.812003141393112173e+02 3.729845936430066189e+01 9.075040542363091434e-02 -4.852337435037574664e+01
1.021000000000000000e+03 9.816592248252991340e+02 3.713504599587525945e+01 9.075345968014043863e-02 -4.952332860573061879e+01
1.022000000000000000e+03 9.822149100165347591e+02 3.696718561209883802e+01 9.075745650726274594e-02 -5.050717518291727259e+01
1.023000000000000000e+03 9.828527420527983622e+02 3.679509465049481776e+01 9.076239077673022015e-02 -5.147418855488968603e+01
1.024000000000000000e+03 9.835878105417164079e+02 3.661891501503492918e+01 9.076825693751594537e-02 -5.242386538364065274e+01
1.025000000000000000e+03 9.843980671437003593e+02 3.643886264484757476e+01 9.077504901714185392e-02 -5.335547879617261913e+01
1.026000000000000000e+03 9.852986090140560691e+02 3.625500466555243406e+01 9.078276062275138225e-02 -5.426852406290200292e+01
1.027000000000000000e+03 9.862748235926530924e+02 3.606740795824686074e+01 9.079138494197165621e-02 -5.516316427648570908e+01
1.028000000000000000e+03 9.873269586495225667e+02 3.587613916162646177e+01 9.080091474361035031e-02 -5.603941321154501054e+01
1.029000000000000000e+03 9.884701222309516879e+02 3.568126467424475834e+01 9.081134237822389987e-02 -5.689743243738352163e+01
1.030000000000000000e+03 9.896822841556364665e+02 3.548277637340882507e+01 9.082265977854313277e-02 -5.773738273016225264e+01
1.031000000000000000e+03 9.909785594666533370e+02 3.528081446822288569e+01 9.083485845984695661e-02 -5.855949833606836563e+01
1.032000000000000000e+03 9.923443532300111656e+02 3.507537036825125654e+01 9.084792952025204371e-02 -5.936378981747086669e+01
1.033000000000000000e+03 9.937947872884971048e+02 3.486650953683448506e+01 9.086186364105561242e-02 -6.015041545111000687e+01
1.034000000000000000e+03 9.953152734122817265e+02 3.465429721052965562e+01 9.087665108707498884e-02 -6.091886409076834497e+01
1.035000000000000000e+03 9.969135117037145619e+02 3.443894696919067400e+01 9.089228170706112331e-02 -6.166854941702039383e+01
1.036000000000000000e+03 9.985749204489901558e+02 3.422052360516424585e+01 9.090874493424459801e-02 -6.239895848650602517e+01
1.037000000000000000e+03 1.000292349472093861e+03 3.399916597713144029e+01 9.092602978701638805e-02 -6.310950314773974412e+01
1.038000000000000000e+03 1.002080936787683413e+03 3.377501273006546256e+01 9.094412486981111321e-02 -6.379966859148080260e+01
1.039000000000000000e+03 1.003926110100806000e+03 3.354820229881500637e+01 9.096301837426284953e-02 -6.446893905115112489e+01
1.040000000000000000e+03 1.005820728508348338e+03 3.331872434480333567e+01 9.098269808056425045e-02 -6.511672350381151375e+01
1.041000000000000000e+03 1.007772510797870382e+03 3.308679117736210173e+01 9.100315135923932319e-02 -6.574302420672263736e+01
1.042000000000000000e+03 1.009774321993221747e+03 3.285224348964722196e+01 9.102436517313527986e-02 -6.634784241492437218e+01
1.043000000000000000e+03 1.011819029999358008e+03 3.261521891420782993e+01 9.104632607994717075e-02 -6.693095551688747946e+01
1.044000000000000000e+03 1.013921790594773711e+03 3.237570632612553112e+01 9.106902023505462906e-02 -6.749303127376941802e+01
1.045000000000000000e+03 1.016068048918491058e+03 3.213362013077464496e+01 9.109243339482168966e-02 -6.803339930161332916e+01
1.046000000000000000e+03 1.018258109507051586e+03 3.188917168569258820e+01 9.111655092043254023e-02 -6.855287383227052089e+01
1.047000000000000000e+03 1.020492279525989716e+03 3.164220075351137140e+01 9.114135778217707928e-02 -6.905078236167616978e+01
1.048000000000000000e+03 1.022770868698021900e+03 3.139291834152887262e+01 9.116683856426881227e-02 -6.952719414384394270e+01
1.049000000000000000e+03 1.025086760876976768e+03 3.114160957233321625e+01 9.119297747018205447e-02 -6.998143451027387130e+01
1.050000000000000000e+03 1.027440270668254470e+03 3.088841083801384357e+01 9.121975832860669542e-02 -7.041505620004197397e+01
1.051000000000000000e+03 1.029824307469204541e+03 3.063353156608718919e+01 9.124716459993838236e-02 -7.082737749240178005e+01
1.052000000000000000e+03 1.032239294556588447e+03 3.037702810572273293e+01 9.127517938329308966e-02 -7.121769615960172928e+01
1.053000000000000000e+03 1.034685678166744310e+03 3.011925270184519476e+01 9.130378542420068688e-02 -7.158604683674437297e+01
1.054000000000000000e+03 1.037163906571883672e+03 2.986033460501137071e+01 9.133296512278836488e-02 -7.193246302657107094e+01
1.055000000000000000e+03 1.039659573276413767e+03 2.960032864349265225e+01 9.136270054260156592e-02 -7.225771992702850355e+01
1.056000000000000000e+03 1.042180558660196311e+03 2.933928951191466084e+01 9.139297341995140933e-02 -7.256110591922208641e+01
1.057000000000000000e+03 1.044719888114520018e+03 2.907734605995251442e+01 9.142376517381212153e-02 -7.284190823097351597e+01
1.058000000000000000e+03 1.047278016975335049e+03 2.881455273057019184e+01 9.145505691634012169e-02 -7.310164143587451235e+01
1.059000000000000000e+03 1.049847973700596640e+03 2.855096384881536409e+01 9.148682946380332082e-02 -7.333884760255419621e+01
1.060000000000000000e+03 1.052437644794336393e+03 2.828670791065847823e+01 9.151906334806571286e-02 -7.355355329972756806e+01
1.061000000000000000e+03 1.055040061274618438e+03 2.802183902136470195e+01 9.155173882860294376e-02 -7.374726959154314443e+01
1.062000000000000000e+03 1.057655683589078990e+03 2.775648546791316207e+01 9.158483590485233528e-02 -7.391779218819800690e+01
1.063000000000000000e+03 1.060277544775259003e+03 2.749062687393730187e+01 9.161833432904881169e-02 -7.406737262743889971e+01
1.064000000000000000e+03 1.062906107018245621e+03 2.722446562271574066e+01 9.165221361941169875e-02 -7.419454708594386716e+01
1.065000000000000000e+03 1.065534404803891675e+03 2.695805544516552388e+01 9.168645307371335595e-02 -7.429933622157929562e+01
1.066000000000000000e+03 1.068170329820176448e+03 2.669144999237725813e+01 9.172103178314179595e-02 -7.438324517090249799e+01
1.067000000000000000e+03 1.070799489053787511e+03 2.642477712466957485e+01 9.175592864638131008e-02 -7.444480653693152306e+01
1.068000000000000000e+03 1.073437203087274384e+03 2.615816463365738542e+01 9.179112238396296142e-02 -7.448478023265340653e+01
1.069000000000000000e+03 1.076061650790147951e+03 2.589166596433673462e+01 9.182659155279913887e-02 -7.450318213966896508e+01
1.070000000000000000e+03 1.078688152663063420e+03 2.562540878769125996e+01 9.186231456081866975e-02 -7.450002694237178957e+01
1.071000000000000000e+03 1.081302315525992299e+03 2.535944643930061559e+01 9.189826968174871769e-02 -7.447532812751113340e+01
1.072000000000000000e+03 1.083912030809538237e+03 2.509398077547122696e+01 9.193443506986703762e-02 -7.442984081918768879e+01
1.073000000000000000e+03 1.086502904292580979e+03 2.482906504485756471e+01 9.197078877481477954e-02 -7.436283327415836197e+01
1.074000000000000000e+03 1.089082826042912984e+03 2.456482674460704274e+01 9.200730875633665595e-02 -7.427505822272604519e+01
1.075000000000000000e+03 1.091644828505552141e+03 2.430139334249940575e+01 9.204397289897292556e-02 -7.416652436486607769e+01
1.076000000000000000e+03 1.094196799744156579e+03 2.403881799908924677e+01 9.208075902653016509e-02 -7.403649637184261678e+01
1.077000000000000000e+03 1.096724341531464688e+03 2.377715385685492677e+01 9.211764491651486253e-02 -7.388646622834227173e+01
1.078000000000000000e+03 1.099235339294172718e+03 2.351660261285037734e+01 9.215460831422637999e-02 -7.371643905980512557e+01
1.079000000000000000e+03 1.101715391856907445e+03 2.325721739034089808e+01 9.219162694667258628e-02 -7.352567597033132074e+01
1.080000000000000000e+03 1.104179809741933013e+03 2.299905131145188975e+01 9.222867853618427203e-02 -7.331566538609436634e+01
1.081000000000000000e+03 1.106614188217970423e+03 2.274230606981442548e+01 9.226574081369377789e-02 -7.308492321391555890e+01
1.082000000000000000e+03 1.109018977255733034e+03 2.248696051868918744e+01 9.230279153169085316e-02 -7.283493552565656159e+01
1.083000000000000000e+03 1.111394624685018016e+03 2.223314209411032039e+01 9.233980847679000570e-02 -7.256570155271013789e+01
1.084000000000000000e+03 1.113741576056163467e+03 2.198097825350581758e+01 9.237676948186275550e-02 -7.227721936114652124e+01
1.085000000000000000e+03 1.116052846155408588e+03 2.173052219781346750e+01 9.241365243781134164e-02 -7.197022869229662945e+01
1.086000000000000000e+03 1.118328875575422444e+03 2.148182716059413977e+01 9.245043530480483163e-02 -7.164323962867908335e+01
1.087000000000000000e+03 1.120570102239722701e+03 2.123494641363387103e+01 9.248709612318577189e-02 -7.129847528070285989e+01
1.088000000000000000e+03 1.122769532931945832e+03 2.099008183954151363e+01 9.252361302377963559e-02 -7.093518627842757951e+01
1.089000000000000000e+03 1.124927599880881644e+03 2.074728680332096786e+01 9.255996423781448490e-02 -7.055336495416290177e+01
1.090000000000000000e+03 1.127044732299910720e+03 2.050654044144456734e+01 9.259612810630493684e-02 -7.015374535043916637e+01
1.091000000000000000e+03 1.129121356281950057e+03 2.026804480142171272e+01 9.263208308895433396e-02 -6.973706039345478302e+01
1.092000000000000000e+03 1.131150466349478165e+03 2.003185342983148942e+01 9.266780777263997071e-02 -6.930255623200714865e+01
1.093000000000000000e+03 1.133132482060673055e+03 1.979809422836096289e+01 9.270328087935025829e-02 -6.885170642211204495e+01
1.094000000000000000e+03 1.135067819570170059e+03 1.956682089231521005e+01 9.273848127368994332e-02 -6.838375492686704149e+01
1.095000000000000000e+03 1.136956891545411963e+03 1.933816148312048000e+01 9.277338796990550196e-02 -6.790017313713795488e+01
1.096000000000000000e+03 1.138792678738024733e+03 1.911216986679894347e+01 9.280798013854313355e-02 -6.740020287247273245e+01
1.097000000000000000e+03 1.140583014961380968e+03 1.888897428643381105e+01 9.284223711258550449e-02 -6.688457056782058885e+01
1.098000000000000000e+03 1.142320873621473311e+03 1.866855451710047120e+01 9.287613839328551224e-02 -6.635400161560869492e+01
1.099000000000000000e+03 1.143999224354202170e+03 1.845111328879466583e+01 9.290966365556288520e-02 -6.580847754337868594e+01
1.100000000000000000e+03 1.145633318017644342e+03 1.823663059080836035e+01 9.294279275303443666e-02 -6.524872169703287739e+01
1.101000000000000000e+03 1.147201250781019780e+03 1.802508663800911748e+01 9.297550572285916137e-02 -6.467396440909902822e+01
1.102000000000000000e+03 1.148718220412303026e+03 1.781668505790668178e+01 9.300778279009419558e-02 -6.408563816694530146e+01
1.103000000000000000e+03 1.150169698245608743e+03 1.761148114722101710e+01 9.303960437195475663e-02 -6.348293963860243849e+01
1.104000000000000000e+03 1.151570864996456066e+03 1.740953033375051007e+01 9.307095108177325382e-02 -6.286714447162616182e+01
1.105000000000000000e+03 1.152907183921455953e+03 1.721081389810490592e+01 9.310180373275626919e-02 -6.223833883483729323e+01
1.106000000000000000e+03 1.154178970884705905e+03 1.701546182941007146e+01 9.313214334163308350e-02 -6.159675653773644655e+01
1.107000000000000000e+03 1.155393965975331184e+03 1.682352997995705124e+01 9.316195113210028189e-02 -6.094277904738675744e+01
1.108000000000000000e+03 1.156537620076862368e+03 1.663507435381751165e+01 9.319120853825399453e-02 -6.027678693879753524e+01
1.109000000000000000e+03 1.157625093291623216e+03 1.645022539541282569e+01 9.321989720794165990e-02 -5.959908562930815634e+01
1.110000000000000000e+03 1.158641828113312613e+03 1.626896514402391958e+01 9.324799900605967862e-02 -5.891005396396773364e+01
1.111000000000000000e+03 1.159595547854951974e+03 1.609142437276624449e+01 9.327549601789508760e-02 -5.821006995088512781e+01
1.112000000000000000e+03 1.160479114875134655e+03 1.591751117598687237e+01 9.330237055242375510e-02 -5.749936221354330712e+01
1.113000000000000000e+03 1.161300243957512066e+03 1.574743095863282782e+01 9.332860514585961109e-02 -5.677852999509057952e+01
1.114000000000000000e+03 1.162051788888965120e+03 1.558124074002523685e+01 9.335418256508652701e-02 -5.604772606002806867e+01
1.115000000000000000e+03 1.162734027489918162e+03 1.541884915858322636e+01 9.337908581137899233e-02 -5.530739954987694063e+01
1.116000000000000000e+03 1.163347233243766368e+03 1.526046217749440359e+01 9.340329812414500943e-02 -5.455799887022300965e+01
1.117000000000000000e+03 1.163891675276409615e+03 1.510598882127841058e+01 9.342680298494079882e-02 -5.379974886166084502e+01
1.118000000000000000e+03 1.164367618335396173e+03 1.495556116481280640e+01 9.344958412163691108e-02 -5.303302223913811986e+01
1.119000000000000000e+03 1.164767894418205969e+03 1.480923720375285768e+01 9.347162551274960929e-02 -5.225833961415126794e+01
1.120000000000000000e+03 1.165092759450474432e+03 1.466692657537678635e+01 9.349291139202652035e-02 -5.147584953276975739e+01
1.121000000000000000e+03 1.165349893262735577e+03 1.452883626386316251e+01 9.351342625331000857e-02 -5.068607133353091854e+01
1.122000000000000000e+03 1.165532114515277726e+03 1.439487633644463216e+01 9.353315485554536401e-02 -4.988930090259946581e+01
1.123000000000000000e+03 1.165639665723249436e+03 1.426510564850463680e+01 9.355208222809145713e-02 -4.908590783124801504e+01
1.124000000000000000e+03 1.165680213229665469e+03 1.413965756406144436e+01 9.357019367626279172e-02 -4.827626115609695034e+01
1.125000000000000000e+03 1.165639133775998516e+03 1.401844282564626454e+01 9.358747478710346956e-02 -4.746072938310943812e+01
1.126000000000000000e+03 1.165516656223577684e+03 1.390152097560241273e+01 9.360391143539129044e-02 -4.663982907882459727e+01
1.127000000000000000e+03 1.165327861522276635e+03 1.378895179276245742e+01 9.361948978990870807e-02 -4.581392776078983786e+01
1.128000000000000000e+03 1.165065540926525273e+03 1.368079529602296951e+01 9.363419631989525205e-02 -4.498354105620713028e+01
1.129000000000000000e+03 1.164722481011944410e+03 1.357703746430664893e+01 9.364801780171176648e-02 -4.414896130923242623e+01
1.130000000000000000e+03 1.164313748690680086e+03 1.347766452341647359e+01 9.366094132571346764e-02 -4.331070330695828119e+01
1.131000000000000000e+03 1.163824692723058888e+03 1.338273723277452554e+01 9.367295430326055827e-02 -4.246920717050880256e+01
1.132000000000000000e+03 1.163262942131688760e+03 1.329231660503792511e+01 9.368404447388029022e-02 -4.162476409676056477e+01
1.133000000000000000e+03 1.162628692761929642e+03 1.320638962559463891e+01 9.369419991257083025e-02 -4.077781351767657725e+01
1.134000000000000000e+03 1.161914707242662416e+03 1.312494353894203769e+01 9.370340903717579162e-02 -3.992872027520513711e+01
1.135000000000000000e+03 1.161128599997322681e+03 1.304796585143872356e+01 9.371166061583416362e-02 -3.907784893025428374e+01
1.136000000000000000e+03 1.160270552153180688e+03 1.297551861743276547e+01 9.371894377449066504e-02 -3.822548950470963547e+01
1.137000000000000000e+03 1.159333311501363141e+03 1.290758987475475728e+01 9.372524800433371106e-02 -3.737215464099724471e+01
1.138000000000000000e+03 1.158324477507890379e+03 1.284416793058906769e+01 9.373056316931697995e-02 -3.651813392663840574e+01
1.139000000000000000e+03 1.157244216223761441e+03 1.278524136371208542e+01 9.373487951351357206e-02 -3.566379105383136050e+01
1.140000000000000000e+03 1.156077831896374391e+03 1.273087331010118817e+01 9.373818766843255990e-02 -3.480956384501078560e+01
1.141000000000000000e+03 1.154847765384096874e+03 1.268097861440095819e+01 9.374047866017515274e-02 -3.395588999487926429e+01
1.142000000000000000e+03 1.153539310618040872e+03 1.263562096577326344e+01 9.374174391643469439e-02 -3.310313281240000549e+01
1.143000000000000000e+03 1.152160041370111685e+03 1.259479004909558597e+01 9.374197527329733437e-02 -3.225165552974436878e+01
1.144000000000000000e+03 1.150702669469898410e+03 1.255847583003450474e+01 9.374116498175873169e-02 -3.140189561117727735e+01
1.145000000000000000e+03 1.149174758176223122e+03 1.252666855648143773e+01 9.373930571405206247e-02 -3.055421621136300203e+01
1.146000000000000000e+03 1.147576437099664872e+03 1.249935875985300626e+01 9.373639056958486815e-02 -2.970905476759868336e+01
1.147000000000000000e+03 1.145907830529111607e+03 1.247653725625582410e+01 9.373241308060797916e-02 -2.886670017444395953e+01
1.148000000000000000e+03 1.144161629061146641e+03 1.245819514751587853e+01 9.372736721745103528e-02 -2.802751565926610056e+01
1.149000000000000000e+03 1.142345374634049904e+03 1.244424953857010507e+01 9.372124739340612076e-02 -2.719193880717000411e+01
1.150000000000000000e+03 1.140459175464193777e+03 1.243469210523049462e+01 9.371404846915654119e-02 -2.636025873530630648e+01
1.151000000000000000e+03 1.138503106238379587e+03 1.242959027163142771e+01 9.370576575678046805e-02 -2.553283701609039724e+01
1.152000000000000000e+03 1.136477123661891255e+03 1.242886789068101905e+01 9.369639502327610503e-02 -2.471010184582065961e+01
1.153000000000000000e+03 1.134388579256679577e+03 1.243252456445752330e+01 9.368593249358793396e-02 -2.389233107455603644e+01
1.154000000000000000e+03 1.132222534114688187e+03 1.244056018410865683e+01 9.367437485311704004e-02 -2.307987703290528003e+01
1.155000000000000000e+03 1.129993757359697838e+03 1.245282636293930523e+01 9.366171924973476504e-02 -2.227309227268148817e+01
1.156000000000000000e+03 1.127694727710807456e+03 1.246947213738834215e+01 9.364796329522731555e-02 -2.147240387441622289e+01
1.157000000000000000e+03 1.125332775254175203e+03 1.249034969884045232e+01 9.363310506620307894e-02 -2.067801633721191834e+01
1.158000000000000000e+03 1.122907796418109001e+03 1.251553437784647116e+01 9.361714310446928033e-02 -1.989043158696929936e+01
1.159000000000000000e+03 1.120419682354580573e+03 1.254487894268328496e+01 9.360007641686374225e-02 -1.910992901542394051e+01
1.160000000000000000e+03 1.117868318975949251e+03 1.257845929981705169e+01 9.358190447443992532e-02 -1.833678835404911212e+01
1.161000000000000000e+03 1.115253586997152070e+03 1.261620307571304878e+01 9.356262721126265558e-02 -1.757136398079200745e+01
1.162000000000000000e+03 1.112582790333596222e+03 1.265803818303869477e+01 9.354224502248525974e-02 -1.681386209263538234e+01
1.163000000000000000e+03 1.109848371103449836e+03 1.270396710324054368e+01 9.352075876205520610e-02 -1.606463786250932557e+01
1.164000000000000000e+03 1.107057623087002185e+03 1.275399260199429818e+01 9.349816973975479117e-02 -1.532404689501777106e+01
1.165000000000000000e+03 1.104210406739491873e+03 1.280796916103118832e+01 9.347447971783892640e-02 -1.459229668199158425e+01
1.166000000000000000e+03 1.101299149259764135e+03 1.286597439436214430e+01 9.344969090712393345e-02 -1.386974375888019928e+01
1.167000000000000000e+03 1.098331129714600820e+03 1.292786334585582075e+01 9.342380596264542036e-02 -1.315659659294309236e+01
1.168000000000000000e+03 1.095306194066282160e+03 1.299363990522668111e+01 9.339682797882893628e-02 -1.245321273927774719e+01
1.169000000000000000e+03 1.092231611955926383e+03 1.306330823938923480e+01 9.336876048426677455e-02 -1.175980172863978979e+01
1.170000000000000000e+03 1.089099791739870852e+03 1.313664994019460863e+01 9.333960743610132671e-02 -1.107664793958860194e+01
1.171000000000000000e+03 1.085917993981845484e+03 1.321381829058054969e+01 9.330937321400677165e-02 -1.040411061992859842e+01
1.172000000000000000e+03 1.082686046497168491e+03 1.329466971106584694e+01 9.327806261387533437e-02 -9.742326773938533080e+00
1.173000000000000000e+03 1.079403772801419109e+03 1.337913517516782136e+01 9.324568084118971256e-02 -9.091656884418201301e+00
1.174000000000000000e+03 1.076070992212051578e+03 1.346722020719639801e+01 9.321223350407834007e-02 -8.452350657745213880e+00
1.175000000000000000e+03 1.072687519952870161e+03 1.355885631293316074e+01 9.317772660617774927e-02 -7.824584186224013749e+00
1.176000000000000000e+03 1.069260595611304325e+03 1.365390097720644036e+01 9.314216653926365996e-02 -7.208608535461344502e+00
1.177000000000000000e+03 1.065790026547150546e+03 1.375236051186583097e+01 9.310556007572530490e-02 -6.604630910897815177e+00
1.178000000000000000e+03 1.062268188003693240e+03 1.385424148613710393e+01 9.306791436087089031e-02 -6.012896389553302967e+00
1.179000000000000000e+03 1.058709736621376578e+03 1.395940215687083352e+01 9.302923690515797761e-02 -5.433621084515761090e+00
1.180000000000000000e+03 1.055107040450182240e+03 1.406777531619813182e+01 9.298953557635208922e-02 -4.867036734423257904e+00
1.181000000000000000e+03 1.051459892465387384e+03 1.417929400507200910e+01 9.294881859157125281e-02 -4.313346152472719908e+00
1.182000000000000000e+03 1.047775510682872437e+03 1.429396579370986231e+01 9.290709450945486281e-02 -3.772730673600412921e+00
1.183000000000000000e+03 1.044053681574159327e+03 1.441164992792339739e+01 9.286437222222350407e-02 -3.245402914308201048e+00
1.184000000000000000e+03 1.040294188532123144e+03 1.453235445986391916e+01 9.282066094785443311e-02 -2.731550335439666632e+00
1.185000000000000000e+03 1.036496811986078228e+03 1.465586482714408412e+01 9.277597022235499480e-02 -2.231376116031766887e+00
1.186000000000000000e+03 1.032661329516207843e+03 1.478226383388943965e+01 9.273030989206274000e-02 -1.745076885865098459e+00
1.187000000000000000e+03 1.028794944317322688e+03 1.491141166265558837e+01 9.268369010614359305e-02 -1.272839028553504281e+00
1.188000000000000000e+03 1.024897428610699080e+03 1.504324300477438037e+01 9.263612130921770882e-02 -8.147970996990767656e-01
1.189000000000000000e+03 1.020968552105272579e+03 1.517769277309016651e+01 9.258761423413022773e-02 -3.710940130849481045e-01
1.190000000000000000e+03 1.017000653756727843e+03 1.531469609810193866e+01 9.253817989492760243e-02 5.814865654321400845e-02
1.191000000000000000e+03 1.013015783626305279e+03 1.545411404050751614e+01 9.248782958002854659e-02 4.728009442795337303e-01
1.192000000000000000e+03 1.008998847834166554e+03 1.559595643766319384e+01 9.243657484561434989e-02 8.727244796596891341e-01
1.193000000000000000e+03 1.004957035464928936e+03 1.574015904893516371e+01 9.238442750919843849e-02 1.257802185074919477e+00
1.194000000000000000e+03 1.000897533618268199e+03 1.588650926796361595e+01 9.233139964350065010e-02 1.627893691107311414e+00
1.195000000000000000e+03 9.968126708075034230e+02 1.603501753585107892e+01 9.227750357043137952e-02 1.982909605905248229e+00
1.196000000000000000e+03 9.927022021071054496e+02 1.618562020273848390e+01 9.222275185544183407e-02 2.322766931403643653e+00
1.197000000000000000e+03 9.885733092471062946e+02 1.633825380680566042e+01 9.216715730198035694e-02 2.647374193405693799e+00
1.198000000000000000e+03 9.844331723548975788e+02 1.649270650267739668e+01 9.211073294627400432e-02 2.956661142238774964e+00
1.199000000000000000e+03 9.802741133444461639e+02 1.664906375776447689e+01 9.205349205223858911e-02 3.250452458538954481e+00
1.200000000000000000e+03 9.760958810544711923e+02 1.680711407948592750e+01 9.199544810667227568e-02 3.528809445596340133e+00
1.201000000000000000e+03 9.719056332310151447e+02 1.696687011428469205e+01 9.193661481459781959e-02 3.791491491425143856e+00
1.202000000000000000e+03 9.677030256021186005e+02 1.712820058320827954e+01 9.187700609481630476e-02 4.038613553186961802e+00
1.203000000000000000e+03 9.634876946170639940e+02 1.729097548590337396e+01 9.181663607557077889e-02 4.269988651803457103e+00
1.204000000000000000e+03 9.592667039784784038e+02 1.745528782671190982e+01 9.175551909046629484e-02 4.485651532240534145e+00
1.205000000000000000e+03 9.550322596690796217e+02 1.762085934150321620e+01 9.169366967440600868e-02 4.685487236853600912e+00
1.206000000000000000e+03 9.507914234286383817e+02 1.778778332747932467e+01 9.163110255971308737e-02 4.869528230806063895e+00
1.207000000000000000e+03 9.465438277778328029e+02 1.795578180286071657e+01 9.156783267228016387e-02 5.037731543527646849e+00
1.208000000000000000e+03 9.422965327922095184e+02 1.812502262005732945e+01 9.150387512785809752e-02 5.189978761244148586e+00
1.209000000000000000e+03 9.380491694742031541e+02 1.829522805821738984e+01 9.143924522829259549e-02 5.326373154086653905e+00
1.210000000000000000e+03 9.337939398249466194e+02 1.846641765276902092e+01 9.137395845785857562e-02 5.446793968749820358e+00
1.211000000000000000e+03 9.295379019663449753e+02 1.863846248886232004e+01 9.130803047952192053e-02 5.551416407261034358e+00
1.212000000000000000e+03 9.252881135116508631e+02 1.881130804627709097e+01 9.124147713119436232e-02 5.640191637295989935e+00
1.213000000000000000e+03 9.210367749360248126e+02 1.898489991026651325e+01 9.117431442190208901e-02 5.713069638103228876e+00
1.214000000000000000e+03 9.167909430488218732e+02 1.915918376585210581e+01 9.110655852791645082e-02 5.770073480009278555e+00
1.215000000000000000e+03 9.125576743648309730e+02 1.933395682506541036e+01 9.103822578870096605e-02 5.811299321007778573e+00
1.216000000000000000e+03 9.083217401259560120e+02 1.950923923866188403e+01 9.096933270276463812e-02 5.836693553427709347e+00
1.217000000000000000e+03 9.040976248263028765e+02 1.968490267276745698e+01 9.089989592337062441e-02 5.846349935704978407e+00
1.218000000000000000e+03 8.998849561851404815e+02 1.986089315350595896e+01 9.082993225398756920e-02 5.840286740221171335e+00
1.219000000000000000e+03 8.956833619231902048e+02 2.003708249407785047e+01 9.075945864365578264e-02 5.818446752232021346e+00
1.220000000000000000e+03 8.914850414896759503e+02 2.021341685581612069e+01 9.068849218197404249e-02 5.781068686888107599e+00
1.221000000000000000e+03 8.873119078925680014e+02 2.038976817520229901e+01 9.061705009400497501e-02 5.727944354294097096e+00
1.222000000000000000e+03 8.831413042769215735e+02 2.056615700836839977e+01 9.054514973481932183e-02 5.659310062194903956e+00
1.223000000000000000e+03 8.789951442107033017e+02 2.074238110755547382e+01 9.047280858380039870e-02 5.575252349179200095e+00
1.224000000000000000e+03 8.748581999169745131e+02 2.091846111607947023e+01 9.040004423866461469e-02 5.475782269967396587e+00
1.225000000000000000e+03 8.707449575132769723e+02 2.109426914475250570e+01 9.032687440917647193e-02 5.361206815265765258e+00
1.226000000000000000e+03 8.666476186493022169e+02 2.126975161631035505e+01 9.025331691063478989e-02 5.231534646638140273e+00
1.227000000000000000e+03 8.625732423498955086e+02 2.144478069231677964e+01 9.017938965692130771e-02 5.086847517453316314e+00
1.228000000000000000e+03 8.585214600584215532e+02 2.161937711757278890e+01 9.010511065336682113e-02 4.927448843861228944e+00
1.229000000000000000e+03 8.544993324337526701e+02 2.179341308000397248e+01 9.003049798924254998e-02 4.753343724775408674e+00
1.230000000000000000e+03 8.504990643983566088e+02 2.196683505506396372e+01 8.995556982996776030e-02 4.564684647909222903e+00
1.231000000000000000e+03 8.465202902901897914e+02 2.213951523262709387e+01 8.988034440902135935e-02 4.361548644802838659e+00
1.232000000000000000e+03 8.425700739660815088e+02 2.231147436139814033e+01 8.980484001954829043e-02 4.144234430872849373e+00
1.233000000000000000e+03 8.386554805570123108e+02 2.248243604180718691e+01 8.972907500567163519e-02 3.912668143929057596e+00
1.234000000000000000e+03 8.347612915249236494e+02 2.265249527145233088e+01 8.965306775359002667e-02 3.667146186224717219e+00
1.235000000000000000e+03 8.309020032239175180e+02 2.282152417101318775e+01 8.957683668235258412e-02 3.407666680439723095e+00
1.236000000000000000e+03 8.270698285596864707e+02 2.298946911221034739e+01 8.950040023442572268e-02 3.134449462175859402e+00
1.237000000000000000e+03 8.232718388534912037e+02 2.315612786126598621e+01 8.942377686601410414e-02 2.847638954388038268e+00
1.238000000000000000e+03 8.195076789054841129e+02 2.332159527390820486e+01 8.934698503722400542e-02 2.547452743286078292e+00
1.239000000000000000e+03 8.157769954601587870e+02 2.348566902136413859e+01 8.927004320201327447e-02 2.234033020673827696e+00
1.240000000000000000e+03 8.120794373224382525e+02 2.364829528541438819e+01 8.919296979798681246e-02 1.907595160737491691e+00
1.241000000000000000e+03 8.084220838246502581e+02 2.380949446895856170e+01 8.911578323605627572e-02 1.568353446758276704e+00
1.242000000000000000e+03 8.048045882431263180e+02 2.396913833960674722e+01 8.903850189003245652e-02 1.216521081751227529e+00
1.243000000000000000e+03 8.012191779153940843e+02 2.412709859081682140e+01 8.896114408608164770e-02 8.522359160184082016e-01
1.244000000000000000e+03 7.976729394079327449e+02 2.428339540306703626e+01 8.888372809220233817e-02 4.756347421165010303e-01
1.245000000000000000e+03 7.941655335819441461e+02 2.443782602054880115e+01 8.880627210759065027e-02 8.706130053163436966e-02
1.246000000000000000e+03 7.907040524095958745e+02 2.459048472992893153e+01 8.872879425210870863e-02 -3.133274106199039344e-01
1.247000000000000000e+03 7.872807340379314383e+02 2.474116858661612994e+01 8.865131255570871116e-02 -7.253159873796682922e-01
1.248000000000000000e+03 7.839026763031511109e+02 2.488989739360836850e+01 8.857384494799705466e-02 -1.148697462061609720e+00
1.249000000000000000e+03 7.805621234412102467e+02 2.503646799485337837e+01 8.849640924783376550e-02 -1.583265861486055082e+00
1.250000000000000000e+03 7.772736079486909375e+02 2.518089997068626218e+01 8.841902315309932425e-02 -2.028786479790193109e+00
1.251000000000000000e+03 7.740219570530888404e+02 2.532321280407246533e+01 8.834170423058219923e-02 -2.485001188998183341e+00
1.252000000000000000e+03 7.708143057134141145e+02 2.546320309145861671e+01 8.826446990608566301e-02 -2.951644398681071646e+00
1.253000000000000000e+03 7.676577972273812520e+02 2.560089017152707314e+01 8.818733745467922935e-02 -3.428456780302220785e+00
1.254000000000000000e+03 7.645447218151306288e+02 2.573629324703928134e+01 8.811032399126222936e-02 -3.915194783961009506e+00
1.255000000000000000e+03 7.614822301158062601e+02 2.586928281251638495e+01 8.803344646127925222e-02 -4.411586052711395034e+00
1.256000000000000000e+03 7.584700482288253625e+02 2.599980349948981129e+01 8.795672163182990944e-02 -4.917388833438441686e+00
1.257000000000000000e+03 7.555079061523779274e+02 2.612779978780127976e+01 8.788016608298337973e-02 -5.432352590335028708e+00
1.258000000000000000e+03 7.525955378677105045e+02 2.625336456747121261e+01 8.780379619946533654e-02 -5.956222296740108391e+00
1.259000000000000000e+03 7.497252530690202548e+02 2.637621914910726062e+01 8.772762816264857710e-02 -6.488748817890003018e+00
1.260000000000000000e+03 7.469190789905529755e+02 2.649653037742211836e+01 8.765167794288722392e-02 -7.029679979628436826e+00
1.261000000000000000e+03 7.441544769755278139e+02 2.661409350776223803e+01 8.757596129223846337e-02 -7.578773179005203531e+00
1.262000000000000000e+03 7.414460543957746950e+02 2.672885218574912258e+01 8.750049373753593374e-02 -8.135778281150342295e+00
1.263000000000000000e+03 7.387935662622530799e+02 2.684082415896995855e+01 8.742529057383920110e-02 -8.700451863466513558e+00
1.264000000000000000e+03 7.361893436328875850e+02 2.695002698873928892e+01 8.735036685828892478e-02 -9.272528969341756522e+00
1.265000000000000000e+03 7.336405787161841090e+02 2.705625519492842201e+01 8.727573740429860061e-02 -9.851745374331603244e+00
1.266000000000000000e+03 7.311396115183638358e+02 2.715952595239183864e+01 8.720141677624027032e-02 -1.043780042523079921e+01
1.267000000000000000e+03 7.287010716380235635e+02 2.725985623594756646e+01 8.712741928438155758e-02 -1.103042387574441463e+01
1.268000000000000000e+03 7.263173082033583796e+02 2.735718853244059190e+01 8.705375898033655691e-02 -1.162932386825516140e+01
1.269000000000000000e+03 7.239881033072543914e+02 2.745146511989150895e+01 8.698044965279701224e-02 -1.223420919879817959e+01
1.270000000000000000e+03 7.217132436865784939e+02 2.754270234672692652e+01 8.690750482371989438e-02 -1.284483386679640660e+01
1.271000000000000000e+03 7.194925207472706461e+02 2.763076777708397458e+01 8.683493774479612848e-02 -1.346083363070435190e+01
1.272000000000000000e+03 7.173331589353575737e+02 2.771567732071811818e+01 8.676276139433856949e-02 -1.408205283448909206e+01
1.273000000000000000e+03 7.152275307027799727e+02 2.779737237848133447e+01 8.669098847449299705e-02 -1.470803925861040007e+01
1.274000000000000000e+03 7.131746987356685850e+02 2.787586840540283362e+01 8.661963140874284761e-02 -1.533863836657124757e+01
1.275000000000000000e+03 7.111819016330928207e+02 2.795118062335422948e+01 8.654870233974594484e-02 -1.597347329867122667e+01
1.276000000000000000e+03 7.092467258715013259e+02 2.802317545030636126e+01 8.647821312748371625e-02 -1.661231626753763280e+01
1.277000000000000000e+03 7.073689911667034949e+02 2.809194191419989650e+01 8.640817534760077134e-02 -1.725486568539210097e+01
1.278000000000000000e+03 7.055485219671385266e+02 2.815734594838674099e+01 8.633860029011825032e-02 -1.790074614158858779e+01
1.279000000000000000e+03 7.037851474492016450e+02 2.821932752219712981e+01 8.626949895827690229e-02 -1.854980551393387245e+01
1.280000000000000000e+03 7.020794443448138509e+02 2.827804920460435056e+01 8.620088206761024330e-02 -1.920166924476492198e+01
1.281000000000000000e+03 7.004312512613736317e+02 2.833322760946687424e+01 8.613276004523516549e-02 -1.985611173534536533e+01
1.282000000000000000e+03 6.988404115044805849e+02 2.838502479443015147e+01 8.606514302925286075e-02 -2.051275918854117464e+01
1.283000000000000000e+03 6.973067730635783619e+02 2.843337970638500067e+01 8.599804086838624961e-02 -2.117138671932892890e+01
1.284000000000000000e+03 6.958301885957827153e+02 2.847815674556501975e+01 8.593146312159941069e-02 -2.183162119710760152e+01
1.285000000000000000e+03 6.944112582431630472e+02 2.851944289676239919e+01 8.586541905793139418e-02 -2.249323835586566034e+01
1.286000000000000000e+03 6.930491011085889568e+02 2.855717630913692417e+01 8.579991765635774925e-02 -2.315593991967788767e+01
1.287000000000000000e+03 6.917443265756485289e+02 2.859144342766509439e+01 8.573496760567109187e-02 -2.381942786207194729e+01
1.288000000000000000e+03 6.904960629474844609e+02 2.862210757318643672e+01 8.567057730446747676e-02 -2.448333009826248841e+01
1.289000000000000000e+03 6.893041859301405339e+02 2.864925464109898812e+01 8.560675486106729404e-02 -2.514734902777843217e+01
1.290000000000000000e+03 6.881700614453899334e+02 2.867289596515320937e+01 8.554350809351141116e-02 -2.581126150998457547e+01
1.291000000000000000e+03 6.870920885981146284e+02 2.869296831538143522e+01 8.548084452944015865e-02 -2.647469598900872967e+01
1.292000000000000000e+03 6.860701566638823579e+02 2.870955674666182134e+01 8.541877140599835050e-02 -2.713742960311354224e+01
1.293000000000000000e+03 6.851041593963814194e+02 2.872267174639607035e+01 8.535729566968397464e-02 -2.779901674248725030e+01
1.294000000000000000e+03 6.841947378401298465e+02 2.873217494932267613e+01 8.529642397609103754e-02 -2.845938329252286536e+01
1.295000000000000000e+03 6.833395661333593125e+02 2.873815055347682446e+01 8.523616268958063291e-02 -2.911808377402311621e+01
1.296000000000000000e+03 6.825400370016777742e+02 2.874060818476113965e+01 8.517651788291485948e-02 -2.977489558643553735e+01
1.297000000000000000e+03 6.817945762217995025e+02 2.873948289566089187e+01 8.511749533671775225e-02 -3.042952184905801616e+01
1.298000000000000000e+03 6.811038424462558396e+02 2.873485801460228473e+01 8.505910053888114664e-02 -3.108166565977169782e+01
1.299000000000000000e+03 6.804662701734107486e+02 2.872659372742741724e+01 8.500133868387863001e-02 -3.173110435380393923e+01
1.300000000000000000e+03 6.798817839034039707e+02 2.871484706103680296e+01 8.494421467188864594e-02 -3.237746662852585899e+01
1.301000000000000000e+03 6.793503330882191449e+02 2.869947665912005874e+01 8.488773310789707316e-02 -3.302060600152865533e+01
1.302000000000000000e+03 6.788712111946990717e+02 2.868070846654266148e+01 8.483189830067305870e-02 -3.366008699714245012e+01
1.303000000000000000e+03 6.784437366063831405e+02 2.865839576040050929e+01 8.477671426158236989e-02 -3.429584747788763366e+01
1.304000000000000000e+03 6.780672319681508498e+02 2.863254008973119369e+01 8.472218470340553420e-02 -3.492745371987983560e+01
1.305000000000000000e+03 6.777432526750629904e+02 2.860329127533533367e+01 8.466831303892816130e-02 -3.555476894009813549e+01
1.306000000000000000e+03 6.774689013412903478e+02 2.857057599222520494e+01 8.461510237961350489e-02 -3.617743328774328404e+01
1.307000000000000000e+03 6.772449989698234276e+02 2.853439490373579801e+01 8.456255553403088654e-02 -3.679523523776933303e+01
1.308000000000000000e+03 6.770708850918886128e+02 2.849482266176542566e+01 8.451067500638444197e-02 -3.740796300005412434e+01
1.309000000000000000e+03 6.769459034216043847e+02 2.845178505664811652e+01 8.445946299488263365e-02 -3.801533021224124553e+01
1.310000000000000000e+03 6.768686590054286398e+02 2.840535615168216665e+01 8.440892139012406981e-02 -3.861697591626565185e+01
1.311000000000000000e+03 6.768399895464281144e+02 2.835553543327916159e+01 8.435905177343941408e-02 -3.921283595258481114e+01
1.312000000000000000e+03 6.768585083778232274e+02 2.830232209526016618e+01 8.430985541530761074e-02 -3.980254866908163791e+01
1.313000000000000000e+03 6.769235757861229104e+02 2.824571503978564024e+01 8.426133327369154935e-02 -4.038582631571520665e+01
1.314000000000000000e+03 6.770345561582821574e+02 2.818578716192306288e+01 8.421348599250171041e-02 -4.096260358888967090e+01
1.315000000000000000e+03 6.771908179628383095e+02 2.812261106734335314e+01 8.416631390005087365e-02 -4.153244334103392532e+01
1.316000000000000000e+03 6.773917337297998529e+02 2.805611050664743544e+01 8.411981700765309988e-02 -4.209527939347141512e+01
1.317000000000000000e+03 6.776366800290842320e+02 2.798650607784400890e+01 8.407399500823804772e-02 -4.265089653000171666e+01
1.318000000000000000e+03 6.779250374473047032e+02 2.791364667641928321e+01 8.402884727517141716e-02 -4.319900475876495705e+01
1.319000000000000000e+03 6.782561905627061378e+02 2.783775233208217514e+01 8.398437286118586032e-02 -4.373938785787959205e+01
1.320000000000000000e+03 6.786287850830259458e+02 2.775874565908826597e+01 8.394057049740354104e-02 -4.427190335435371082e+01
1.321000000000000000e+03 6.790429563212157973e+02 2.767669755922543118e+01 8.389743859266872439e-02 -4.479625965277458732e+01
1.322000000000000000e+03 6.794981006585885552e+02 2.759167865690198340e+01 8.385497523295873390e-02 -4.531231314880818672e+01
1.323000000000000000e+03 6.799921326754167694e+02 2.750368501785778008e+01 8.381317818106133466e-02 -4.581984535847989548e+01
1.324000000000000000e+03 6.805251992889134272e+02 2.741278671850103521e+01 8.377204487647527120e-02 -4.631863718176997935e+01
1.325000000000000000e+03 6.810959655380449931e+02 2.731890499784910986e+01 8.373157243561048235e-02 -4.680846888301678632e+01
1.326000000000000000e+03 6.817038430454834952e+02 2.722218367760316582e+01 8.369175765215457197e-02 -4.728919435513778069e+01
1.327000000000000000e+03 6.823482471362731303e+02 2.712261774731002362e+01 8.365259699780393243e-02 -4.776066681716591944e+01
1.328000000000000000e+03 6.830278539531968818e+02 2.702020193415096827e+01 8.361408662325302277e-02 -4.822259022860823308e+01
1.329000000000000000e+03 6.837413432388034380e+02 2.691507927283817736e+01 8.357622235949788148e-02 -4.867481640514850483e+01
1.330000000000000000e+03 6.844888839489887005e+02 2.680724397460129182e+01 8.353899971942321812e-02 -4.911727071717049853e+01
1.331000000000000000e+03 6.852691628528986030e+02 2.669676428079448272e+01 8.350241389976577333e-02 -4.954972922161292104e+01
1.332000000000000000e+03 6.860801273043887250e+02 2.658363389909170493e+01 8.346645978332957461e-02 -4.997204149518000094e+01
1.333000000000000000e+03 6.869226993499944456e+02 2.646792057379034802e+01 8.343113194163830071e-02 -5.038405633388575211e+01
1.334000000000000000e+03 6.877948329779836740e+02 2.634976608920625551e+01 8.339642463779989301e-02 -5.078554745294559325e+01
1.335000000000000000e+03 6.886952282191634822e+02 2.622908913915258466e+01 8.336233182980476442e-02 -5.117636203752557833e+01
1.336000000000000000e+03 6.896240739040475773e+02 2.610603103153562898e+01 8.332884717412886166e-02 -5.155649501034291404e+01
1.337000000000000000e+03 6.905793334063985185e+02 2.598058427451287145e+01 8.329596402962478885e-02 -5.192571759860802416e+01
1.338000000000000000e+03 6.915612015686415361e+02 2.585288971426089688e+01 8.326367546184239299e-02 -5.228394873635112816e+01
1.339000000000000000e+03 6.925676476036697977e+02 2.572286512130664704e+01 8.323197424756975660e-02 -5.263095791558916403e+01
1.340000000000000000e+03 6.935973863437075124e+02 2.559072517897193677e+01 8.320085287972718568e-02 -5.296673658938124163e+01
1.341000000000000000e+03 6.946506209810333985e+02 2.545631293585957877e+01 8.317030357258733964e-02 -5.329112674022804441e+01
1.342000000000000000e+03 6.957253287956370968e+02 2.531991692846915498e+01 8.314031826726622776e-02 -5.360389514985839554e+01
1.343000000000000000e+03 6.968209752303723690e+02 2.518137978333292892e+01 8.311088863749897804e-02 -5.390510480340181942e+01
1.344000000000000000e+03 6.979355424483072738e+02 2.504091533978526840e+01 8.308200609567374662e-02 -5.419452060840740870e+01
1.345000000000000000e+03 6.990692434029116384e+02 2.489844010275620079e+01 8.305366179915876779e-02 -5.447205508328065804e+01
1.346000000000000000e+03 7.002200647207864677e+02 2.475409323167735565e+01 8.302584665679206555e-02 -5.473761977808654677e+01
1.347000000000000000e+03 7.013874807676932051e+02 2.460786512742873455e+01 8.299855133566878818e-02 -5.499112526274792145e+01
1.348000000000000000e+03 7.025694821976084086e+02 2.445982028737470060e+01 8.297176626805644051e-02 -5.523240683213573021e+01
1.349000000000000000e+03 7.037662900154816725e+02 2.431009730995992868e+01 8.294548165855113175e-02 -5.546137306206524897e+01
1.350000000000000000e+03 7.049758984534311139e+02 2.415876033236655118e+01 8.291968749134918937e-02 -5.567815436569479459e+01
1.351000000000000000e+03 7.061978043074462903e+02 2.400579799548821924e+01 8.289437353766147820e-02 -5.588265464805865435e+01
1.352000000000000000e+03 7.074308241456446922e+02 2.385134317996928388e+01 8.286952936324902541e-02 -5.607476624402742260e+01
1.353000000000000000e+03 7.086760197034658404e+02 2.369537899630460132e+01 8.284514433607767514e-02 -5.625452637870217387e+01
1.354000000000000000e+03 7.099247971306045883e+02 2.353818553051914364e+01 8.282120763401293329e-02 -5.642189694221087848e+01
1.355000000000000000e+03 7.111878774405221293e+02 2.337959701411402236e+01 8.279770825258243871e-02 -5.657676448118519374e+01
1.356000000000000000e+03 7.124581546428889851e+02 2.321981894762258847e+01 8.277463501278577163e-02 -5.671916304117595331e+01
1.357000000000000000e+03 7.137359520185209476e+02 2.305890812117789324e+01 8.275197656884075714e-02 -5.684905130849000443e+01
1.358000000000000000e+03 7.150215936538295409e+02 2.289677261965260158e+01 8.272972141602062679e-02 -5.696631260297597521e+01
1.359000000000000000e+03 7.163079759761048990e+02 2.273361752886753706e+01 8.270785789838648594e-02 -5.707105200526659416e+01
1.360000000000000000e+03 7.175954243405905117e+02 2.256949923982258355e+01 8.268637421648705743e-02 -5.716307636594515174e+01
1.361000000000000000e+03 7.188842645680431360e+02 2.240439973749601421e+01 8.266525843498186144e-02 -5.724241428420381084e+01
1.362000000000000000e+03 7.201822511842142376e+02 2.223837517319585544e+01 8.264449849021990313e-02 -5.730909325193881898e+01
1.363000000000000000e+03 7.214748539096747209e+02 2.207155586995444452e+01 8.262408219765737805e-02 -5.736299108181490425e+01
1.364000000000000000e+03 7.227698276538903883e+02 2.190392347746224999e+01 8.260399725917287606e-02 -5.740420732031891760e+01
1.365000000000000000e+03 7.240674990086895377e+02 2.173560811156435690e+01 8.258423127027557376e-02 -5.743276610976722907e+01
1.366000000000000000e+03 7.253533377945022949e+02 2.156666550928321513e+01 8.256477172713759527e-02 -5.744861618480390320e+01
1.367000000000000000e+03 7.266425270604801199e+02 2.139715131789357017e+01 8.254560603345069414e-02 -5.745177943638942253e+01
1.368000000000000000e+03 7.279279645335918758e+02 2.122704681703278240e+01 8.252672150719277122e-02 -5.744227662577051774e+01
1.369000000000000000e+03 7.292025475725232582e+02 2.105655605836258104e+01 8.250810538712045894e-02 -5.742012738244596903e+01
1.370000000000000000e+03 7.304814581239382960e+02 2.088573445374528248e+01 8.248974483915312572e-02 -5.738542448613129210e+01
1.371000000000000000e+03 7.317427358283988497e+02 2.071448878096775204e+01 8.247162696252662017e-02 -5.733818529871554404e+01
1.372000000000000000e+03 7.330015614332146470e+02 2.054309717401616453e+01 8.245373879578209164e-02 -5.727842604722822983e+01
1.373000000000000000e+03 7.342508299032358536e+02 2.037146629383959606e+01 8.243606732253501435e-02 -5.720623610731103525e+01
1.374000000000000000e+03 7.354908637370774613e+02 2.019972560218783286e+01 8.241859947708297940e-02 -5.712170372019164688e+01
1.375000000000000000e+03 7.367145561842540928e+02 2.002793023344636580e+01 8.240132214976851610e-02 -5.702484171016610048e+01
1.376000000000000000e+03 7.379296562159325958e+02 1.985620956751114008e+01 8.238422219223111298e-02 -5.691566176959584311e+01
1.377000000000000000e+03 7.391364833965014896e+02 1.968447010167098554e+01 8.236728642240426224e-02 -5.679432302791794029e+01
1.378000000000000000e+03 7.403279278081352004e+02 1.951291544103771969e+01 8.235050162933767182e-02 -5.666083492015065559e+01
1.379000000000000000e+03 7.415043066780237950e+02 1.934152631995881677e+01 8.233385457789625661e-02 -5.651528004042729947e+01
1.380000000000000000e+03 7.426585076066724014e+02 1.917043202547534975e+01 8.231733201322655180e-02 -5.635759129502438469e+01
1.381000000000000000e+03 7.438057018996652232e+02 1.899953898576735156e+01 8.230092066511505988e-02 -5.618799760742099636e+01
1.382000000000000000e+03 7.449313460485311680e+02 1.882905076063889283e+01 8.228460725220791694e-02 -5.600642965482951041e+01
1.383000000000000000e+03 7.460357517665830756e+02 1.865894806297524156e+01 8.226837848604032222e-02 -5.581296557426565386e+01
1.384000000000000000e+03 7.471192292243536031e+02 1.848928589873151296e+01 8.225222107503180058e-02 -5.560775668460254906e+01
1.385000000000000000e+03 7.481895153372354343e+02 1.832019357291261841e+01 8.223612172822872268e-02 -5.539095320912288400e+01
1.386000000000000000e+03 7.492394886534394800e+02 1.815172612854619061e+01 8.222006715916151121e-02 -5.516277856557038461e+01
1.387000000000000000e+03 7.502620259943685141e+02 1.798393863615838129e+01 8.220404408939439855e-02 -5.492323223917853880e+01
1.388000000000000000e+03 7.512648590960144475e+02 1.781688619973888521e+01 8.218803925219556050e-02 -5.467260977471224237e+01
1.389000000000000000e+03 7.522408611497273796e+02 1.765062396269503608e+01 8.217203939605749463e-02 -5.441098279995399167e+01
1.390000000000000000e+03 7.531977601457107312e+02 1.748528139729399200e+01 8.215603128818177447e-02 -5.413849616819172894e+01
1.391000000000000000e+03 7.541284254150958759e+02 1.732083946007730546e+01 8.214000171800099614e-02 -5.385536796716456109e+01
1.392000000000000000e+03 7.550331526242074460e+02 1.715742773177225899e+01 8.212393750062374487e-02 -5.356159239445963749e+01
1.393000000000000000e+03 7.559196637183775920e+02 1.699502728915905436e+01 8.210782548037429129e-02 -5.325738546838834964e+01
1.394000000000000000e+03 7.567733934649345429e+02 1.683369356142816997e+01 8.209165253423701680e-02 -5.294281362078172037e+01
1.395000000000000000e+03 7.575946311484862008e+02 1.667355633599952469e+01 8.207540557548338722e-02 -5.261809084174756634e+01
1.396000000000000000e+03 7.583910921646393035e+02 1.651452263029772993e+01 8.205907155723320134e-02 -5.228320727333615991e+01
1.397000000000000000e+03 7.591630612632937982e+02 1.635679668201765935e+01 8.204263747611424684e-02 -5.193844920565850742e+01
1.398000000000000000e+03 7.598959641419215814e+02 1.620035997031448360e+01 8.202609037602168196e-02 -5.158380482088144703e+01
1.399000000000000000e+03 7.606049374902426052e+02 1.604526835547759944e+01 8.200941735194189341e-02 -5.121963275717037334e+01
1.400000000000000000e+03 7.612754021309804102e+02 1.589157780104515894e+01 8.199260555386878035e-02 -5.084606785348574931e+01
1.401000000000000000e+03 7.619224876013646508e+02 1.573934423542917393e+01 8.197564219083464110e-02 -5.046331387843572713e+01
1.402000000000000000e+03 7.625315988045715585e+02 1.558862312560382257e+01 8.195851453505524631e-02 -5.007140743826668228e+01
1.403000000000000000e+03 7.631104208909689532e+02 1.543939563088630429e+01 8.194120992615883114e-02 -4.967067694691095880e+01
1.404000000000000000e+03 7.636592079604986338e+02 1.529179160278473582e+01 8.192371577562158891e-02 -4.926122707413875901e+01
1.405000000000000000e+03 7.641707830027110049e+02 1.514586673982730147e+01 8.190601957118873178e-02 -4.884316161072296580e+01
1.406000000000000000e+03 7.646453945367323968e+02 1.500167687633628866e+01 8.188810888158730428e-02 -4.841665776693871237e+01
1.407000000000000000e+03 7.650832881999428992e+02 1.485912942062715736e+01 8.186997136125399865e-02 -4.798196618789017265e+01
1.408000000000000000e+03 7.654921350366529396e+02 1.471842906115720417e+01 8.185159475522790773e-02 -4.753911383514777356e+01
1.409000000000000000e+03 7.658573180350844041e+02 1.457948350356634037e+01 8.183296690416594354e-02 -4.708834970372136297e+01
1.410000000000000000e+03 7.661939305167252314e+02 1.444242346017997392e+01 8.181407574950307071e-02 -4.662984770430954029e+01
1.411000000000000000e+03 7.664873492716386636e+02 1.430723123740411218e+01 8.179490933868845126e-02 -4.616370667985130893e+01
1.412000000000000000e+03 7.667452329473210284e+02 1.417403787456284903e+01 8.177545583057471701e-02 -4.569024755637025947e+01
1.413000000000000000e+03 7.669603802344666974e+02 1.404282601463361502e+01 8.175570350087660310e-02 -4.520949337556523773e+01
1.414000000000000000e+03 7.671404432050071591e+02 1.391365275941552149e+01 8.173564074776977495e-02 -4.472191214720817243e+01
1.415000000000000000e+03 7.672782138483034942e+02 1.378650110709885013e+01 8.171525609752620933e-02 -4.422752546474287527e+01
1.416000000000000000e+03 7.673813374096298503e+02 1.366150280725886823e+01 8.169453821023560380e-02 -4.372665135818623128e+01
1.417000000000000000e+03 7.674425989270963555e+02 1.353864123124201235e+01 8.167347588562261229e-02 -4.321945861122835453e+01
1.418000000000000000e+03 7.674696365711652106e+02 1.341797422697796094e+01 8.165205806888424511e-02 -4.270626391358842255e+01
1.419000000000000000e+03 7.674552281829227240e+02 1.329955983968846667e+01 8.163027385654617052e-02 -4.218708617856796650e+01
1.420000000000000000e+03 7.673995762650197321e+02 1.318338203250140772e+01 8.160811250236639502e-02 -4.166231511335659832e+01
1.421000000000000000e+03 7.673028795727082070e+02 1.306949925747627184e+01 8.158556342324456423e-02 -4.113211697000204481e+01
1.422000000000000000e+03 7.671653330563906366e+02 1.295797017602478185e+01 8.156261620508656329e-02 -4.059658313160471010e+01
1.423000000000000000e+03 7.669945561558623695e+02 1.284870509573049624e+01 8.153926060865884784e-02 -4.005602726570945293e+01
1.424000000000000000e+03 7.667758793449198720e+02 1.274191167508870670e+01 8.151548657542150023e-02 -3.951053964285719644e+01
1.425000000000000000e+03 7.665169141802621198e+02 1.263750065911083276e+01 8.149128423324367154e-02 -3.896043285734446471e+01
1.426000000000000000e+03 7.662178398498566594e+02 1.253553158386216282e+01 8.146664390206920237e-02 -3.840594471312894598e+01
1.427000000000000000e+03 7.658714031244398939e+02 1.243598992937477554e+01 8.144155609949053909e-02 -3.784716396040688835e+01
1.428000000000000000e+03 7.654852033620679777e+02 1.233893568996978729e+01 8.141601154617826575e-02 -3.728432744986043446e+01
1.429000000000000000e+03 7.650594074136266727e+02 1.224435481046581309e+01 8.139000117117263511e-02 -3.671782015304620472e+01
1.430000000000000000e+03 7.645941779319524585e+02 1.215230775629283855e+01 8.136351611709531639e-02 -3.614765519841084540e+01
1.431000000000000000e+03 7.640822449832114671e+02 1.206285523299368379e+01 8.133654774507273477e-02 -3.557421672698729509e+01
1.432000000000000000e+03 7.635311910621703646e+02 1.197598390561978476e+01 8.130908763959412977e-02 -3.499759136167537577e+01
1.433000000000000000e+03 7.629337376587361632e+02 1.189168068502601727e+01 8.128112761307797196e-02 -3.441808821268789131e+01
1.434000000000000000e+03 7.622974586296295456e+02 1.180993273055647030e+01 8.125265971031390977e-02 -3.383586748108567122e+01
1.435000000000000000e+03 7.616150667712970517e+02 1.173087601962842719e+01 8.122367621258769210e-02 -3.325123761394813471e+01
1.436000000000000000e+03 7.608941271981520913e+02 1.165442393269158750e+01 8.119416964162465278e-02 -3.266435819162987286e+01
1.437000000000000000e+03 7.601273439222246679e+02 1.158056438960223922e+01 8.116413276327104354e-02 -3.207553708313741936e+01
1.438000000000000000e+03 7.593148448880350543e+02 1.150943413538205107e+01 8.113355859091135602e-02 -3.148485905007654750e+01
1.439000000000000000e+03 7.584641819602423993e+02 1.144102160835621618e+01 8.110244038861899596e-02 -3.089270575271647701e+01
1.440000000000000000e+03 7.575754742143587919e+02 1.137524122569566210e+01 8.107077167403531348e-02 -3.029916150359622407e+01
1.441000000000000000e+03 7.566414079315464960e+02 1.131215623585553232e+01 8.103854622094458504e-02 -2.970453327374160324e+01
1.442000000000000000e+03 7.556620932975126834e+02 1.125175586988974352e+01 8.100575806158955006e-02 -2.910897929691809338e+01
1.443000000000000000e+03 7.546376360542449220e+02 1.119402962666625889e+01 8.097240148866063914e-02 -2.851273194196237881e+01
1.444000000000000000e+03 7.535755658558125560e+02 1.113904155797289519e+01 8.093847105704057854e-02 -2.791609773465760114e+01
1.445000000000000000e+03 7.524685512267072909e+02 1.108678170300589549e+01 8.090396158520735126e-02 -2.731916024564235457e+01
1.446000000000000000e+03 7.513166846251689321e+02 1.103724037325595120e+01 8.086886815636680492e-02 -2.672215152987799058e+01
1.447000000000000000e+03 7.501274824591870356e+02 1.099040815378147151e+01 8.083318611928023978e-02 -2.612545214863127185e+01
1.448000000000000000e+03 7.488936000551027519e+02 1.094627590437125164e+01 8.079691108882434969e-02 -2.552907120695906684e+01
1.449000000000000000e+03 7.476151167309741368e+02 1.090490904409877082e+01 8.076003894625065349e-02 -2.493346349424923858e+01
1.450000000000000000e+03 7.462995358223557787e+02 1.086622470175538524e+01 8.072256583917986061e-02 -2.433871238770895928e+01
1.451000000000000000e+03 7.449469127129545996e+02 1.083028960877759950e+01 8.068448818131500333e-02 -2.374512202867397903e+01
1.452000000000000000e+03 7.435498089733663392e+02 1.079702524021882937e+01 8.064580265191036157e-02 -2.315291386943241037e+01
1.453000000000000000e+03 7.421081949891732847e+02 1.076650267510042092e+01 8.060650619494785785e-02 -2.256230731985596805e+01
1.454000000000000000e+03 7.406294652958528104e+02 1.073871898830891602e+01 8.056659601816384964e-02 -2.197352188305434595e+01
1.455000000000000000e+03 7.391135819180276485e+02 1.071359725097626203e+01 8.052606959173250201e-02 -2.138670289376262801e+01
1.456000000000000000e+03 7.375605027618297527e+02 1.069120938125435494e+01 8.048492464684911529e-02 -2.080199582367963984e+01
1.457000000000000000e+03 7.359701816592217938e+02 1.067155329396127428e+01 8.044315917402403149e-02 -2.021969487024432155e+01
1.458000000000000000e+03 7.343351400641108739e+02 1.065447861711872335e+01 8.040077142124872622e-02 -1.963994584432242263e+01
1.459000000000000000e+03 7.326627521513410102e+02 1.064013239289302426e+01 8.035775989193501279e-02 -1.906289475882314122e+01
1.460000000000000000e+03 7.309529598158957242e+02 1.062851337639167149e+01 8.031412334280375875e-02 -1.848883641721993598e+01
1.461000000000000000e+03 7.292057010746406149e+02 1.061947203536037421e+01 8.026986078150870341e-02 -1.791784301744747054e+01
1.462000000000000000e+03 7.274209101191871696e+02 1.061308196727769904e+01 8.022497146421908587e-02 -1.735020987420883287e+01
1.463000000000000000e+03 7.255985173699637016e+02 1.060934276481206950e+01 8.017945489307720663e-02 -1.678608402262707600e+01
1.464000000000000000e+03 7.237384495313226580e+02 1.060818001517347220e+01 8.013331081356905861e-02 -1.622561280627529712e+01
1.465000000000000000e+03 7.218406296475286581e+02 1.060966814985719608e+01 8.008653921181504987e-02 -1.566894389805171883e+01
1.466000000000000000e+03 7.199124055097156543e+02 1.061373330975438911e+01 8.003914031183022304e-02 -1.511644817140131458e+01
1.467000000000000000e+03 7.179462646624142508e+02 1.062030191116195788e+01 7.999111457270750847e-02 -1.456812545283808902e+01
1.468000000000000000e+03 7.159495478622552582e+02 1.062952349517917661e+01 7.994246268581250980e-02 -1.402427309382711762e+01
1.469000000000000000e+03 7.139147357349587537e+02 1.064117645846107152e+01 7.989318557195317083e-02 -1.348504028993551884e+01
1.470000000000000000e+03 7.118417338842347135e+02 1.065541088690109461e+01 7.984328437856666461e-02 -1.295050238429658584e+01
1.471000000000000000e+03 7.097453013002186708e+02 1.067208000265082291e+01 7.979276047689602691e-02 -1.242095802136661753e+01
1.472000000000000000e+03 7.076104803160898200e+02 1.069126014706423433e+01 7.974161545924618455e-02 -1.189648346543135382e+01
1.473000000000000000e+03 7.054371667675153503e+02 1.071280507799447612e+01 7.968985113624513228e-02 -1.137730403740441787e+01
1.474000000000000000e+03 7.032401100503370799e+02 1.073686595250832276e+01 7.963746953420419716e-02 -1.086357128335991185e+01
1.475000000000000000e+03 7.010043430764199002e+02 1.076322277344646139e+01 7.958447289247187750e-02 -1.035551156032201625e+01
1.476000000000000000e+03 6.987446091325984980e+02 1.079202722241730683e+01 7.953086366096073778e-02 -9.853128920774441468e+00
1.477000000000000000e+03 6.964533634854184356e+02 1.082313410613024729e+01 7.947664449767923023e-02 -9.356725115422667827e+00
1.478000000000000000e+03 6.941304868381308779e+02 1.085647277165129765e+01 7.942181826635820452e-02 -8.866379626637588274e+00
1.479000000000000000e+03 6.917832853861601734e+02 1.089219567103949693e+01 7.936638803421418309e-02 -8.382231963433673272e+00
1.480000000000000000e+03 6.894042058212828579e+02 1.093008409084737842e+01 7.931035706978785405e-02 -7.904474250486210885e+00
1.481000000000000000e+03 6.870005487870087109e+02 1.097029098455653084e+01 7.925372884085903069e-02 -7.433239819936066972e+00
1.482000000000000000e+03 6.845647555314252486e+02 1.101259813485424210e+01 7.919650701248483193e-02 -6.968670083283186933e+00
1.483000000000000000e+03 6.821041213615246761e+02 1.105708470234983665e+01 7.913869544516793919e-02 -6.510877406052162364e+00
1.484000000000000000e+03 6.796259389955446295e+02 1.110368152164709166e+01 7.908029819302370145e-02 -6.060004550679284563e+00
1.485000000000000000e+03 6.771152135646154875e+02 1.115239394883384527e+01 7.902131950215833534e-02 -5.616180122157532040e+00
1.486000000000000000e+03 6.745866611165178028e+02 1.120307900785292965e+01 7.896176380906143322e-02 -5.179518583438134982e+00
1.487000000000000000e+03 6.720252818653603981e+02 1.125581680479080404e+01 7.890163573911633532e-02 -4.750172268932862707e+00
1.488000000000000000e+03 6.694457870450042947e+02 1.131053910704063981e+01 7.884094010515441120e-02 -4.328249687355001818e+00
1.489000000000000000e+03 6.668480288588104941e+02 1.136717790688383900e+01 7.877968190614656474e-02 -3.913874962853051365e+00
1.490000000000000000e+03 6.642207147059264116e+02 1.142573970147207696e+01 7.871786632584799881e-02 -3.507152935729149767e+00
1.491000000000000000e+03 6.615748348085782027e+02 1.148608263870396939e+01 7.865549873159971561e-02 -3.108190718247698214e+00
1.492000000000000000e+03 6.589087490171748414e+02 1.154828793102844031e+01 7.859258467310700769e-02 -2.717097707852287325e+00
1.493000000000000000e+03 6.562230435622974483e+02 1.161228843413186063e+01 7.852912988125673732e-02 -2.333993028353024801e+00
1.494000000000000000e+03 6.535175597664148199e+02 1.167794292655097621e+01 7.846514026695332322e-02 -1.958979543154205860e+00
1.495000000000000000e+03 6.507936226012079715e+02 1.174533323970634946e+01 7.840062191996063912e-02 -1.592163923866722897e+00
1.496000000000000000e+03 6.480518122352958699e+02 1.181439283632855641e+01 7.833558110770141858e-02 -1.233638833944578961e+00
1.497000000000000000e+03 6.452934497577485899e+02 1.188498108981689860e+01 7.827002427407617202e-02 -8.834606549187471458e-01
1.498000000000000000e+03 6.425183687272566431e+02 1.195718041402556153e+01 7.820395803820864855e-02 -5.417163524393787677e-01
1.499000000000000000e+03 6.397278865673658856e+02 1.203085055794707081e+01 7.813738919311603859e-02 -2.084789166671687788e-01
1.500000000000000000e+03 6.369225761175389380e+02 1.210600001884799326e+01 7.807032470437680338e-02 1.161703425815683033e-01
1.501000000000000000e+03 6.341029953544610862e+02 1.218256408854934492e+01 7.800277170863864629e-02 4.321475266733148524e-01
1.502000000000000000e+03 6.312711336076462203e+02 1.226048183612171094e+01 7.793473751204353650e-02 7.393833604617110478e-01
1.503000000000000000e+03 6.284259941219554548e+02 1.233976768308799876e+01 7.786622958857497556e-02 1.037791105101667277e+00
1.504000000000000000e+03 6.255688071349048869e+02 1.242028764702606125e+01 7.779725557825517557e-02 1.327327664184413614e+00
1.505000000000000000e+03 6.227008014342385422e+02 1.250213075436629495e+01 7.772782328516261718e-02 1.607919292154941671e+00
1.506000000000000000e+03 6.198217187520824609e+02 1.258508905109929898e+01 7.765794067537834522e-02 1.879498728388888651e+00
1.507000000000000000e+03 6.169320423358460630e+02 1.266925186596386865e+01 7.758761587469836796e-02 2.141997761573947390e+00
1.508000000000000000e+03 6.140329970157281423e+02 1.275456010454538358e+01 7.751685716617182087e-02 2.395332366147816305e+00
1.509000000000000000e+03 6.111250636038953417e+02 1.284088052783962297e+01 7.744567298751205142e-02 2.639543834498420338e+00
1.510000000000000000e+03 6.082087218004958231e+02 1.292822859777227862e+01 7.737407192824824476e-02 2.874442210104558360e+00
1.511000000000000000e+03 6.052844502664285073e+02 1.301654562165668771e+01 7.730206272670438195e-02 3.100133694763991699e+00
1.512000000000000000e+03 6.023549552029828646e+02 1.310584731411985082e+01 7.722965426677731726e-02 3.316574942346240729e+00
1.513000000000000000e+03 5.994192277479933182e+02 1.319600094147435243e+01 7.715685557449417087e-02 3.523795904475734098e+00
1.514000000000000000e+03 5.964792295692014932e+02 1.328694816706625126e+01 7.708367581433205051e-02 3.721676975607723925e+00
1.515000000000000000e+03 5.935361787690186475e+02 1.337877932958136817e+01 7.701012428536661847e-02 3.910320406531975213e+00
1.516000000000000000e+03 5.905898071311055446e+02 1.347136202030259255e+01 7.693621041714422681e-02 4.089604599756906822e+00
1.517000000000000000e+03 5.876413315437418987e+02 1.356463821185804797e+01 7.686194376537383577e-02 4.259555523828877810e+00
1.518000000000000000e+03 5.846919684146445206e+02 1.365854996942762511e+01 7.678733400740334059e-02 4.420198143541958835e+00
1.519000000000000000e+03 5.817414480873127332e+02 1.375311372892773853e+01 7.671239093744841586e-02 4.571556417560316277e+00
1.520000000000000000e+03 5.787909862689600686e+02 1.384819744116169105e+01 7.663712446164500092e-02 4.713504729443461549e+00
1.521000000000000000e+03 5.758410556146117187e+02 1.394381770046541114e+01 7.656154459289317427e-02 4.846139303596653569e+00
1.522000000000000000e+03 5.728921286525287542e+02 1.403999117231842142e+01 7.648566144549509560e-02 4.969481070106566811e+00
1.523000000000000000e+03 5.699446778757181846e+02 1.413651173743465073e+01 7.640948522964367828e-02 5.083401380491861410e+00
1.524000000000000000e+03 5.669999186694432183e+02 1.423339618736049417e+01 7.633302624567844807e-02 5.187993424876633064e+00
1.525000000000000000e+03 5.640583237345020962e+02 1.433058708503457446e+01 7.625629487820885510e-02 5.283275098048622276e+00
1.526000000000000000e+03 5.611211088512947072e+02 1.442810132635142395e+01 7.617930159011533642e-02 5.369263283437393675e+00
1.527000000000000000e+03 5.581880044693048148e+02 1.452588156770617012e+01 7.610205691639124193e-02 5.446048137499807318e+00
1.528000000000000000e+03 5.552602271421311571e+02 1.462379622053733286e+01 7.602457145783893255e-02 5.513570240502482456e+00
1.529000000000000000e+03 5.523389939525787895e+02 1.472186229637209998e+01 7.594685587470678678e-02 5.571992015731242809e+00
1.530000000000000000e+03 5.494240369377888555e+02 1.482002255085372688e+01 7.586892088020864844e-02 5.621177747077077846e+00
1.531000000000000000e+03 5.465165745243821220e+02 1.491821976177794085e+01 7.579077723399520183e-02 5.661213566063286073e+00
1.532000000000000000e+03 5.436163402830886753e+02 1.501647100713024408e+01 7.571243573555926087e-02 5.692184604253503366e+00
1.533000000000000000e+03 5.407252971981125711e+02 1.511457052561366687e+01 7.563390721759960522e-02 5.714100713069806936e+00
1.534000000000000000e+03 5.378431807505517099e+02 1.521260969570862009e+01 7.555520253940833930e-02 5.727045034523028377e+00
1.535000000000000000e+03 5.349704703512201149e+02 1.531053132920697912e+01 7.547633258020274016e-02 5.731025438336850186e+00
1.536000000000000000e+03 5.321083894323490995e+02 1.540820394927199999e+01 7.539730823255838543e-02 5.726048809982109411e+00
1.537000000000000000e+03 5.292559341979963392e+02 1.550557035201111766e+01 7.531814039580117526e-02 5.712195339113089076e+00
1.538000000000000000e+03 5.264158163933902870e+02 1.560272188455824249e+01 7.523883996953030506e-02 5.689544241399226543e+00
1.539000000000000000e+03 5.235877778773289037e+02 1.569945273865259239e+01 7.515941784717608543e-02 5.658173764258484617e+00
1.540000000000000000e+03 5.207723048832481254e+02 1.579585421326814298e+01 7.507988490968356410e-02 5.618235476490617941e+00
1.541000000000000000e+03 5.179698852683117138e+02 1.589179472472323162e+01 7.500025201930261842e-02 5.569657140793712991e+00
1.542000000000000000e+03 5.151824942656096482e+02 1.598729121883942916e+01 7.492053001351417496e-02 5.512662705201694990e+00
1.543000000000000000e+03 5.124091375540557465e+02 1.608221203159919099e+01 7.484072969907935857e-02 5.447252325878184642e+00
1.544000000000000000e+03 5.096517940164167726e+02 1.617664830134892640e+01 7.476086184628487341e-02 5.373573792329159104e+00
1.545000000000000000e+03 5.069094731346098683e+02 1.627039397899694961e+01 7.468093718336549225e-02 5.291699684981514551e+00
1.546000000000000000e+03 5.041841577429712515e+02 1.636346580727314404e+01 7.460096639106987559e-02 5.201701667154606135e+00
1.547000000000000000e+03 5.014763470886587697e+02 1.645588046499209156e+01 7.452096009749632766e-02 5.103650493908870267e+00
1.548000000000000000e+03 4.987850568996138918e+02 1.654758027835175938e+01 7.444092887308097206e-02 4.997690304772937075e+00
1.549000000000000000e+03 4.961122764600203254e+02 1.663843321576688083e+01 7.436088322581675680e-02 4.883890066335480284e+00
1.550000000000000000e+03 4.934577688277384482e+02 1.672845573324412172e+01 7.428083359675699548e-02 4.762317865712367038e+00
1.551000000000000000e+03 4.908220419000351740e+02 1.681759016364169668e+01 7.420079035564614012e-02 4.633111678944755951e+00
1.552000000000000000e+03 4.882056046329454375e+02 1.690577972970356413e+01 7.412076379686603766e-02 4.496320238382834233e+00
1.553000000000000000e+03 4.856097109333783806e+02 1.699304208795415505e+01 7.404076413562972470e-02 4.352136470532352419e+00
1.554000000000000000e+03 4.830333887048520296e+02 1.707932051185424172e+01 7.396080150434974909e-02 4.200529615364098746e+00
1.555000000000000000e+03 4.804778969064950047e+02 1.716448388686912807e+01 7.388088594928816921e-02 4.041690939060917920e+00
1.556000000000000000e+03 4.779437542590916905e+02 1.724862383959294831e+01 7.380102742743532840e-02 3.875662328574195126e+00
1.557000000000000000e+03 4.754314821235863633e+02 1.733168331539859608e+01 7.372123580364135786e-02 3.702633438033621438e+00
1.558000000000000000e+03 4.729416045419595207e+02 1.741353085715288174e+01 7.364152084795419495e-02 3.522644567461264309e+00
1.559000000000000000e+03 4.704746482755648458e+02 1.749425773449154420e+01 7.356189223316077219e-02 3.335883809823429136e+00
1.560000000000000000e+03 4.680304000059834379e+02 1.757373223812358631e+01 7.348235953257481468e-02 3.142315646870661894e+00
1.561000000000000000e+03 4.656093920385876004e+02 1.765197109271959519e+01 7.340293221803524670e-02 2.942275230813909737e+00
1.562000000000000000e+03 4.632129023337852800e+02 1.772891660183868723e+01 7.332361965804427839e-02 2.735725563251802495e+00
1.563000000000000000e+03 4.608399831960062443e+02 1.780458521042859843e+01 7.324443111615136504e-02 2.522851777431576625e+00
1.564000000000000000e+03 4.584926611459206356e+02 1.787891893337868510e+01 7.316537574945360112e-02 2.303764018760698473e+00
1.565000000000000000e+03 4.561699942653619360e+02 1.795185963464522771e+01 7.308646260728703103e-02 2.078646026606334019e+00
1.566000000000000000e+03 4.538732720658345556e+02 1.802334902294135333e+01 7.300770063000162902e-02 1.847532298846937371e+00
1.567000000000000000e+03 4.516015585000385499e+02 1.809347721450101076e+01 7.292909864796667807e-02 1.610605241197607729e+00
1.568000000000000000e+03 4.493561489921726775e+02 1.816211131139669632e+01 7.285066538054472962e-02 1.367898048763344754e+00
1.569000000000000000e+03 4.471375991166073049e+02 1.822919253145294149e+01 7.277240943524594663e-02 1.119666139354084544e+00
1.570000000000000000e+03 4.449449817803900373e+02 1.829481048772755258e+01 7.269433930694181589e-02 8.660157520053460845e-01
1.571000000000000000e+03 4.427803442498279196e+02 1.835875748355272563e+01 7.261646337711076538e-02 6.070079601367932565e-01
1.572000000000000000e+03 4.406420226507304392e+02 1.842119706019291314e+01 7.253878991314983982e-02 3.427998266749457401e-01
1.573000000000000000e+03 4.385313274982827920e+02 1.848199544153898444e+01 7.246132706767574594e-02 7.354785217225794092e-02
1.574000000000000000e+03 4.364488295358763708e+02 1.854109294792049312e+01 7.238408287787506667e-02 -2.005771516250010877e-01
1.575000000000000000e+03 4.343943597485050532e+02 1.859857827599301672e+01 7.230706526478304641e-02 -4.794271864741918576e-01
1.576000000000000000e+03 4.323677522107483355e+02 1.865439136119977093e+01 7.223028203260400959e-02 -7.628250519534635066e-01
1.577000000000000000e+03 4.303703297694611933e+02 1.870847194133689584e+01 7.215374086788364782e-02 -1.050631183214321807e+00
1.578000000000000000e+03 4.284019327161004185e+02 1.876090812020898113e+01 7.207744933876078508e-02 -1.342661921569803685e+00
1.579000000000000000e+03 4.264631473041186496e+02 1.881156494685905756e+01 7.200141489403759365e-02 -1.638778636987614057e+00
1.580000000000000000e+03 4.245530772561872368e+02 1.886045582991717495e+01 7.192564486217288555e-02 -1.938828283436390576e+00
1.581000000000000000e+03 4.226730579516824946e+02 1.890759396752640953e+01 7.185014645027577862e-02 -2.242665665951542930e+00
1.582000000000000000e+03 4.208229422640536654e+02 1.895299234437047531e+01 7.177492674286511942e-02 -2.550145994175593955e+00
1.583000000000000000e+03 4.190025862435564363e+02 1.899651516179417499e+01 7.169999270057322849e-02 -2.861132292483146600e+00
1.584000000000000000e+03 4.172118491301739027e+02 1.903824925254036060e+01 7.162535115876786374e-02 -3.175473096597350331e+00
1.585000000000000000e+03 4.154505933668080502e+02 1.907805837705997476e+01 7.155100882594207790e-02 -3.493024720208813605e+00
1.586000000000000000e+03 4.137201702828130010e+02 1.911602892195340431e+01 7.147697228206807696e-02 -3.813658664803235343e+00
1.587000000000000000e+03 4.120197059326542899e+02 1.915209847998690407e+01 7.140324797676148028e-02 -4.137202174254121623e+00
1.588000000000000000e+03 4.103490724500863394e+02 1.918620441473008853e+01 7.132984222731232615e-02 -4.463501357120001956e+00
1.589000000000000000e+03 4.087088880625068441e+02 1.921843242529769213e+01 7.125676121659428597e-02 -4.792404825527272649e+00
1.590000000000000000e+03 4.070990314355059354e+02 1.924871941018152910e+01 7.118401099084088746e-02 -5.123752533839271095e+00
1.591000000000000000e+03 4.055193845226895064e+02 1.927707631570584113e+01 7.111159745724943138e-02 -5.457390616500037872e+00
1.592000000000000000e+03 4.039705754156460671e+02 1.930343956707653774e+01 7.103952638152216670e-02 -5.793152798258115688e+00
1.593000000000000000e+03 4.024517498538863265e+02 1.932781963354748811e+01 7.096780338520465581e-02 -6.130897516981037576e+00
1.594000000000000000e+03 4.009635425799508539e+02 1.935022674318668834e+01 7.089643394302398705e-02 -6.470453677732692199e+00
1.595000000000000000e+03 3.995058488492421134e+02 1.937059659775025722e+01 7.082542338000723248e-02 -6.811665203887204534e+00
1.596000000000000000e+03 3.980778244447290604e+02 1.938901322167444263e+01 7.075477686857988002e-02 -7.154368733075764375e+00
1.597000000000000000e+03 3.966808570314369717e+02 1.940541182665835507e+01 7.068449942558481525e-02 -7.498408454877051099e+00
1.598000000000000000e+03 3.953141091602519168e+02 1.941980166087253679e+01 7.061459590921148610e-02 -7.843621235105662670e+00
1.599000000000000000e+03 3.939767467863853199e+02 1.943219172426583086e+01 7.054507101590773432e-02 -8.189844025157217544e+00
1.600000000000000000e+03 3.926709106221636603e+02 1.944251648398068255e+01 7.047592927721967049e-02 -8.536921271366004760e+00
1.601000000000000000e+03 3.913942983928653234e+02 1.945085816075540208e+01 7.040717505663150744e-02 -8.884706959327129283e+00
1.602000000000000000e+03 3.901476249805459133e+02 1.945714790465491006e+01 7.033881254644376579e-02 -9.233063356485173401e+00
1.603000000000000000e+03 3.889308764759256860e+02 1.946131605071041903e+01 7.027084576461641030e-02 -9.581847374982039867e+00
1.604000000000000000e+03 3.877440424276155113e+02 1.946351553190687511e+01 7.020327855168460862e-02 -9.930923346185229761e+00
1.605000000000000000e+03 3.865871158491165716e+02 1.946360189412137132e+01 7.013611456773484465e-02 -1.028018528690710376e+01
1.606000000000000000e+03 3.854593503892041326e+02 1.946165328020305907e+01 7.006935728945108688e-02 -1.062945288372127095e+01
1.607000000000000000e+03 3.843614888406705177e+02 1.945759901212915111e+01 7.000301000725621392e-02 -1.097854575774293551e+01
1.608000000000000000e+03 3.832927918020046150e+02 1.945144244128638178e+01 6.993707582254081456e-02 -1.132745429802664461e+01
1.609000000000000000e+03 3.822532661822150999e+02 1.944318666484733882e+01 6.987155764510756539e-02 -1.167587165691318418e+01
1.610000000000000000e+03 3.812429223633849347e+02 1.943290880925608377e+01 6.980645819070012414e-02 -1.202378799953901733e+01
1.611000000000000000e+03 3.802617741959498971e+02 1.942068574681237436e+01 6.974177997870946444e-02 -1.237089621738913969e+01
1.612000000000000000e+03 3.793098389915546704e+02 1.940637124535371782e+01 6.967752533010840299e-02 -1.271718617797955098e+01
1.613000000000000000e+03 3.783863946783441179e+02 1.939004166956215514e+01 6.961369636556409557e-02 -1.306242472209829941e+01
1.614000000000000000e+03 3.774914654586880829e+02 1.937177313084990971e+01 6.955029500375660423e-02 -1.340645277967665194e+01
1.615000000000000000e+03 3.766250789590924910e+02 1.935156720435062638e+01 6.948732295999004993e-02 -1.374918535175924816e+01
1.616000000000000000e+03 3.757872662123176042e+02 1.932935092951305833e+01 6.942478174496329035e-02 -1.409053720908734952e+01
1.617000000000000000e+03 3.749773188015807932e+02 1.930512537779862470e+01 6.936267266389586905e-02 -1.443027430730177052e+01
1.618000000000000000e+03 3.741952745068891772e+02 1.927896565347234414e+01 6.930099681582835291e-02 -1.476831090328956542e+01
1.619000000000000000e+03 3.734404316082837454e+02 1.925079804398351513e+01 6.923975509330412836e-02 -1.510456097065124403e+01
1.620000000000000000e+03 3.727128345261661480e+02 1.922077143846309966e+01 6.917894818221935471e-02 -1.543878961531015470e+01
1.621000000000000000e+03 3.720125309535198994e+02 1.918866306078419726e+01 6.911857656207416600e-02 -1.577105875929089862e+01
1.622000000000000000e+03 3.713388289851029640e+02 1.915469558926506721e+01 6.905864050643900631e-02 -1.610105857211604885e+01
1.623000000000000000e+03 3.706917827487008026e+02 1.911879432291367564e+01 6.899914008371836605e-02 -1.642877600541065419e+01
1.624000000000000000e+03 3.700707066933002807e+02 1.908095860030299562e+01 6.894007515827933752e-02 -1.675397479163632042e+01
1.625000000000000000e+03 3.694756612144279302e+02 1.904126180102633725e+01 6.888144539177158687e-02 -1.707664112853441196e+01
1.626000000000000000e+03 3.689067097715418413e+02 1.899977706374177799e+01 6.882325024481961151e-02 -1.739661224522541261e+01
1.627000000000000000e+03 3.683624331676027168e+02 1.895635443730247616e+01 6.876548897894761703e-02 -1.771372495301638139e+01
1.628000000000000000e+03 3.678436436711154442e+02 1.891114086700210706e+01 6.870816065878314338e-02 -1.802781562940111471e+01
1.629000000000000000e+03 3.673496707853205976e+02 1.886413449537704778e+01 6.865126415455154174e-02 -1.833894305277250680e+01
1.630000000000000000e+03 3.668798468600792830e+02 1.881525894761468010e+01 6.859479814477251192e-02 -1.864679411881922277e+01
1.631000000000000000e+03 3.664342498663808101e+02 1.876466046755690087e+01 6.853876111926843206e-02 -1.895142666018626443e+01
1.632000000000000000e+03 3.660122176635660480e+02 1.871226221876576190e+01 6.848315138232408117e-02 -1.925260087981378376e+01
1.633000000000000000e+03 3.656130907695674068e+02 1.865813570420280953e+01 6.842796705615043773e-02 -1.955029932054894459e+01
1.634000000000000000e+03 3.652376979642789365e+02 1.860227791797414199e+01 6.837320608442928882e-02 -1.984435543296739013e+01
1.635000000000000000e+03 3.648846420460259878e+02 1.854461134766767572e+01 6.831886623611613252e-02 -2.013475069496411862e+01
1.636000000000000000e+03 3.645532711017133352e+02 1.848528111078458380e+01 6.826494510939487559e-02 -2.042124318007532580e+01
1.637000000000000000e+03 3.642444212705344739e+02 1.842435782323416049e+01 6.821144013573215981e-02 -2.070388752809060051e+01
1.638000000000000000e+03 3.639567024963562289e+02 1.836168903491628157e+01 6.815834858407698871e-02 -2.098244066339457703e+01
1.639000000000000000e+03 3.636902126293728656e+02 1.829741921690833095e+01 6.810566756516651943e-02 -2.125688176611965474e+01
1.640000000000000000e+03 3.634443088467703546e+02 1.823161834670333548e+01 6.805339403587658265e-02 -2.152718940855355712e+01
1.641000000000000000e+03 3.632183504128997242e+02 1.816428191104100165e+01 6.800152480365902197e-02 -2.179311869183333883e+01
1.642000000000000000e+03 3.630124414390522816e+02 1.809540519232094624e+01 6.795005653100437415e-02 -2.205464693445417623e+01
1.643000000000000000e+03 3.628259451379538518e+02 1.802505755509482199e+01 6.789898573988197017e-02 -2.231175080955407708e+01
1.644000000000000000e+03 3.626589694183444408e+02 1.795330816563152254e+01 6.784830881623668541e-02 -2.256425776600541511e+01
1.645000000000000000e+03 3.625101383046003889e+02 1.788007742805718436e+01 6.779802201436137266e-02 -2.281206886732866934e+01
1.646000000000000000e+03 3.623795632018797619e+02 1.780535983808403344e+01 6.774812146134003010e-02 -2.305523306391669536e+01
1.647000000000000000e+03 3.622666143166108554e+02 1.772937255331231299e+01 6.769860316129525102e-02 -2.329357576456430223e+01
1.648000000000000000e+03 3.621706634177621709e+02 1.765196112858178168e+01 6.764946299964250120e-02 -2.352699595984606873e+01
1.649000000000000000e+03 3.620918265989475344e+02 1.757319378743689953e+01 6.760069674717074373e-02 -2.375546621181445062e+01
1.650000000000000000e+03 3.620287357014085501e+02 1.749306429163454624e+01 6.755230006407715593e-02 -2.397888407702775027e+01
1.651000000000000000e+03 3.619815202888982526e+02 1.741171404467058892e+01 6.750426850376674281e-02 -2.419721975590574559e+01
1.652000000000000000e+03 3.619503540248786635e+02 1.732913270971850750e+01 6.745659751660369741e-02 -2.441043907587771145e+01
1.653000000000000000e+03 3.619331939823142648e+02 1.724530903207487142e+01 6.740928245340029046e-02 -2.461843192300745997e+01
1.654000000000000000e+03 3.619317125513998690e+02 1.716023159352715055e+01 6.736231856881420843e-02 -2.482108742493055686e+01
1.655000000000000000e+03 3.619438690239560970e+02 1.707403738322298992e+01 6.731570102452363868e-02 -2.501844250962646043e+01
1.656000000000000000e+03 3.619691093748097614e+02 1.698671466759007842e+01 6.726942489223639021e-02 -2.521045904703479579e+01
1.657000000000000000e+03 3.620083661996059163e+02 1.689832584483776756e+01 6.722348515646002498e-02 -2.539694955803636489e+01
1.658000000000000000e+03 3.620603444791312313e+02 1.680878459850635664e+01 6.717787671713199016e-02 -2.557794862481112119e+01
1.659000000000000000e+03 3.621252356955383789e+02 1.671822731909765380e+01 6.713259439204466439e-02 -2.575341575003782424e+01
1.660000000000000000e+03 3.622017464349964371e+02 1.662671597424280989e+01 6.708763291899615122e-02 -2.592330963397220600e+01
1.661000000000000000e+03 3.622900696721740132e+02 1.653416382943546736e+01 6.704298695786541085e-02 -2.608758816839049288e+01
1.662000000000000000e+03 3.623889133761254016e+02 1.644070686983643625e+01 6.699865109242439387e-02 -2.624613414739919648e+01
1.663000000000000000e+03 3.624992146329572051e+02 1.634633238710773284e+01 6.695461983195991063e-02 -2.639905239612767218e+01
1.664000000000000000e+03 3.626196825847158038e+02 1.625110183431940669e+01 6.691088761276919872e-02 -2.654622406476646646e+01
1.665000000000000000e+03 3.627497697199450499e+02 1.615500226339455736e+01 6.686744879942750630e-02 -2.668752947449965873e+01
1.666000000000000000e+03 3.628889289904549287e+02 1.605802061311061024e+01 6.682429768596467867e-02 -2.682307096380884204e+01
1.667000000000000000e+03 3.630373565993747889e+02 1.596036656415234134e+01 6.678142849685150817e-02 -2.695280146712884672e+01
1.668000000000000000e+03 3.631945062852586261e+02 1.586187827568189945e+01 6.673883538788956404e-02 -2.707659879489007793e+01
1.669000000000000000e+03 3.633590892772468806e+02 1.576261665799130007e+01 6.669651244694412007e-02 -2.719448848093680482e+01
1.670000000000000000e+03 3.635313027561826971e+02 1.566271681017001072e+01 6.665445369463815495e-02 -2.730642092930106202e+01
1.671000000000000000e+03 3.637106013063204841e+02 1.556209089080530283e+01 6.661265308494197790e-02 -2.741241997885835602e+01
1.672000000000000000e+03 3.638964397077382955e+02 1.546087382374317265e+01 6.657110450567627069e-02 -2.751243433434202856e+01
1.673000000000000000e+03 3.640882728941787718e+02 1.535905188535466692e+01 6.652980177902324821e-02 -2.760656041523703408e+01
1.674000000000000000e+03 3.642862987462222577e+02 1.525668555985281749e+01 6.648873866196766680e-02 -2.769467093701970128e+01
1.675000000000000000e+03 3.644892295445135346e+02 1.515383526062757902e+01 6.644790884678793141e-02 -2.777686061128864381e+01
1.676000000000000000e+03 3.646972632681651021e+02 1.505056133510870886e+01 6.640730596151070420e-02 -2.785314901123306797e+01
1.677000000000000000e+03 3.649098550478366860e+02 1.494692406965151044e+01 6.636692357044660096e-02 -2.792348057147124862e+01
1.678000000000000000e+03 3.651272027936408335e+02 1.484283512743774658e+01 6.632675517475927762e-02 -2.798787315525191133e+01
1.679000000000000000e+03 3.653472758124544271e+02 1.473842897091159898e+01 6.628679421311824138e-02 -2.804634377150413016e+01
1.680000000000000000e+03 3.655702717748976625e+02 1.463376573270795333e+01 6.624703406245274762e-02 -2.809883429224030138e+01
1.681000000000000000e+03 3.657971310013945754e+02 1.452875693710025473e+01 6.620746803883510723e-02 -2.814543430432024707e+01
1.682000000000000000e+03 3.660250794072916278e+02 1.442353692247279184e+01 6.616808939842348802e-02 -2.818615826054840667e+01
1.683000000000000000e+03 3.662550568074167359e+02 1.431809142877447982e+01 6.612889133868254943e-02 -2.822087119812146838e+01
1.684000000000000000e+03 3.664865170241477017e+02 1.421240616949415525e+01 6.608986699963603773e-02 -2.824973444193641825e+01
1.685000000000000000e+03 3.667189135095445636e+02 1.410661540363684452e+01 6.605100946537482975e-02 -2.827268562270552721e+01
1.686000000000000000e+03 3.669516992961902133e+02 1.400070480668343720e+01 6.601231176574913484e-02 -2.828973581393607972e+01
1.687000000000000000e+03 3.671843269467169648e+02 1.389466004256102494e+01 6.597376687820609431e-02 -2.830104381873591279e+01
1.688000000000000000e+03 3.674169913369913161e+02 1.378861533560604613e+01 6.593536772990722661e-02 -2.830654475593509289e+01
1.689000000000000000e+03 3.676491439328152637e+02 1.368248205800016137e+01 6.589710720003091882e-02 -2.830624719805727807e+01
1.690000000000000000e+03 3.678794927352435025e+02 1.357646871922361598e+01 6.585897812230186166e-02 -2.830023317560558027e+01
1.691000000000000000e+03 3.681082307295324085e+02 1.347048670295601269e+01 6.582097328771897848e-02 -2.828850961466454805e+01
1.692000000000000000e+03 3.683355501575269386e+02 1.336459597299424118e+01 6.578308544759074727e-02 -2.827108262532739857e+01
1.693000000000000000e+03 3.685594139536077591e+02 1.325878222762770520e+01 6.574530731669431249e-02 -2.824810607394029915e+01
1.694000000000000000e+03 3.687814983645370148e+02 1.315317975500557068e+01 6.570763157674078259e-02 -2.821943588763787147e+01
1.695000000000000000e+03 3.689990217025077754e+02 1.304777430396123528e+01 6.567005088005312130e-02 -2.818522432822147294e+01
1.696000000000000000e+03 3.692136583025165919e+02 1.294247737232156936e+01 6.563255785342288207e-02 -2.814547429730696138e+01
1.697000000000000000e+03 3.694241101080216936e+02 1.283749762919599569e+01 6.559514510218496242e-02 -2.810026219329584762e+01
1.698000000000000000e+03 3.696290779458858538e+02 1.273274665170057851e+01 6.555780521454925014e-02 -2.804951506762917290e+01
1.699000000000000000e+03 3.698294899653440666e+02 1.262828463068249896e+01 6.552053076604948123e-02 -2.799345633285795287e+01
1.700000000000000000e+03 3.700247873959505682e+02 1.252424609189011662e+01 6.548331432419264575e-02 -2.793201150196915350e+01
1.701000000000000000e+03 3.702144119248682159e+02 1.242046817860054020e+01 6.544614845325333330e-02 -2.786532553644521926e+01
1.702000000000000000e+03 3.703978109532752683e+02 1.231715829425400344e+01 6.540902571928385034e-02 -2.779338350439491023e+01
1.703000000000000000e+03 3.705751750383478793e+02 1.221437503596654928e+01 6.537193869514611178e-02 -2.771638993853578015e+01
1.704000000000000000e+03 3.707459503796716831e+02 1.211195422002566602e+01 6.533487996571650525e-02 -2.763432578774360238e+01
1.705000000000000000e+03 3.709103244205901433e+02 1.201017743787069847e+01 6.529784213313166719e-02 -2.754724555980801526e+01
1.706000000000000000e+03 3.710669972746051144e+02 1.190888065847219401e+01 6.526081782218524918e-02 -2.745527733044749041e+01
1.707000000000000000e+03 3.712161529973222400e+02 1.180812278421369221e+01 6.522379968567794395e-02 -2.735832561857950296e+01
1.708000000000000000e+03 3.713572310137886348e+02 1.170803708819417110e+01 6.518678040983330590e-02 -2.725659138037974927e+01
1.709000000000000000e+03 3.714911545567470057e+02 1.160853408447227864e+01 6.514975271970237236e-02 -2.715005203456412275e+01
1.710000000000000000e+03 3.716158735906315087e+02 1.150974723328075022e+01 6.511270938456203972e-02 -2.703875860645208462e+01
1.711000000000000000e+03 3.717323074270806842e+02 1.141158724415478432e+01 6.507564322323416972e-02 -2.692283573826975740e+01
1.712000000000000000e+03 3.718391448164389885e+02 1.131411349753042295e+01 6.503854710938958283e-02 -2.680233313269400952e+01
1.713000000000000000e+03 3.719365580611170117e+02 1.121738548176685946e+01 6.500141397669929877e-02 -2.667729984714588909e+01
1.714000000000000000e+03 3.720247172855246731e+02 1.112138851361137526e+01 6.496423682390545240e-02 -2.654771002131647961e+01
1.715000000000000000e+03 3.721030475429577677e+02 1.102618230911083153e+01 6.492700871977351296e-02 -2.641383430594136783e+01
1.716000000000000000e+03 3.721717144296643482e+02 1.093182670395377087e+01 6.488972280783927848e-02 -2.627564560627151735e+01
1.717000000000000000e+03 3.722293955260554981e+02 1.083830737374950282e+01 6.485237231103432864e-02 -2.613319051130127946e+01
1.718000000000000000e+03 3.722762516855136141e+02 1.074561012124841142e+01 6.481495053606796397e-02 -2.598666358920660358e+01
1.719000000000000000e+03 3.723131841506428259e+02 1.065379516349744726e+01 6.477745087765883480e-02 -2.583596169848117441e+01
1.720000000000000000e+03 3.723381203321146700e+02 1.056284856842266251e+01 6.473986682249163738e-02 -2.568135255182085075e+01
1.721000000000000000e+03 3.723526992806757789e+02 1.047290510885791548e+01 6.470219195294280023e-02 -2.552280617716904132e+01
1.722000000000000000e+03 3.723555861316181677e+02 1.038387684848659198e+01 6.466441995054283964e-02 -2.536044063150065497e+01
1.723000000000000000e+03 3.723461862425979803e+02 1.029589884624302698e+01 6.462654459924192796e-02 -2.519444773028448026e+01
1.724000000000000000e+03 3.723261308294465834e+02 1.020888345861570556e+01 6.458855978830439770e-02 -2.502472164312645830e+01
1.725000000000000000e+03 3.722933342548514588e+02 1.012289176040895811e+01 6.455045951498075696e-02 -2.485152745863331347e+01
1.726000000000000000e+03 3.722479366805929999e+02 1.003791069741508046e+01 6.451223788689845751e-02 -2.467483264641157703e+01
1.727000000000000000e+03 3.721908183727048254e+02 9.954075940031419378e+00 6.447388912416422702e-02 -2.449475277177858246e+01
1.728000000000000000e+03 3.721206283397577295e+02 9.871226185284347920e+00 6.443540756114744805e-02 -2.431140294262247181e+01
1.729000000000000000e+03 3.720374984895261719e+02 9.789571711319540626e+00 6.439678764800986499e-02 -2.412489782343052269e+01
1.730000000000000000e+03 3.719415579436034704e+02 9.709025828775706302e+00 6.435802395192527503e-02 -2.393520308246974437e+01
1.731000000000000000e+03 3.718321901901136357e+02 9.629576301121103299e+00 6.431911115806511481e-02 -2.374250682363652132e+01
1.732000000000000000e+03 3.717095187445034412e+02 9.551285347405029214e+00 6.428004407024207056e-02 -2.354684818342633079e+01
1.733000000000000000e+03 3.715729214731553043e+02 9.474215361433687477e+00 6.424081761136815616e-02 -2.334834019606273969e+01
1.734000000000000000e+03 3.714225162599242367e+02 9.398280347370025822e+00 6.420142682362776909e-02 -2.314702124124651661e+01
1.735000000000000000e+03 3.712576753352836931e+02 9.323543056274576912e+00 6.416186686836396202e-02 -2.294307790954357884e+01
1.736000000000000000e+03 3.710799966182058256e+02 9.250066421556725871e+00 6.412213302585437202e-02 -2.273662216687770865e+01
1.737000000000000000e+03 3.708881038752124368e+02 9.177839277853651723e+00 6.408222069473225313e-02 -2.252769136964389673e+01
1.738000000000000000e+03 3.706821037370461909e+02 9.106850646838587693e+00 6.404212539137167648e-02 -2.231654541393807634e+01
1.739000000000000000e+03 3.704621000372781054e+02 9.037164022953325215e+00 6.400184274898119974e-02 -2.210314676635892539e+01
1.740000000000000000e+03 3.702281938229335765e+02 8.968768808556655259e+00 6.396136851657784061e-02 -2.188768046393729350e+01
1.741000000000000000e+03 3.699804833669109598e+02 8.901654599503343590e+00 6.392069855783670540e-02 -2.167018271212130287e+01
1.742000000000000000e+03 3.697183213469874659e+02 8.835885470645569839e+00 6.387982884984501342e-02 -2.145091231786509312e+01
1.743000000000000000e+03 3.694418005313269759e+02 8.771377127246388739e+00 6.383875548169201664e-02 -2.122975643725645511e+01
1.744000000000000000e+03 3.691502681251272975e+02 8.708268324334477839e+00 6.379747465310317556e-02 -2.100689914275132608e+01
1.745000000000000000e+03 3.688452971284681325e+02 8.646475167452315702e+00 6.375598267289246668e-02 -2.078245002143019349e+01
1.746000000000000000e+03 3.685247436747210372e+02 8.586062531852039825e+00 6.371427595750915607e-02 -2.055651847431940737e+01
1.747000000000000000e+03 3.681894325650604287e+02 8.526946930088486809e+00 6.367235102950451198e-02 -2.032906516524725404e+01
1.748000000000000000e+03 3.678401859481434713e+02 8.469267931053822807e+00 6.363020451603555727e-02 -2.010042202125765698e+01
1.749000000000000000e+03 3.674748520001056704e+02 8.412942460403099787e+00 6.358783314739936687e-02 -1.987047513000657517e+01
1.750000000000000000e+03 3.670957332950503655e+02 8.357961935922634922e+00 6.354523375565902799e-02 -1.963948187423359570e+01
1.751000000000000000e+03 3.667014088006740167e+02 8.304392636323804311e+00 6.350240327330797241e-02 -1.940747485743099787e+01
1.752000000000000000e+03 3.662926560605491773e+02 8.252228237984695625e+00 6.345933873204245845e-02 -1.917462787051474393e+01
1.753000000000000000e+03 3.658695003917252393e+02 8.201462997006405686e+00 6.341603726162101107e-02 -1.894096424057897465e+01
1.754000000000000000e+03 3.654312217433372894e+02 8.152091382718406720e+00 6.337249608891835917e-02 -1.870658151962267723e+01
1.755000000000000000e+03 3.649778403853771920e+02 8.104182362119397354e+00 6.332871253704742964e-02 -1.847165150048425630e+01
1.756000000000000000e+03 3.645101169267433079e+02 8.057656550222203506e+00 6.328468402469668297e-02 -1.823612309874202353e+01
1.757000000000000000e+03 3.640273238274527330e+02 8.012583344829813825e+00 6.324040806555246419e-02 -1.800024235311092724e+01
1.758000000000000000e+03 3.635294739201666516e+02 7.968883793204315502e+00 6.319588226798046604e-02 -1.776403245676575793e+01
1.759000000000000000e+03 3.630165775907176453e+02 7.926672296769732284e+00 6.315110433483693553e-02 -1.752759090714610224e+01
1.760000000000000000e+03 3.624893856277471400e+02 7.885877765752516311e+00 6.310607206348883835e-02 -1.729094095469343983e+01
1.761000000000000000e+03 3.619471607312743799e+02 7.846511040205110810e+00 6.306078334599084234e-02 -1.705425446904075315e+01
1.762000000000000000e+03 3.613899060304376576e+02 7.808583178478618159e+00 6.301523616949038231e-02 -1.681755482061777585e+01
1.763000000000000000e+03 3.608183650951890513e+02 7.772090600758192025e+00 6.296942861679029335e-02 -1.658108831370484992e+01
1.764000000000000000e+03 3.602317934419648395e+02 7.737029945909285722e+00 6.292335886715556825e-02 -1.634480421737613298e+01
1.765000000000000000e+03 3.596316727186476783e+02 7.703412928233738910e+00 6.287702519719205740e-02 -1.610880048188781188e+01
1.766000000000000000e+03 3.590172537033982394e+02 7.671236624033464402e+00 6.283042598201067641e-02 -1.587332375395728334e+01
1.767000000000000000e+03 3.583885276529542239e+02 7.640490899834463612e+00 6.278355969653338919e-02 -1.563832369092673247e+01
1.768000000000000000e+03 3.577462263101296003e+02 7.611188125570438778e+00 6.273642491686921840e-02 -1.540397296035198593e+01
1.769000000000000000e+03 3.570903362406651809e+02 7.583318604172382571e+00 6.268902032195688978e-02 -1.517029583744807653e+01
1.770000000000000000e+03 3.564208416746656667e+02 7.556880284569229111e+00 6.264134469527606053e-02 -1.493746535393756503e+01
1.771000000000000000e+03 3.557377245126475032e+02 7.531871332845684996e+00 6.259339692663330734e-02 -1.470558046225557902e+01
1.772000000000000000e+03 3.550409643313583388e+02 7.508275274958164047e+00 6.254517601413543681e-02 -1.447459176662805547e+01
1.773000000000000000e+03 3.543312812245345071e+02 7.486090709460745174e+00 6.249668106619377800e-02 -1.424467295502729058e+01
1.774000000000000000e+03 3.536079073036257228e+02 7.465316450038278262e+00 6.244791130359843984e-02 -1.401592367946159001e+01
1.775000000000000000e+03 3.528723008789461346e+02 7.445944096298580561e+00 6.239886606158485949e-02 -1.378836957012568831e+01
1.776000000000000000e+03 3.521229466209141492e+02 7.427972889524406597e+00 6.234954479203550642e-02 -1.356218509990420173e+01
1.777000000000000000e+03 3.513612982472266140e+02 7.411387426583734062e+00 6.229994706557299977e-02 -1.333732218069494202e+01
1.778000000000000000e+03 3.505873215204111375e+02 7.396179943851372229e+00 6.225007257367626973e-02 -1.311395587809449204e+01
1.779000000000000000e+03 3.498002370914541075e+02 7.382342887639961049e+00 6.219992113077427165e-02 -1.289211300738582544e+01
1.780000000000000000e+03 3.490014918495743927e+02 7.369868912892194146e+00 6.214949267623205015e-02 -1.267196928087297714e+01
1.781000000000000000e+03 3.481903019229859524e+02 7.358743453434382964e+00 6.209878727629510042e-02 -1.245347790351282491e+01
1.782000000000000000e+03 3.473673668663393528e+02 7.348967005543395103e+00 6.204780512587646651e-02 -1.223688957039173708e+01
1.783000000000000000e+03 3.465326411695255615e+02 7.340525412974918673e+00 6.199654655027413142e-02 -1.202208392797244052e+01
1.784000000000000000e+03 3.456868199433199038e+02 7.333397293657091254e+00 6.194501200669309121e-02 -1.180923813819164181e+01
1.785000000000000000e+03 3.448291104317594318e+02 7.327583751349741270e+00 6.189320208562815867e-02 -1.159845547332379567e+01
1.786000000000000000e+03 3.439609462067145387e+02 7.323063803717191789e+00 6.184111751207478636e-02 -1.138969104465201632e+01
1.787000000000000000e+03 3.430822730143266881e+02 7.319824093820649580e+00 6.178875914649996359e-02 -1.118319751544924046e+01
1.788000000000000000e+03 3.421922916338254481e+02 7.317858888127844352e+00 6.173612798562268938e-02 -1.097885656121071740e+01
1.789000000000000000e+03 3.412924292437475629e+02 7.317147789391382773e+00 6.168322516296597530e-02 -1.077692171621885464e+01
1.790000000000000000e+03 3.403826252753431731e+02 7.317678019549412660e+00 6.163005194916645196e-02 -1.057727554983907581e+01
1.791000000000000000e+03 3.394620742786137271e+02 7.319444417497655841e+00 6.157660975203774201e-02 -1.038009822914056279e+01
1.792000000000000000e+03 3.385321972959609411e+02 7.322412295033783103e+00 6.152290011633825689e-02 -1.018542182875317792e+01
1.793000000000000000e+03 3.375929277231844594e+02 7.326576861280029718e+00 6.146892472332923796e-02 -9.993353192017194075e+00
1.794000000000000000e+03 3.366434541832259697e+02 7.331911221778645071e+00 6.141468539000149301e-02 -9.803925374387311820e+00
1.795000000000000000e+03 3.356851919075868409e+02 7.338418374418973045e+00 6.136018406807001307e-02 -9.617171937107871216e+00
1.796000000000000000e+03 3.347173257700852105e+02 7.346064351690267280e+00 6.130542284266821823e-02 -9.433126957145866243e+00
1.797000000000000000e+03 3.337412673434690191e+02 7.354837644820179321e+00 6.125040393077917783e-02 -9.251973603886364472e+00
1.798000000000000000e+03 3.327561979382419963e+02 7.364712059293132107e+00 6.119512967937809633e-02 -9.073747014567237201e+00
1.799000000000000000e+03 3.317635256642361696e+02 7.375683853805992563e+00 6.113960256333996618e-02 -8.898334303475373019e+00
1.800000000000000000e+03 3.307624284742535679e+02 7.387719738957406079e+00 6.108382518304485836e-02 -8.725994555409100073e+00
1.801000000000000000e+03 3.297543032787020820e+02 7.400809484600532784e+00 6.102780026173437733e-02 -8.556683233910893804e+00
1.802000000000000000e+03 3.287390279739627772e+02 7.414938038926192299e+00 6.097153064268697603e-02 -8.390469315559546004e+00
1.803000000000000000e+03 3.277164710274357731e+02 7.430083689960092386e+00 6.091501928610771471e-02 -8.227422734647701574e+00
1.804000000000000000e+03 3.266872423263037604e+02 7.446232307347435686e+00 6.085826926579067375e-02 -8.067584298279829369e+00
1.805000000000000000e+03 3.256519504064145281e+02 7.463362482503742790e+00 6.080128376562472792e-02 -7.910987979072770848e+00
1.806000000000000000e+03 3.246104596827495925e+02 7.481460382114271113e+00 6.074406607592994917e-02 -7.757683207590059915e+00
1.807000000000000000e+03 3.235626333513542363e+02 7.500504888181956709e+00 6.068661958952838165e-02 -7.607705166056253354e+00
1.808000000000000000e+03 3.225090762925000263e+02 7.520475023077286103e+00 6.062894779783352395e-02 -7.461097080252736546e+00
1.809000000000000000e+03 3.214496494698141760e+02 7.541357374541490799e+00 6.057105428665663510e-02 -7.317910226090392101e+00
1.810000000000000000e+03 3.203849556703581243e+02 7.563131235593900215e+00 6.051294273202102031e-02 -7.178181650857361262e+00
1.811000000000000000e+03 3.193148539052542105e+02 7.585776029446963165e+00 6.045461689580284431e-02 -7.041941607591700070e+00
1.812000000000000000e+03 3.182399451508596258e+02 7.609263877679385502e+00 6.039608062141563899e-02 -6.909213560826238165e+00
1.813000000000000000e+03 3.171600867500837353e+02 7.633589310121047689e+00 6.033733782935734452e-02 -6.780036477104689041e+00
1.814000000000000000e+03 3.160758781538445419e+02 7.658724691197647871e+00 6.027839251282515742e-02 -6.654442545115466068e+00
1.815000000000000000e+03 3.149879181572882203e+02 7.684649929741900642e+00 6.021924873326903876e-02 -6.532457180593919333e+00
1.816000000000000000e+03 3.138960621356470142e+02 7.711345047019235288e+00 6.015991061603776641e-02 -6.414106459291180506e+00
1.817000000000000000e+03 3.128009077846168680e+02 7.738790173071242506e+00 6.010038234601443319e-02 -6.299431978008365185e+00
1.818000000000000000e+03 3.117023095198914007e+02 7.766965543028295116e+00 6.004066816337676887e-02 -6.188446288542660767e+00
1.819000000000000000e+03 3.106008642158712973e+02 7.795844065042746074e+00 5.998077235941273733e-02 -6.081170043199128017e+00
1.820000000000000000e+03 3.094964256031776131e+02 7.825406173245348818e+00 5.992069927248323130e-02 -5.977624569912910246e+00
1.821000000000000000e+03 3.083895900050067667e+02 7.855595253873794981e+00 5.986045328405812521e-02 -5.877831875432768527e+00
1.822000000000000000e+03 3.072809535670018590e+02 7.886481065183817307e+00 5.980003881498172774e-02 -5.781807219864742997e+00
1.823000000000000000e+03 3.061696266505518906e+02 7.917977456322621954e+00 5.973946032178732712e-02 -5.689581404326465197e+00
1.824000000000000000e+03 3.050562052345687221e+02 7.950020643896409389e+00 5.967872229329945766e-02 -5.601171059858932821e+00
1.825000000000000000e+03 3.039420281403557738e+02 7.982621206563910832e+00 5.961782924738518591e-02 -5.516571221097845701e+00
1.826000000000000000e+03 3.028262057495225577e+02 8.015864081159891796e+00 5.955678572785010061e-02 -5.435799898105046601e+00
1.827000000000000000e+03 3.017093342351643628e+02 8.049537141289171416e+00 5.949559630162592344e-02 -5.358846079355038761e+00
1.828000000000000000e+03 3.005920099458413119e+02 8.083725461437731852e+00 5.943426555610890200e-02 -5.285714302982970736e+00
1.829000000000000000e+03 2.994748294575355771e+02 8.118439895537205686e+00 5.937279809673543657e-02 -5.216417229289134205e+00
1.830000000000000000e+03 2.983569039534511376e+02 8.153617073029096218e+00 5.931119854481303050e-02 -5.150960784601622322e+00
1.831000000000000000e+03 2.972403162818944224e+02 8.189193678420160438e+00 5.924947153553245666e-02 -5.089336733198009277e+00
1.832000000000000000e+03 2.961241783216831891e+02 8.225180730827693409e+00 5.918762171621909374e-02 -5.031544962337220817e+00
1.833000000000000000e+03 2.950090880358032450e+02 8.261515013008573050e+00 5.912565374478434554e-02 -4.977586053600114191e+00
1.834000000000000000e+03 2.938949010077689650e+02 8.298281917893278958e+00 5.906357228844565099e-02 -4.927446425590304102e+00
1.835000000000000000e+03 2.927822161510877095e+02 8.335344027093809061e+00 5.900138202260157144e-02 -4.881128046447664737e+00
1.836000000000000000e+03 2.916716329116889597e+02 8.372712524431616288e+00 5.893908762992431521e-02 -4.838618719272181679e+00
1.837000000000000000e+03 2.905622656334478506e+02 8.410398624944402712e+00 5.887669379965575212e-02 -4.799921794062988134e+00
1.838000000000000000e+03 2.894554577670902518e+02 8.448339287393014985e+00 5.881420522707871135e-02 -4.765026452570133131e+00
1.839000000000000000e+03 2.883503248921348927e+02 8.486545777274713487e+00 5.875162661313267781e-02 -4.733922562963660319e+00
1.840000000000000000e+03 2.872482117575586926e+02 8.524955095826511453e+00 5.868896266422640728e-02 -4.706585820819173982e+00
1.841000000000000000e+03 2.861489781357350921e+02 8.563578543039922053e+00 5.862621809214001167e-02 -4.683000031573786970e+00
1.842000000000000000e+03 2.850524845202276651e+02 8.602278863165794931e+00 5.856339761407138716e-02 -4.663142250951715972e+00
1.843000000000000000e+03 2.839600778224030364e+02 8.641215941745560514e+00 5.850050595280290033e-02 -4.646997638513637341e+00
1.844000000000000000e+03 2.828708772218355989e+02 8.680252533612623722e+00 5.843754783693079491e-02 -4.634552025880318560e+00
1.845000000000000000e+03 2.817854883660779706e+02 8.719325676432751138e+00 5.837452800114162343e-02 -4.625777056332947446e+00
1.846000000000000000e+03 2.807045177245274203e+02 8.758520970242146930e+00 5.831145118658263848e-02 -4.620659894244500521e+00
1.847000000000000000e+03 2.796285726117691297e+02 8.797775439482158788e+00 5.824832214121117985e-02 -4.619173507441000304e+00
1.848000000000000000e+03 2.785560327054259915e+02 8.837026096059297231e+00 5.818514562019317521e-02 -4.621284091048569742e+00
1.849000000000000000e+03 2.774889927490224864e+02 8.876284218914550550e+00 5.812192638626847291e-02 -4.626973347778248424e+00
1.850000000000000000e+03 2.764265770593131606e+02 8.915486783098279133e+00 5.805866921006752612e-02 -4.636208769499150506e+00
1.851000000000000000e+03 2.753693943519945719e+02 8.954645327005943400e+00 5.799537887040422113e-02 -4.648982669213308050e+00
1.852000000000000000e+03 2.743180454733376905e+02 8.993698293892457230e+00 5.793206015449842150e-02 -4.665265863586077977e+00
1.853000000000000000e+03 2.732716443743246941e+02 9.032732966098141247e+00 5.786871785808879454e-02 -4.685031694041666306e+00
1.854000000000000000e+03 2.722315345163479492e+02 9.071539456043684169e+00 5.780535678543503170e-02 -4.708246696872635972e+00
1.855000000000000000e+03 2.711975747201943250e+02 9.110279253919101095e+00 5.774198174925521815e-02 -4.734863168611949114e+00
1.856000000000000000e+03 2.701703676959077143e+02 9.148816672349489920e+00 5.767859757046062130e-02 -4.764863729616684473e+00
1.857000000000000000e+03 2.691490315632764236e+02 9.187238827123891838e+00 5.761520907778855394e-02 -4.798209318862095785e+00
1.858000000000000000e+03 2.681349140533827722e+02 9.225409932416425818e+00 5.755182110724035849e-02 -4.834861472005583138e+00
1.859000000000000000e+03 2.671271355258128892e+02 9.263342714561176194e+00 5.748843850136171191e-02 -4.874789742521469016e+00
1.860000000000000000e+03 2.661277888421856801e+02 9.301049841337336588e+00 5.742506610838270936e-02 -4.917956837560240047e+00
1.861000000000000000e+03 2.651345110452975860e+02 9.338543918288834789e+00 5.736170878108471510e-02 -4.964318610287678624e+00
1.862000000000000000e+03 2.641493974098893318e+02 9.375688918069865707e+00 5.729837137554025933e-02 -5.013831480357739068e+00
1.863000000000000000e+03 2.631723159589740249e+02 9.412571594340500170e+00 5.723505874964766177e-02 -5.066467282523381854e+00
1.864000000000000000e+03 2.622031360015553787e+02 9.449204344174003012e+00 5.717177576145004297e-02 -5.122183544938036626e+00
1.865000000000000000e+03 2.612417281663441031e+02 9.485376637504929320e+00 5.710852726723902872e-02 -5.180938337354841217e+00
1.866000000000000000e+03 2.602879644365203262e+02 9.521249281639612150e+00 5.704531811953227755e-02 -5.242690262426415337e+00
1.867000000000000000e+03 2.593432038555480403e+02 9.556760149765723966e+00 5.698215316477495823e-02 -5.307398446809940218e+00
1.868000000000000000e+03 2.584073212237822190e+02 9.591847028029976130e+00 5.691903724090040251e-02 -5.375000247031388234e+00
1.869000000000000000e+03 2.574794499710716309e+02 9.626521895653143090e+00 5.685597517466786655e-02 -5.445455810316693679e+00
1.870000000000000000e+03 2.565609535352222679e+02 9.660796638083880339e+00 5.679297177890609005e-02 -5.518710923389221534e+00
1.871000000000000000e+03 2.556517112259220994e+02 9.694608760198125452e+00 5.673003184952245953e-02 -5.594711859543097354e+00
1.872000000000000000e+03 2.547508610993923810e+02 9.727969950053113379e+00 5.666716016234407682e-02 -5.673412797194811397e+00
1.873000000000000000e+03 2.538597713385682368e+02 9.760891792182423643e+00 5.660436146993461787e-02 -5.754760953217555652e+00
1.874000000000000000e+03 2.529775832833541642e+02 9.793237197438910968e+00 5.654164049814666693e-02 -5.838704001164606971e+00
1.875000000000000000e+03 2.521056684813616755e+02 9.825091817406759631e+00 5.647900194268634655e-02 -5.925175204285004327e+00
1.876000000000000000e+03 2.512431717183841329e+02 9.856392623841918166e+00 5.641645046550741033e-02 -6.014123118488676312e+00
1.877000000000000000e+03 2.503907252340266609e+02 9.887225039689718997e+00 5.635399069115949733e-02 -6.105489296712609537e+00
1.878000000000000000e+03 2.495482202568589969e+02 9.917451518636230645e+00 5.629162720310965790e-02 -6.199215706545841975e+00
1.879000000000000000e+03 2.487155498792262449e+02 9.947082959742223451e+00 5.622936453997279954e-02 -6.295244719366670516e+00
1.880000000000000000e+03 2.478926090964273783e+02 9.976204421121153132e+00 5.616720719177555748e-02 -6.393519099347557244e+00
1.881000000000000000e+03 2.470807805151698915e+02 1.000460369966747720e+01 5.610515959619370718e-02 -6.493981992332398256e+00
1.882000000000000000e+03 2.462792202159077704e+02 1.003243987988161834e+01 5.604322613483821852e-02 -6.596569486241016911e+00
1.883000000000000000e+03 2.454878291292981203e+02 1.005964906321533370e+01 5.598141112953998466e-02 -6.701218028056521447e+00
1.884000000000000000e+03 2.447065102362650180e+02 1.008624149951113402e+01 5.591971883877864397e-02 -6.807879269050192583e+00
1.885000000000000000e+03 2.439359114366864105e+02 1.011207873398956103e+01 5.585815345408269572e-02 -6.916497768147419123e+00
1.886000000000000000e+03 2.431766827464527125e+02 1.013724502232270197e+01 5.579671909664772611e-02 -7.026996123541062289e+00
1.887000000000000000e+03 2.424272478227516388e+02 1.016175019425270065e+01 5.573541981398002360e-02 -7.139334387709602936e+00
1.888000000000000000e+03 2.416890038377414101e+02 1.018552965128866994e+01 5.567425957671227887e-02 -7.253428343687470026e+00
1.889000000000000000e+03 2.409611216598841565e+02 1.020859293147785962e+01 5.561324227559921035e-02 -7.369208919902520805e+00
1.890000000000000000e+03 2.402442600534726296e+02 1.023094942373969296e+01 5.555237171862178330e-02 -7.486607321427823258e+00
1.891000000000000000e+03 2.395383371957406951e+02 1.025253408227069407e+01 5.549165162833303439e-02 -7.605555017856106659e+00
1.892000000000000000e+03 2.388440163667903846e+02 1.027335599152884704e+01 5.543108563934473487e-02 -7.725968874400695796e+00
1.893000000000000000e+03 2.381604774620013814e+02 1.029342408078289139e+01 5.537067729606846150e-02 -7.847788281380159603e+00
1.894000000000000000e+03 2.374876455121287790e+02 1.031274712223733481e+01 5.531043005061900275e-02 -7.970945428487643980e+00
1.895000000000000000e+03 2.368261906958108227e+02 1.033133372923112248e+01 5.525034726099844334e-02 -8.095357864052900254e+00
1.896000000000000000e+03 2.361760426794676277e+02 1.034911807100814229e+01 5.519043218946540624e-02 -8.220965624352750467e+00
1.897000000000000000e+03 2.355371334596924555e+02 1.036610843806993110e+01 5.513068800114927920e-02 -8.347708936071381203e+00
1.898000000000000000e+03 2.349093973680218426e+02 1.038223867359349306e+01 5.507111776291983424e-02 -8.475520775418113217e+00
1.899000000000000000e+03 2.342927710731131299e+02 1.039759102243711197e+01 5.501172444247526966e-02 -8.604334283907556724e+00
1.900000000000000000e+03 2.336879364153718939e+02 1.041209899570444009e+01 5.495251090767808849e-02 -8.734075327406124245e+00
1.901000000000000000e+03 2.330933534920797001e+02 1.042577001418963611e+01 5.489347992613577421e-02 -8.864686296648031316e+00
1.902000000000000000e+03 2.325104737816342322e+02 1.043853622296140848e+01 5.483463416498159798e-02 -8.996100965469306487e+00
1.903000000000000000e+03 2.319385270059969173e+02 1.045055224131282756e+01 5.477597619092047093e-02 -9.128232465495976555e+00
1.904000000000000000e+03 2.313782308674108208e+02 1.046160109933270910e+01 5.471750847049361433e-02 -9.261120312367477680e+00
1.905000000000000000e+03 2.308288196957828404e+02 1.047183707188597523e+01 5.465923337053897602e-02 -9.394544118830667756e+00
1.906000000000000000e+03 2.302910157740827799e+02 1.048119140962549878e+01 5.460115315882486942e-02 -9.528543566561481271e+00
1.907000000000000000e+03 2.297640579814692217e+02 1.048966947211015288e+01 5.454327000496860672e-02 -9.663084117710242893e+00
1.908000000000000000e+03 2.292479302796327829e+02 1.049727644348671518e+01 5.448558598141563236e-02 -9.797982718713139860e+00
1.909000000000000000e+03 2.287441045272589690e+02 1.050401733175026919e+01 5.442810306467808085e-02 -9.933279205131231748e+00
1.910000000000000000e+03 2.282510834476211699e+02 1.050982268457804736e+01 5.437082313668845091e-02 -1.006893915498463166e+01
1.911000000000000000e+03 2.277688576149174366e+02 1.051469715574646635e+01 5.431374798624620526e-02 -1.020477959261699397e+01
1.912000000000000000e+03 2.272981625940246033e+02 1.051871950461850957e+01 5.425687931068112757e-02 -1.034076611010049973e+01
1.913000000000000000e+03 2.268382504089438498e+02 1.052181974519886865e+01 5.420021871751817127e-02 -1.047693857116136940e+01
1.914000000000000000e+03 2.263891180202929831e+02 1.052400199627877875e+01 5.414376772629537343e-02 -1.061311396463627332e+01
1.915000000000000000e+03 2.259515072967737979e+02 1.052527019764545457e+01 5.408752777040055915e-02 -1.074933209299705261e+01
1.916000000000000000e+03 2.255246764807719160e+02 1.052555382636557546e+01 5.403150019897092621e-02 -1.088548414239659756e+01
1.917000000000000000e+03 2.251086286634690623e+02 1.052500503065496495e+01 5.397568627888851139e-02 -1.102146123728598148e+01
1.918000000000000000e+03 2.247033689193695238e+02 1.052347864529420640e+01 5.392008719666010336e-02 -1.115730299509046830e+01
1.919000000000000000e+03 2.243096471105414764e+02 1.052112645965452842e+01 5.386470406039762376e-02 -1.129282609643214208e+01
1.920000000000000000e+03 2.239259865155435705e+02 1.051780294975621288e+01 5.380953790173813311e-02 -1.142806997394910340e+01
1.921000000000000000e+03 2.235531408085503529e+02 1.051358526293645035e+01 5.375458967773349278e-02 -1.156292538266163916e+01
1.922000000000000000e+03 2.231911226883102017e+02 1.050840180055873674e+01 5.369986027266790418e-02 -1.169735723843763608e+01
1.923000000000000000e+03 2.228392038474111416e+02 1.050240363581826486e+01 5.364535049984207882e-02 -1.183125603903009448e+01
1.924000000000000000e+03 2.224988862819704138e+02 1.049551881309040269e+01 5.359106110322476441e-02 -1.196458641921407029e+01
1.925000000000000000e+03 2.221679595814553920e+02 1.048767519887162258e+01 5.353699275908414823e-02 -1.209731285551073654e+01
1.926000000000000000e+03 2.218471864144578092e+02 1.047894904928753945e+01 5.348314607739407256e-02 -1.222939965451334565e+01
1.927000000000000000e+03 2.215373311597567465e+02 1.046934216015735153e+01 5.342952160325133842e-02 -1.236066237431268355e+01
1.928000000000000000e+03 2.212369313730951035e+02 1.045885615113680522e+01 5.337611981806533734e-02 -1.249121351405182523e+01
1.929000000000000000e+03 2.209467547699321415e+02 1.044741818292402336e+01 5.332294114067851615e-02 -1.262086823456001916e+01
1.930000000000000000e+03 2.206668278587462453e+02 1.043510380854277564e+01 5.326998592832060675e-02 -1.274959004814043517e+01
1.931000000000000000e+03 2.203964359152772658e+02 1.042191412367756875e+01 5.321725447735918546e-02 -1.287734224046149123e+01
1.932000000000000000e+03 2.201348657926557735e+02 1.040792433458748079e+01 5.316474702400768304e-02 -1.300408785958142488e+01
1.933000000000000000e+03 2.198836344024580001e+02 1.039298662507073168e+01 5.311246374479684090e-02 -1.312978970510566512e+01
1.934000000000000000e+03 2.196412888463854358e+02 1.037717585851936875e+01 5.306040475694412395e-02 -1.325433603397884497e+01
1.935000000000000000e+03 2.194086062391552616e+02 1.036049244501361066e+01 5.300857011849913203e-02 -1.337768911692601392e+01
1.936000000000000000e+03 2.191848795119263400e+02 1.034293662599251995e+01 5.295695982844660782e-02 -1.349981094453224983e+01
1.937000000000000000e+03 2.189701458967243752e+02 1.032458275898821043e+01 5.290557382654931251e-02 -1.362058893347235511e+01
1.938000000000000000e+03 2.187644440715165501e+02 1.030535646841273945e+01 5.285441199314390437e-02 -1.374005876690476136e+01
1.939000000000000000e+03 2.185670713059768389e+02 1.028533178092470735e+01 5.280347414874794754e-02 -1.385810725050619574e+01
1.940000000000000000e+03 2.183780691129482250e+02 1.026443399283740554e+01 5.275276005355606507e-02 -1.397476943668837990e+01
1.941000000000000000e+03 2.181974803953724802e+02 1.024273680560783895e+01 5.270226940682948280e-02 -1.408993148096056203e+01
1.942000000000000000e+03 2.180253494287005935e+02 1.022023947686851919e+01 5.265200184616933982e-02 -1.420347919947662518e+01
1.943000000000000000e+03 2.178617218436653502e+02 1.019694110552884503e+01 5.260195694671932626e-02 -1.431552091025773876e+01
1.944000000000000000e+03 2.177051589392635265e+02 1.017284063343289091e+01 5.255213422023080616e-02 -1.442586743956640127e+01
1.945000000000000000e+03 2.175564518410668597e+02 1.014793684707534815e+01 5.250253311413110441e-02 -1.453455209749531996e+01
1.946000000000000000e+03 2.174156501443513321e+02 1.012222837937501474e+01 5.245315301049248424e-02 -1.464145925170918972e+01
1.947000000000000000e+03 2.172820618972539251e+02 1.009578799500746626e+01 5.240399322497366758e-02 -1.474662145289490134e+01
1.948000000000000000e+03 2.171557392537910118e+02 1.006853974178377875e+01 5.235505300571880599e-02 -1.484992229238061690e+01
1.949000000000000000e+03 2.170359927864706435e+02 1.004055608660184085e+01 5.230633153231677851e-02 -1.495131924446409144e+01
1.950000000000000000e+03 2.169228771385795937e+02 1.001176078343218556e+01 5.225782791465384547e-02 -1.505084365842760263e+01
1.951000000000000000e+03 2.168171969171939395e+02 9.982225540568288480e+00 5.220954119188132153e-02 -1.514837782929068410e+01
1.952000000000000000e+03 2.167175530680602549e+02 9.951945765794052434e+00 5.216147033137565059e-02 -1.524387762787348954e+01
1.953000000000000000e+03 2.166240392970526614e+02 9.920990541969739951e+00 5.211361422777432278e-02 -1.533737270626446225e+01
1.954000000000000000e+03 2.165367504682073445e+02 9.889354531040810414e+00 5.206597170205962827e-02 -1.542881799458326064e+01
1.955000000000000000e+03 2.164557825821455310e+02 9.856957976292720858e+00 5.201854150074514127e-02 -1.551809369400237415e+01
1.956000000000000000e+03 2.163804899183988937e+02 9.823869555162259459e+00 5.197132229510454532e-02 -1.560530240398648338e+01
1.957000000000000000e+03 2.163109706816500761e+02 9.790157814584375728e+00 5.192431268060018063e-02 -1.569039769821841546e+01
1.958000000000000000e+03 2.162473241416577991e+02 9.755816889888579979e+00 5.187751117633523229e-02 -1.577318411824864697e+01
1.959000000000000000e+03 2.161889077718697365e+02 9.720840790746299476e+00 5.183091622471020649e-02 -1.585383715187464659e+01
1.960000000000000000e+03 2.161358228917352733e+02 9.685149120158122571e+00 5.178452619118587702e-02 -1.593216039219170987e+01
1.961000000000000000e+03 2.160881718025169675e+02 9.648884210997362487e+00 5.173833936418439222e-02 -1.600825408340633871e+01
1.962000000000000000e+03 2.160445720866065926e+02 9.612039711073775194e+00 5.169235395518565618e-02 -1.608199513082617216e+01
1.963000000000000000e+03 2.160066135855427945e+02 9.574534869253760405e+00 5.164656809899063894e-02 -1.615340851309732173e+01
1.964000000000000000e+03 2.159729156861567105e+02 9.536437388625955691e+00 5.160097985408860360e-02 -1.622244442664025144e+01
1.965000000000000000e+03 2.159428414605148134e+02 9.497740578690837765e+00 5.155558720331582245e-02 -1.628905256431515269e+01
1.966000000000000000e+03 2.159179832992604986e+02 9.458511925100827611e+00 5.151038805456828462e-02 -1.635325639430747557e+01
1.967000000000000000e+03 2.158969630282185506e+02 9.418670241924449016e+00 5.146538024176668807e-02 -1.641500458872706147e+01
1.968000000000000000e+03 2.158791460438140746e+02 9.378357091965781933e+00 5.142056152602129948e-02 -1.647431958643895911e+01
1.969000000000000000e+03 2.158661269419668827e+02 9.337416805088050609e+00 5.137592959690069627e-02 -1.653114902210646164e+01
1.970000000000000000e+03 2.158557867953347511e+02 9.296065032609881484e+00 5.133148207393632700e-02 -1.658551428946697825e+01
1.971000000000000000e+03 2.158489786246389599e+02 9.254220198687914234e+00 5.128721650827209461e-02 -1.663728768731860441e+01
1.972000000000000000e+03 2.158458131783652050e+02 9.211874920764435259e+00 5.124313038451987212e-02 -1.668663811725287971e+01
1.973000000000000000e+03 2.158449160513688696e+02 9.169021729028708378e+00 5.119922112270437753e-02 -1.673336252907395050e+01
1.974000000000000000e+03 2.158471418125206753e+02 9.125727352910484313e+00 5.115548608043642836e-02 -1.677748018598439828e+01
1.975000000000000000e+03 2.158526026161145808e+02 9.081984157091911314e+00 5.111192255519279165e-02 -1.681908409497066614e+01
1.976000000000000000e+03 2.158599253174392345e+02 9.037858711553919733e+00 5.106852778671556320e-02 -1.685804387040783681e+01
1.977000000000000000e+03 2.158692227626747240e+02 8.993268944133093967e+00 5.102529895957276518e-02 -1.689437714941184510e+01
1.978000000000000000e+03 2.158806080679536876e+02 8.948206994115174950e+00 5.098223320582127849e-02 -1.692810102289870855e+01
1.979000000000000000e+03 2.158934517328829656e+02 8.902887782346281753e+00 5.093932760775623375e-02 -1.695915775037126139e+01
1.980000000000000000e+03 2.159086100937263950e+02 8.857080462835348555e+00 5.089657920075994768e-02 -1.698756332543797143e+01
1.981000000000000000e+03 2.159247110960754412e+02 8.810999827926410788e+00 5.085398497624459002e-02 -1.701333319104903197e+01
1.982000000000000000e+03 2.159426112526138581e+02 8.764563476431874278e+00 5.081154188456592918e-02 -1.703648223845936371e+01
1.983000000000000000e+03 2.159616814155566544e+02 8.717763234317615684e+00 5.076924683813044403e-02 -1.705702480641626195e+01
1.984000000000000000e+03 2.159812923943459850e+02 8.670739441391281943e+00 5.072709671440946838e-02 -1.707490039706844698e+01
1.985000000000000000e+03 2.160023005735585002e+02 8.623409536987184154e+00 5.068508835902518078e-02 -1.709012224260682089e+01
1.986000000000000000e+03 2.160233336859791393e+02 8.575765197183933708e+00 5.064321858884220789e-02 -1.710270302162124523e+01
1.987000000000000000e+03 2.160452477714170527e+02 8.527946621523490478e+00 5.060148419500774125e-02 -1.711265485918313445e+01
1.988000000000000000e+03 2.160674129508364274e+02 8.479871118722593692e+00 5.055988194602337171e-02 -1.711998932715103194e+01
1.989000000000000000e+03 2.160891990463707373e+02 8.431604527415380801e+00 5.051840859072616319e-02 -1.712464316119622865e+01
1.990000000000000000e+03 2.161114612021583241e+02 8.383064085378158836e+00 5.047706086125970659e-02 -1.712670111206027812e+01
1.991000000000000000e+03 2.161335684959557852e+02 8.334389850280137679e+00 5.043583547595636984e-02 -1.712609881251662713e+01
1.992000000000000000e+03 2.161548895619304744e+02 8.285499001908730676e+00 5.039472914211781673e-02 -1.712284562907043295e+01
1.993000000000000000e+03 2.161747925445235410e+02 8.236457262923019940e+00 5.035373855878285537e-02 -1.711702466337129280e+01
1.994000000000000000e+03 2.161948735585944235e+02 8.187330335089294309e+00 5.031286041930507769e-02 -1.710849561983528488e+01
1.995000000000000000e+03 2.162130139655725714e+02 8.138035335514643975e+00 5.027209141390810709e-02 -1.709741479201325731e+01
1.996000000000000000e+03 2.162308086814086607e+02 8.088563650390069526e+00 5.023142823203141649e-02 -1.708371508014188933e+01
1.997000000000000000e+03 2.162468806204592227e+02 8.039055221724135336e+00 5.019086756466312194e-02 -1.706740312743920640e+01
1.998000000000000000e+03 2.162605948311769737e+02 7.989501416558650426e+00 5.015040610643450164e-02 -1.704855932260571905e+01
1.999000000000000000e+03 2.162735441282218574e+02 7.939819313690001934e+00 5.011004055764580606e-02 -1.702711495203297432e+01
2.000000000000000000e+03 2.162836063758459488e+02 7.890074557387539045e+00 5.006976762611601434e-02 -1.700314933674305706e+01
2.001000000000000000e+03 2.162923749682296091e+02 7.840332512521025699e+00 5.002958402891342915e-02 -1.697659138263956535e+01
2.002000000000000000e+03 2.162984797758112450e+02 7.790583141041757642e+00 4.998948649395085209e-02 -1.694758704473074928e+01
2.003000000000000000e+03 2.163020376287956026e+02 7.740816131872763961e+00 4.994947176135389189e-02 -1.691605758631818546e+01
2.004000000000000000e+03 2.163031644519198267e+02 7.691021185145232586e+00 4.990953658481847577e-02 -1.688199803565706247e+01
2.005000000000000000e+03 2.163019752357504046e+02 7.641336582357138418e+00 4.986967773268583676e-02 -1.684547718993160004e+01
2.006000000000000000e+03 2.162978411744503262e+02 7.591603488496892815e+00 4.982989198897896932e-02 -1.680648905242993152e+01
2.007000000000000000e+03 2.162901324750534116e+02 7.541960223186111811e+00 4.979017615425114507e-02 -1.676510140393097359e+01
2.008000000000000000e+03 2.162797040031788356e+02 7.492396562770349711e+00 4.975052704631278272e-02 -1.672123295677916488e+01
2.009000000000000000e+03 2.162659239199564070e+02 7.442902310411781741e+00 4.971094150079056334e-02 -1.667495049367465043e+01
2.010000000000000000e+03 2.162489021654320709e+02 7.393541582660085432e+00 4.967141637166887225e-02 -1.662624602214177827e+01
2.011000000000000000e+03 2.162280047680857535e+02 7.344229961993260503e+00 4.963194853158577752e-02 -1.657511106320084693e+01
2.012000000000000000e+03 2.162033394956192751e+02 7.295031633854536679e+00 4.959253487215074807e-02 -1.652161094023062660e+01
2.013000000000000000e+03 2.161742701667380686e+02 7.245936539149564481e+00 4.955317230406605655e-02 -1.646573621751162975e+01
2.014000000000000000e+03 2.161416451390730344e+02 7.197008944232720751e+00 4.951385775717347809e-02 -1.640755127296450411e+01
2.015000000000000000e+03 2.161048259528610913e+02 7.148238876858940216e+00 4.947458818053686314e-02 -1.634704573706107311e+01
2.016000000000000000e+03 2.160631729856250161e+02 7.099690696120263489e+00 4.943536054228169635e-02 -1.628428306592456565e+01
2.017000000000000000e+03 2.160182739426410876e+02 7.051280244843329825e+00 4.939617182950662572e-02 -1.621932626409870437e+01
2.018000000000000000e+03 2.159680011628088039e+02 7.003071986476911981e+00 4.935701904812386104e-02 -1.615216360748976143e+01
2.019000000000000000e+03 2.159139399555600676e+02 6.955130440935996639e+00 4.931789922260641779e-02 -1.608285721698545601e+01
2.020000000000000000e+03 2.158547030727971787e+02 6.907371620416221880e+00 4.927880939582402614e-02 -1.601146878173278409e+01
2.021000000000000000e+03 2.157911305416506309e+02 6.859934449695398229e+00 4.923974662875077457e-02 -1.593791099907548947e+01
2.022000000000000000e+03 2.157233183122989999e+02 6.812690497774348763e+00 4.920070800024796409e-02 -1.586231899916777977e+01
2.023000000000000000e+03 2.156498754111218545e+02 6.765756536768959606e+00 4.916169060681463421e-02 -1.578475321822055832e+01
2.024000000000000000e+03 2.155716381041854959e+02 6.719108270388257864e+00 4.912269156242316664e-02 -1.570512512240599889e+01
2.025000000000000000e+03 2.154886985456145965e+02 6.672751188646724785e+00 4.908370799828929570e-02 -1.562349434942154502e+01
2.026000000000000000e+03 2.153996619310841538e+02 6.626705713784549978e+00 4.904473706277802381e-02 -1.553999443268435421e+01
2.027000000000000000e+03 2.153053606614443254e+02 6.580977489450780205e+00 4.900577592127200455e-02 -1.545453567515664695e+01
2.028000000000000000e+03 2.152058829910494921e+02 6.535579668300391276e+00 4.896682175620593186e-02 -1.536717657482823185e+01
2.029000000000000000e+03 2.151005730160661642e+02 6.490518057801477170e+00 4.892787176704103264e-02 -1.527797526581121801e+01
2.030000000000000000e+03 2.149895163326679040e+02 6.445813407753830049e+00 4.888892317042168451e-02 -1.518698952656560408e+01
2.031000000000000000e+03 2.148735400249816792e+02 6.401479127665305136e+00 4.884997320031787826e-02 -1.509420250474341962e+01
2.032000000000000000e+03 2.147512413127070374e+02 6.357513860786801807e+00 4.881101910837376545e-02 -1.499974557615954573e+01
2.033000000000000000e+03 2.146227017137125301e+02 6.313946056556329900e+00 4.877205816418597045e-02 -1.490360121935717963e+01
2.034000000000000000e+03 2.144887441962193293e+02 6.270781974445919893e+00 4.873308765581550045e-02 -1.480582587479824497e+01
2.035000000000000000e+03 2.143487046606674937e+02 6.228035399616525858e+00 4.869410489033753481e-02 -1.470640138664437835e+01
2.036000000000000000e+03 2.142026604314645795e+02 6.185705360075442805e+00 4.865510719448476462e-02 -1.460545786214851738e+01
2.037000000000000000e+03 2.140499445733503876e+02 6.143798413888489129e+00 4.861609191538389385e-02 -1.450290226312020891e+01
2.038000000000000000e+03 2.138913743826429936e+02 6.102336079644009814e+00 4.857705642140187213e-02 -1.439893839950992849e+01
2.039000000000000000e+03 2.137262800330898926e+02 6.061317696766702845e+00 4.853799810313058627e-02 -1.429347267054021842e+01
2.040000000000000000e+03 2.135547330667006349e+02 6.020757569284528543e+00 4.849891437435371183e-02 -1.418663405845391168e+01
2.041000000000000000e+03 2.133760607092994803e+02 5.980655254392789111e+00 4.845980267326314289e-02 -1.407840272030756523e+01
2.042000000000000000e+03 2.131910743610870043e+02 5.941025277769007573e+00 4.842066046362815401e-02 -1.396883284785518242e+01
2.043000000000000000e+03 2.129998410769838131e+02 5.901882278734091436e+00 4.838148523609898943e-02 -1.385797839348783356e+01
2.044000000000000000e+03 2.128016835520331824e+02 5.863233583710721675e+00 4.834227450962791384e-02 -1.374589307973702468e+01
2.045000000000000000e+03 2.125974086119189508e+02 5.825086636328520306e+00 4.830302583287857110e-02 -1.363263040883485466e+01
2.046000000000000000e+03 2.123863358584098364e+02 5.787448999124293891e+00 4.826373678578885218e-02 -1.351816938882387831e+01
2.047000000000000000e+03 2.121677833251191316e+02 5.750328355187030560e+00 4.822440498115581481e-02 -1.340271167722732137e+01
2.048000000000000000e+03 2.119432959685217099e+02 5.713747366447357479e+00 4.818502806626886320e-02 -1.328623588973768044e+01
2.049000000000000000e+03 2.117121886440486094e+02 5.677699105108356292e+00 4.814560372454647352e-02 -1.316879474396940175e+01
2.050000000000000000e+03 2.114745174328051291e+02 5.642199053572189094e+00 4.810612967733662870e-02 -1.305036650223137507e+01
2.051000000000000000e+03 2.112295911973822058e+02 5.607240635093813097e+00 4.806660368560098512e-02 -1.293107658039769881e+01
2.052000000000000000e+03 2.109781917909083973e+02 5.572832654905229610e+00 4.802702355165755499e-02 -1.281089666939801930e+01
2.053000000000000000e+03 2.107196109887310911e+02 5.538991575150292057e+00 4.798738712103525761e-02 -1.268987134991568766e+01
2.054000000000000000e+03 2.104538817435331168e+02 5.505711703385790301e+00 4.794769228413688772e-02 -1.256811935370717315e+01
2.055000000000000000e+03 2.101810353398829250e+02 5.473002335512863858e+00 4.790793697805034723e-02 -1.244553643948104060e+01
2.056000000000000000e+03 2.099018442196392868e+02 5.440865471846231038e+00 4.786811918827830331e-02 -1.232231538731464049e+01
2.057000000000000000e+03 2.096148506331035435e+02 5.409318103224304508e+00 4.782823695044944451e-02 -1.219835174053964799e+01
2.058000000000000000e+03 2.093215664763826283e+02 5.378355070256464643e+00 4.778828835194055824e-02 -1.207383808367025324e+01
2.059000000000000000e+03 2.090205306043746418e+02 5.347978777661379191e+00 4.774827153354365555e-02 -1.194874406779242904e+01
2.060000000000000000e+03 2.087132515052084614e+02 5.318206623493326290e+00 4.770818469099306902e-02 -1.182303927097346730e+01
2.061000000000000000e+03 2.083982646153910991e+02 5.289033858205520744e+00 4.766802607648513990e-02 -1.169691605866288242e+01
2.062000000000000000e+03 2.080770749965107882e+02 5.260470727154384463e+00 4.762779400008991526e-02 -1.157026960905613677e+01
2.063000000000000000e+03 2.077482146527400459e+02 5.232512757890008359e+00 4.758748683106202304e-02 -1.144329219098013084e+01
2.064000000000000000e+03 2.074124423749512403e+02 5.205177902537152512e+00 4.754710299915124172e-02 -1.131595318922210858e+01
2.065000000000000000e+03 2.070705152358543444e+02 5.178454539911789389e+00 4.750664099571336174e-02 -1.118822196486071263e+01
2.066000000000000000e+03 2.067209600864327967e+02 5.152353474479588691e+00 4.746609937480196495e-02 -1.106029071557108878e+01
2.067000000000000000e+03 2.063645305689256588e+02 5.126878223400327172e+00 4.742547675412580460e-02 -1.093205450087552499e+01
2.068000000000000000e+03 2.060019786159218711e+02 5.102025016912178579e+00 4.738477181587515130e-02 -1.080370551989873817e+01
2.069000000000000000e+03 2.056318259508010726e+02 5.077797655355446693e+00 4.734398330750885786e-02 -1.067513885304706100e+01
2.070000000000000000e+03 2.052555639397765503e+02 5.054207509435237888e+00 4.730311004232479188e-02 -1.054647245618584783e+01
2.071000000000000000e+03 2.048724537549379363e+02 5.031243807022623749e+00 4.726215090001128355e-02 -1.041775003624653984e+01
2.072000000000000000e+03 2.044817548888867123e+02 5.008910775048103226e+00 4.722110482699131556e-02 -1.028901534430049658e+01
2.073000000000000000e+03 2.040849536707019638e+02 4.987205354533250201e+00 4.717997083674532743e-02 -1.016031218508115863e+01
2.074000000000000000e+03 2.036813062679927384e+02 4.966139485664696984e+00 4.713874800994075076e-02 -1.003161014295146813e+01
2.075000000000000000e+03 2.032715528755132652e+02 4.945710394357451634e+00 4.709743549445781496e-02 -9.903027441825647870e+00
2.076000000000000000e+03 2.028542035547883700e+02 4.925908020511108987e+00 4.705603250531126269e-02 -9.774533820514953675e+00
2.077000000000000000e+03 2.024307380952646724e+02 4.906744731258864789e+00 4.701453832448677234e-02 -9.646247676031485696e+00
2.078000000000000000e+03 2.020004061863000402e+02 4.888210750656748260e+00 4.697295230057779020e-02 -9.518213222309466204e+00
2.079000000000000000e+03 2.015639416106001534e+02 4.870318729518892553e+00 4.693127384843321509e-02 -9.390400499365895826e+00
2.080000000000000000e+03 2.011213337585550391e+02 4.853051746643352260e+00 4.688950244860923960e-02 -9.262928232897236214e+00
2.081000000000000000e+03 2.006725704837277249e+02 4.836422735235962556e+00 4.684763764673184616e-02 -9.135766709284171228e+00
2.082000000000000000e+03 2.002176381243168919e+02 4.820429912375491455e+00 4.680567905285617364e-02 -9.009034918538670667e+00
2.083000000000000000e+03 1.997565215255638975e+02 4.805064206876149768e+00 4.676362634058890688e-02 -8.882777712652691449e+00
2.084000000000000000e+03 1.992892040630473218e+02 4.790338972146859220e+00 4.672147924625710130e-02 -8.756965814370328616e+00
2.085000000000000000e+03 1.988171533368553980e+02 4.776230558794261505e+00 4.667923756794616769e-02 -8.631718676380396360e+00
2.086000000000000000e+03 1.983381213513018793e+02 4.762752597477606820e+00 4.663690116446077283e-02 -8.507007355901098578e+00
2.087000000000000000e+03 1.978535728907721136e+02 4.749896571407111523e+00 4.659446995423772997e-02 -8.382877373688760514e+00
2.088000000000000000e+03 1.973642285358146751e+02 4.737654100643677424e+00 4.655194391422328576e-02 -8.259374438939932617e+00
2.089000000000000000e+03 1.968685790199137671e+02 4.726031797997650052e+00 4.650932307867373244e-02 -8.136544457596125213e+00
2.090000000000000000e+03 1.963673422669819502e+02 4.715021554775990609e+00 4.646660753790487347e-02 -8.014433540545763179e+00
2.091000000000000000e+03 1.958604920790603217e+02 4.704622824931693259e+00 4.642379743707153450e-02 -7.893013728217453284e+00
2.092000000000000000e+03 1.953480009995413980e+02 4.694827767413197961e+00 4.638089297483292267e-02 -7.772405849074209172e+00
2.093000000000000000e+03 1.948305831767292773e+02 4.685628673516302634e+00 4.633789440209742927e-02 -7.652656676980369888e+00
2.094000000000000000e+03 1.943082087226044337e+02 4.677025394188559559e+00 4.629480202067186301e-02 -7.533664655458188086e+00
2.095000000000000000e+03 1.937801037418619785e+02 4.669017910586219067e+00 4.625161618194679330e-02 -7.415625606343557941e+00
2.096000000000000000e+03 1.932477217012189215e+02 4.661591476234569598e+00 4.620833728559810283e-02 -7.298512752787899238e+00
2.097000000000000000e+03 1.927102864485897271e+02 4.654746329244110470e+00 4.616496577827577941e-02 -7.182329290561661139e+00
2.098000000000000000e+03 1.921677635825794539e+02 4.648482834380065931e+00 4.612150215231956146e-02 -7.067152965423439959e+00
2.099000000000000000e+03 1.916208604818997401e+02 4.642779196737175873e+00 4.607794694448442974e-02 -6.953002369952946182e+00
2.100000000000000000e+03 1.910687978296881511e+02 4.637643458873006885e+00 4.603430073473009643e-02 -6.839903805707738371e+00
2.101000000000000000e+03 1.905122764957405082e+02 4.633069266617636295e+00 4.599056414498580575e-02 -6.727891153657131085e+00
2.102000000000000000e+03 1.899512355990680419e+02 4.629036879487752110e+00 4.594673783803596839e-02 -6.616998043258467632e+00
2.103000000000000000e+03 1.893856088336272023e+02 4.625556727522798006e+00 4.590282251637909511e-02 -6.507250839998921066e+00
2.104000000000000000e+03 1.888153289844605922e+02 4.622624502422277182e+00 4.585881892115213632e-02 -6.398691073325442957e+00
2.105000000000000000e+03 1.882410707914724242e+02 4.620228584366592450e+00 4.581472783113346020e-02 -6.291338301191788496e+00
2.106000000000000000e+03 1.876620224728915787e+02 4.618357468797435139e+00 4.577055006177772889e-02 -6.185212401258522341e+00
2.107000000000000000e+03 1.870795999287016116e+02 4.617022049858754862e+00 4.572628646430334370e-02 -6.080355861941788120e+00
2.108000000000000000e+03 1.864922469235216624e+02 4.616203620295855181e+00 4.568193792485633620e-02 -5.976789218156122629e+00
2.109000000000000000e+03 1.859021206296244770e+02 4.615898439868966641e+00 4.563750536372920830e-02 -5.874548198754244943e+00
2.110000000000000000e+03 1.853076633042071535e+02 4.616102876926602150e+00 4.559298973463252191e-02 -5.773646590306255710e+00
2.111000000000000000e+03 1.847102878318576131e+02 4.616813406641770534e+00 4.554839202405477905e-02 -5.674120812571673333e+00
2.112000000000000000e+03 1.841091779063373792e+02 4.618019180860964745e+00 4.550371325060469790e-02 -5.576000210306883531e+00
2.113000000000000000e+03 1.835050022323814289e+02 4.619716882967298766e+00 4.545895446456159339e-02 -5.479284773259167629e+00
2.114000000000000000e+03 1.828969432119905321e+02 4.621895869306974269e+00 4.541411674734124188e-02 -5.384019424548356803e+00
2.115000000000000000e+03 1.822864111456716216e+02 4.624545595631173178e+00 4.536920121108917875e-02 -5.290204885175770144e+00
2.116000000000000000e+03 1.816725872481333681e+02 4.627663043503403628e+00 4.532420899831393624e-02 -5.197871962070095719e+00
2.117000000000000000e+03 1.810561378489960020e+02 4.631245289972381052e+00 4.527914128160857171e-02 -5.107036982358934551e+00
2.118000000000000000e+03 1.804362430780274451e+02 4.635274648861415159e+00 4.523399926339267269e-02 -5.017731510971603193e+00
2.119000000000000000e+03 1.798143110653686279e+02 4.639748382126783532e+00 4.518878417565472955e-02 -4.929965212916848749e+00
2.120000000000000000e+03 1.791887781212394088e+02 4.644656412732344641e+00 4.514349727987831962e-02 -4.843748142188949224e+00
2.121000000000000000e+03 1.785617942758404126e+02 4.649996179244478611e+00 4.509813986681244363e-02 -4.759105602148757441e+00
2.122000000000000000e+03 1.779317949535957837e+02 4.655750348645200987e+00 4.505271325648255859e-02 -4.676048435627535582e+00
2.123000000000000000e+03 1.772994436776795339e+02 4.661923955917821161e+00 4.500721879810625631e-02 -4.594595313306371942e+00
2.124000000000000000e+03 1.766661464241468309e+02 4.668492403400838597e+00 4.496165787001450698e-02 -4.514765308517134201e+00
2.125000000000000000e+03 1.760295946358415335e+02 4.675453457017286318e+00 4.491603187973287892e-02 -4.436570471866124521e+00
2.126000000000000000e+03 1.753919364316256235e+02 4.682804958974637444e+00 4.487034226392012937e-02 -4.360023262379876918e+00
2.127000000000000000e+03 1.747523482800039574e+02 4.690529968788692550e+00 4.482459048843256272e-02 -4.285143978472558679e+00
2.128000000000000000e+03 1.741114920330904852e+02 4.698619046033500446e+00 4.477877804834087122e-02 -4.211938475333530718e+00
2.129000000000000000e+03 1.734692864453144807e+02 4.707062819665990716e+00 4.473290646796404535e-02 -4.140413023887258070e+00
2.130000000000000000e+03 1.728249071971877981e+02 4.715851985677526947e+00 4.468697730088599940e-02 -4.070596597924382110e+00
2.131000000000000000e+03 1.721797582591814262e+02 4.724977304723147142e+00 4.464099212998873245e-02 -4.002496305901457774e+00
2.132000000000000000e+03 1.715330149053817763e+02 4.734437028079838683e+00 4.459495256742594671e-02 -3.936127106064319037e+00
2.133000000000000000e+03 1.708853379124730054e+02 4.744207181833306031e+00 4.454886025463799387e-02 -3.871482094590549927e+00
2.134000000000000000e+03 1.702366450785910672e+02 4.754293562898460834e+00 4.450271686227400686e-02 -3.808577077055911975e+00
2.135000000000000000e+03 1.695875969173926592e+02 4.764672309768172020e+00 4.445652409011596751e-02 -3.747420856220050833e+00
2.136000000000000000e+03 1.689381110121336462e+02 4.775334470148661303e+00 4.441028366700066482e-02 -3.688007804685069058e+00
2.137000000000000000e+03 1.682873620399228969e+02 4.786278570127577403e+00 4.436399735063078359e-02 -3.630347579127965130e+00
2.138000000000000000e+03 1.676367531362184877e+02 4.797495754977322946e+00 4.431766692739659563e-02 -3.574442835904443783e+00
2.139000000000000000e+03 1.669862017442551121e+02 4.808962358295435280e+00 4.427129421212859517e-02 -3.520304088227664607e+00
2.140000000000000000e+03 1.663356253098159527e+02 4.820684469584694654e+00 4.422488104781784057e-02 -3.467934849770396788e+00
2.141000000000000000e+03 1.656849413061359542e+02 4.832638504919094302e+00 4.417842930522525996e-02 -3.417331634792621031e+00
2.142000000000000000e+03 1.650348100940205427e+02 4.844823202853993926e+00 4.413194088251153752e-02 -3.368491386445367830e+00
2.143000000000000000e+03 1.643844064420645168e+02 4.857215051774944392e+00 4.408541770473214244e-02 -3.321426333251186414e+00
2.144000000000000000e+03 1.637351337272752971e+02 4.869820285792812342e+00 4.403886172333965759e-02 -3.276129075465646245e+00
2.145000000000000000e+03 1.630861669506324745e+02 4.882615455379639258e+00 4.399227491558038716e-02 -3.232608983429452909e+00
2.146000000000000000e+03 1.624374241031094073e+02 4.895584566553512929e+00 4.394565928378461883e-02 -3.190865454772781717e+00
2.147000000000000000e+03 1.617895661918086603e+02 4.908733935009689908e+00 4.389901685467204745e-02 -3.150896084696124255e+00
2.148000000000000000e+03 1.611425115962592827e+02 4.922040185097884546e+00 4.385234967852919691e-02 -3.112695922062162612e+00
2.149000000000000000e+03 1.604969217650230462e+02 4.935494817352429564e+00 4.380565982838943023e-02 -3.076261182330239041e+00
2.150000000000000000e+03 1.598519727373786168e+02 4.949089349221564405e+00 4.375894939902157804e-02 -3.041589246149056347e+00
2.151000000000000000e+03 1.592083244616336799e+02 4.962808134100274771e+00 4.371222050596327430e-02 -3.008678051614754434e+00
2.152000000000000000e+03 1.585658861709627274e+02 4.976643965319786922e+00 4.366547528443177895e-02 -2.977528731035501863e+00
2.153000000000000000e+03 1.579253082269990216e+02 4.990582467034172964e+00 4.361871588820027262e-02 -2.948142970530671647e+00
2.154000000000000000e+03 1.572857556909764298e+02 5.004616698416356257e+00 4.357194448839173812e-02 -2.920516928624109276e+00
2.155000000000000000e+03 1.566486225264716268e+02 5.018747151112168403e+00 4.352516327219416864e-02 -2.894644279646269691e+00
2.156000000000000000e+03 1.560123317819718807e+02 5.032944604951705259e+00 4.347837444157682391e-02 -2.870519256977397404e+00
2.157000000000000000e+03 1.553782782989214581e+02 5.047216980574112277e+00 4.343158021186174778e-02 -2.848137021927080959e+00
2.158000000000000000e+03 1.547463717295008507e+02 5.061549910109045314e+00 4.338478281034505862e-02 -2.827492769638229930e+00
2.159000000000000000e+03 1.541157793996370629e+02 5.075936448073402829e+00 4.333798447477436172e-02 -2.808582469073234389e+00
2.160000000000000000e+03 1.534878976771201451e+02 5.090354783829521779e+00 4.329118745188650919e-02 -2.791400557223724377e+00
2.161000000000000000e+03 1.528618949894707555e+02 5.104805380859924746e+00 4.324439399577995058e-02 -2.775939861673691667e+00
2.162000000000000000e+03 1.522384260270541176e+02 5.119281260905181874e+00 4.319760636636993389e-02 -2.762189368791181820e+00
2.163000000000000000e+03 1.516174032659322961e+02 5.133768001519389834e+00 4.315082682775087108e-02 -2.750142168611671600e+00
2.164000000000000000e+03 1.509987398307217177e+02 5.148251161993466773e+00 4.310405764650799415e-02 -2.739788765724964215e+00
2.165000000000000000e+03 1.503823495222936515e+02 5.162723709296844099e+00 4.305730109013585633e-02 -2.731121532542718722e+00
2.166000000000000000e+03 1.497688896803319096e+02 5.177178587338328697e+00 4.301055942525455755e-02 -2.724133219743022583e+00
2.167000000000000000e+03 1.491582755406083152e+02 5.191601286247123248e+00 4.296383491601948185e-02 -2.718813238068938709e+00
2.168000000000000000e+03 1.485504230970865365e+02 5.205992125076273069e+00 4.291712982237288337e-02 -2.715144682823059874e+00
2.169000000000000000e+03 1.479452491287127884e+02 5.220329107726110252e+00 4.287044639837583188e-02 -2.713106558070342178e+00
2.170000000000000000e+03 1.473434140609023757e+02 5.234619919093628226e+00 4.282378689051521969e-02 -2.712679714881169879e+00
2.171000000000000000e+03 1.467440934865541919e+02 5.248842495991722146e+00 4.277715353608468191e-02 -2.713845361091541619e+00
2.172000000000000000e+03 1.461486923668495876e+02 5.263004451696885688e+00 4.273054856150747954e-02 -2.716582828097656499e+00
2.173000000000000000e+03 1.455563880463180055e+02 5.277083646917962945e+00 4.268397418074876271e-02 -2.720875508707647050e+00
2.174000000000000000e+03 1.449678444526750241e+02 5.291080186044438527e+00 4.263743259373995592e-02 -2.726703423836994045e+00
2.175000000000000000e+03 1.443829836159146964e+02 5.304979273218094704e+00 4.259092598486490661e-02 -2.734049902945974608e+00
2.176000000000000000e+03 1.438017285269129673e+02 5.318773495233756421e+00 4.254445652143750561e-02 -2.742896378995772544e+00
2.177000000000000000e+03 1.432240031603739396e+02 5.332462819416831756e+00 4.249802635226651581e-02 -2.753226097306458620e+00
2.178000000000000000e+03 1.426497324971029457e+02 5.346024878127992430e+00 4.245163760628138661e-02 -2.765021881619124766e+00
2.179000000000000000e+03 1.420795853805892932e+02 5.359459536799022317e+00 4.240529239122404342e-02 -2.778267614219837700e+00
2.180000000000000000e+03 1.415134888677601452e+02 5.372751750145104310e+00 4.235899279238088122e-02 -2.792946001778360721e+00
2.181000000000000000e+03 1.409506282489913644e+02 5.385893845208789443e+00 4.231274087137078949e-02 -2.809040278104728117e+00
2.182000000000000000e+03 1.403924184073900392e+02 5.398878091032999649e+00 4.226653866506099172e-02 -2.826526621363578240e+00
2.183000000000000000e+03 1.398380468269624828e+02 5.411704125065147863e+00 4.222038818450913472e-02 -2.845380387918003517e+00
2.184000000000000000e+03 1.392881877851625916e+02 5.424356666191227916e+00 4.217429141398708337e-02 -2.865576997662635517e+00
2.185000000000000000e+03 1.387420310292887677e+02 5.436827797902753723e+00 4.212825031012068511e-02 -2.887092670693941265e+00
2.186000000000000000e+03 1.382002531321289496e+02 5.449116966444753629e+00 4.208226680108684975e-02 -2.909902341114814384e+00
2.187000000000000000e+03 1.376635318364785689e+02 5.461208693945201809e+00 4.203634278589415962e-02 -2.933983513429883505e+00
2.188000000000000000e+03 1.371303175636357139e+02 5.473102290028737826e+00 4.199048013373758714e-02 -2.959312987638406334e+00
2.189000000000000000e+03 1.366020332711308924e+02 5.484782136661279672e+00 4.194468068347896594e-02 -2.985865589898402561e+00
2.190000000000000000e+03 1.360786174541017033e+02 5.496254828180187957e+00 4.189894624318952349e-02 -3.013617137270992341e+00
2.191000000000000000e+03 1.355592669908025130e+02 5.507489742804835942e+00 4.185327858977634652e-02 -3.042545916717850574e+00
2.192000000000000000e+03 1.350446656571160418e+02 5.518500752835966416e+00 4.180767946865996537e-02 -3.072625992840406717e+00
2.193000000000000000e+03 1.345347556298654297e+02 5.529264511183820119e+00 4.176215059362946291e-02 -3.103835372249671654e+00
2.194000000000000000e+03 1.340287374941512439e+02 5.539779876585869900e+00 4.171669364667004998e-02 -3.136151539674143951e+00
2.195000000000000000e+03 1.335280415897445607e+02 5.550038198656563004e+00 4.167131027793444242e-02 -3.169549222509746134e+00
2.196000000000000000e+03 1.330326138412196144e+02 5.560030744723808205e+00 4.162600210577557802e-02 -3.203998155310108675e+00
2.197000000000000000e+03 1.325416585972144787e+02 5.569756126701291166e+00 4.158077071685582077e-02 -3.239469758240919983e+00
2.198000000000000000e+03 1.320551243037118923e+02 5.579205442946279625e+00 4.153561766630418928e-02 -3.275924501770643094e+00
2.199000000000000000e+03 1.315737035062867619e+02 5.588377133555020748e+00 4.149054447792929756e-02 -3.313343098578378054e+00
2.200000000000000000e+03 1.310973471813449294e+02 5.597262122294116793e+00 4.144555264452562393e-02 -3.351687868923304947e+00
2.201000000000000000e+03 1.306260090692927065e+02 5.605858642756579968e+00 4.140064362824030092e-02 -3.390937143592132497e+00
2.202000000000000000e+03 1.301596501673522539e+02 5.614157292727368187e+00 4.135581886093202958e-02 -3.431051062726627965e+00
2.203000000000000000e+03 1.296982342348128441e+02 5.622155977270200111e+00 4.131107974461075555e-02 -3.472020619078246106e+00
2.204000000000000000e+03 1.292424691280547506e+02 5.629845080024627357e+00 4.126642765189594830e-02 -3.513814669573287919e+00
2.205000000000000000e+03 1.287915782924794996e+02 5.637222318729426362e+00 4.122186392654662856e-02 -3.556409641324904225e+00
2.206000000000000000e+03 1.283455292638579692e+02 5.644285315734804520e+00 4.117738988391608790e-02 -3.599796952568228292e+00
2.207000000000000000e+03 1.279050336639196388e+02 5.651016740204128475e+00 4.113300681155200589e-02 -3.643945863471460989e+00
2.208000000000000000e+03 1.274693186902332940e+02 5.657414020457591342e+00 4.108871596970135182e-02 -3.688833182079457540e+00
2.209000000000000000e+03 1.270390984506811805e+02 5.663474486255101858e+00 4.104451859187019380e-02 -3.734435828489895748e+00
2.210000000000000000e+03 1.266143454522313476e+02 5.669195367820914377e+00 4.100041588533555326e-02 -3.780730827366325375e+00
2.211000000000000000e+03 1.261942905943121644e+02 5.674573794909841595e+00 4.095640903172436537e-02 -3.827687872091047883e+00
2.212000000000000000e+03 1.257796516668458651e+02 5.679606795915634443e+00 4.091249918747053016e-02 -3.875284173961500045e+00
2.213000000000000000e+03 1.253704048377713036e+02 5.684276440321311519e+00 4.086868748431359694e-02 -3.923482169631517191e+00
2.214000000000000000e+03 1.249665274803633110e+02 5.688601836344625795e+00 4.082497502980432513e-02 -3.972266655353519749e+00
2.215000000000000000e+03 1.245672553302536869e+02 5.692564846672774515e+00 4.078136290762839067e-02 -4.021607637720022055e+00
2.216000000000000000e+03 1.241740538173830828e+02 5.696162086194942908e+00 4.073785217803966435e-02 -4.071467754511489900e+00
2.217000000000000000e+03 1.237861610475642777e+02 5.699397492977065660e+00 4.069444387819390330e-02 -4.121831980602553180e+00
2.218000000000000000e+03 1.234035591342061764e+02 5.702267470930848958e+00 4.065113902239771843e-02 -4.172663050376121952e+00
2.219000000000000000e+03 1.230254885198501995e+02 5.704768317578460923e+00 4.060793860229931079e-02 -4.223938592003483983e+00
2.220000000000000000e+03 1.226534193078649224e+02 5.706903651862345050e+00 4.056484358708584148e-02 -4.275636263288572714e+00
2.221000000000000000e+03 1.222865942439431706e+02 5.708662128599668151e+00 4.052185492352907564e-02 -4.327726315880976671e+00
2.222000000000000000e+03 1.219250000479429161e+02 5.710047151434282320e+00 4.047897353604814480e-02 -4.380171587860643534e+00
2.223000000000000000e+03 1.215693674057580438e+02 5.711062015733362252e+00 4.043620032661282560e-02 -4.432957209747205418e+00
2.224000000000000000e+03 1.212181996212526514e+02 5.711695051530364609e+00 4.039353617463612572e-02 -4.486046027033390615e+00
2.225000000000000000e+03 1.208729724536616601e+02 5.711941908265800727e+00 4.035098193677519318e-02 -4.539423162950384061e+00
2.226000000000000000e+03 1.205321914298325794e+02 5.711812982874273636e+00 4.030853844666060226e-02 -4.593051441061521523e+00
2.227000000000000000e+03 1.201973345171013534e+02 5.711288849466694906e+00 4.026620651453781397e-02 -4.646908519742988908e+00
2.228000000000000000e+03 1.198676522710419192e+02 5.710379685962966079e+00 4.022398692686822430e-02 -4.700972028248880719e+00
2.229000000000000000e+03 1.195423963337229765e+02 5.709080703868362860e+00 4.018188044578833301e-02 -4.755204702815336582e+00
2.230000000000000000e+03 1.192230479322249153e+02 5.707387004898940575e+00 4.013988780861667965e-02 -4.809584092907352115e+00
2.231000000000000000e+03 1.189088608621897833e+02 5.705301009303983761e+00 4.009800972714622214e-02 -4.864080269057582839e+00
2.232000000000000000e+03 1.185998328218718996e+02 5.702825027534938584e+00 4.005624688701324432e-02 -4.918670672502404528e+00
2.233000000000000000e+03 1.182952197362750155e+02 5.699953831961471096e+00 4.001459994693466748e-02 -4.973325251465488428e+00
2.234000000000000000e+03 1.179965070916583159e+02 5.696704370385724303e+00 3.997306953786008282e-02 -5.028013882542763824e+00
2.235000000000000000e+03 1.177022100849613366e+02 5.693063767750484949e+00 3.993165626217284186e-02 -5.082706363790383541e+00
2.236000000000000000e+03 1.174138162987688645e+02 5.689048753147809556e+00 3.989036069273443202e-02 -5.137372407868129542e+00
2.237000000000000000e+03 1.171298430160068449e+02 5.684646233269833537e+00 3.984918337201669852e-02 -5.191996491941085701e+00
2.238000000000000000e+03 1.168510370601049431e+02 5.679872719509747370e+00 3.980812481107505463e-02 -5.246540709189715379e+00
2.239000000000000000e+03 1.165766606149068991e+02 5.674707473154187554e+00 3.976718548857342134e-02 -5.300981903884847135e+00
2.240000000000000000e+03 1.163082053948322425e+02 5.669174217625921663e+00 3.972636584983087193e-02 -5.355304236425959985e+00
2.241000000000000000e+03 1.160434499596617144e+02 5.663251998715862712e+00 3.968566630573389098e-02 -5.409469463395757849e+00
2.242000000000000000e+03 1.157838880596676319e+02 5.656949468564949512e+00 3.964508723178122862e-02 -5.463461501186609226e+00
2.243000000000000000e+03 1.155295287851559891e+02 5.650275172786604294e+00 3.960462896706984370e-02 -5.517241849495730932e+00
2.244000000000000000e+03 1.152796393959856260e+02 5.643215265982943762e+00 3.956429181329208095e-02 -5.570801583447464012e+00
2.245000000000000000e+03 1.150342309858275911e+02 5.635770654105899169e+00 3.952407603379096135e-02 -5.624101920538285171e+00
2.246000000000000000e+03 1.147933156410013709e+02 5.627956995109403948e+00 3.948398185265385163e-02 -5.677133641264155095e+00
2.247000000000000000e+03 1.145569064339236149e+02 5.619774986242368264e+00 3.944400945381176804e-02 -5.729857656224864648e+00
2.248000000000000000e+03 1.143250174160808257e+02 5.611217793133929987e+00 3.940415898021000507e-02 -5.782249570214999856e+00
2.249000000000000000e+03 1.140976636104614386e+02 5.602293335619572545e+00 3.936443053306395989e-02 -5.834299676298704718e+00
2.250000000000000000e+03 1.138748610033845523e+02 5.593002003505486819e+00 3.932482417111878015e-02 -5.885968379870575973e+00
2.251000000000000000e+03 1.136566296949882968e+02 5.583351279209031404e+00 3.928533991006165349e-02 -5.937238438084646575e+00
2.252000000000000000e+03 1.134422605326175244e+02 5.573332748858145003e+00 3.924597772194634432e-02 -5.988085980972521760e+00
2.253000000000000000e+03 1.132317912925609846e+02 5.562952521364048053e+00 3.920673753474186035e-02 -6.038487194057472252e+00
2.254000000000000000e+03 1.130260035095532629e+02 5.552216607601005549e+00 3.916761923198974760e-02 -6.088432922865052888e+00
2.255000000000000000e+03 1.128234511246178329e+02 5.541108636357725103e+00 3.912862265249832106e-02 -6.137891525805558857e+00
2.256000000000000000e+03 1.126256603172571999e+02 5.529641853826137599e+00 3.908974759024365364e-02 -6.186853439009791344e+00
2.257000000000000000e+03 1.124319296463252300e+02 5.517814554571310204e+00 3.905099379421830830e-02 -6.235286601064589540e+00
2.258000000000000000e+03 1.122423013751717207e+02 5.505624939336452250e+00 3.901236096863008873e-02 -6.283181018056236411e+00
2.259000000000000000e+03 1.120560757856051026e+02 5.493078544530493268e+00 3.897384877294257643e-02 -6.330511616867791957e+00
2.260000000000000000e+03 1.118740396659264178e+02 5.480180815046606035e+00 3.893545682224403698e-02 -6.377260525387212553e+00
2.261000000000000000e+03 1.116962377877422057e+02 5.466929677111701302e+00 3.889718468763010001e-02 -6.423409639425051942e+00
2.262000000000000000e+03 1.115219728867728008e+02 5.453345252917169539e+00 3.885903189671757046e-02 -6.468948046445131439e+00
2.263000000000000000e+03 1.113505484776028851e+02 5.439432720126500698e+00 3.882099793431127710e-02 -6.513849736008498148e+00
2.264000000000000000e+03 1.111834973374050293e+02 5.425182313162599357e+00 3.878308224311821650e-02 -6.558095880434776426e+00
2.265000000000000000e+03 1.110201244733725616e+02 5.410613894624054510e+00 3.874528422465126770e-02 -6.601667402180185995e+00
2.266000000000000000e+03 1.108604784393566263e+02 5.395717529824699099e+00 3.870760324019039550e-02 -6.644589539786560195e+00
2.267000000000000000e+03 1.107038656413348434e+02 5.380512914963097693e+00 3.867003861186490282e-02 -6.686753563443504689e+00
2.268000000000000000e+03 1.105503359819953175e+02 5.364989951713194039e+00 3.863258962383293860e-02 -6.728213905088900049e+00
2.269000000000000000e+03 1.104006828343275970e+02 5.349160747093105961e+00 3.859525552355753952e-02 -6.768913305663534885e+00
2.270000000000000000e+03 1.102542145092445480e+02 5.333029901504846571e+00 3.855803552313777360e-02 -6.808942803708725400e+00
2.271000000000000000e+03 1.101109827325150974e+02 5.316587081847587548e+00 3.852092880082584603e-02 -6.848170314318719143e+00
2.272000000000000000e+03 1.099710397808198366e+02 5.299844164754806464e+00 3.848393450244989855e-02 -6.886612043245198045e+00
2.273000000000000000e+03 1.098344384521219297e+02 5.282812953050735949e+00 3.844705174305849960e-02 -6.924283916612693268e+00
2.274000000000000000e+03 1.097004892003775183e+02 5.265482892227734801e+00 3.841027960853224399e-02 -6.961127294265525123e+00
2.275000000000000000e+03 1.095692457747639708e+02 5.247880498796507531e+00 3.837361715727510142e-02 -6.997157533752470293e+00
2.276000000000000000e+03 1.094415051883839709e+02 5.230002506701616483e+00 3.833706342190083133e-02 -7.032389703934698311e+00
2.277000000000000000e+03 1.093158363464835361e+02 5.211845582309073244e+00 3.830061741099127087e-02 -7.066764298725259685e+00
2.278000000000000000e+03 1.091930370246243456e+02 5.193436039412167915e+00 3.826427811087352443e-02 -7.100295801468410772e+00
2.279000000000000000e+03 1.090731624964040378e+02 5.174762985701768514e+00 3.822804448738055527e-02 -7.132998398943984242e+00
2.280000000000000000e+03 1.089562683361953219e+02 5.155837751207935860e+00 3.819191548759258426e-02 -7.164811695504977429e+00
2.281000000000000000e+03 1.088416675518262622e+02 5.136656748204838863e+00 3.815589004155866409e-02 -7.195674994353681519e+00
2.282000000000000000e+03 1.087294162224236800e+02 5.117238614634068483e+00 3.811996706406169805e-02 -7.225675862454150611e+00
2.283000000000000000e+03 1.086188277963433535e+02 5.097579645690724526e+00 3.808414545627017422e-02 -7.254827278066075635e+00
2.284000000000000000e+03 1.085114443995330191e+02 5.077683508926891243e+00 3.804842410736399699e-02 -7.282993345417889230e+00
2.285000000000000000e+03 1.084058369589989326e+02 5.057553817618262393e+00 3.801280189611180166e-02 -7.310260710528958761e+00
2.286000000000000000e+03 1.083028050170931067e+02 5.037201560845157466e+00 3.797727769239572088e-02 -7.336567142140928866e+00
2.287000000000000000e+03 1.082016625260618525e+02 5.016637676886468888e+00 3.794185035862853578e-02 -7.361998664305673401e+00
2.288000000000000000e+03 1.081024663234406376e+02 4.995850769925994861e+00 3.790651875110823826e-02 -7.386418137584541910e+00
2.289000000000000000e+03 1.080052732680770333e+02 4.974873966974212358e+00 3.787128172126945358e-02 -7.409910958908784373e+00
2.290000000000000000e+03 1.079101402119829203e+02 4.953695779446689151e+00 3.783613811689488099e-02 -7.432413643045831186e+00
2.291000000000000000e+03 1.078163811380360499e+02 4.932334388459564956e+00 3.780108678309253289e-02 -7.454010955720985265e+00
2.292000000000000000e+03 1.077247956387199110e+02 4.910793076531852819e+00 3.776612656331006929e-02 -7.474638778851781851e+00
2.293000000000000000e+03 1.076346975506841375e+02 4.889089942800812771e+00 3.773125630014224907e-02 -7.494232676929500236e+00
2.294000000000000000e+03 1.075461434355243853e+02 4.867220763095021496e+00 3.769647483605802207e-02 -7.512950747034619070e+00
2.295000000000000000e+03 1.074591897215490803e+02 4.845188705169145571e+00 3.766178101402258699e-02 -7.530579350456013010e+00
2.296000000000000000e+03 1.073731498466658394e+02 4.823011758897004064e+00 3.762717367793002449e-02 -7.547275947485505121e+00
2.297000000000000000e+03 1.072888227425128065e+02 4.800685596371474517e+00 3.759265167300988864e-02 -7.562974829297263391e+00
2.298000000000000000e+03 1.072055214745759457e+02 4.778220715514899020e+00 3.755821384603316715e-02 -7.577758535488871239e+00
2.299000000000000000e+03 1.071240445636748575e+02 4.755620156894798889e+00 3.752385904544778411e-02 -7.591486436725763731e+00
2.300000000000000000e+03 1.070429617933898641e+02 4.732894362297658475e+00 3.748958612138418578e-02 -7.604166152538471835e+00
2.301000000000000000e+03 1.069630730608035520e+02 4.710038686847311418e+00 3.745539392553465241e-02 -7.615953015678067928e+00
2.302000000000000000e+03 1.068844425918947394e+02 4.687077356860446464e+00 3.742128131093376553e-02 -7.626628479967834551e+00
2.303000000000000000e+03 1.068056505218167302e+02 4.663997230715658304e+00 3.738724713164609526e-02 -7.636418847662513443e+00
2.304000000000000000e+03 1.067289908702137495e+02 4.640814860610657178e+00 3.735329024234560619e-02 -7.645104404262021092e+00
2.305000000000000000e+03 1.066523003439960462e+02 4.617539352709335354e+00 3.731940949779674610e-02 -7.652836537950274298e+00
2.306000000000000000e+03 1.065763866766136942e+02 4.594164940692874843e+00 3.728560375227771978e-02 -7.659543472609084525e+00
2.307000000000000000e+03 1.065013144428686758e+02 4.570708129414795984e+00 3.725187185889895780e-02 -7.665227402984047700e+00
2.308000000000000000e+03 1.064264050496977205e+02 4.547170555055099150e+00 3.721821266891243291e-02 -7.669890212458898127e+00
2.309000000000000000e+03 1.063517223977779338e+02 4.523553843727205148e+00 3.718462503088449528e-02 -7.673533474452163716e+00
2.310000000000000000e+03 1.062780728737756277e+02 4.499874470084991529e+00 3.715110778990822482e-02 -7.676232737435586984e+00
2.311000000000000000e+03 1.062047768381300159e+02 4.476126617477540037e+00 3.711765978676452582e-02 -7.677914676060505705e+00
2.312000000000000000e+03 1.061311542884824348e+02 4.452326749955334506e+00 3.708427985698187906e-02 -7.678505659913827941e+00
2.313000000000000000e+03 1.060580105235353017e+02 4.428469044071153604e+00 3.705096683001406904e-02 -7.678154605892600237e+00
2.314000000000000000e+03 1.059854076321207970e+02 4.404577389231310036e+00 3.701771952834774504e-02 -7.676861562673531481e+00
2.315000000000000000e+03 1.059126644875834131e+02 4.380638534439032838e+00 3.698453676661251494e-02 -7.674477712809131269e+00
2.316000000000000000e+03 1.058398424123538177e+02 4.356668945337620613e+00 3.695141735075371109e-02 -7.671151075951549103e+00
2.317000000000000000e+03 1.057670023374923431e+02 4.332677664344518398e+00 3.691836007724835084e-02 -7.666806526655844500e+00
2.318000000000000000e+03 1.056942047972053302e+02 4.308658884179964232e+00 3.688536373232752935e-02 -7.661442930821328545e+00
2.319000000000000000e+03 1.056207670881900924e+02 4.284621663139526859e+00 3.685242709126954064e-02 -7.655133148232347473e+00
2.320000000000000000e+03 1.055474917688410272e+02 4.260575070256800601e+00 3.681954891783031231e-02 -7.647875468202394167e+00
2.321000000000000000e+03 1.054736953129535806e+02 4.236520758807283293e+00 3.678672796363724462e-02 -7.639593612330193295e+00
2.322000000000000000e+03 1.053994366081920049e+02 4.212475253203070480e+00 3.675396296776078237e-02 -7.630359587869056881e+00
2.323000000000000000e+03 1.053255169489912078e+02 4.188432809074520868e+00 3.672125265637125879e-02 -7.620170840185687133e+00
2.324000000000000000e+03 1.052505086887947101e+02 4.164409985192754071e+00 3.668859574246344929e-02 -7.609024539331975312e+00
2.325000000000000000e+03 1.051752122419121775e+02 4.140408503526456840e+00 3.665599092575717172e-02 -7.596991866718540543e+00
2.326000000000000000e+03 1.050989418994115283e+02 4.116444964437197207e+00 3.662343689262441415e-02 -7.583995167878468280e+00
2.327000000000000000e+03 1.050224971594947334e+02 4.092513706707664234e+00 3.659093231624128278e-02 -7.570030806344683505e+00
2.328000000000000000e+03 1.049451913768883458e+02 4.068638807757316123e+00 3.655847585680772893e-02 -7.555243450619518519e+00
2.329000000000000000e+03 1.048678230916150511e+02 4.044807230237443818e+00 3.652606616190530453e-02 -7.539554660224857763e+00
2.330000000000000000e+03 1.047889618416957802e+02 4.021043107263532868e+00 3.649370186700076624e-02 -7.522960023368565174e+00
2.331000000000000000e+03 1.047094051602673090e+02 3.997333460624254986e+00 3.646138159607718171e-02 -7.505529160693092727e+00
2.332000000000000000e+03 1.046292072215843234e+02 3.973695057626016158e+00 3.642910396240724852e-02 -7.487182878606934544e+00
2.333000000000000000e+03 1.045484216612854453e+02 3.950122414313455010e+00 3.639686756941044876e-02 -7.467990307222120983e+00
2.334000000000000000e+03 1.044663587257629160e+02 3.926632367222203879e+00 3.636467101172892458e-02 -7.447946053860785121e+00
2.335000000000000000e+03 1.043830709257847218e+02 3.903226933257263109e+00 3.633251287634059468e-02 -7.427044490656415476e+00
2.336000000000000000e+03 1.042986101842540876e+02 3.879900739650290475e+00 3.630039174385099598e-02 -7.405354042237659584e+00
2.337000000000000000e+03 1.042137706532752190e+02 3.856678167294671500e+00 3.626830618983743065e-02 -7.382868622985231610e+00
2.338000000000000000e+03 1.041271173554034135e+02 3.833546497152962917e+00 3.623625478638442532e-02 -7.359507641372161402e+00
2.339000000000000000e+03 1.040394431745175439e+02 3.810522766944177242e+00 3.620423610362769745e-02 -7.335413138390207699e+00
2.340000000000000000e+03 1.039507974958856238e+02 3.787616630902032266e+00 3.617224871147090709e-02 -7.310578374527705314e+00
2.341000000000000000e+03 1.038604861858530342e+02 3.764822932908173048e+00 3.614029118130532986e-02 -7.284922117834013555e+00
2.342000000000000000e+03 1.037693000762145772e+02 3.742151421349860563e+00 3.610836208784676260e-02 -7.258511499058167615e+00
2.343000000000000000e+03 1.036765436031139842e+02 3.719611893848825623e+00 3.607646001100998923e-02 -7.231413449341772548e+00
2.344000000000000000e+03 1.035822632909205936e+02 3.697199341962176256e+00 3.604458353787107910e-02 -7.203620421478824198e+00
2.345000000000000000e+03 1.034865048959121623e+02 3.674931094306691293e+00 3.601273126457638085e-02 -7.175050394739754367e+00
2.346000000000000000e+03 1.033900562200235527e+02 3.652794819451078645e+00 3.598090179835102681e-02 -7.145844013764666158e+00
2.347000000000000000e+03 1.032914757495983054e+02 3.630807954032592377e+00 3.594909375946481189e-02 -7.115918892488328318e+00
2.348000000000000000e+03 1.031915496446335965e+02 3.608965705590004625e+00 3.591730578323875517e-02 -7.085341036646567225e+00
2.349000000000000000e+03 1.030895775431098826e+02 3.587278195569297168e+00 3.588553652201052074e-02 -7.054101998314074251e+00
2.350000000000000000e+03 1.029863438810223784e+02 3.565755603847020616e+00 3.585378464701199919e-02 -7.022267448003272072e+00
2.351000000000000000e+03 1.028818886759471383e+02 3.544393295714434622e+00 3.582204885029529468e-02 -6.989753597747103697e+00
2.352000000000000000e+03 1.027755054326221398e+02 3.523194055565360028e+00 3.579032784656408644e-02 -6.956696429145632798e+00
2.353000000000000000e+03 1.026672288707077456e+02 3.502175568900769864e+00 3.575862037488227591e-02 -6.923008192223574220e+00
2.354000000000000000e+03 1.025570927646351151e+02 3.481333299183710039e+00 3.572692520039384007e-02 -6.888823843256161261e+00
2.355000000000000000e+03 1.024458727626571317e+02 3.460670202306383558e+00 3.569524111582469267e-02 -6.853981065547934293e+00
2.356000000000000000e+03 1.023321150319113571e+02 3.440204155974103450e+00 3.566356694302932895e-02 -6.818614542781296528e+00
2.357000000000000000e+03 1.022173360899891179e+02 3.419923390605234204e+00 3.563190153426330775e-02 -6.782784546862060004e+00
2.358000000000000000e+03 1.021000801124472446e+02 3.399845917101954385e+00 3.560024377346521912e-02 -6.746402659801772117e+00
2.359000000000000000e+03 1.019818616021165099e+02 3.379960100984428450e+00 3.556859257733899909e-02 -6.709528913136731276e+00
2.360000000000000000e+03 1.018612226994774801e+02 3.360276661745994708e+00 3.553694689627105718e-02 -6.672074659348347758e+00
2.361000000000000000e+03 1.017389330199397079e+02 3.340791531972495676e+00 3.550530571515873868e-02 -6.634248278327325998e+00
2.362000000000000000e+03 1.016142754724013884e+02 3.321522999931268760e+00 3.547366805406209495e-02 -6.595886631316585813e+00
2.363000000000000000e+03 1.014880175946550196e+02 3.302459711924266017e+00 3.544203296868708025e-02 -6.557123617912693270e+00
2.364000000000000000e+03 1.013594402102453103e+02 3.283605243161496823e+00 3.541039955076046714e-02 -6.517870197038429403e+00
2.365000000000000000e+03 1.012293087671988445e+02 3.264970670149961673e+00 3.537876692811570828e-02 -6.478260093456429836e+00
2.366000000000000000e+03 1.010976448332584141e+02 3.246559714699281951e+00 3.534713426482974374e-02 -6.438204102258890060e+00
2.367000000000000000e+03 1.009629832628449861e+02 3.228361316244950707e+00 3.531550076102583230e-02 -6.397761511888676367e+00
2.368000000000000000e+03 1.008268292108564594e+02 3.210394202590522550e+00 3.528386565255957341e-02 -6.356917259141658505e+00
2.369000000000000000e+03 1.006892011278045089e+02 3.192654892063819361e+00 3.525222821061051170e-02 -6.315804785183283698e+00
2.370000000000000000e+03 1.005486307667003416e+02 3.175147407493339458e+00 3.522058774104544487e-02 -6.274260340039488071e+00
2.371000000000000000e+03 1.004066202016431788e+02 3.157875848400777841e+00 3.518894358373950149e-02 -6.232417256117395610e+00
2.372000000000000000e+03 1.002624419925775214e+02 3.140836963161202533e+00 3.515729511166830468e-02 -6.190260252683487785e+00
2.373000000000000000e+03 1.001168533717751501e+02 3.124035006181572705e+00 3.512564172991804873e-02 -6.147848291854987046e+00
2.374000000000000000e+03 9.996838208141416260e+01 3.107481738346534073e+00 3.509398287456555465e-02 -6.105166017067163331e+00
2.375000000000000000e+03 9.981852623271780089e+01 3.091159285680725954e+00 3.506231801151889205e-02 -6.062198042034875556e+00
2.376000000000000000e+03 9.966655447590738959e+01 3.075086994882677782e+00 3.503064663514920268e-02 -6.019003239698687224e+00
2.377000000000000000e+03 9.951173452146629472e+01 3.059262006872426998e+00 3.499896826692510537e-02 -5.975566180646593395e+00
2.378000000000000000e+03 9.935556166235555509e+01 3.043681542160083797e+00 3.496728245395422374e-02 -5.931915992125684767e+00
2.379000000000000000e+03 9.919730178184011038e+01 3.028350329482174086e+00 3.493558876747036163e-02 -5.888081793327862634e+00
2.380000000000000000e+03 9.903770554730577658e+01 3.013273177705901418e+00 3.490388680125471738e-02 -5.844077844054261561e+00
2.381000000000000000e+03 9.887529425441758235e+01 2.998440119351587274e+00 3.487217617009535919e-02 -5.799910978406526141e+00
2.382000000000000000e+03 9.871081685701730635e+01 2.983863552535584773e+00 3.484045650812975931e-02 -5.755595466802861715e+00
2.383000000000000000e+03 9.854427864710689278e+01 2.969541099379271021e+00 3.480872746729841982e-02 -5.711153021266646590e+00
2.384000000000000000e+03 9.837568411016290781e+01 2.955477891188991180e+00 3.477698871569994549e-02 -5.666590515635729908e+00
2.385000000000000000e+03 9.820577978052847357e+01 2.941664283503299782e+00 3.474523993609647532e-02 -5.621929704193536104e+00
2.386000000000000000e+03 9.803308292163002591e+01 2.928105569561057830e+00 3.471348082436289534e-02 -5.577184941816983432e+00
2.387000000000000000e+03 9.785833855626907507e+01 2.914807123637122466e+00 3.468171108804481845e-02 -5.532385474193014296e+00
2.388000000000000000e+03 9.768229098139308064e+01 2.901766972697530367e+00 3.464993044494741464e-02 -5.487545729549271556e+00
2.389000000000000000e+03 9.750419811747866561e+01 2.888990653074717141e+00 3.461813862184185547e-02 -5.442680180450525818e+00
2.390000000000000000e+03 9.732331719749150523e+01 2.876468925360930573e+00 3.458633535324796143e-02 -5.397803348857720174e+00
2.391000000000000000e+03 9.714113329024401366e+01 2.864207487722892687e+00 3.455452038032938433e-02 -5.352944667849070193e+00
2.392000000000000000e+03 9.695764514282890900e+01 2.852212119084592601e+00 3.452269344988492805e-02 -5.308118773200091844e+00
2.393000000000000000e+03 9.677136519736558284e+01 2.840473822279794280e+00 3.449085431346873842e-02 -5.263332936673699614e+00
2.394000000000000000e+03 9.658377661700538397e+01 2.828998537275833058e+00 3.445900272665889524e-02 -5.218601927618222724e+00
2.395000000000000000e+03 9.639413345565107250e+01 2.817784855915613562e+00 3.442713844844002419e-02 -5.173948017821146550e+00
2.396000000000000000e+03 9.620317484695692656e+01 2.806824021680377701e+00 3.439526124072667806e-02 -5.129386129617207857e+00
2.397000000000000000e+03 9.601015367703628556e+01 2.796129642823583339e+00 3.436337086807138980e-02 -5.084923840650419358e+00
2.398000000000000000e+03 9.581506510124015108e+01 2.785693121972583786e+00 3.433146709747050135e-02 -5.040583673638906248e+00
2.399000000000000000e+03 9.561864655473111441e+01 2.775513369203159275e+00 3.429954969835347783e-02 -4.996373387638722185e+00
2.400000000000000000e+03 9.542014925684036086e+01 2.765589373333316559e+00 3.426761844271033336e-02 -4.952315696058787076e+00
2.401000000000000000e+03 9.521956460997030547e+01 2.755920353523904520e+00 3.423567310538973285e-02 -4.908425713300519355e+00
2.402000000000000000e+03 9.501836069839384891e+01 2.746506214821934577e+00 3.420371346447764055e-02 -4.864710140651785863e+00
2.403000000000000000e+03 9.481428879250469777e+01 2.737347091759176454e+00 3.417173930193011244e-02 -4.821197802754671358e+00
2.404000000000000000e+03 9.460955665352074107e+01 2.728443195893809570e+00 3.413975040427189717e-02 -4.777887926421007236e+00
2.405000000000000000e+03 9.440265735214640586e+01 2.719802243659592111e+00 3.410774656337568073e-02 -4.734802143421694254e+00
2.406000000000000000e+03 9.419431195173572746e+01 2.711409742435105130e+00 3.407572757752392462e-02 -4.691947353013215860e+00
2.407000000000000000e+03 9.398449817024788899e+01 2.703273560087342986e+00 3.404369325243370575e-02 -4.649345439554863013e+00
2.408000000000000000e+03 9.377245038147201228e+01 2.695386782634416889e+00 3.401164340242844586e-02 -4.606996134910581020e+00
2.409000000000000000e+03 9.355963095560694853e+01 2.687749998682312125e+00 3.397957785178486179e-02 -4.564914164288588871e+00
2.410000000000000000e+03 9.334453041391527961e+01 2.680371298783436274e+00 3.394749643601096406e-02 -4.523121821913035134e+00
2.411000000000000000e+03 9.312861010820334684e+01 2.673236561366608477e+00 3.391539900338821217e-02 -4.481619261576962110e+00
2.412000000000000000e+03 9.291035953946037296e+01 2.666346593792418673e+00 3.388328541637580793e-02 -4.440421642277629033e+00
2.413000000000000000e+03 9.269123903657093422e+01 2.659709703280185522e+00 3.385115555318202879e-02 -4.399544275328739928e+00
2.414000000000000000e+03 9.247047990944395224e+01 2.653311982757703635e+00 3.381900930933740002e-02 -4.358995199749855942e+00
2.415000000000000000e+03 9.224805578733057132e+01 2.647161880187365757e+00 3.378684659927026074e-02 -4.318790042631625248e+00
2.416000000000000000e+03 9.202468261708031605e+01 2.641253056013718847e+00 3.375466735789609679e-02 -4.278937166023727201e+00
2.417000000000000000e+03 9.179959015648611853e+01 2.635586667387608717e+00 3.372247154215363835e-02 -4.239452527145474825e+00
2.418000000000000000e+03 9.157349331309457341e+01 2.630156510613914200e+00 3.369025913262343325e-02 -4.200352253466099306e+00
2.419000000000000000e+03 9.134562080323071598e+01 2.624971305326074589e+00 3.365803013489237355e-02 -4.161637789353168415e+00
2.420000000000000000e+03 9.111742932678572515e+01 2.620010123483860642e+00 3.362578458110886126e-02 -4.123325612739663804e+00
2.421000000000000000e+03 9.088740372236178189e+01 2.615289243601273128e+00 3.359352253128124188e-02 -4.085417524904303654e+00
2.422000000000000000e+03 9.065625681353925813e+01 2.610795294646463649e+00 3.356124407459643716e-02 -4.047937795318134135e+00
2.423000000000000000e+03 9.042470090577582198e+01 2.606529825172590353e+00 3.352894933055412113e-02 -4.010881166200323200e+00
2.424000000000000000e+03 9.019121928429098034e+01 2.602487017273914738e+00 3.349663845006475849e-02 -3.974264853888518800e+00
2.425000000000000000e+03 8.995726606328189234e+01 2.598675970621532549e+00 3.346431161638988017e-02 -3.938098838265902124e+00
2.426000000000000000e+03 8.972206634595750074e+01 2.595076131325439572e+00 3.343196904593684349e-02 -3.902385865497394857e+00
2.427000000000000000e+03 8.948558757109516648e+01 2.591696717679150552e+00 3.339961098898219793e-02 -3.867136307373401749e+00
2.428000000000000000e+03 8.924853952081241459e+01 2.588532148980581038e+00 3.336723773014070582e-02 -3.832360735508277383e+00
2.429000000000000000e+03 8.901088865966218577e+01 2.585584329485319799e+00 3.333484958874834148e-02 -3.798069923793750746e+00
2.430000000000000000e+03 8.877185814519815210e+01 2.582840362239139598e+00 3.330244691912728761e-02 -3.764259994055253244e+00
2.431000000000000000e+03 8.853215634507039056e+01 2.580302261343770720e+00 3.327003011053344256e-02 -3.730956988412702291e+00
2.432000000000000000e+03 8.829174834544882344e+01 2.577972094102936040e+00 3.323759958712648593e-02 -3.698157444639419200e+00
2.433000000000000000e+03 8.805059880103607384e+01 2.575837123151091479e+00 3.320515580760673852e-02 -3.665872968325198933e+00
2.434000000000000000e+03 8.780941478656760069e+01 2.573899518666717956e+00 3.317269926480809206e-02 -3.634107949787264147e+00
2.435000000000000000e+03 8.756667447465963505e+01 2.572161500467997186e+00 3.314023048500439050e-02 -3.602866994281404001e+00
2.436000000000000000e+03 8.732382700037901202e+01 2.570610480092754724e+00 3.310775002720526411e-02 -3.572162352112108419e+00
2.437000000000000000e+03 8.708009263687006296e+01 2.569241344614829448e+00 3.307525848213612590e-02 -3.541999063590147045e+00
2.438000000000000000e+03 8.683617699263815837e+01 2.568063883745569154e+00 3.304275647114526815e-02 -3.512374960588677375e+00
2.439000000000000000e+03 8.659129969490211920e+01 2.567058218469865594e+00 3.301024464496297994e-02 -3.483302953047801243e+00
2.440000000000000000e+03 8.634616575436619712e+01 2.566234226572736254e+00 3.297772368227205181e-02 -3.454788745275075179e+00
2.441000000000000000e+03 8.610073708595281516e+01 2.565579542899697696e+00 3.294519428822430263e-02 -3.426838265544564610e+00
2.442000000000000000e+03 8.585497537067625728e+01 2.565096699808459668e+00 3.291265719277967211e-02 -3.399450238892729015e+00
2.443000000000000000e+03 8.560809924840361873e+01 2.564773412457307611e+00 3.288011314894990350e-02 -3.372631044862527627e+00
2.444000000000000000e+03 8.536155568656644732e+01 2.564612290885060819e+00 3.284756293094758667e-02 -3.346387290094669176e+00
2.445000000000000000e+03 8.511530583435329333e+01 2.564615981979775139e+00 3.281500733225004712e-02 -3.320725809166878761e+00
2.446000000000000000e+03 8.486782505260778464e+01 2.564764883088075820e+00 3.278244716362313516e-02 -3.295638808631134342e+00
2.447000000000000000e+03 8.462130278935065064e+01 2.565069139118618669e+00 3.274988325100453707e-02 -3.271148437751614679e+00
2.448000000000000000e+03 8.437421426019061244e+01 2.565516642734111397e+00 3.271731643349137103e-02 -3.247239933888157903e+00
2.449000000000000000e+03 8.412652032433474858e+01 2.566102746389094413e+00 3.268474756114916197e-02 -3.223928478084130855e+00
2.450000000000000000e+03 8.387966751545836530e+01 2.566830260960119681e+00 3.265217749290447169e-02 -3.201207196950702549e+00
2.451000000000000000e+03 8.363212961085858410e+01 2.567687331193658551e+00 3.261960709443236656e-02 -3.179084612102031748e+00
2.452000000000000000e+03 8.338534598779165208e+01 2.568670204998970696e+00 3.258703723605921310e-02 -3.157555849233018463e+00
2.453000000000000000e+03 8.313778332777428659e+01 2.569782746439659871e+00 3.255446879063402660e-02 -3.136638857573290640e+00
2.454000000000000000e+03 8.289087977784214445e+01 2.571021415769275453e+00 3.252190263160382316e-02 -3.116336960635337050e+00
2.455000000000000000e+03 8.264384513431554069e+01 2.572375268038554985e+00 3.248933963100066741e-02 -3.096638856065116574e+00
2.456000000000000000e+03 8.239737504607845153e+01 2.573840808400297941e+00 3.245678065762142711e-02 -3.077555757149497584e+00
2.457000000000000000e+03 8.215142253674819983e+01 2.575421990711726394e+00 3.242422657518021639e-02 -3.059084250727868159e+00
2.458000000000000000e+03 8.190519803089577522e+01 2.577107931084387182e+00 3.239167824071961105e-02 -3.041236010163676173e+00
2.459000000000000000e+03 8.165865504918478734e+01 2.578902619884997804e+00 3.235913650300012434e-02 -3.024008081422687511e+00
2.460000000000000000e+03 8.141323306725522002e+01 2.580795206933817809e+00 3.232660220111711197e-02 -3.007397739162631645e+00
2.461000000000000000e+03 8.116814336313942135e+01 2.582789713505282858e+00 3.229407616318915458e-02 -2.991409914383384994e+00
2.462000000000000000e+03 8.092259754348143019e+01 2.584875317527408178e+00 3.226155920520338422e-02 -2.976049765288916404e+00
2.463000000000000000e+03 8.067877890331830315e+01 2.587048637234214077e+00 3.222905213005803488e-02 -2.961307819711928691e+00
2.464000000000000000e+03 8.043441409399267172e+01 2.589313729769363803e+00 3.219655572668994603e-02 -2.947189687554432780e+00
2.465000000000000000e+03 8.019094432502878078e+01 2.591659804741383688e+00 3.216407076944834131e-02 -2.933693774691913614e+00
2.466000000000000000e+03 7.994758269894082048e+01 2.594083507883425899e+00 3.213159801755380296e-02 -2.920818710194962087e+00
2.467000000000000000e+03 7.970502839975583242e+01 2.596581491315501644e+00 3.209913821473891343e-02 -2.908563345118452048e+00
2.468000000000000000e+03 7.946323819972069202e+01 2.599157840511129525e+00 3.206669208914311037e-02 -2.896926751209327744e+00
2.469000000000000000e+03 7.922216930450044003e+01 2.601794359517383803e+00 3.203426035323692078e-02 -2.885908219534298880e+00
2.470000000000000000e+03 7.898103652673839292e+01 2.604502568032640575e+00 3.200184370399259542e-02 -2.875507259028370566e+00
2.471000000000000000e+03 7.874128363318585855e+01 2.607264273236054919e+00 3.196944282323001263e-02 -2.865716166615211780e+00
2.472000000000000000e+03 7.850212634007010593e+01 2.610083566876896022e+00 3.193705837803051395e-02 -2.856534882301184020e+00
2.473000000000000000e+03 7.826352365725874449e+01 2.612957110517523329e+00 3.190469102137834939e-02 -2.847963559142718815e+00
2.474000000000000000e+03 7.802543505591141582e+01 2.615874134184392297e+00 3.187234139287582757e-02 -2.839995133138719652e+00
2.475000000000000000e+03 7.778856330487346327e+01 2.618838720077159898e+00 3.184001011966547390e-02 -2.832637606450134182e+00
2.476000000000000000e+03 7.755212596574854444e+01 2.621847516184267146e+00 3.180769781737818186e-02 -2.825876903744334534e+00
2.477000000000000000e+03 7.731682673202278977e+01 2.624889734957507326e+00 3.177540509128769924e-02 -2.819706583619987050e+00
2.478000000000000000e+03 7.708262692199522803e+01 2.627962008696012486e+00 3.174313253744163316e-02 -2.814127836559661588e+00
2.479000000000000000e+03 7.684948831090272847e+01 2.631068388238833045e+00 3.171088074398845102e-02 -2.809127197761680961e+00
2.480000000000000000e+03 7.661663029220648014e+01 2.634198056616519956e+00 3.167865029249586351e-02 -2.804713686704692677e+00
2.481000000000000000e+03 7.638550121334034770e+01 2.637355041164499703e+00 3.164644175935598519e-02 -2.800859378090747143e+00
2.482000000000000000e+03 7.615532136067206181e+01 2.640528498844967320e+00 3.161425571723171235e-02 -2.797581111375663898e+00
2.483000000000000000e+03 7.592605429430882680e+01 2.643722428381706013e+00 3.158209273650906812e-02 -2.794866204877747062e+00
2.484000000000000000e+03 7.569766400750350499e+01 2.646925955604209069e+00 3.154995338680482292e-02 -2.792702166724368329e+00
2.485000000000000000e+03 7.547085775596976021e+01 2.650135617255390486e+00 3.151783823835543896e-02 -2.791091549033361652e+00
2.486000000000000000e+03 7.524560038211188839e+01 2.653355359760536825e+00 3.148574786353395411e-02 -2.790022231929126573e+00
2.487000000000000000e+03 7.502111430942527193e+01 2.656566824607884847e+00 3.145368283823080785e-02 -2.789489705947716836e+00
2.488000000000000000e+03 7.479810804221821741e+01 2.659781345594833368e+00 3.142164374321765319e-02 -2.789497069329158307e+00
2.489000000000000000e+03 7.457580482052870252e+01 2.662987949183950764e+00 3.138963116544121051e-02 -2.790025311847826206e+00
2.490000000000000000e+03 7.435491395572768170e+01 2.666175638375183343e+00 3.135764569921994926e-02 -2.791070453735148060e+00
2.491000000000000000e+03 7.413614515657005200e+01 2.669355676592055193e+00 3.132568794739441081e-02 -2.792628686091358947e+00
2.492000000000000000e+03 7.391798002092215825e+01 2.672517016430067116e+00 3.129375852234317357e-02 -2.794688939589723198e+00
2.493000000000000000e+03 7.370112904351064742e+01 2.675656011922367572e+00 3.126185804687567349e-02 -2.797247738174359455e+00
2.494000000000000000e+03 7.348593169181697249e+01 2.678776417419551859e+00 3.122998715501340214e-02 -2.800286910951106378e+00
2.495000000000000000e+03 7.327205927150856724e+01 2.681859673083851536e+00 3.119814649270661808e-02 -2.803803302475355252e+00
2.496000000000000000e+03 7.305970346294495243e+01 2.684916902252076909e+00 3.116633671824335650e-02 -2.807793912884623655e+00
2.497000000000000000e+03 7.284875920419617046e+01 2.687936911911061433e+00 3.113455850267133132e-02 -2.812241037978940650e+00
2.498000000000000000e+03 7.263934467822898000e+01 2.690923333392629679e+00 3.110281253002843485e-02 -2.817141979351506453e+00
2.499000000000000000e+03 7.243135561571423864e+01 2.693857479582983050e+00 3.107109949734156856e-02 -2.822486756017606346e+00
2.500000000000000000e+03 7.222491100103680139e+01 2.696750342352113972e+00 3.103942011457543754e-02 -2.828265529396104760e+00
2.501000000000000000e+03 7.201998190422577295e+01 2.699590630542588521e+00 3.100777510435985193e-02 -2.834469119477436294e+00
2.502000000000000000e+03 7.181661506861539124e+01 2.702374594719535672e+00 3.097616520154806985e-02 -2.841090560113502139e+00
2.503000000000000000e+03 7.161478362253339469e+01 2.705098485515434525e+00 3.094459115266199808e-02 -2.848130965110307056e+00
2.504000000000000000e+03 7.141453541266056959e+01 2.707765943584481860e+00 3.091305371515987513e-02 -2.855576720044624928e+00
2.505000000000000000e+03 7.121591873123175276e+01 2.710373141970253030e+00 3.088155365653545009e-02 -2.863414335374594888e+00
2.506000000000000000e+03 7.101883376076040122e+01 2.712908785192781558e+00 3.085009175332190101e-02 -2.871652727861116805e+00
2.507000000000000000e+03 7.082347828774271647e+01 2.715376393405697364e+00 3.081866878992381084e-02 -2.880263790098546828e+00
2.508000000000000000e+03 7.062975344821116153e+01 2.717779444821677881e+00 3.078728555729075625e-02 -2.889256670313851139e+00
2.509000000000000000e+03 7.043763515961794042e+01 2.720106518157603404e+00 3.075594285158720492e-02 -2.898618341826732170e+00
2.510000000000000000e+03 7.024724841941136333e+01 2.722353576851211265e+00 3.072464147258341730e-02 -2.908335884330077725e+00
2.511000000000000000e+03 7.005857018669897229e+01 2.724531396597411170e+00 3.069338222212748130e-02 -2.918411336789342947e+00
2.512000000000000000e+03 6.987165224891703019e+01 2.726620994453603064e+00 3.066216590237680339e-02 -2.928824551861335390e+00
2.513000000000000000e+03 6.968632410435361635e+01 2.728625626518960789e+00 3.063099331408746656e-02 -2.939577762138839478e+00
2.514000000000000000e+03 6.950278724695138521e+01 2.730548502132386979e+00 3.059986525474618635e-02 -2.950658434517497763e+00
2.515000000000000000e+03 6.932102091519264775e+01 2.732385354792234544e+00 3.056878251672613331e-02 -2.962054122991428340e+00
2.516000000000000000e+03 6.914093067600238385e+01 2.734124441447866705e+00 3.053774588535227222e-02 -2.973759893077577932e+00
2.517000000000000000e+03 6.896257129201504199e+01 2.735768826863667513e+00 3.050675613702776012e-02 -2.985770889520523941e+00
2.518000000000000000e+03 6.878592388755500053e+01 2.737321526253860604e+00 3.047581403727814622e-02 -2.998074903980402883e+00
2.519000000000000000e+03 6.861104453172616502e+01 2.738778076289703378e+00 3.044492033886619237e-02 -3.010659799406329995e+00
2.520000000000000000e+03 6.843791568695776562e+01 2.740126534479295550e+00 3.041407577995907524e-02 -3.023520934396970894e+00
2.521000000000000000e+03 6.826652050739589583e+01 2.741377191971074545e+00 3.038328108222632801e-02 -3.036646302499495853e+00
2.522000000000000000e+03 6.809691713650896361e+01 2.742525431227647470e+00 3.035253694916106859e-02 -3.050031384900838471e+00
2.523000000000000000e+03 6.792901586977851025e+01 2.743574010524728379e+00 3.032184406430961376e-02 -3.063656861360870565e+00
2.524000000000000000e+03 6.776287630088924629e+01 2.744510778371555215e+00 3.029120308970138786e-02 -3.077518319592641216e+00
2.525000000000000000e+03 6.759855876577952927e+01 2.745338386406352971e+00 3.026061466433479022e-02 -3.091603966188220642e+00
2.526000000000000000e+03 6.743597578546926741e+01 2.746052003863449720e+00 3.023007940278491304e-02 -3.105902050944738146e+00
2.527000000000000000e+03 6.727511492508772051e+01 2.746661602165464178e+00 3.019959789390548946e-02 -3.120408291191796302e+00
2.528000000000000000e+03 6.711611308450387980e+01 2.747154812737142571e+00 3.016917069969725709e-02 -3.135111011071211706e+00
2.529000000000000000e+03 6.695881080297684207e+01 2.747534068345548253e+00 3.013879835426104895e-02 -3.149991137522522688e+00
2.530000000000000000e+03 6.680327224781704842e+01 2.747801746012351387e+00 3.010848136298259134e-02 -3.165051909676436015e+00
2.531000000000000000e+03 6.664948808295086735e+01 2.747952738300464492e+00 3.007822020178229500e-02 -3.180274304754480585e+00
2.532000000000000000e+03 6.649744975339226016e+01 2.747981881325292974e+00 3.004801531653999644e-02 -3.195646747482021599e+00
2.533000000000000000e+03 6.634714948458267259e+01 2.747891382790107695e+00 3.001786712275898716e-02 -3.211165106112551904e+00
2.534000000000000000e+03 6.619865456359258360e+01 2.747683393345320635e+00 2.998777600527716830e-02 -3.226810403415318440e+00
2.535000000000000000e+03 6.605181020116988577e+01 2.747345149621784444e+00 2.995774231821089414e-02 -3.242585954480723842e+00
2.536000000000000000e+03 6.590668522718608813e+01 2.746886115740284406e+00 2.992776638501709954e-02 -3.258465364340132009e+00
2.537000000000000000e+03 6.576334923295767965e+01 2.746300841342902199e+00 2.989784849880091494e-02 -3.274451950858404903e+00
2.538000000000000000e+03 6.562164971200236607e+01 2.745583818100712392e+00 2.986798892266412375e-02 -3.290526742393110382e+00
2.539000000000000000e+03 6.548165775080113349e+01 2.744744336245887872e+00 2.983818789030344767e-02 -3.306685615678669699e+00
2.540000000000000000e+03 6.534337088307930230e+01 2.743769342676620315e+00 2.980844560670066826e-02 -3.322909578581597412e+00
2.541000000000000000e+03 6.520678736021372401e+01 2.742675439289534722e+00 2.977876224896059201e-02 -3.339194479682495498e+00
2.542000000000000000e+03 6.507183185333018116e+01 2.741442027732572839e+00 2.974913796730853030e-02 -3.355528719432276930e+00
2.543000000000000000e+03 6.493865257169765925e+01 2.740093021187364197e+00 2.971957288619163015e-02 -3.371900674736720394e+00
2.544000000000000000e+03 6.480710126147877759e+01 2.738607704120321173e+00 2.969006710545004507e-02 -3.388298695219269074e+00
2.545000000000000000e+03 6.467717888900169498e+01 2.737002444113739497e+00 2.966062070170407544e-02 -3.404711099513555883e+00
2.546000000000000000e+03 6.454896133861721808e+01 2.735263836716375074e+00 2.963123372967918154e-02 -3.421126171586645004e+00
2.547000000000000000e+03 6.442237654277167280e+01 2.733400703922109987e+00 2.960190622375683672e-02 -3.437539585444604473e+00
2.548000000000000000e+03 6.429735302893662663e+01 2.731406952469888516e+00 2.957263819946729516e-02 -3.453939544820088248e+00
2.549000000000000000e+03 6.417396846601016591e+01 2.729283858969616450e+00 2.954342965512586280e-02 -3.470306779594573232e+00
2.550000000000000000e+03 6.405215250930388038e+01 2.727032641651061518e+00 2.951428057342414882e-02 -3.486636827306115904e+00
2.551000000000000000e+03 6.393191103415957599e+01 2.724646941830782154e+00 2.948519092311853440e-02 -3.502925428405695651e+00
2.552000000000000000e+03 6.381325604417892805e+01 2.722127409842066470e+00 2.945616066066744990e-02 -3.519147004127810785e+00
2.553000000000000000e+03 6.369612715316723239e+01 2.719474547771939310e+00 2.942718973190787748e-02 -3.535313313468363638e+00
2.554000000000000000e+03 6.358053872646637927e+01 2.716688799960360168e+00 2.939827807365987325e-02 -3.551398910824464128e+00
2.555000000000000000e+03 6.346650557640894164e+01 2.713763124866540366e+00 2.936942561536948215e-02 -3.567400569441899982e+00
2.556000000000000000e+03 6.335389437463796014e+01 2.710712708709554164e+00 2.934063228062830375e-02 -3.583314993050109365e+00
2.557000000000000000e+03 6.324294361643541151e+01 2.707522967278912063e+00 2.931189798869129892e-02 -3.599131384238785536e+00
2.558000000000000000e+03 6.313337219909875841e+01 2.704201544671199553e+00 2.928322265588557613e-02 -3.614831441226570519e+00
2.559000000000000000e+03 6.302534508857849715e+01 2.700748600196300586e+00 2.925460619692800412e-02 -3.630426496423699856e+00
2.560000000000000000e+03 6.291887903335785381e+01 2.697156808706603126e+00 2.922604852621536742e-02 -3.645890658134744111e+00
2.561000000000000000e+03 6.281376826373061562e+01 2.693433645998880355e+00 2.919754955890739231e-02 -3.661220234259702000e+00
2.562000000000000000e+03 6.271017874355980126e+01 2.689571675785851212e+00 2.916910921200143933e-02 -3.676418872537881910e+00
2.563000000000000000e+03 6.260797960351969493e+01 2.685578263491120055e+00 2.914072740516537169e-02 -3.691460415786777194e+00
2.564000000000000000e+03 6.250718882795766262e+01 2.681445863262926110e+00 2.911240406160617647e-02 -3.706348325741047667e+00
2.565000000000000000e+03 6.240775039136249092e+01 2.677174303460484239e+00 2.908413910862698432e-02 -3.721071110035343743e+00
2.566000000000000000e+03 6.230968281350869376e+01 2.672770787109788770e+00 2.905593247818184441e-02 -3.735617176037577369e+00
2.567000000000000000e+03 6.221300486528014773e+01 2.668227607328808926e+00 2.902778410717675103e-02 -3.749982256381009016e+00
2.568000000000000000e+03 6.211766127569242713e+01 2.663559289574258138e+00 2.899969393775805870e-02 -3.764161977845916329e+00
2.569000000000000000e+03 6.202367129062169937e+01 2.658750593704795495e+00 2.897166191736065891e-02 -3.778151858642320615e+00
2.570000000000000000e+03 6.193090581520858962e+01 2.653815941316981952e+00 2.894368799862582359e-02 -3.791939877394047809e+00
2.571000000000000000e+03 6.183953310894954569e+01 2.648754846196343049e+00 2.891577213919752781e-02 -3.805521327226199624e+00
2.572000000000000000e+03 6.174935022938181106e+01 2.643559343238462311e+00 2.888791430138578503e-02 -3.818891384855259918e+00
2.573000000000000000e+03 6.166045157990054548e+01 2.638243702438740623e+00 2.886011445166641876e-02 -3.832037679733492297e+00
2.574000000000000000e+03 6.157285748957274762e+01 2.632807287747369607e+00 2.883237256011901908e-02 -3.844962576649494590e+00
2.575000000000000000e+03 6.148636564442720953e+01 2.627241986043007849e+00 2.880468859965571934e-02 -3.857653459933154227e+00
2.576000000000000000e+03 6.140114535466393164e+01 2.621561921173886311e+00 2.877706254520518564e-02 -3.870105016169180789e+00
2.577000000000000000e+03 6.131699471963192138e+01 2.615751456162504152e+00 2.874949437277866948e-02 -3.882311803567679132e+00
2.578000000000000000e+03 6.123400918007909866e+01 2.609824620680076812e+00 2.872198405838096574e-02 -3.894260821393274341e+00
2.579000000000000000e+03 6.115213581849310742e+01 2.603780541632895851e+00 2.869453157695438586e-02 -3.905953792855094253e+00
2.580000000000000000e+03 6.107132192798967196e+01 2.597618300565899485e+00 2.866713690115089627e-02 -3.917384877955581324e+00
2.581000000000000000e+03 6.099151501461744118e+01 2.591336934380438439e+00 2.863980000006674173e-02 -3.928540671451596467e+00
2.582000000000000000e+03 6.091273708347679161e+01 2.584942864416567065e+00 2.861252083794047635e-02 -3.939422485928497863e+00
2.583000000000000000e+03 6.083501035803247703e+01 2.578435040498455511e+00 2.858529937282251743e-02 -3.950016636485577770e+00
2.584000000000000000e+03 6.075820871600868855e+01 2.571819798394259227e+00 2.855813555523263603e-02 -3.960331580637777904e+00
2.585000000000000000e+03 6.068235482626870692e+01 2.565088575537876281e+00 2.853102932671497741e-02 -3.970353346429303709e+00
2.586000000000000000e+03 6.060739730103245648e+01 2.558255053565205106e+00 2.850398061853086362e-02 -3.980082672465665716e+00
2.587000000000000000e+03 6.053328498184623641e+01 2.551318017360222346e+00 2.847698935026272971e-02 -3.989497864509417457e+00
2.588000000000000000e+03 6.046011550868693263e+01 2.544268784214325674e+00 2.845005542848785818e-02 -3.998614220696262489e+00
2.589000000000000000e+03 6.038776390407308980e+01 2.537120918047793605e+00 2.842317874552580115e-02 -4.007417174864642995e+00
2.590000000000000000e+03 6.031610542461829283e+01 2.529873088490065314e+00 2.839635917813879834e-02 -4.015906865207433007e+00
2.591000000000000000e+03 6.024531269541188294e+01 2.522531356772510502e+00 2.836959658640486950e-02 -4.024068419490150816e+00
2.592000000000000000e+03 6.017518715810117413e+01 2.515086891529912272e+00 2.834289081260853160e-02 -4.031909095490994410e+00
2.593000000000000000e+03 6.010575333766607287e+01 2.507538254713218340e+00 2.831624168023283081e-02 -4.039413709658301599e+00
2.594000000000000000e+03 6.003703598974032474e+01 2.499906259161412514e+00 2.828964899304910532e-02 -4.046581777691201864e+00
2.595000000000000000e+03 5.996891153044132494e+01 2.492174542679901350e+00 2.826311253427603656e-02 -4.053412656739716624e+00
2.596000000000000000e+03 5.990140516616292388e+01 2.484356424081664017e+00 2.823663206592917987e-02 -4.059898116026372961e+00
2.597000000000000000e+03 5.983446803774916845e+01 2.476450333982918028e+00 2.821020732822984711e-02 -4.066044620940536980e+00
2.598000000000000000e+03 5.976805149753790403e+01 2.468462100758883615e+00 2.818383803911412785e-02 -4.071843618752978955e+00
2.599000000000000000e+03 5.970218138523532048e+01 2.460390094755716461e+00 2.815752389389935412e-02 -4.077293822854415772e+00
2.600000000000000000e+03 5.963680945209576834e+01 2.452240085910409206e+00 2.813126456517587096e-02 -4.082386355315073878e+00
2.601000000000000000e+03 5.957196304696328326e+01 2.444010268652401230e+00 2.810505970265762821e-02 -4.087126869349756220e+00
2.602000000000000000e+03 5.950745135819865084e+01 2.435713189914254340e+00 2.807890893330365623e-02 -4.091505349567152727e+00
2.603000000000000000e+03 5.944345628218231070e+01 2.427346394641721083e+00 2.805281186153582573e-02 -4.095526310602829234e+00
2.604000000000000000e+03 5.937978844571134829e+01 2.418899974412354492e+00 2.802676806954313565e-02 -4.099186673536278747e+00
2.605000000000000000e+03 5.931655574287187704e+01 2.410386281785842133e+00 2.800077711781946352e-02 -4.102468337162559209e+00
2.606000000000000000e+03 5.925356905129547869e+01 2.401802789507103686e+00 2.797483854573220435e-02 -4.105390176137786007e+00
2.607000000000000000e+03 5.919093648343609004e+01 2.393154376515878479e+00 2.794895187229259198e-02 -4.107926328891875478e+00
2.608000000000000000e+03 5.912861766785579221e+01 2.384445900559603260e+00 2.792311659697314236e-02 -4.110087909318227872e+00
2.609000000000000000e+03 5.906657229764650907e+01 2.375667342459844900e+00 2.789733220071421299e-02 -4.111863579879417863e+00
2.610000000000000000e+03 5.900476011104151297e+01 2.366823520483845034e+00 2.787159814696548235e-02 -4.113264121687267405e+00
2.611000000000000000e+03 5.894321515481148310e+01 2.357926662967963605e+00 2.784591388287581404e-02 -4.114277864449713995e+00
2.612000000000000000e+03 5.888182291302528881e+01 2.348966695893266010e+00 2.782027884054821820e-02 -4.114907828340180984e+00
2.613000000000000000e+03 5.882061741980136560e+01 2.339948385615889581e+00 2.779469243836948239e-02 -4.115156867484040859e+00
2.614000000000000000e+03 5.875955838711798407e+01 2.330883911498110361e+00 2.776915408241670963e-02 -4.115012813513547307e+00
2.615000000000000000e+03 5.869867974981884373e+01 2.321763153490492115e+00 2.774366316794455931e-02 -4.114478189291933319e+00
2.616000000000000000e+03 5.863794107640140396e+01 2.312590834867897627e+00 2.771821908084420860e-02 -4.113562780953184728e+00
2.617000000000000000e+03 5.857722754671381438e+01 2.303371666514844485e+00 2.769282119924464450e-02 -4.112253924957534501e+00
2.618000000000000000e+03 5.851664706367841262e+01 2.294110347912345027e+00 2.766746889501750170e-02 -4.110561078714738414e+00
2.619000000000000000e+03 5.845608453011767125e+01 2.284796711424639692e+00 2.764216153542757570e-02 -4.108478679419555135e+00
2.620000000000000000e+03 5.839564752784984591e+01 2.275450293388292522e+00 2.761689848462769645e-02 -4.106008429752964872e+00
2.621000000000000000e+03 5.833514631160015540e+01 2.266068336647739656e+00 2.759167910528740122e-02 -4.103151870245624444e+00
2.622000000000000000e+03 5.827468805590344658e+01 2.256640648242743463e+00 2.756650276006984354e-02 -4.099910380053668035e+00
2.623000000000000000e+03 5.821415685002583018e+01 2.247186742145655280e+00 2.754136881319214566e-02 -4.096285177795889076e+00
2.624000000000000000e+03 5.815365937907280625e+01 2.237696413444378862e+00 2.751627663183294631e-02 -4.092269894101230321e+00
2.625000000000000000e+03 5.809300492031058383e+01 2.228174309427226607e+00 2.749122558756882106e-02 -4.087880285966990712e+00
2.626000000000000000e+03 5.803229959285673090e+01 2.218632502214263447e+00 2.746621505766665833e-02 -4.083094810972785815e+00
2.627000000000000000e+03 5.797150063924640762e+01 2.209053347985369786e+00 2.744124442635987801e-02 -4.077928911856711913e+00
2.628000000000000000e+03 5.791049069249793035e+01 2.199456343109258416e+00 2.741631308603644651e-02 -4.072383019194202092e+00
2.629000000000000000e+03 5.784937489473100669e+01 2.189838698315379251e+00 2.739142043827200862e-02 -4.066457409284941704e+00
2.630000000000000000e+03 5.778796089835712024e+01 2.180197624715215721e+00 2.736656589484651181e-02 -4.060144777044260245e+00
2.631000000000000000e+03 5.772642740445546394e+01 2.170537763119503971e+00 2.734174887859638914e-02 -4.053459950699689784e+00
2.632000000000000000e+03 5.766465559928580831e+01 2.160871185001155492e+00 2.731696882418893982e-02 -4.046410179738992419e+00
2.633000000000000000e+03 5.760267484454713838e+01 2.151187680052850659e+00 2.729222517875085768e-02 -4.038995136311295475e+00
2.634000000000000000e+03 5.754036553383787123e+01 2.141499327242313733e+00 2.726751740243573210e-02 -4.031214345030095458e+00
2.635000000000000000e+03 5.747790478537389447e+01 2.131810782360070267e+00 2.724284496878663642e-02 -4.023074612826682106e+00
2.636000000000000000e+03 5.741509788340090381e+01 2.122119278962596667e+00 2.721820736508586899e-02 -4.014582602152906077e+00
2.637000000000000000e+03 5.735204682387085739e+01 2.112429486010198865e+00 2.719360409247996782e-02 -4.005744832582874615e+00
2.638000000000000000e+03 5.728863032527718957e+01 2.102738652097558170e+00 2.716903466607953690e-02 -3.996552825762250016e+00
2.639000000000000000e+03 5.722494952619060626e+01 2.093058891428985824e+00 2.714449861484084098e-02 -3.987020248856228744e+00
2.640000000000000000e+03 5.716080799839172499e+01 2.083380042984555480e+00 2.711999548145353073e-02 -3.977145774541563039e+00
2.641000000000000000e+03 5.709638029712605345e+01 2.073714241531722458e+00 2.709552482198483714e-02 -3.966927939495507704e+00
2.642000000000000000e+03 5.703146912583836325e+01 2.064058776776265258e+00 2.707108620557514486e-02 -3.956372574579303247e+00
2.643000000000000000e+03 5.696617388841973906e+01 2.054410950956989890e+00 2.704667921387367974e-02 -3.945485378364855578e+00
2.644000000000000000e+03 5.690037070631090899e+01 2.044782936431773557e+00 2.702230344050003674e-02 -3.934271919054725064e+00
2.645000000000000000e+03 5.683408383845681300e+01 2.035172063153291244e+00 2.699795849034035064e-02 -3.922730208093879511e+00
2.646000000000000000e+03 5.676733711748589428e+01 2.025575676236832656e+00 2.697364397888559959e-02 -3.910872987224009556e+00
2.647000000000000000e+03 5.670015395355131460e+01 2.016005993518640516e+00 2.694935953132720358e-02 -3.898698017126344784e+00
2.648000000000000000e+03 5.663233448823471861e+01 2.006460393002564402e+00 2.692510478175691446e-02 -3.886217792906419888e+00
2.649000000000000000e+03 5.656404986745637586e+01 1.996943698748207208e+00 2.690087937218396327e-02 -3.873429832815542984e+00
2.650000000000000000e+03 5.649517369522934729e+01 1.987453324996942383e+00 2.687668295164957408e-02 -3.860346393812456700e+00
2.651000000000000000e+03 5.642580198870849273e+01 1.977994088921118498e+00 2.685251517517789344e-02 -3.846964397329183605e+00
2.652000000000000000e+03 5.635573309432745503e+01 1.968570648777294485e+00 2.682837570279287057e-02 -3.833294055813614154e+00
2.653000000000000000e+03 5.628506206680746971e+01 1.959180210648794773e+00 2.680426419848848038e-02 -3.819330250690879058e+00
2.654000000000000000e+03 5.621373500906903331e+01 1.949820002342920189e+00 2.678018032924268238e-02 -3.805075182749456442e+00
2.655000000000000000e+03 5.614177192855298415e+01 1.940502130859211860e+00 2.675612376394192679e-02 -3.790545802829492050e+00
2.656000000000000000e+03 5.606911817586718882e+01 1.931223869743339483e+00 2.673209417244849784e-02 -3.775721815742206555e+00
2.657000000000000000e+03 5.599571873369669817e+01 1.921982516529503249e+00 2.670809122461733146e-02 -3.760627394525603240e+00
2.658000000000000000e+03 5.592159250539138071e+01 1.912790250169448480e+00 2.668411458937247974e-02 -3.745249471025812849e+00
2.659000000000000000e+03 5.584675803615374434e+01 1.903636989996061679e+00 2.666016393385844258e-02 -3.729612021863685456e+00
2.660000000000000000e+03 5.577115923376436513e+01 1.894534966525841080e+00 2.663623892258828660e-02 -3.713701787425576217e+00
2.661000000000000000e+03 5.569488822279435425e+01 1.885481580394386292e+00 2.661233921669766550e-02 -3.697542557887181225e+00
2.662000000000000000e+03 5.561781393022111075e+01 1.876474259729182137e+00 2.658846447328129525e-02 -3.681120892259547528e+00
2.663000000000000000e+03 5.554002778894807335e+01 1.867525317507742644e+00 2.656461434475902370e-02 -3.664460404466033605e+00
2.664000000000000000e+03 5.546154660563698968e+01 1.858624810449029052e+00 2.654078847837570629e-02 -3.647554910789617466e+00
2.665000000000000000e+03 5.538223827835363267e+01 1.849785109742550393e+00 2.651698651573227219e-02 -3.630420430948069654e+00
2.666000000000000000e+03 5.530211893100959486e+01 1.841003759909334958e+00 2.649320809243795732e-02 -3.613043192288402317e+00
2.667000000000000000e+03 5.522127862955931477e+01 1.832278336099092186e+00 2.646945283788897096e-02 -3.595446487607070640e+00
2.668000000000000000e+03 5.513965853045398546e+01 1.823613873021504350e+00 2.644572037505171086e-02 -3.577623822686066823e+00
2.669000000000000000e+03 5.505719944587078629e+01 1.815015437161014766e+00 2.642201032046189585e-02 -3.559590917452482906e+00
2.670000000000000000e+03 5.497391612471228939e+01 1.806473270625487793e+00 2.639832228418960425e-02 -3.541333710252589029e+00
2.671000000000000000e+03 5.488982296589130527e+01 1.797999933430280972e+00 2.637465587004302406e-02 -3.522875215746970046e+00
2.672000000000000000e+03 5.480493401443372647e+01 1.789593162263664716e+00 2.635101067573908384e-02 -3.504208672516718970e+00
2.673000000000000000e+03 5.471918867342717618e+01 1.781250727687498481e+00 2.632738629324473181e-02 -3.485349544288180557e+00
2.674000000000000000e+03 5.463260026586513618e+01 1.772977862971174101e+00 2.630378230917392382e-02 -3.466305809318036779e+00
2.675000000000000000e+03 5.454518174541792064e+01 1.764772407858152814e+00 2.628019830531728301e-02 -3.447070534841131906e+00
2.676000000000000000e+03 5.445694569019269693e+01 1.756632237366655191e+00 2.625663385918808670e-02 -3.427659021630257374e+00
2.677000000000000000e+03 5.436783001253577652e+01 1.748577547274039912e+00 2.623308854467922349e-02 -3.408079093413196592e+00
2.678000000000000000e+03 5.427792080245211537e+01 1.740583999381378311e+00 2.620956193281152175e-02 -3.388331099698511206e+00
2.679000000000000000e+03 5.418722946968446053e+01 1.732671862116454298e+00 2.618605359252042936e-02 -3.368430203659083855e+00
2.680000000000000000e+03 5.409561845254309986e+01 1.724839155764620324e+00 2.616256309150549048e-02 -3.348376671568915608e+00
2.681000000000000000e+03 5.400324691107238095e+01 1.717076509535496509e+00 2.613908999714070064e-02 -3.328170732345755223e+00
2.682000000000000000e+03 5.390997645107745484e+01 1.709396875313277553e+00 2.611563387740169564e-02 -3.307827437096380052e+00
2.683000000000000000e+03 5.381581681715930188e+01 1.701790957887572064e+00 2.609219430187140198e-02 -3.287354376912002163e+00
2.684000000000000000e+03 5.372085160128366965e+01 1.694264357020099476e+00 2.606877084274804648e-02 -3.266751685714626152e+00
2.685000000000000000e+03 5.362501538447517646e+01 1.686822711042747169e+00 2.604536307586011179e-02 -3.246019471452467275e+00
2.686000000000000000e+03 5.352831657973430879e+01 1.679464268788961823e+00 2.602197058172124253e-02 -3.225180103993350311e+00
2.687000000000000000e+03 5.343083742473166353e+01 1.672187318208820717e+00 2.599859294654832328e-02 -3.204233647862243295e+00
2.688000000000000000e+03 5.333243684085160652e+01 1.664990186616975620e+00 2.597522976333322547e-02 -3.183187578476191604e+00
2.689000000000000000e+03 5.323327041119406999e+01 1.657878669274102768e+00 2.595188063285238864e-02 -3.162041928271644320e+00
2.690000000000000000e+03 5.313327039004173713e+01 1.650858601251133928e+00 2.592854516465046763e-02 -3.140819002925723247e+00
2.691000000000000000e+03 5.303251711492122666e+01 1.643921000926496401e+00 2.590522297803066545e-02 -3.119518814066381207e+00
2.692000000000000000e+03 5.293094186776657040e+01 1.637071783568292194e+00 2.588191370295420471e-02 -3.098148795475266670e+00
2.693000000000000000e+03 5.282854972128031790e+01 1.630309476448047690e+00 2.585861698099125791e-02 -3.076716377528326163e+00
2.694000000000000000e+03 5.272541953551701965e+01 1.623640075689347428e+00 2.583533246608207129e-02 -3.055228989974452247e+00
2.695000000000000000e+03 5.262148110473297180e+01 1.617054761348628578e+00 2.581205982539289817e-02 -3.033694064701066839e+00
2.696000000000000000e+03 5.251673800606324960e+01 1.610559610931496799e+00 2.578879873995077246e-02 -3.012111610134936779e+00
2.697000000000000000e+03 5.241126759853435146e+01 1.604160742791065353e+00 2.576554890540282139e-02 -2.990489070678577832e+00
2.698000000000000000e+03 5.230499817243804017e+01 1.597849459510268133e+00 2.574231003248120264e-02 -2.968841329429536380e+00
2.699000000000000000e+03 5.219800608410881892e+01 1.591624533019096122e+00 2.571908184757918520e-02 -2.947168425831639738e+00
2.700000000000000000e+03 5.209014434007678318e+01 1.585492204645102321e+00 2.569586409314442155e-02 -2.925477843409329370e+00
2.701000000000000000e+03 5.198163595448443886e+01 1.579451379153754331e+00 2.567265652806239792e-02 -2.903776861968283551e+00
2.702000000000000000e+03 5.187225409451421854e+01 1.573501205236505829e+00 2.564945892788502574e-02 -2.882071893898983994e+00
2.703000000000000000e+03 5.176221622628707308e+01 1.567648351744526103e+00 2.562627108500416945e-02 -2.860369153139908249e+00
2.704000000000000000e+03 5.165136791473667444e+01 1.561884671918419398e+00 2.560309280880260566e-02 -2.838667451541428743e+00
2.705000000000000000e+03 5.153977709771241678e+01 1.556216916760561730e+00 2.557992392559501130e-02 -2.816987914844646834e+00
2.706000000000000000e+03 5.142736267537334527e+01 1.550637021589690301e+00 2.555676427863527375e-02 -2.795314558433574348e+00
2.707000000000000000e+03 5.131426593539646319e+01 1.545159247732327934e+00 2.553361372793056319e-02 -2.773668573367204182e+00
2.708000000000000000e+03 5.120040486040712580e+01 1.539775612345982259e+00 2.551047215003140328e-02 -2.752056330432174125e+00
2.709000000000000000e+03 5.108584555464194921e+01 1.534478173379250965e+00 2.548733943772278632e-02 -2.730469382620933860e+00
2.710000000000000000e+03 5.097050511974532583e+01 1.529281314516638179e+00 2.546421549967682607e-02 -2.708929037684695729e+00
2.711000000000000000e+03 5.085444879918855321e+01 1.524184603306202979e+00 2.544110026002128350e-02 -2.687426933755348024e+00
2.712000000000000000e+03 5.073774142222022476e+01 1.519172791023368330e+00 2.541799365783466158e-02 -2.665984468543102004e+00
2.713000000000000000e+03 5.062022456480056576e+01 1.514260382621215539e+00 2.539489564659963908e-02 -2.644593374901145655e+00
2.714000000000000000e+03 5.050211082948784735e+01 1.509447066462835885e+00 2.537180619362220182e-02 -2.623260293264231713e+00
2.715000000000000000e+03 5.038324102264068216e+01 1.504732570840910277e+00 2.534872527935670347e-02 -2.601999345605179315e+00
2.716000000000000000e+03 5.026367843496090870e+01 1.500101807081489103e+00 2.532565289675705461e-02 -2.580809852659896819e+00
2.717000000000000000e+03 5.014341172023677728e+01 1.495576867785479491e+00 2.530258905050870866e-02 -2.559691192872067145e+00
2.718000000000000000e+03 5.002242919176319447e+01 1.491142743101223189e+00 2.527953375635191152e-02 -2.538650232955297792e+00
2.719000000000000000e+03 4.990079311886137958e+01 1.486799318937023884e+00 2.525648704026143762e-02 -2.517701330072174226e+00
2.720000000000000000e+03 4.977841688942413612e+01 1.482553948357253848e+00 2.523344893770846850e-02 -2.496836620578692045e+00
2.721000000000000000e+03 4.965536215695177447e+01 1.478399166263823838e+00 2.521041949284273317e-02 -2.476070592237118007e+00
2.722000000000000000e+03 4.953169028648647298e+01 1.474342402515249839e+00 2.518739875773148493e-02 -2.455402944541312138e+00
2.723000000000000000e+03 4.940738808390463532e+01 1.470376268229784733e+00 2.516438679156792271e-02 -2.434840875808609972e+00
2.724000000000000000e+03 4.928251637551858266e+01 1.466508268876677068e+00 2.514138365991643378e-02 -2.414391656834769861e+00
2.725000000000000000e+03 4.915698716991641959e+01 1.462731090551740554e+00 2.511838943395198337e-02 -2.394055204512244295e+00
2.726000000000000000e+03 4.903093508752618845e+01 1.459044884691079069e+00 2.509540418974061382e-02 -2.373838940462034586e+00
2.727000000000000000e+03 4.890434595481676183e+01 1.455449839370446474e+00 2.507242800748450684e-02 -2.353757792927071879e+00
2.728000000000000000e+03 4.877720538264001249e+01 1.451946178941426968e+00 2.504946097094739102e-02 -2.333797056876143028e+00
2.729000000000000000e+03 4.864957306066133924e+01 1.448534163654661366e+00 2.502650316675676320e-02 -2.313979250972045598e+00
2.730000000000000000e+03 4.852143420084561143e+01 1.445214089270043800e+00 2.500355468381898830e-02 -2.294304692546040414e+00
2.731000000000000000e+03 4.839277383099051377e+01 1.441986286654101335e+00 2.498061561281509843e-02 -2.274766356034415349e+00
2.732000000000000000e+03 4.826365108778222890e+01 1.438843693014633551e+00 2.495768604564280874e-02 -2.255379588074895914e+00
2.733000000000000000e+03 4.813405065885358169e+01 1.435786708173569348e+00 2.493476607501924486e-02 -2.236144967409262385e+00
2.734000000000000000e+03 4.800395707485272823e+01 1.432823194127197830e+00 2.491185579406185457e-02 -2.217070591546159264e+00
2.735000000000000000e+03 4.787342900101291576e+01 1.429938761193357832e+00 2.488895529595397046e-02 -2.198149793279686293e+00
2.736000000000000000e+03 4.774245067771897766e+01 1.427148765999592950e+00 2.486606467365421250e-02 -2.179398283967000083e+00
2.737000000000000000e+03 4.761108049459641478e+01 1.424438884205971867e+00 2.484318401967598733e-02 -2.160817013259810793e+00
2.738000000000000000e+03 4.747930243011586526e+01 1.421809680120077468e+00 2.482031342591911605e-02 -2.142407027243342199e+00
2.739000000000000000e+03 4.734717462475016703e+01 1.419261749498957670e+00 2.479745298348592919e-02 -2.124169469830186507e+00
2.740000000000000000e+03 4.721468081968591690e+01 1.416803147390821582e+00 2.477460278270836661e-02 -2.106120440809378991e+00
2.741000000000000000e+03 4.708187892913461781e+01 1.414419674215023015e+00 2.475176291308717538e-02 -2.088246427047935505e+00
2.742000000000000000e+03 4.694867819475015835e+01 1.412119445334177437e+00 2.472893346330897260e-02 -2.070563730549543457e+00
2.743000000000000000e+03 4.681521060771677156e+01 1.409903177113649209e+00 2.470611452138786815e-02 -2.053073899563292670e+00
2.744000000000000000e+03 4.668145949549798246e+01 1.407756758022101540e+00 2.468330617473360813e-02 -2.035778586447280158e+00
2.745000000000000000e+03 4.654740809282523628e+01 1.405688389823928741e+00 2.466050851039718397e-02 -2.018672120434140460e+00
2.746000000000000000e+03 4.641311382894615889e+01 1.403698873610343067e+00 2.463772161522381765e-02 -2.001778650450094066e+00
2.747000000000000000e+03 4.627855976416702788e+01 1.401774180872217723e+00 2.461494557613429224e-02 -1.985077862632322665e+00
2.748000000000000000e+03 4.614372887674630164e+01 1.399930023016088043e+00 2.459218048041364804e-02 -1.968586693152937439e+00
2.749000000000000000e+03 4.600867834967345971e+01 1.398159852318631824e+00 2.456942641600696683e-02 -1.952307330689683429e+00
2.750000000000000000e+03 4.587346529037007770e+01 1.396457146375621461e+00 2.454668347187806410e-02 -1.936242073999978386e+00
2.751000000000000000e+03 4.573799728140243559e+01 1.394815491745620806e+00 2.452395173834111611e-02 -1.920385971577923234e+00
2.752000000000000000e+03 4.560247542831450573e+01 1.393251121143244120e+00 2.450123130747257350e-02 -1.904749309029118098e+00
2.753000000000000000e+03 4.546680275120265691e+01 1.391750661604300277e+00 2.447852227348237472e-02 -1.889335123195768906e+00
2.754000000000000000e+03 4.533095649100057045e+01 1.390315619703749173e+00 2.445582473306677149e-02 -1.874146563999220527e+00
2.755000000000000000e+03 4.519506239642243628e+01 1.388954952568554724e+00 2.443313878587582977e-02 -1.859186895065485512e+00
2.756000000000000000e+03 4.505909759354993582e+01 1.387647925483641131e+00 2.441046453486301129e-02 -1.844452065950759945e+00
2.757000000000000000e+03 4.492311344012415475e+01 1.386410966395592359e+00 2.438780208670960833e-02 -1.829952997717869456e+00
2.758000000000000000e+03 4.478701267903817040e+01 1.385230810106565347e+00 2.436515155217993528e-02 -1.815685870011162883e+00
2.759000000000000000e+03 4.465084657658724865e+01 1.384116496067163915e+00 2.434251304650979914e-02 -1.801661834883554691e+00
2.760000000000000000e+03 4.451466635996617782e+01 1.383062225961655622e+00 2.431988668976347440e-02 -1.787869875421548072e+00
2.761000000000000000e+03 4.437844893854899198e+01 1.382062219740606501e+00 2.429727260717944731e-02 -1.774321376173413345e+00
2.762000000000000000e+03 4.424217119246807783e+01 1.381125571649559403e+00 2.427467092945117394e-02 -1.761012981675054379e+00
2.763000000000000000e+03 4.410595854500115820e+01 1.380246536152472725e+00 2.425208179307638753e-02 -1.747956310078986331e+00
2.764000000000000000e+03 4.396971355075247345e+01 1.379419383953440326e+00 2.422950534055214739e-02 -1.735140811581837861e+00
2.765000000000000000e+03 4.383348731917451602e+01 1.378645829665040123e+00 2.420694172067707275e-02 -1.722578338655891939e+00
2.766000000000000000e+03 4.369733095388674826e+01 1.377927602773604265e+00 2.418439108872123475e-02 -1.710258576029083377e+00
2.767000000000000000e+03 4.356122127580750458e+01 1.377266446952345014e+00 2.416185360660037806e-02 -1.698186182469518357e+00
2.768000000000000000e+03 4.342520939709617522e+01 1.376649262671962193e+00 2.413932944300859612e-02 -1.686373362420593436e+00
2.769000000000000000e+03 4.328927216137682166e+01 1.376085248261209371e+00 2.411681877358118342e-02 -1.674810152537944630e+00
2.770000000000000000e+03 4.315346071824948382e+01 1.375568757463695890e+00 2.409432178086880552e-02 -1.663494134981091888e+00
2.771000000000000000e+03 4.301775196405128554e+01 1.375101583795387938e+00 2.407183865447546853e-02 -1.652437865607800482e+00
2.772000000000000000e+03 4.288219711686760860e+01 1.374678103150224429e+00 2.404936959097932550e-02 -1.641631732020539802e+00
2.773000000000000000e+03 4.274677315775061714e+01 1.374300129806071080e+00 2.402691479395562338e-02 -1.631081095069610853e+00
2.774000000000000000e+03 4.261153140614059254e+01 1.373962059029561367e+00 2.400447447385515437e-02 -1.620784003508942028e+00
2.775000000000000000e+03 4.247644896144305449e+01 1.373665723081868739e+00 2.398204884795659617e-02 -1.610738622007962251e+00
2.776000000000000000e+03 4.234150299525127537e+01 1.373412962174127783e+00 2.395963814021064009e-02 -1.600958087469256830e+00
2.777000000000000000e+03 4.220674504367691782e+01 1.373198195423415591e+00 2.393724258109277553e-02 -1.591425938500411030e+00
2.778000000000000000e+03 4.207230101625616925e+01 1.373023276860348307e+00 2.391486240739820052e-02 -1.582155541745858152e+00
2.779000000000000000e+03 4.193799978739002654e+01 1.372882638036773129e+00 2.389249786204053483e-02 -1.573130664571973369e+00
2.780000000000000000e+03 4.180396747333263363e+01 1.372778144035823766e+00 2.387014919380663763e-02 -1.564364901313661349e+00
2.781000000000000000e+03 4.167025602363160885e+01 1.372704236082628704e+00 2.384781665705407519e-02 -1.555849674225466384e+00
2.782000000000000000e+03 4.153684323003454892e+01 1.372662787557743069e+00 2.382550051149362816e-02 -1.547583946244131647e+00
2.783000000000000000e+03 4.140370701882145710e+01 1.372655674962033112e+00 2.380320102183374614e-02 -1.539574220309383179e+00
2.784000000000000000e+03 4.127097402653438962e+01 1.372669920533553745e+00 2.378091845746590008e-02 -1.531816710603846277e+00
2.785000000000000000e+03 4.113854819105645078e+01 1.372722261668938071e+00 2.375865309215186710e-02 -1.524305512979252208e+00
2.786000000000000000e+03 4.100640789405416342e+01 1.372792295093849813e+00 2.373640520362312739e-02 -1.517043003848447924e+00
2.787000000000000000e+03 4.087475453623101629e+01 1.372896759691019763e+00 2.371417507329964119e-02 -1.510027953988141824e+00
2.788000000000000000e+03 4.074341827735025845e+01 1.373015252326572178e+00 2.369196298586708632e-02 -1.503259984674001126e+00
2.789000000000000000e+03 4.061245231207148265e+01 1.373164510684682149e+00 2.366976922888836335e-02 -1.496737338263040229e+00
2.790000000000000000e+03 4.048191002701597085e+01 1.373324129100704782e+00 2.364759409250286395e-02 -1.490459105749089463e+00
2.791000000000000000e+03 4.035184500808011165e+01 1.373510841403237759e+00 2.362543786895848416e-02 -1.484424482941629986e+00
2.792000000000000000e+03 4.022216248047208609e+01 1.373711665105250779e+00 2.360330085228087155e-02 -1.478630540938601579e+00
2.793000000000000000e+03 4.009291644948103084e+01 1.373928470853141182e+00 2.358118333791199908e-02 -1.473075939244020249e+00
2.794000000000000000e+03 3.996416113994200003e+01 1.374163125078199599e+00 2.355908562228149414e-02 -1.467757953335199206e+00
2.795000000000000000e+03 3.983587671890845172e+01 1.374402632652497402e+00 2.353700800247857453e-02 -1.462675444875980446e+00
2.796000000000000000e+03 3.970811786853590064e+01 1.374663706351504366e+00 2.351495077589812327e-02 -1.457825889215713655e+00
2.797000000000000000e+03 3.958079094115610275e+01 1.374925911067901074e+00 2.349291423984248978e-02 -1.453208345534981571e+00
2.798000000000000000e+03 3.945395109857529548e+01 1.375205946685121638e+00 2.347089869121531808e-02 -1.448820484278382059e+00
2.799000000000000000e+03 3.932772803357116231e+01 1.375483363951250038e+00 2.344890442611205841e-02 -1.444657843059951041e+00
2.800000000000000000e+03 3.920195455709812649e+01 1.375774847363169462e+00 2.342693173960284578e-02 -1.440719768051990757e+00
2.801000000000000000e+03 3.907676074896769336e+01 1.376067401788593880e+00 2.340498092531392502e-02 -1.437003712515209752e+00
2.802000000000000000e+03 3.895220217916466510e+01 1.376355620770888910e+00 2.338305227517170626e-02 -1.433507448714474108e+00
2.803000000000000000e+03 3.882811171013327822e+01 1.376656415468240358e+00 2.336114607907235213e-02 -1.430230567441137524e+00
2.804000000000000000e+03 3.870461960678088786e+01 1.376949544870025743e+00 2.333926262465339796e-02 -1.427172005561709422e+00
2.805000000000000000e+03 3.858178212244663996e+01 1.377244470360722950e+00 2.331740219693708566e-02 -1.424330787410473143e+00
2.806000000000000000e+03 3.845943293517391481e+01 1.377543213386658527e+00 2.329556507815211744e-02 -1.421705280483654965e+00
2.807000000000000000e+03 3.833777741882077805e+01 1.377832926530572877e+00 2.327375154743704933e-02 -1.419294679610725751e+00
2.808000000000000000e+03 3.821672409445744734e+01 1.378115606344243460e+00 2.325196188061556465e-02 -1.417097519758278468e+00
2.809000000000000000e+03 3.809625605064557874e+01 1.378393236086678630e+00 2.323019634996777508e-02 -1.415112417312383464e+00
2.810000000000000000e+03 3.797643094606856806e+01 1.378660356819781718e+00 2.320845522402936040e-02 -1.413338068499889744e+00
2.811000000000000000e+03 3.785715816153403068e+01 1.378918923562224785e+00 2.318673876736294936e-02 -1.411773990619318297e+00
2.812000000000000000e+03 3.773864450339456766e+01 1.379170876400137136e+00 2.316504724039369217e-02 -1.410417549072053633e+00
2.813000000000000000e+03 3.762072565434103666e+01 1.379410711605603801e+00 2.314338089923628078e-02 -1.409264698544619110e+00
2.814000000000000000e+03 3.750346044366251874e+01 1.379632909463693879e+00 2.312173999549486936e-02 -1.408313695507719121e+00
2.815000000000000000e+03 3.738690799891490002e+01 1.379846790457841976e+00 2.310012477613981874e-02 -1.407559896672634370e+00
2.816000000000000000e+03 3.727097918103915930e+01 1.380046801362167841e+00 2.307853548332813517e-02 -1.407002442786115193e+00
2.817000000000000000e+03 3.715580800395333227e+01 1.380227371443779383e+00 2.305697235429902611e-02 -1.406636828538813777e+00
2.818000000000000000e+03 3.704130593558078743e+01 1.380397768673859549e+00 2.303543562124197100e-02 -1.406460843484029555e+00
2.819000000000000000e+03 3.692760760087742966e+01 1.380544957495928537e+00 2.301392551118431468e-02 -1.406472341751843214e+00
2.820000000000000000e+03 3.681455079929921226e+01 1.380678168456012767e+00 2.299244224584810065e-02 -1.406667754579637997e+00
2.821000000000000000e+03 3.670219649127878370e+01 1.380791755989267289e+00 2.297098604162532351e-02 -1.407044317000251121e+00
2.822000000000000000e+03 3.659060594965065860e+01 1.380887483018203188e+00 2.294955710946018634e-02 -1.407599323173090333e+00
2.823000000000000000e+03 3.647969219454983403e+01 1.380959663809326221e+00 2.292815565474783795e-02 -1.408330867369411044e+00
2.824000000000000000e+03 3.636959141279452012e+01 1.381010020240526437e+00 2.290678187736209723e-02 -1.409235613602665582e+00
2.825000000000000000e+03 3.626014297519837015e+01 1.381040253027943754e+00 2.288543597151082229e-02 -1.410310279419765500e+00
2.826000000000000000e+03 3.615148370637191988e+01 1.381037184612641910e+00 2.286411812576189667e-02 -1.411553119679279877e+00
2.827000000000000000e+03 3.604360218543013872e+01 1.381017328859713844e+00 2.284282852303713696e-02 -1.412957981967233101e+00
2.828000000000000000e+03 3.593641303114730334e+01 1.380967463864560152e+00 2.282156734051696625e-02 -1.414522475867135531e+00
2.829000000000000000e+03 3.582997975403299051e+01 1.380889201673203948e+00 2.280033474973995264e-02 -1.416243514024406513e+00
2.830000000000000000e+03 3.572429190729530291e+01 1.380791559561899584e+00 2.277913091656628627e-02 -1.418115824541542613e+00
2.831000000000000000e+03 3.561941365520312530e+01 1.380661246276978726e+00 2.275795600120704421e-02 -1.420136406045292343e+00
2.832000000000000000e+03 3.551533520730882998e+01 1.380499803438114403e+00 2.273681015829761079e-02 -1.422302297231242685e+00
2.833000000000000000e+03 3.541197281952936038e+01 1.380308748501209326e+00 2.271569353694505300e-02 -1.424609089237108384e+00
2.834000000000000000e+03 3.530939164557141652e+01 1.380089574433289057e+00 2.269460628076745701e-02 -1.427051666515718242e+00
2.835000000000000000e+03 3.520758288716073281e+01 1.379836321048626413e+00 2.267354852806454518e-02 -1.429629404713850915e+00
2.836000000000000000e+03 3.510661236158590981e+01 1.379550431407532640e+00 2.265252041182549969e-02 -1.432341711692181940e+00
2.837000000000000000e+03 3.500639765151544225e+01 1.379233323176087600e+00 2.263152205990420426e-02 -1.435170940347480606e+00
2.838000000000000000e+03 3.490693095559934278e+01 1.378878959997875242e+00 2.261055359515818514e-02 -1.438129185245408559e+00
2.839000000000000000e+03 3.480827908831801665e+01 1.378488707928580803e+00 2.258961513554700803e-02 -1.441206282194325450e+00
2.840000000000000000e+03 3.471036062906465958e+01 1.378056478481618274e+00 2.256870679435533933e-02 -1.444399519672231680e+00
2.841000000000000000e+03 3.461324305547376667e+01 1.377598441787578842e+00 2.254782868034060223e-02 -1.447698780153490850e+00
2.842000000000000000e+03 3.451691989195045807e+01 1.377101027913224529e+00 2.252698089789361563e-02 -1.451108823188772767e+00
2.843000000000000000e+03 3.442145927542141948e+01 1.376565496746008144e+00 2.250616354730308050e-02 -1.454619570036334908e+00
2.844000000000000000e+03 3.432670681977359806e+01 1.375993081089132319e+00 2.248537672490481462e-02 -1.458220958398550371e+00
2.845000000000000000e+03 3.423280559851846050e+01 1.375377558119211141e+00 2.246462052335802817e-02 -1.461925225513368787e+00
2.846000000000000000e+03 3.413960187461462681e+01 1.374727534257536243e+00 2.244389503181287368e-02 -1.465707479398320467e+00
2.847000000000000000e+03 3.404731364952928629e+01 1.374044159952209299e+00 2.242320033624997308e-02 -1.469579980405387287e+00
2.848000000000000000e+03 3.395578782545128149e+01 1.373313701173487056e+00 2.240253651963762180e-02 -1.473532712478105244e+00
2.849000000000000000e+03 3.386502018675076187e+01 1.372552109373303519e+00 2.238190366221663383e-02 -1.477555666269248169e+00
2.850000000000000000e+03 3.377500682962919143e+01 1.371745594553852809e+00 2.236130184175805918e-02 -1.481653693916456183e+00
2.851000000000000000e+03 3.368581900732696255e+01 1.370895171416413705e+00 2.234073113381116610e-02 -1.485816976222980035e+00
2.852000000000000000e+03 3.359745625521485124e+01 1.370001731049105942e+00 2.232019161195681473e-02 -1.490051281645242920e+00
2.853000000000000000e+03 3.350984469067765303e+01 1.369073540692527624e+00 2.229968334807711297e-02 -1.494340275152902020e+00
2.854000000000000000e+03 3.342298501042742487e+01 1.368096554095033168e+00 2.227920641257122303e-02 -1.498689903947932223e+00
2.855000000000000000e+03 3.333695248592928095e+01 1.367071553196814726e+00 2.225876087460450237e-02 -1.503091253839631491e+00
2.856000000000000000e+03 3.325167410813223512e+01 1.366006719724751184e+00 2.223834680236384462e-02 -1.507550260784107365e+00
2.857000000000000000e+03 3.316722571655379426e+01 1.364902778449312404e+00 2.221796426323498913e-02 -1.512050567283735214e+00
2.858000000000000000e+03 3.308353486020738643e+01 1.363745568803810482e+00 2.219761332401300885e-02 -1.516598090652654163e+00
2.859000000000000000e+03 3.300060364293668158e+01 1.362543186617212188e+00 2.217729405109008720e-02 -1.521191307792943759e+00
2.860000000000000000e+03 3.291850871816057378e+01 1.361296270706677802e+00 2.215700651062698853e-02 -1.525821253386068665e+00
2.861000000000000000e+03 3.283717843305821305e+01 1.360005431233217266e+00 2.213675076867950911e-02 -1.530486374798980309e+00
2.862000000000000000e+03 3.275661567374604033e+01 1.358663821368588209e+00 2.211652689132809907e-02 -1.535185101954440023e+00
2.863000000000000000e+03 3.267682357645235669e+01 1.357279422374817912e+00 2.209633494478488447e-02 -1.539908417216553582e+00
2.864000000000000000e+03 3.259780552223140404e+01 1.355845330243550473e+00 2.207617499541800199e-02 -1.544662138693087217e+00
2.865000000000000000e+03 3.251956513174468455e+01 1.354362040798448241e+00 2.205604710981986724e-02 -1.549437205102036197e+00
2.866000000000000000e+03 3.244203197663528471e+01 1.352830021407877448e+00 2.203595135482393219e-02 -1.554231959106546324e+00
2.867000000000000000e+03 3.236535870853870023e+01 1.351242282708740916e+00 2.201588779744205124e-02 -1.559044717265660296e+00
2.868000000000000000e+03 3.228940106971565882e+01 1.349614092092492834e+00 2.199585650482271254e-02 -1.563866340002495026e+00
2.869000000000000000e+03 3.221416358939256952e+01 1.347930975349213911e+00 2.197585754417695145e-02 -1.568702514991015873e+00
2.870000000000000000e+03 3.213972529578176562e+01 1.346200715225931432e+00 2.195589098260897210e-02 -1.573536613759038527e+00
2.871000000000000000e+03 3.206594257781196688e+01 1.344423638142617561e+00 2.193595688700107973e-02 -1.578381688512676684e+00
2.872000000000000000e+03 3.199296916562203563e+01 1.342600042669888527e+00 2.191605532378376395e-02 -1.583221043726074306e+00
2.873000000000000000e+03 3.192073614227019362e+01 1.340730199666626321e+00 2.189618635870299243e-02 -1.588060233004124022e+00
2.874000000000000000e+03 3.184924907423355123e+01 1.338806924077359906e+00 2.187635005660671511e-02 -1.592897344112474300e+00
2.875000000000000000e+03 3.177843944116365904e+01 1.336837860140627221e+00 2.185654648109756557e-02 -1.597715569078223208e+00
2.876000000000000000e+03 3.170838748343151181e+01 1.334823196505500409e+00 2.183677569422826092e-02 -1.602527772763249203e+00
2.877000000000000000e+03 3.163902506543351478e+01 1.332755666408458328e+00 2.181703775613927712e-02 -1.607317064555159547e+00
2.878000000000000000e+03 3.157035852369148898e+01 1.330650261260631240e+00 2.179733272470555511e-02 -1.612096223683860963e+00
2.879000000000000000e+03 3.150239438121423063e+01 1.328492232391623062e+00 2.177766065507753118e-02 -1.616848270956171785e+00
2.880000000000000000e+03 3.143513934562343692e+01 1.326281661355539487e+00 2.175802159933222166e-02 -1.621571037416681627e+00
2.881000000000000000e+03 3.136860030752914952e+01 1.324033460144609986e+00 2.173841560594138092e-02 -1.626269734579884219e+00
2.882000000000000000e+03 3.130263577213316140e+01 1.321732801309921879e+00 2.171884271937977312e-02 -1.630934667985488806e+00
2.883000000000000000e+03 3.123740155906554605e+01 1.319387116644114899e+00 2.169930297962799001e-02 -1.635570949229752102e+00
2.884000000000000000e+03 3.117283081687849844e+01 1.316988955669493144e+00 2.167979642170380847e-02 -1.640161352869107025e+00
2.885000000000000000e+03 3.110885687272878286e+01 1.314553127636996610e+00 2.166032307514404939e-02 -1.644718313552306244e+00
2.886000000000000000e+03 3.104556179869151933e+01 1.312072131680489973e+00 2.164088296356232732e-02 -1.649231926274786542e+00
2.887000000000000000e+03 3.098287927716163637e+01 1.309538442131394032e+00 2.162147610413564860e-02 -1.653692230161966537e+00
2.888000000000000000e+03 3.092081745083983790e+01 1.306966793841090713e+00 2.160210250717438385e-02 -1.658111492279693344e+00
2.889000000000000000e+03 3.085931035523753607e+01 1.304349612358902677e+00 2.158276217560407481e-02 -1.662472207969583060e+00
2.890000000000000000e+03 3.079851505218937646e+01 1.301686727620007034e+00 2.156345510459376988e-02 -1.666786526466507823e+00
2.891000000000000000e+03 3.073821736128886073e+01 1.298977945889670860e+00 2.154418128107294869e-02 -1.671036822940625166e+00
2.892000000000000000e+03 3.067857469428145833e+01 1.296230478415154153e+00 2.152494068339275493e-02 -1.675227695822686158e+00
2.893000000000000000e+03 3.061944750278116700e+01 1.293444085034098467e+00 2.150573328094236569e-02 -1.679363680656718705e+00
2.894000000000000000e+03 3.056091926185700203e+01 1.290611074490465082e+00 2.148655903377439530e-02 -1.683426963983031044e+00
2.895000000000000000e+03 3.050299933488039983e+01 1.287738589807983836e+00 2.146741789239187473e-02 -1.687429380755017361e+00
2.896000000000000000e+03 3.044554868862842412e+01 1.284826323568982520e+00 2.144830979746191815e-02 -1.691352986533633196e+00
2.897000000000000000e+03 3.038865130911091583e+01 1.281873946600817327e+00 2.142923467959465672e-02 -1.695209483318023791e+00
2.898000000000000000e+03 3.033231706554642670e+01 1.278881108318510762e+00 2.141019245922556880e-02 -1.698988220154965978e+00
2.899000000000000000e+03 3.027640742448132372e+01 1.275847437073810875e+00 2.139118304648594121e-02 -1.702693333984534929e+00
2.900000000000000000e+03 3.022108114802898626e+01 1.272779968860725530e+00 2.137220634116411902e-02 -1.706314035367002324e+00
2.901000000000000000e+03 3.016620066550421697e+01 1.269663376338781013e+00 2.135326223272547910e-02 -1.709854310629643326e+00
2.902000000000000000e+03 3.011177969935416598e+01 1.266519222191083482e+00 2.133435060032128419e-02 -1.713310604763866429e+00
2.903000000000000000e+03 3.005783276544206473e+01 1.263331849806422102e+00 2.131547131297618913e-02 -1.716671851904816304e+00
2.904000000000000000e+03 3.000437452555453888e+01 1.260107868397460473e+00 2.129662422972143296e-02 -1.719956626764846730e+00
2.905000000000000000e+03 2.995141978225326440e+01 1.256846439984366626e+00 2.127780919983358887e-02 -1.723138860432808839e+00
2.906000000000000000e+03 2.989883490619774520e+01 1.253546708135132137e+00 2.125902606317627702e-02 -1.726236979914255398e+00
2.907000000000000000e+03 2.984670924745459075e+01 1.250215226711341332e+00 2.124027465051188390e-02 -1.729232195652082860e+00
2.908000000000000000e+03 2.979505799475262506e+01 1.246843675218110237e+00 2.122155478391789252e-02 -1.732135356088152056e+00
2.909000000000000000e+03 2.974382216821938485e+01 1.243446000961105913e+00 2.120286627727546724e-02 -1.734942377007422820e+00
2.910000000000000000e+03 2.969301717860274081e+01 1.240006421005581672e+00 2.118420893674875793e-02 -1.737649097720450841e+00
2.911000000000000000e+03 2.964265853547883367e+01 1.236538849393912010e+00 2.116558256138642222e-02 -1.740251280581849747e+00
2.912000000000000000e+03 2.959268755497247128e+01 1.233034899114111793e+00 2.114698694370635568e-02 -1.742744610545134076e+00
2.913000000000000000e+03 2.954311991752129885e+01 1.229501024275834187e+00 2.112842187038422095e-02 -1.745139551454549132e+00
2.914000000000000000e+03 2.949397137469728492e+01 1.225936235488850778e+00 2.110988712288524791e-02 -1.747424203921360331e+00
2.915000000000000000e+03 2.944518345562643091e+01 1.222339528646638085e+00 2.109138247825707857e-02 -1.749601446739027955e+00
2.916000000000000000e+03 2.939669774004923397e+01 1.218702457013676854e+00 2.107290770982015934e-02 -1.751666651532317154e+00
2.917000000000000000e+03 2.934867869806437213e+01 1.215038845067845319e+00 2.105446258796860384e-02 -1.753615110843330882e+00
2.918000000000000000e+03 2.930099369457123260e+01 1.211347647194297883e+00 2.103604688100380385e-02 -1.755456894603476536e+00
2.919000000000000000e+03 2.925365867901833994e+01 1.207627804834854990e+00 2.101766035582679562e-02 -1.757187136539180905e+00
2.920000000000000000e+03 2.920668960695805438e+01 1.203878246940101704e+00 2.099930277884589150e-02 -1.758800890714258935e+00
2.921000000000000000e+03 2.916002814498521900e+01 1.200097890424890679e+00 2.098097391673177728e-02 -1.760300559756638794e+00
2.922000000000000000e+03 2.911369022612289470e+01 1.196285640626882696e+00 2.096267353719772839e-02 -1.761681038068753535e+00
2.923000000000000000e+03 2.906769175469908006e+01 1.192455248468422324e+00 2.094440140982384638e-02 -1.762944568472795792e+00
2.924000000000000000e+03 2.902197431128318428e+01 1.188598169169430507e+00 2.092615730678961533e-02 -1.764093313838673849e+00
2.925000000000000000e+03 2.897655370825112797e+01 1.184713276115037850e+00 2.090794100359964422e-02 -1.765121928745033042e+00
2.926000000000000000e+03 2.893151997852814361e+01 1.180799432974274588e+00 2.088975227978522725e-02 -1.766032416223569435e+00
2.927000000000000000e+03 2.888666594706299406e+01 1.176870350871592530e+00 2.087159091958853616e-02 -1.766819271134385305e+00
2.928000000000000000e+03 2.884215577164185262e+01 1.172910018758391404e+00 2.085345671251630228e-02 -1.767491765324044728e+00
2.929000000000000000e+03 2.879785638101997947e+01 1.168924702339351196e+00 2.083534945397627278e-02 -1.768036806012790674e+00
2.930000000000000000e+03 2.875385744951366362e+01 1.164928087848150273e+00 2.081726894571519007e-02 -1.768463506064810842e+00
2.931000000000000000e+03 2.871009997003578107e+01 1.160896712423344912e+00 2.079921499630989559e-02 -1.768766042435828245e+00
2.932000000000000000e+03 2.866652481217390402e+01 1.156851676439624166e+00 2.078118742151736920e-02 -1.768945941452013892e+00
2.933000000000000000e+03 2.862322128084036521e+01 1.152791788834856668e+00 2.076318604460120759e-02 -1.769004650716733407e+00
2.934000000000000000e+03 2.858020425802494202e+01 1.148708424290502794e+00 2.074521069658387049e-02 -1.768936111045735116e+00
2.935000000000000000e+03 2.853733991220613220e+01 1.144607808762704071e+00 2.072726121637919264e-02 -1.768749041830918634e+00
2.936000000000000000e+03 2.849464282596177256e+01 1.140496163262202600e+00 2.070933745092392447e-02 -1.768444656330090847e+00
2.937000000000000000e+03 2.845220170678204497e+01 1.136372275984549152e+00 2.069143925512707469e-02 -1.768016662034084474e+00
2.938000000000000000e+03 2.840995653161487056e+01 1.132227502790109641e+00 2.067356649188737891e-02 -1.767466117760738920e+00
2.939000000000000000e+03 2.836784710967693357e+01 1.128068052734455984e+00 2.065571903186469091e-02 -1.766801434074107613e+00
2.940000000000000000e+03 2.832596164602834676e+01 1.123907560196846456e+00 2.063789675332764265e-02 -1.766008660328035162e+00
2.941000000000000000e+03 2.828416532139689465e+01 1.119722515256577955e+00 2.062009954180073906e-02 -1.765096055237195039e+00
2.942000000000000000e+03 2.824254599129396581e+01 1.115533976022275997e+00 2.060232728973584657e-02 -1.764064373969956856e+00
2.943000000000000000e+03 2.820111705086029374e+01 1.111340713954807935e+00 2.058457989602368102e-02 -1.762914297016815013e+00
2.944000000000000000e+03 2.815974315095810709e+01 1.107134071041205203e+00 2.056685726551371954e-02 -1.761646430732104252e+00
2.945000000000000000e+03 2.811851161599442861e+01 1.102912816966696408e+00 2.054915930843691577e-02 -1.760253879548961953e+00
2.946000000000000000e+03 2.807743531090985201e+01 1.098690577934384294e+00 2.053148593976091008e-02 -1.758737103268034341e+00
2.947000000000000000e+03 2.803637835932724798e+01 1.094458695381077096e+00 2.051383707847394960e-02 -1.757111346018724429e+00
2.948000000000000000e+03 2.799550184682990661e+01 1.090230796543194769e+00 2.049621264693509207e-02 -1.755369495141529290e+00
2.949000000000000000e+03 2.795466955577034440e+01 1.085990796466872021e+00 2.047861256995319942e-02 -1.753504366894439226e+00
2.950000000000000000e+03 2.791389366962795293e+01 1.081744896918284349e+00 2.046103677411407681e-02 -1.751530992181555169e+00
2.951000000000000000e+03 2.787318639663222442e+01 1.077506693518060832e+00 2.044348518685843580e-02 -1.749441895056849772e+00
2.952000000000000000e+03 2.783248625094081419e+01 1.073259924580085567e+00 2.042595773562364339e-02 -1.747236350563614371e+00
2.953000000000000000e+03 2.779188034719345879e+01 1.069010579873815203e+00 2.040845434698852767e-02 -1.744920841759961982e+00
2.954000000000000000e+03 2.775138136797130173e+01 1.064764652638952924e+00 2.039097494579895573e-02 -1.742486927526372797e+00
2.955000000000000000e+03 2.771077900178103448e+01 1.060513283325746459e+00 2.037351945425131677e-02 -1.739940956751899304e+00
2.956000000000000000e+03 2.767030849968876538e+01 1.056269901782817655e+00 2.035608779106568011e-02 -1.737281784089607539e+00
2.957000000000000000e+03 2.762975927844967572e+01 1.052025657587974061e+00 2.033867987060923588e-02 -1.734500770783786283e+00
2.958000000000000000e+03 2.758921776066722131e+01 1.047779133876983293e+00 2.032129560210132677e-02 -1.731611498918910197e+00
2.959000000000000000e+03 2.754869596231429796e+01 1.043536347766723660e+00 2.030393488881112457e-02 -1.728605202186871637e+00
2.960000000000000000e+03 2.750813149759316190e+01 1.039295894073019033e+00 2.028659762730862515e-02 -1.725487908527460590e+00
2.961000000000000000e+03 2.746753615055425612e+01 1.035063802424464940e+00 2.026928370681382874e-02 -1.722258155987409056e+00
2.962000000000000000e+03 2.742699587939361550e+01 1.030838680970230792e+00 2.025199300852904838e-02 -1.718921850350974445e+00
2.963000000000000000e+03 2.738629940285390774e+01 1.026611716783071948e+00 2.023472540508092915e-02 -1.715469981039594138e+00
2.964000000000000000e+03 2.734568103871531974e+01 1.022396389657979077e+00 2.021748076003834077e-02 -1.711908335483232513e+00
2.965000000000000000e+03 2.730492930472371071e+01 1.018183902402862939e+00 2.020025892747573729e-02 -1.708242643410305739e+00
2.966000000000000000e+03 2.726420403951278360e+01 1.013980322976375970e+00 2.018305975163233942e-02 -1.704471149507420513e+00
2.967000000000000000e+03 2.722336785286352168e+01 1.009791728168252023e+00 2.016588306666804511e-02 -1.700592042799321746e+00
2.968000000000000000e+03 2.718243182784311784e+01 1.005609347273850540e+00 2.014872869649777382e-02 -1.696610886048038891e+00
2.969000000000000000e+03 2.714148123773092180e+01 1.001431847514039575e+00 2.013159645470446665e-02 -1.692518331770178630e+00
2.970000000000000000e+03 2.710045269521186384e+01 9.972727627485276081e-01 2.011448614460057890e-02 -1.688327265074941685e+00
2.971000000000000000e+03 2.705935700183335513e+01 9.931159237314557409e-01 2.009739755928343849e-02 -1.684035663018123685e+00
2.972000000000000000e+03 2.701813057918024796e+01 9.889748852642290533e-01 2.008033048187644887e-02 -1.679648880776263953e+00
2.973000000000000000e+03 2.697678403328134067e+01 9.848483564385938083e-01 2.006328468588289282e-02 -1.675157367737058367e+00
2.974000000000000000e+03 2.693540215123018200e+01 9.807350576755178295e-01 2.004625993550661345e-02 -1.670566382058799482e+00
2.975000000000000000e+03 2.689392104652335291e+01 9.766337210570753546e-01 2.002925598619737999e-02 -1.665881135145248271e+00
2.976000000000000000e+03 2.685235100465261837e+01 9.725505190021745960e-01 2.001227258524593267e-02 -1.661099364487139685e+00
2.977000000000000000e+03 2.681062791044481841e+01 9.684767795348639963e-01 1.999530947239814421e-02 -1.656233619920564948e+00
2.978000000000000000e+03 2.676876180870120692e+01 9.644186999977371055e-01 1.997836638065367612e-02 -1.651266694748399599e+00
2.979000000000000000e+03 2.672683689715785604e+01 9.603750623070739234e-01 1.996144303706262613e-02 -1.646218482130175076e+00
2.980000000000000000e+03 2.668478866830848162e+01 9.563520899525224106e-01 1.994453916366362503e-02 -1.641079121181624689e+00
2.981000000000000000e+03 2.664262675166309791e+01 9.523485915891954923e-01 1.992765447838516085e-02 -1.635853568341137931e+00
2.982000000000000000e+03 2.660036062147445435e+01 9.483633896737191371e-01 1.991078869608062241e-02 -1.630554170297448646e+00
2.983000000000000000e+03 2.655792530400617935e+01 9.443953207432761454e-01 1.989394152961221005e-02 -1.625163523528066811e+00
2.984000000000000000e+03 2.651540421842100059e+01 9.404432356879094401e-01 1.987711269090905106e-02 -1.619693902402195462e+00
2.985000000000000000e+03 2.647273203283561571e+01 9.365134283661693537e-01 1.986030189214025785e-02 -1.614157547091110700e+00
2.986000000000000000e+03 2.642999178815770023e+01 9.326047791632197104e-01 1.984350884683753688e-02 -1.608536951487952837e+00
2.987000000000000000e+03 2.638704347024467722e+01 9.287161835927497666e-01 1.982673327107377023e-02 -1.602844291339351246e+00
2.988000000000000000e+03 2.634404398402132585e+01 9.248539808919959970e-01 1.980997488461213457e-02 -1.597084283831588847e+00
2.989000000000000000e+03 2.630085287507552394e+01 9.210096692087494930e-01 1.979323341209805048e-02 -1.591246760584704711e+00
2.990000000000000000e+03 2.625747802039343881e+01 9.171896192332255060e-01 1.977650858414575774e-02 -1.585351239104445753e+00
2.991000000000000000e+03 2.621400133477021654e+01 9.133853610207802731e-01 1.975980013851490885e-02 -1.579380068985605678e+00
2.992000000000000000e+03 2.617043019400044201e+01 9.096107259599645056e-01 1.974310782112135079e-02 -1.573345288424068844e+00
2.993000000000000000e+03 2.612669742544348139e+01 9.058572768806345543e-01 1.972643138711711180e-02 -1.567251483828696390e+00
2.994000000000000000e+03 2.608273558254737168e+01 9.021314500077324272e-01 1.970977060187044383e-02 -1.561095791186846826e+00
2.995000000000000000e+03 2.603869978691708198e+01 8.984322701060055705e-01 1.969312524180149779e-02 -1.554882754131868605e+00
2.996000000000000000e+03 2.599452201948012586e+01 8.947513506681143980e-01 1.967649509533496779e-02 -1.548616896960443912e+00
2.997000000000000000e+03 2.595020824737249043e+01 8.911026074967189903e-01 1.965987996356255776e-02 -1.542302725999812996e+00
2.998000000000000000e+03 2.590568985057640816e+01 8.874776887766959721e-01 1.964327966096228104e-02 -1.535937302623581191e+00
2.999000000000000000e+03 2.586112075040520253e+01 8.838831169928609288e-01 1.962669401596657884e-02 -1.529525101316196789e+00
3.000000000000000000e+03 2.581635742035233960e+01 8.803105756881256516e-01 1.961012287143677757e-02 -1.523070582683813345e+00
3.001000000000000000e+03 2.577147855781705843e+01 8.767740597470885522e-01 1.959356608505179176e-02 -1.516570628415360611e+00
3.002000000000000000e+03 2.572641273658502215e+01 8.732579022303613714e-01 1.957702352957537556e-02 -1.510036413547912293e+00
3.003000000000000000e+03 2.568131074997415197e+01 8.697761761718598716e-01 1.956049509301539466e-02 -1.503464108551551437e+00
3.004000000000000000e+03 2.563595165129945386e+01 8.663206878759890373e-01 1.954398067867672839e-02 -1.496849875417608722e+00
3.005000000000000000e+03 2.559048558935712592e+01 8.628981187908891792e-01 1.952748020508805402e-02 -1.490204725694124210e+00
3.006000000000000000e+03 2.554491382545463551e+01 8.595003122218722869e-01 1.951099360583082379e-02 -1.483524808412557849e+00
3.007000000000000000e+03 2.549908873604939430e+01 8.561414151895897495e-01 1.949452082919423887e-02 -1.476813696458301406e+00
3.008000000000000000e+03 2.545315951748784755e+01 8.528058800774098724e-01 1.947806183788734768e-02 -1.470074959531771475e+00
3.009000000000000000e+03 2.540705220628156980e+01 8.495004631748525048e-01 1.946161660843204882e-02 -1.463297308750066694e+00
3.010000000000000000e+03 2.536076681895620055e+01 8.462319397107110897e-01 1.944518513057829495e-02 -1.456499168041397230e+00
3.011000000000000000e+03 2.531437735890260399e+01 8.429922472287275648e-01 1.942876740658582360e-02 -1.449676676975997003e+00
3.012000000000000000e+03 2.526773469018794671e+01 8.397807707067390659e-01 1.941236345044071790e-02 -1.442825977089540856e+00
3.013000000000000000e+03 2.522098653081434350e+01 8.366043426173548347e-01 1.939597328692168818e-02 -1.435950641495057578e+00
3.014000000000000000e+03 2.517405747780370007e+01 8.334623862802369443e-01 1.937959695066716198e-02 -1.429061676133728698e+00
3.015000000000000000e+03 2.512694615160586054e+01 8.303543442573676492e-01 1.936323448509986653e-02 -1.422155235963552311e+00
3.016000000000000000e+03 2.507965092371728844e+01 8.272729928749448236e-01 1.934688594132880426e-02 -1.415227482887769117e+00
3.017000000000000000e+03 2.503216992844552635e+01 8.242274701384186830e-01 1.933055137697738818e-02 -1.408282015321199898e+00
3.018000000000000000e+03 2.498457535873528457e+01 8.212150480228761484e-01 1.931423085501173323e-02 -1.401322441044174472e+00
3.019000000000000000e+03 2.493671634495068190e+01 8.182352463520544683e-01 1.929792444242487554e-02 -1.394359806744868813e+00
3.020000000000000000e+03 2.488873895255965252e+01 8.152890899687645909e-01 1.928163220908605743e-02 -1.387375457447975746e+00
3.021000000000000000e+03 2.484056621106052276e+01 8.123761373925822982e-01 1.926535422632971034e-02 -1.380387892834493924e+00
3.022000000000000000e+03 2.479212097811030446e+01 8.094974521495715836e-01 1.924909056580382735e-02 -1.373393341595046557e+00
3.023000000000000000e+03 2.474362308723070925e+01 8.066518885791025273e-01 1.923284129811876630e-02 -1.366395475973611218e+00
3.024000000000000000e+03 2.469484652645126488e+01 8.038405488179400926e-01 1.921660649163851528e-02 -1.359390556197505040e+00
3.025000000000000000e+03 2.464593657037498531e+01 8.010630685912374371e-01 1.920038621126598372e-02 -1.352389716645984175e+00
3.026000000000000000e+03 2.459688980896679311e+01 7.983198456759074135e-01 1.918418051725699278e-02 -1.345389253554680309e+00
3.027000000000000000e+03 2.454762844403092359e+01 7.956105541810369886e-01 1.916798946411886126e-02 -1.338392911159375975e+00
3.028000000000000000e+03 2.449814886876217557e+01 7.929363729956683260e-01 1.915181309956204628e-02 -1.331404454426204920e+00
3.029000000000000000e+03 2.444859596327371065e+01 7.902962715486924195e-01 1.913565146349474611e-02 -1.324420241769396211e+00
3.030000000000000000e+03 2.439881740499690821e+01 7.876914667462896480e-01 1.911950458715535456e-02 -1.317451511157525568e+00
3.031000000000000000e+03 2.434895794742372743e+01 7.851202230464783272e-01 1.910337249228654527e-02 -1.310487239405166315e+00
3.032000000000000000e+03 2.429886516203850988e+01 7.825830522164451963e-01 1.908725519042761554e-02 -1.303538713304843277e+00
3.033000000000000000e+03 2.424860943194717677e+01 7.800797418971188169e-01 1.907115268230785698e-02 -1.296602388893573377e+00
3.034000000000000000e+03 2.419826110957865950e+01 7.776115840054981243e-01 1.905506495737045031e-02 -1.289689605858943100e+00
3.035000000000000000e+03 2.414766767342855758e+01 7.751769176144649443e-01 1.903899199337280232e-02 -1.282789446780260079e+00
3.036000000000000000e+03 2.409697371882483097e+01 7.727763286806623722e-01 1.902293375613767212e-02 -1.275913308209533970e+00
3.037000000000000000e+03 2.404610097861815632e+01 7.704096785799799951e-01 1.900689019940092137e-02 -1.269057759886663472e+00
3.038000000000000000e+03 2.399511974483490562e+01 7.680768468110855673e-01 1.899086126481977499e-02 -1.262226830743544026e+00
3.039000000000000000e+03 2.394395173772288032e+01 7.657777308570343777e-01 1.897484688207801140e-02 -1.255417153143521203e+00
3.040000000000000000e+03 2.389266724172407308e+01 7.635122460400541877e-01 1.895884696910820483e-02 -1.248632820508172259e+00
3.041000000000000000e+03 2.384126225584014591e+01 7.612795825345848311e-01 1.894286143246366738e-02 -1.241885388229964526e+00
3.042000000000000000e+03 2.378973277693018318e+01 7.590811765488761909e-01 1.892689016778255004e-02 -1.235164161169551411e+00
3.043000000000000000e+03 2.373807479845087798e+01 7.569155103148463848e-01 1.891093306038975005e-02 -1.228480764641372458e+00
3.044000000000000000e+03 2.368628430817424402e+01 7.547825689269376248e-01 1.889498998600690552e-02 -1.221824575181261086e+00
3.045000000000000000e+03 2.363443156842717130e+01 7.526823544945638877e-01 1.887906081158566979e-02 -1.215207291502091502e+00
3.046000000000000000e+03 2.358243826139163701e+01 7.506148859586571076e-01 1.886314539614926400e-02 -1.208625793580962782e+00
3.047000000000000000e+03 2.353030033455075554e+01 7.485787132320812498e-01 1.884724359188915885e-02 -1.202077000182261157e+00
3.048000000000000000e+03 2.347808799482663034e+01 7.465753740146848783e-01 1.883135524515421044e-02 -1.195580154714521282e+00
3.049000000000000000e+03 2.342579713498831140e+01 7.446034509121705058e-01 1.881548019772264629e-02 -1.189117399217527460e+00
3.050000000000000000e+03 2.337342360992652246e+01 7.426630282400780159e-01 1.879961828791512635e-02 -1.182693201936062311e+00
3.051000000000000000e+03 2.332096278582539028e+01 7.407542427906124161e-01 1.878376935196639924e-02 -1.176319484239714219e+00
3.052000000000000000e+03 2.326840820278202315e+01 7.388759078916220524e-01 1.876793322527163868e-02 -1.169993284906993392e+00
3.053000000000000000e+03 2.321575289535784137e+01 7.370283745791748053e-01 1.875210974378933512e-02 -1.163711668942517985e+00
3.054000000000000000e+03 2.316306411028349999e+01 7.352120090523446283e-01 1.873629874539166698e-02 -1.157479173757365309e+00
3.055000000000000000e+03 2.311033473046191133e+01 7.334264496068617634e-01 1.872050007125541232e-02 -1.151300381495288461e+00
3.056000000000000000e+03 2.305755754944150127e+01 7.316720920693192687e-01 1.870471356721961631e-02 -1.145165062987958171e+00
3.057000000000000000e+03 2.300472526245889426e+01 7.299478610518457256e-01 1.868893908514899713e-02 -1.139092748490951879e+00
3.058000000000000000e+03 2.295190474116577661e+01 7.282541810477042299e-01 1.867317648427694807e-02 -1.133073301494245344e+00
3.059000000000000000e+03 2.289893989113373252e+01 7.265907476777075935e-01 1.865742563243494995e-02 -1.127104061063707530e+00
3.060000000000000000e+03 2.284604591178569777e+01 7.249565274376302826e-01 1.864168640736908744e-02 -1.121197270758500064e+00
3.061000000000000000e+03 2.279299217028033908e+01 7.233527287821029939e-01 1.862595869783137056e-02 -1.115342937423589698e+00
3.062000000000000000e+03 2.273999359655441310e+01 7.217783448544874414e-01 1.861024240471914268e-02 -1.109553401811001594e+00
3.063000000000000000e+03 2.268696784200445649e+01 7.202331245635865686e-01 1.859453744205310372e-02 -1.103818768973658937e+00
3.064000000000000000e+03 2.263390669149019985e+01 7.187175723168497399e-01 1.857884373791819643e-02 -1.098144050487015688e+00
3.065000000000000000e+03 2.258080177518920451e+01 7.172299764103158282e-01 1.856316123523624878e-02 -1.092534308193734205e+00
3.066000000000000000e+03 2.252771884839802041e+01 7.157716086006628009e-01 1.854748989253319352e-02 -1.086987226272856599e+00
3.067000000000000000e+03 2.247457493833155695e+01 7.143407811490746218e-01 1.853182968444142334e-02 -1.081500539983542675e+00
3.068000000000000000e+03 2.242143547650667301e+01 7.129380463875402141e-01 1.851618060221116996e-02 -1.076079464382437179e+00
3.069000000000000000e+03 2.236829144772406508e+01 7.115632250972724338e-01 1.850054265401212400e-02 -1.070721837963711343e+00
3.070000000000000000e+03 2.231520795771709231e+01 7.102161490596380355e-01 1.848491586514687535e-02 -1.065432979673453406e+00
3.071000000000000000e+03 2.226210138447205011e+01 7.088951750995855505e-01 1.846930027812319214e-02 -1.060210832496105926e+00
3.072000000000000000e+03 2.220896223176560369e+01 7.076016418069736025e-01 1.845369595255366008e-02 -1.055060820414746470e+00
3.073000000000000000e+03 2.215585513340453971e+01 7.063339265653005850e-01 1.843810296496389139e-02 -1.049973563593277204e+00
3.074000000000000000e+03 2.210277029166749685e+01 7.050919022686557014e-01 1.842252140849112013e-02 -1.044954591983182191e+00
3.075000000000000000e+03 2.204977205094921544e+01 7.038761941916255038e-01 1.840695139232560035e-02 -1.040009488801659110e+00
3.076000000000000000e+03 2.199670177155813278e+01 7.026852083520666037e-01 1.839139304119987231e-02 -1.035129033983039015e+00
3.077000000000000000e+03 2.194369782317388839e+01 7.015188453875034202e-01 1.837584649456128205e-02 -1.030326346055005837e+00
3.078000000000000000e+03 2.189074989385929371e+01 7.003770145844868678e-01 1.836031190581851116e-02 -1.025592312135680917e+00
3.079000000000000000e+03 2.183784756812318051e+01 6.992596335765555171e-01 1.834478944132595518e-02 -1.020925301406724994e+00
3.080000000000000000e+03 2.178498033894399200e+01 6.981658852056201736e-01 1.832927927933758472e-02 -1.016331165159571004e+00
3.081000000000000000e+03 2.173213762068502675e+01 6.970942172169873885e-01 1.831378160884580136e-02 -1.011815808465708066e+00
3.082000000000000000e+03 2.167930876281803876e+01 6.960460561282101333e-01 1.829829662834324064e-02 -1.007370333471469870e+00
3.083000000000000000e+03 2.162655734786779504e+01 6.950198642414235906e-01 1.828282454448160524e-02 -1.002996295759331025e+00
3.084000000000000000e+03 2.157379835596760742e+01 6.940148535098559224e-01 1.826736557069887079e-02 -9.986967902737304836e-01
3.085000000000000000e+03 2.152116959795257500e+01 6.930317280632205534e-01 1.825191992578585262e-02 -9.944712513981842639e-01
3.086000000000000000e+03 2.146851174683182961e+01 6.920689697220492320e-01 1.823648783238137824e-02 -9.903191670293148841e-01
3.087000000000000000e+03 2.141603690559724882e+01 6.911265518613880499e-01 1.822106951547869044e-02 -9.862415641232381569e-01
3.088000000000000000e+03 2.136351150516255260e+01 6.902037105935431294e-01 1.820566520090423010e-02 -9.822387800444630779e-01
3.089000000000000000e+03 2.131114772292211512e+01 6.893011729603261140e-01 1.819027511378097997e-02 -9.783097195634941068e-01
3.090000000000000000e+03 2.125878638069509208e+01 6.884166996095167912e-01 1.817489947698082420e-02 -9.744555688435331264e-01
3.091000000000000000e+03 2.120656551254281652e+01 6.875510271610945079e-01 1.815953850969067446e-02 -9.706760810567580666e-01
3.092000000000000000e+03 2.115440039625115531e+01 6.867034108828563577e-01 1.814419242589502407e-02 -9.669718046610674689e-01
3.093000000000000000e+03 2.110235498643102403e+01 6.858738528808699941e-01 1.812886143299082681e-02 -9.633418546477885425e-01
3.094000000000000000e+03 2.105034479557119553e+01 6.850601304445692596e-01 1.811354573044604219e-02 -9.597861407811293377e-01
3.095000000000000000e+03 2.099850832597905281e+01 6.842637384121037503e-01 1.809824550847629818e-02 -9.563053673148104172e-01
3.096000000000000000e+03 2.094668709895215031e+01 6.834824605051351698e-01 1.808296094690059475e-02 -9.528973185165945381e-01
3.097000000000000000e+03 2.089501993564991622e+01 6.827170545292718939e-01 1.806769221402699729e-02 -9.495642867015565702e-01
3.098000000000000000e+03 2.084342298449892183e+01 6.819660522143162762e-01 1.805243946562769958e-02 -9.463041578790915009e-01
3.099000000000000000e+03 2.079188686611272985e+01 6.812294730750970695e-01 1.803720284405705906e-02 -9.431178397549498937e-01
3.100000000000000000e+03 2.074055096661622599e+01 6.805058527574338045e-01 1.802198247754135604e-02 -9.400048043584011692e-01
3.101000000000000000e+03 2.068925756724953402e+01 6.797959861228152212e-01 1.800677847946659596e-02 -9.369639211981525273e-01
3.102000000000000000e+03 2.063814558569919555e+01 6.790993004290236668e-01 1.799159094788160829e-02 -9.339952146360818164e-01
3.103000000000000000e+03 2.058713113192589361e+01 6.784137673496770660e-01 1.797641996517677573e-02 -9.310988485535093284e-01
3.104000000000000000e+03 2.053620482513031931e+01 6.777410732855878583e-01 1.796126559778482915e-02 -9.282757780708595918e-01
3.105000000000000000e+03 2.048543179734382846e+01 6.770799335394094287e-01 1.794612789615273110e-02 -9.255255206130306167e-01
3.106000000000000000e+03 2.043480312868448934e+01 6.764290633468524883e-01 1.793100689473911893e-02 -9.228483839725946103e-01
3.107000000000000000e+03 2.038431013178903228e+01 6.757894060740443631e-01 1.791590261223418787e-02 -9.202432373509428221e-01
3.108000000000000000e+03 2.033394435142095347e+01 6.751596759010853877e-01 1.790081505186994285e-02 -9.177112250681010996e-01
3.109000000000000000e+03 2.028369756277833247e+01 6.745400716923126705e-01 1.788574420194695772e-02 -9.152520519107476549e-01
3.110000000000000000e+03 2.023363605203597260e+01 6.739293053531012490e-01 1.787069003636759107e-02 -9.128654683143048176e-01
3.111000000000000000e+03 2.018367776165353433e+01 6.733283157035403477e-01 1.785565251541340603e-02 -9.105520126987147744e-01
3.112000000000000000e+03 2.013388941903038898e+01 6.727343254987595556e-01 1.784063158657675160e-02 -9.083107824532495878e-01
3.113000000000000000e+03 2.008426367953695646e+01 6.721497551517412461e-01 1.782562718555022463e-02 -9.061424047555453054e-01
3.114000000000000000e+03 2.003479340252296126e+01 6.715718227477109892e-01 1.781063923727340195e-02 -9.040453218642906519e-01
3.115000000000000000e+03 1.998547164287370137e+01 6.710014577714463746e-01 1.779566765710844170e-02 -9.020202475865469749e-01
3.116000000000000000e+03 1.993629164170647172e+01 6.704381009715468798e-01 1.778071235211324888e-02 -9.000657097135690288e-01
3.117000000000000000e+03 1.988732109980856322e+01 6.698811897425787087e-01 1.776577322230799699e-02 -8.981810207958974557e-01
3.118000000000000000e+03 1.983855359991130740e+01 6.693301578397319318e-01 1.775085016216126910e-02 -8.963670204023570509e-01
3.119000000000000000e+03 1.978998287892526875e+01 6.687851779315338030e-01 1.773594306193941247e-02 -8.946231031924822830e-01
3.120000000000000000e+03 1.974152853273890784e+01 6.682449328152718637e-01 1.772105180925327358e-02 -8.929479611528853278e-01
3.121000000000000000e+03 1.969333313821697828e+01 6.677103293158671571e-01 1.770617629049299133e-02 -8.913418114920825808e-01
3.122000000000000000e+03 1.964531653998143312e+01 6.671800410025934269e-01 1.769131639238610137e-02 -8.898034246785001544e-01
3.123000000000000000e+03 1.959754725565040090e+01 6.666534792594446257e-01 1.767647200351362899e-02 -8.883316094768095583e-01
3.124000000000000000e+03 1.954994532960747478e+01 6.661300501838967048e-01 1.766164301577402909e-02 -8.869266979722898459e-01
3.125000000000000000e+03 1.950250517146323048e+01 6.656106399943112484e-01 1.764682932585895370e-02 -8.855875735729600295e-01
3.126000000000000000e+03 1.945536982780690138e+01 6.650939005958806938e-01 1.763203083668657412e-02 -8.843146416795815146e-01
3.127000000000000000e+03 1.940838526985229606e+01 6.645792206656973011e-01 1.761724745872107409e-02 -8.831053719929948809e-01
3.128000000000000000e+03 1.936162036714145529e+01 6.640667254015480969e-01 1.760247911133429322e-02 -8.819602404994035805e-01
3.129000000000000000e+03 1.931506974335416160e+01 6.635557906048118459e-01 1.758772572399451214e-02 -8.808775289175196921e-01
3.130000000000000000e+03 1.926880233386748742e+01 6.630457852725490930e-01 1.757298723739165666e-02 -8.798562953184061453e-01
3.131000000000000000e+03 1.922266424313096422e+01 6.625375570288934979e-01 1.755826360443983256e-02 -8.788956305573568661e-01
3.132000000000000000e+03 1.917687300498940672e+01 6.620289748804817354e-01 1.754355479126298509e-02 -8.779946575281991628e-01
3.133000000000000000e+03 1.913120045745518283e+01 6.615208716668070643e-01 1.752886077792591840e-02 -8.771525304046852156e-01
3.134000000000000000e+03 1.908586413910347446e+01 6.610125868246399250e-01 1.751418155912384464e-02 -8.763676910343222159e-01
3.135000000000000000e+03 1.904071016603641908e+01 6.605034518372174812e-01 1.749951714476646880e-02 -8.756400966597086555e-01
3.136000000000000000e+03 1.899580749656871248e+01 6.599935328531679746e-01 1.748486756031891395e-02 -8.749675049471672406e-01
3.137000000000000000e+03 1.895115079509656297e+01 6.594814019699618557e-01 1.747023284710526661e-02 -8.743499301884626318e-01
3.138000000000000000e+03 1.890673471471854228e+01 6.589678512023918744e-01 1.745561306242741570e-02 -8.737851854702394228e-01
3.139000000000000000e+03 1.886255389760900059e+01 6.584521781056908996e-01 1.744100827949656915e-02 -8.732733388518937323e-01
3.140000000000000000e+03 1.881860297664988124e+01 6.579329284135749800e-01 1.742641858734438748e-02 -8.728122555118443815e-01
3.141000000000000000e+03 1.877487657831323986e+01 6.574108671864835607e-01 1.741184409041032430e-02 -8.724013110679176286e-01
3.142000000000000000e+03 1.873144361027666704e+01 6.568852644494135307e-01 1.739728490815486972e-02 -8.720384193719667998e-01
3.143000000000000000e+03 1.868822441622803865e+01 6.563561235150682238e-01 1.738274117444334188e-02 -8.717237458095883351e-01
3.144000000000000000e+03 1.864528791634472427e+01 6.558234379719373175e-01 1.736821303682171969e-02 -8.714545065697074655e-01
3.145000000000000000e+03 1.860255448085598218e+01 6.552864486774426789e-01 1.735370065568004813e-02 -8.712301675956243274e-01
3.146000000000000000e+03 1.856009307266524289e+01 6.547443864263187141e-01 1.733920420322041314e-02 -8.710494723421032814e-01
3.147000000000000000e+03 1.851789840642049256e+01 6.541979574590002233e-01 1.732472386245424018e-02 -8.709111836998807421e-01
3.148000000000000000e+03 1.847596524247831695e+01 6.536463719651358639e-01 1.731025982596179347e-02 -8.708133402428158698e-01
3.149000000000000000e+03 1.843421411465457282e+01 6.530888296023289463e-01 1.729581229463648603e-02 -8.707547409737758093e-01
3.150000000000000000e+03 1.839271419267851115e+01 6.525260050200670792e-01 1.728138147631482283e-02 -8.707334587245608715e-01
3.151000000000000000e+03 1.835146061398875617e+01 6.519570768704538999e-01 1.726696758436758669e-02 -8.707491676440652917e-01
3.152000000000000000e+03 1.831052357305646794e+01 6.513812148179342065e-01 1.725257083618928627e-02 -8.707997278380061879e-01
3.153000000000000000e+03 1.826975069143826857e+01 6.507990636032213727e-01 1.723819145170677261e-02 -8.708853416827457838e-01
3.154000000000000000e+03 1.822921256263284917e+01 6.502090282509149777e-01 1.722382965179075631e-02 -8.710047387872692504e-01
3.155000000000000000e+03 1.818890563179967401e+01 6.496117309593085754e-01 1.720948565670283453e-02 -8.711566607166082443e-01
3.156000000000000000e+03 1.814890077648605171e+01 6.490070396451262935e-01 1.719515968450760837e-02 -8.713406028795873670e-01
3.157000000000000000e+03 1.810904618620854833e+01 6.483940678335149421e-01 1.718085194948597294e-02 -8.715560707463451129e-01
3.158000000000000000e+03 1.806948736030667035e+01 6.477726602231447250e-01 1.716656266063415134e-02 -8.718003503969542489e-01
3.159000000000000000e+03 1.803014713638456712e+01 6.471419069164133786e-01 1.715229202012058182e-02 -8.720744502568386070e-01
3.160000000000000000e+03 1.799102283678410785e+01 6.465031146648536620e-01 1.713804022184337722e-02 -8.723771574745156077e-01
3.161000000000000000e+03 1.795218628043608078e+01 6.458546069343832352e-01 1.712380745002589633e-02 -8.727065226530306141e-01
3.162000000000000000e+03 1.791356094348189743e+01 6.451961808309097934e-01 1.710959387793835676e-02 -8.730620874204787496e-01
3.163000000000000000e+03 1.787514482008432282e+01 6.445291070209400175e-01 1.709539966661704005e-02 -8.734426549955223162e-01
3.164000000000000000e+03 1.783693614830414376e+01 6.438509298119886592e-01 1.708122496375799951e-02 -8.738477749336739375e-01
3.165000000000000000e+03 1.779900770196865878e+01 6.431636382685220754e-01 1.706706990267238544e-02 -8.742762565400037378e-01
3.166000000000000000e+03 1.776128394743589922e+01 6.424654949623296307e-01 1.705293460141085390e-02 -8.747269107939820154e-01
3.167000000000000000e+03 1.772376390020780690e+01 6.417562357584210009e-01 1.703881916193716872e-02 -8.751992922822683374e-01
3.168000000000000000e+03 1.768652112980829827e+01 6.410370697607162827e-01 1.702472366948399457e-02 -8.756914697995943353e-01
3.169000000000000000e+03 1.764940662937249272e+01 6.403062222525686131e-01 1.701064819203228565e-02 -8.762029968039413141e-01
3.170000000000000000e+03 1.761264308594731531e+01 6.395648773325978143e-01 1.699659277996051418e-02 -8.767326820359230277e-01
3.171000000000000000e+03 1.757600776289671884e+01 6.388112351951740209e-01 1.698255746575498201e-02 -8.772793314882503246e-01
3.172000000000000000e+03 1.753964961799750455e+01 6.380464547761620642e-01 1.696854226395665133e-02 -8.778417475504759482e-01
3.173000000000000000e+03 1.750349503361740133e+01 6.372687110432645463e-01 1.695454717120916527e-02 -8.784202138345826860e-01
3.174000000000000000e+03 1.746754494755969844e+01 6.364798804867004556e-01 1.694057216647803024e-02 -8.790112944963088815e-01
3.175000000000000000e+03 1.743180056505060804e+01 6.356773699143910550e-01 1.692661721134053679e-02 -8.796160045982974740e-01
3.176000000000000000e+03 1.739633763641579733e+01 6.348630304575116901e-01 1.691268225054370217e-02 -8.802323809491825468e-01
3.177000000000000000e+03 1.736100931597107788e+01 6.340364720455752279e-01 1.689876721256053024e-02 -8.808584526447883478e-01
3.178000000000000000e+03 1.732596613821858611e+01 6.331972919065996797e-01 1.688487201039622423e-02 -8.814944687860366557e-01
3.179000000000000000e+03 1.729106174034687626e+01 6.323465602372398964e-01 1.687099654242985025e-02 -8.821436405387660384e-01
3.180000000000000000e+03 1.725644711968466183e+01 6.314831060325832857e-01 1.685714069342640273e-02 -8.827935694947337542e-01
3.181000000000000000e+03 1.722205063761324695e+01 6.306072312710966354e-01 1.684330433562699486e-02 -8.834541315064322609e-01
3.182000000000000000e+03 1.718787514109293824e+01 6.297199680942887623e-01 1.682948732995689228e-02 -8.841129058460267531e-01
3.183000000000000000e+03 1.715384938235947132e+01 6.288201074861978768e-01 1.681568952727204372e-02 -8.847871729291444387e-01
3.184000000000000000e+03 1.712012513892557308e+01 6.279086563079206984e-01 1.680191076974925715e-02 -8.854570584464734884e-01
3.185000000000000000e+03 1.708655721445646591e+01 6.269843803166743612e-01 1.678815089233866645e-02 -8.861249594609331703e-01
3.186000000000000000e+03 1.705322340819805405e+01 6.260475183750628947e-01 1.677440972416973514e-02 -8.868006870136174724e-01
3.187000000000000000e+03 1.702012736551488814e+01 6.250982968198741663e-01 1.676068709009282537e-02 -8.874717520403935245e-01
3.188000000000000000e+03 1.698719856219885216e+01 6.241369295057578315e-01 1.674698281221333532e-02 -8.881405064514918957e-01
3.189000000000000000e+03 1.695451513917004505e+01 6.231621321835971727e-01 1.673329671145671466e-02 -8.888092857700848892e-01
3.190000000000000000e+03 1.692208103617312176e+01 6.221748367288713055e-01 1.671962860907394779e-02 -8.894729801313084883e-01
3.191000000000000000e+03 1.688982597611584779e+01 6.211752198594415741e-01 1.670597832820163581e-02 -8.901338903422822968e-01
3.192000000000000000e+03 1.685775401667071449e+01 6.201634460332230425e-01 1.669234569533247989e-02 -8.907868705508298346e-01
3.193000000000000000e+03 1.682586925174726744e+01 6.191389246804354096e-01 1.667873054178138983e-02 -8.914341843249408148e-01
3.194000000000000000e+03 1.679425008046451495e+01 6.181017959455525901e-01 1.666513270510616707e-02 -8.920706473404375059e-01
3.195000000000000000e+03 1.676282634271997907e+01 6.170529307638624728e-01 1.665155203039600865e-02 -8.926984834788437295e-01
3.196000000000000000e+03 1.673152787298396049e+01 6.159917024374426120e-01 1.663798837154764620e-02 -8.933124675331018949e-01
3.197000000000000000e+03 1.670050733840811930e+01 6.149182152258159118e-01 1.662444159243444200e-02 -8.939222096731461731e-01
3.198000000000000000e+03 1.666969452631539284e+01 6.138325616009634444e-01 1.661091156797869436e-02 -8.945150131181908160e-01
3.199000000000000000e+03 1.663909346770120123e+01 6.127348223418250805e-01 1.659739818507401446e-02 -8.950930153195788552e-01
3.200000000000000000e+03 1.660863386078106529e+01 6.116243237980633074e-01 1.658390134345052308e-02 -8.956583307003348482e-01
3.201000000000000000e+03 1.657831992383026076e+01 6.105025869991398402e-01 1.657042095636249157e-02 -8.962056479564646239e-01
3.202000000000000000e+03 1.654830555401588299e+01 6.093680609139631166e-01 1.655695695119043312e-02 -8.967371648240868298e-01
3.203000000000000000e+03 1.651837345448455707e+01 6.082206465750753521e-01 1.654350926989342149e-02 -8.972476522326386927e-01
3.204000000000000000e+03 1.648867767056194111e+01 6.070617195284510048e-01 1.653007786931104048e-02 -8.977392842741095391e-01
3.205000000000000000e+03 1.645914931833949524e+01 6.058896729429947836e-01 1.651666272133484048e-02 -8.982142093331357824e-01
3.206000000000000000e+03 1.642979371657449050e+01 6.047066032493780829e-01 1.650326381291974259e-02 -8.986671212251738927e-01
3.207000000000000000e+03 1.640061610235806100e+01 6.035108819172219086e-01 1.648988114599472810e-02 -8.990926870436666274e-01
3.208000000000000000e+03 1.637169591505452004e+01 6.023030982665693589e-01 1.647651473717815299e-02 -8.995004033656743836e-01
3.209000000000000000e+03 1.634281538046599636e+01 6.010838310977095755e-01 1.646316461742316703e-02 -8.998923107151663991e-01
3.210000000000000000e+03 1.631420234873813513e+01 5.998529059947413922e-01 1.644983083143392727e-02 -9.002481363852962160e-01
3.211000000000000000e+03 1.628571317986848399e+01 5.986101383025781431e-01 1.643651343708462526e-02 -9.005847207724978487e-01
3.212000000000000000e+03 1.625742701686059632e+01 5.973560761075107362e-01 1.642321250455489393e-02 -9.008965901159291523e-01
3.213000000000000000e+03 1.622927437437428466e+01 5.960897718808108037e-01 1.640992811553591488e-02 -9.011856694499402742e-01
3.214000000000000000e+03 1.620133427985113883e+01 5.948124968059702589e-01 1.639666036210228259e-02 -9.014464254650740305e-01
3.215000000000000000e+03 1.617346286398421285e+01 5.935225410884731323e-01 1.638340934576194494e-02 -9.016732944306508069e-01
3.216000000000000000e+03 1.614581335399111239e+01 5.922211567942320398e-01 1.637017517614289611e-02 -9.018829668286437728e-01
3.217000000000000000e+03 1.611831609852554692e+01 5.909081010003864876e-01 1.635695796978660355e-02 -9.020549601465707168e-01
3.218000000000000000e+03 1.609090142818104141e+01 5.895831216291737009e-01 1.634375784880431198e-02 -9.021984736363897195e-01
3.219000000000000000e+03 1.606364823294932975e+01 5.882459576144124513e-01 1.633057493950122729e-02 -9.023078178322322396e-01
3.220000000000000000e+03 1.603656112250754973e+01 5.868978247406408943e-01 1.631740937094175795e-02 -9.023921275835335987e-01
3.221000000000000000e+03 1.600957043723767015e+01 5.855391873095926458e-01 1.630426127349767287e-02 -9.024456482995967255e-01
3.222000000000000000e+03 1.598268082635584797e+01 5.841682726440678985e-01 1.629113077737547044e-02 -9.024625923095547231e-01
3.223000000000000000e+03 1.595597125902162361e+01 5.827870139442999919e-01 1.627801801115731639e-02 -9.024445668867266956e-01
3.224000000000000000e+03 1.592937218480554407e+01 5.813943649510823208e-01 1.626492310032809016e-02 -9.024005739373767154e-01
3.225000000000000000e+03 1.590281411141605794e+01 5.799914999713203789e-01 1.625184616584429351e-02 -9.023247246544202627e-01
3.226000000000000000e+03 1.587645046556133188e+01 5.785780998852481094e-01 1.623878732272781081e-02 -9.022110959381360873e-01
3.227000000000000000e+03 1.585013761830564682e+01 5.771538380006620006e-01 1.622574667870577136e-02 -9.020611584829104634e-01
3.228000000000000000e+03 1.582395487887369789e+01 5.757198659088876846e-01 1.621272433293042409e-02 -9.018763481805227578e-01
3.229000000000000000e+03 1.579790736923834871e+01 5.742750994972116718e-01 1.619972037476797438e-02 -9.016580658905853918e-01
3.230000000000000000e+03 1.577192603193418208e+01 5.728199333131561710e-01 1.618673488263693699e-02 -9.014002488785051170e-01
3.231000000000000000e+03 1.574594192050136243e+01 5.713554979200141659e-01 1.617376792298084662e-02 -9.011116556722360560e-01
3.232000000000000000e+03 1.572018333948538782e+01 5.698814315837147371e-01 1.616081954932500550e-02 -9.007861524855350632e-01
3.233000000000000000e+03 1.569443301437903138e+01 5.683981089711359624e-01 1.614788980142984123e-02 -9.004175697612243345e-01
3.234000000000000000e+03 1.566869664702748821e+01 5.669058985094693748e-01 1.613497870458962744e-02 -9.000219870834056390e-01
3.235000000000000000e+03 1.564312863487327121e+01 5.654044197467296140e-01 1.612208626902581626e-02 -8.995857346061024717e-01
3.236000000000000000e+03 1.561758637151169005e+01 5.638955148883708635e-01 1.610921248944647069e-02 -8.991099630541348198e-01
3.237000000000000000e+03 1.559215023157191027e+01 5.623787919846837680e-01 1.609635734465666643e-02 -8.985957869411751453e-01
3.238000000000000000e+03 1.556675215234219323e+01 5.608538536341614034e-01 1.608352079743659638e-02 -8.980442845075429226e-01
3.239000000000000000e+03 1.554139848218090769e+01 5.593217828527706770e-01 1.607070279441662544e-02 -8.974639260272971875e-01
3.240000000000000000e+03 1.551616997718931046e+01 5.577829147687334288e-01 1.605790326619983485e-02 -8.968334320331128318e-01
3.241000000000000000e+03 1.549092466265773815e+01 5.562368368231503934e-01 1.604512212750101516e-02 -8.961760568139048866e-01
3.242000000000000000e+03 1.546574352834603516e+01 5.546846174761751458e-01 1.603235927755615117e-02 -8.954778765760336157e-01
3.243000000000000000e+03 1.544063338758403603e+01 5.531258350686238945e-01 1.601961460057994488e-02 -8.947397879278367050e-01
3.244000000000000000e+03 1.541560115277641430e+01 5.515600636942573631e-01 1.600688796630960267e-02 -8.939626512302408790e-01
3.245000000000000000e+03 1.539057954285099861e+01 5.499891019073867016e-01 1.599417923079055059e-02 -8.931472906662855094e-01
3.246000000000000000e+03 1.536557564022921873e+01 5.484125159157419160e-01 1.598148823714739750e-02 -8.922870659779855718e-01
3.247000000000000000e+03 1.534067087988066014e+01 5.468298682887763329e-01 1.596881481656306501e-02 -8.913975859722564898e-01
3.248000000000000000e+03 1.531579818704265783e+01 5.452422038312862984e-01 1.595615878927335654e-02 -8.904647101910029283e-01
3.249000000000000000e+03 1.529089053171508894e+01 5.436505641170631398e-01 1.594351996572071148e-02 -8.894965475014978695e-01
3.250000000000000000e+03 1.526610376601695052e+01 5.420537591877667705e-01 1.593089814769971593e-02 -8.884863144998793594e-01
3.251000000000000000e+03 1.524129677873213673e+01 5.404528033141676735e-01 1.591829312970746702e-02 -8.874419975566035790e-01
3.252000000000000000e+03 1.521647764045997242e+01 5.388478795017720424e-01 1.590570470014521579e-02 -8.863490566720647612e-01
3.253000000000000000e+03 1.519172884741830742e+01 5.372391468882772303e-01 1.589313264277375515e-02 -8.852225787076810626e-01
3.254000000000000000e+03 1.516705858704120757e+01 5.356260195654011236e-01 1.588057673809007558e-02 -8.840627590254158674e-01
3.255000000000000000e+03 1.514232643973981851e+01 5.340108809579861004e-01 1.586803676471051569e-02 -8.828549017159154078e-01
3.256000000000000000e+03 1.511768906520594236e+01 5.323916556775131204e-01 1.585551250081621705e-02 -8.816139899413856229e-01
3.257000000000000000e+03 1.509300591982060880e+01 5.307699809110003608e-01 1.584300372556786407e-02 -8.803326877375554638e-01
3.258000000000000000e+03 1.506843351035742629e+01 5.291452639441758254e-01 1.583051022049384443e-02 -8.790036253300653746e-01
3.259000000000000000e+03 1.504383111201178913e+01 5.275176537046414316e-01 1.581803177087906173e-02 -8.776416844621733881e-01
3.260000000000000000e+03 1.501920645593946446e+01 5.258880409645951826e-01 1.580556816710214710e-02 -8.762394285810041206e-01
3.261000000000000000e+03 1.499464143285528550e+01 5.242565728731768404e-01 1.579311920585014725e-02 -8.747968165364802262e-01
3.262000000000000000e+03 1.497014351380561159e+01 5.226219103232422336e-01 1.578068469140260846e-02 -8.733137745386556627e-01
3.263000000000000000e+03 1.494557145521151043e+01 5.209856851629236507e-01 1.576826443672280434e-02 -8.717901964746109789e-01
3.264000000000000000e+03 1.492108098928298432e+01 5.193473005511917151e-01 1.575585826455454252e-02 -8.702185158835605838e-01
3.265000000000000000e+03 1.489653054632870699e+01 5.177069024981526546e-01 1.574346600833349819e-02 -8.686134196916295291e-01
3.266000000000000000e+03 1.487200123060300250e+01 5.160653800644422473e-01 1.573108751309367295e-02 -8.669672784517835629e-01
3.267000000000000000e+03 1.484749967868509657e+01 5.144213942198009315e-01 1.571872263622088942e-02 -8.652724317434149492e-01
3.268000000000000000e+03 1.482303233648050522e+01 5.127765778861044232e-01 1.570637124805833104e-02 -8.635434735788667382e-01
3.269000000000000000e+03 1.479853117036810417e+01 5.111310791240996076e-01 1.569403323247191284e-02 -8.617726826644209748e-01
3.270000000000000000e+03 1.477400223003544610e+01 5.094850469993996711e-01 1.568170848722806945e-02 -8.599597361700116460e-01
3.271000000000000000e+03 1.474952564550921075e+01 5.078393746123568420e-01 1.566939692429676970e-02 -8.581117101040913742e-01
3.272000000000000000e+03 1.472503277488800855e+01 5.061927279517181022e-01 1.565709846997205903e-02 -8.562207946434927663e-01
3.273000000000000000e+03 1.470052905429805712e+01 5.045474887672960485e-01 1.564481306493108875e-02 -8.542940079206488013e-01
3.274000000000000000e+03 1.467609399853739838e+01 5.029023264109439006e-01 1.563254066411413901e-02 -8.523309113645221036e-01
3.275000000000000000e+03 1.465158406888344267e+01 5.012581407065537231e-01 1.562028123650866830e-02 -8.503236100976034884e-01
3.276000000000000000e+03 1.462707837706626890e+01 4.996150907983126777e-01 1.560803476479145219e-02 -8.482864667390844771e-01
3.277000000000000000e+03 1.460258155531521496e+01 4.979733381724973373e-01 1.559580124487331895e-02 -8.462041033604180695e-01
3.278000000000000000e+03 1.457802376146152845e+01 4.963323040075796611e-01 1.558358068531824278e-02 -8.440908286998544119e-01
3.279000000000000000e+03 1.455355781903665502e+01 4.946928978626972673e-01 1.557137310665806032e-02 -8.419386401282112908e-01
3.280000000000000000e+03 1.452896495625670248e+01 4.930545465190748766e-01 1.555917854064259830e-02 -8.397469374726332925e-01
3.281000000000000000e+03 1.450439764889156535e+01 4.914189083348864950e-01 1.554699702927038463e-02 -8.375225234444720890e-01
3.282000000000000000e+03 1.447978536084506196e+01 4.897846735776044680e-01 1.553482862392895764e-02 -8.352573190217768007e-01
3.283000000000000000e+03 1.445520597093388737e+01 4.881527644447515857e-01 1.552267338430632707e-02 -8.329655056391411794e-01
3.284000000000000000e+03 1.443051436521275477e+01 4.865241067321378066e-01 1.551053137730974522e-02 -8.306315271799941113e-01
3.285000000000000000e+03 1.440586243180163351e+01 4.848981443348784337e-01 1.549840267588278690e-02 -8.282695172283178753e-01
3.286000000000000000e+03 1.438117908704733061e+01 4.832758107561503369e-01 1.548628735782192276e-02 -8.258713010723675030e-01
3.287000000000000000e+03 1.435646742047630831e+01 4.816565579332772740e-01 1.547418550456510812e-02 -8.234435379172594383e-01
3.288000000000000000e+03 1.433165613889013557e+01 4.800413277415517266e-01 1.546209719986796349e-02 -8.209854363016548806e-01
3.289000000000000000e+03 1.430682242802314619e+01 4.784295808150818008e-01 1.545002252861583589e-02 -8.184961829216818030e-01
3.290000000000000000e+03 1.428196911312853068e+01 4.768222680452491313e-01 1.543796157550006258e-02 -8.159749431109483142e-01
3.291000000000000000e+03 1.425709895341193167e+01 4.752188593960515739e-01 1.542591442382689609e-02 -8.134208613270456079e-01
3.292000000000000000e+03 1.423214036919504011e+01 4.736195725618831398e-01 1.541388115420898840e-02 -8.108404899948946642e-01
3.293000000000000000e+03 1.420709601922159315e+01 4.720253731171545897e-01 1.540186184341827552e-02 -8.082329333062515664e-01
3.294000000000000000e+03 1.418204281049781379e+01 4.704357461578907995e-01 1.538985656321470268e-02 -8.055898477263496726e-01
3.295000000000000000e+03 1.415690905707457858e+01 4.688509249503134413e-01 1.537786537928886518e-02 -8.029251559087182688e-01
3.296000000000000000e+03 1.413169733920870286e+01 4.672718910712922447e-01 1.536588835017869276e-02 -8.002304771142686457e-01
3.297000000000000000e+03 1.410648451130318470e+01 4.656981460404304718e-01 1.535392552631361686e-02 -7.975122694903404863e-01
3.298000000000000000e+03 1.408119885855538556e+01 4.641299399590023134e-01 1.534197694917621528e-02 -7.947695455546761600e-01
3.299000000000000000e+03 1.405584295377288129e+01 4.625682716405125072e-01 1.533004265050718663e-02 -7.920013010875065484e-01
3.300000000000000000e+03 1.403041937927725158e+01 4.610126602328485368e-01 1.531812265156618641e-02 -7.892139440304880571e-01
3.301000000000000000e+03 1.400493064547962163e+01 4.594641126218715899e-01 1.530621696257330674e-02 -7.863989395896064938e-01
3.302000000000000000e+03 1.397937893670546039e+01 4.579228828659315798e-01 1.529432558223786306e-02 -7.835697413428616143e-01
3.303000000000000000e+03 1.395376637130807573e+01 4.563877416583350111e-01 1.528244849734609716e-02 -7.807174329136785662e-01
3.304000000000000000e+03 1.392809508898736759e+01 4.548604375109701059e-01 1.527058568249581479e-02 -7.778405123492581064e-01
3.305000000000000000e+03 1.390236725118949401e+01 4.533397541837446698e-01 1.525873709998481001e-02 -7.749448927021814759e-01
3.306000000000000000e+03 1.387651075697062453e+01 4.518267106359196150e-01 1.524690269971701317e-02 -7.720290459173941855e-01
3.307000000000000000e+03 1.385067637535214402e+01 4.503215897884865759e-01 1.523508241929697263e-02 -7.690988601257501278e-01
3.308000000000000000e+03 1.382471775814854098e+01 4.488239386230140071e-01 1.522327618424694148e-02 -7.661453551917041249e-01
3.309000000000000000e+03 1.379863713735909947e+01 4.473340539469810029e-01 1.521148390827983289e-02 -7.631669683673647508e-01
3.310000000000000000e+03 1.377251103711357771e+01 4.458514968153424185e-01 1.519970549370703618e-02 -7.601769832505648194e-01
3.311000000000000000e+03 1.374634170123491295e+01 4.443780639586264458e-01 1.518794083193598585e-02 -7.571738169958297515e-01
3.312000000000000000e+03 1.372013137048593023e+01 4.429118451870717177e-01 1.517618980409570287e-02 -7.541410209299139744e-01
3.313000000000000000e+03 1.369373370854850869e+01 4.414546518216138082e-01 1.516445228172531856e-02 -7.510992796224007506e-01
3.314000000000000000e+03 1.366737377883680615e+01 4.400060740908197654e-01 1.515272812754077381e-02 -7.480395563547632687e-01
3.315000000000000000e+03 1.364090520115589378e+01 4.385664525444891160e-01 1.514101719629904266e-02 -7.449676638454941768e-01
3.316000000000000000e+03 1.361433012737363235e+01 4.371361352885411167e-01 1.512931933574064754e-02 -7.418819798245043229e-01
3.317000000000000000e+03 1.358772494863000446e+01 4.357139923813539428e-01 1.511763438754528364e-02 -7.387734476593026400e-01
3.318000000000000000e+03 1.356101743519025504e+01 4.343011300716431156e-01 1.510596218842423337e-02 -7.356552903827496825e-01
3.319000000000000000e+03 1.353428386055758637e+01 4.328979195177361516e-01 1.509430257110911180e-02 -7.325258695683150023e-01
3.320000000000000000e+03 1.350737757390133176e+01 4.315032540082742174e-01 1.508265536552653302e-02 -7.293835426565881130e-01
3.321000000000000000e+03 1.348052325795282691e+01 4.301182631896232622e-01 1.507102039995222853e-02 -7.262192352296290565e-01
3.322000000000000000e+03 1.345349980038576732e+01 4.287425989396934645e-01 1.505939750208311161e-02 -7.230535833850934013e-01
3.323000000000000000e+03 1.342645740238049967e+01 4.273759210834014999e-01 1.504778650022837311e-02 -7.198700792043916108e-01
3.324000000000000000e+03 1.339932330086427648e+01 4.260193831048218471e-01 1.503618722441362777e-02 -7.166744981722401597e-01
3.325000000000000000e+03 1.337209889309801092e+01 4.246726608457692675e-01 1.502459950753767294e-02 -7.134726147398080531e-01
3.326000000000000000e+03 1.334485972765843975e+01 4.233354382113059255e-01 1.501302318640322479e-02 -7.102627745843965723e-01
3.327000000000000000e+03 1.331753264540390447e+01 4.220081500368389471e-01 1.500145810280664217e-02 -7.070433235650835924e-01
3.328000000000000000e+03 1.329019290552863275e+01 4.206912392819689428e-01 1.498990410452378380e-02 -7.038126083230313856e-01
3.329000000000000000e+03 1.326276704424356367e+01 4.193851570561090147e-01 1.497836104626516611e-02 -7.005764052264911168e-01
3.330000000000000000e+03 1.323525571868949235e+01 4.180888769709031894e-01 1.496682879052857462e-02 -6.973404926093695888e-01
3.331000000000000000e+03 1.320773370111942846e+01 4.168028664995810928e-01 1.495530720843275298e-02 -6.940883663028573070e-01
3.332000000000000000e+03 1.318020130690764269e+01 4.155268584880146276e-01 1.494379618045523460e-02 -6.908406670131606031e-01
3.333000000000000000e+03 1.315251010693943812e+01 4.142620796728666011e-01 1.493229559704754850e-02 -6.875883257376715907e-01
3.334000000000000000e+03 1.312488290893784715e+01 4.130067936813782703e-01 1.492080535921514427e-02 -6.843297060773523288e-01
3.335000000000000000e+03 1.309717092019514517e+01 4.117629865534819245e-01 1.490932537900580175e-02 -6.810631764397667709e-01
3.336000000000000000e+03 1.306937373081527909e+01 4.105289383954714433e-01 1.489785557984324958e-02 -6.778019672849597832e-01
3.337000000000000000e+03 1.304156502991791555e+01 4.093059088960704917e-01 1.488639589683378450e-02 -6.745355442412647173e-01
3.338000000000000000e+03 1.301374403932487311e+01 4.080929374791871234e-01 1.487494627690755418e-02 -6.712689788903818400e-01
3.339000000000000000e+03 1.298583551523176993e+01 4.068905574739708486e-01 1.486350667890136076e-02 -6.680021499068915514e-01
3.340000000000000000e+03 1.295783831785066198e+01 4.056993104367586089e-01 1.485207707352946722e-02 -6.647371719201542462e-01
3.341000000000000000e+03 1.292989969849417520e+01 4.045190033051069278e-01 1.484065744327692921e-02 -6.614731961718330888e-01
3.342000000000000000e+03 1.290186960305482700e+01 4.033487083839815135e-01 1.482924778215543443e-02 -6.582116108553023315e-01
3.343000000000000000e+03 1.287382066189125851e+01 4.021889918341103876e-01 1.481784809538503993e-02 -6.549538130957708315e-01
3.344000000000000000e+03 1.284575106201499217e+01 4.010411708173792777e-01 1.480645839897039642e-02 -6.516997237568306067e-01
3.345000000000000000e+03 1.281758455406179387e+01 3.999028564641527450e-01 1.479507871926798342e-02 -6.484507592483931271e-01
3.346000000000000000e+03 1.278939331048517047e+01 3.987761250333167196e-01 1.478370909233568502e-02 -6.452068606456341504e-01
3.347000000000000000e+03 1.276124936688655609e+01 3.976600895338366914e-01 1.477234956331763098e-02 -6.419694654798224764e-01
3.348000000000000000e+03 1.273300178042054043e+01 3.965546138688526012e-01 1.476100018576832068e-02 -6.387385368403364350e-01
3.349000000000000000e+03 1.270479662372732577e+01 3.954595699669403164e-01 1.474966102078474443e-02 -6.355155351485692883e-01
3.350000000000000000e+03 1.267648272675050869e+01 3.943755805804463610e-01 1.473833213623838498e-02 -6.323011900785466821e-01
3.351000000000000000e+03 1.264813146764281981e+01 3.933018033080538101e-01 1.472701360589236987e-02 -6.290954725703294947e-01
3.352000000000000000e+03 1.261981332132404354e+01 3.922396824288618689e-01 1.471570550846456986e-02 -6.258989956969222002e-01
3.353000000000000000e+03 1.259144991444462036e+01 3.911869684759841093e-01 1.470440792673384685e-02 -6.227123574443520493e-01
3.354000000000000000e+03 1.256303709036507854e+01 3.901458768070618088e-01 1.469312094650698786e-02 -6.195361695105868760e-01
3.355000000000000000e+03 1.253457063633102564e+01 3.891149163683891299e-01 1.468184465569981681e-02 -6.163710576928840279e-01
3.356000000000000000e+03 1.250604629405915347e+01 3.880948323218138540e-01 1.467057914336456978e-02 -6.132176622680428624e-01
3.357000000000000000e+03 1.247753405365017798e+01 3.870856346486325483e-01 1.465932449868407976e-02 -6.100758955306241349e-01
3.358000000000000000e+03 1.244895531323417615e+01 3.860873409257840061e-01 1.464808081007983563e-02 -6.069471706645380715e-01
3.359000000000000000e+03 1.242038002279739040e+01 3.850992334294111030e-01 1.463684816420771952e-02 -6.038314307626843069e-01
3.360000000000000000e+03 1.239172955957860012e+01 3.841228304107126568e-01 1.462562664512469246e-02 -6.007293776854920608e-01
3.361000000000000000e+03 1.236307387100467103e+01 3.831566861839174054e-01 1.461441633341068087e-02 -5.976417295726873524e-01
3.362000000000000000e+03 1.233433434906079285e+01 3.822008480668975250e-01 1.460321730536576559e-02 -5.945699640192161350e-01
3.363000000000000000e+03 1.230565525557881301e+01 3.812568563090085183e-01 1.459202963224293798e-02 -5.915133470695255191e-01
3.364000000000000000e+03 1.227688374483838807e+01 3.803232870061438176e-01 1.458085337955498592e-02 -5.884741333911672756e-01
3.365000000000000000e+03 1.224808985449998744e+01 3.794009518685143023e-01 1.456968860646008605e-02 -5.854508810820203690e-01
3.366000000000000000e+03 1.221926937726840023e+01 3.784891839656105983e-01 1.455853536517176527e-02 -5.824451375017416499e-01
3.367000000000000000e+03 1.219041814929489576e+01 3.775880661487844292e-01 1.454739370049334436e-02 -5.794577254070103489e-01
3.368000000000000000e+03 1.216153205427944251e+01 3.766976881312663616e-01 1.453626364939826845e-02 -5.764872575856849757e-01
3.369000000000000000e+03 1.213260702675925096e+01 3.758174035656691170e-01 1.452514524073586326e-02 -5.735353370001272655e-01
3.370000000000000000e+03 1.210371333807742111e+01 3.749488012942878146e-01 1.451403849494175766e-02 -5.706028429039520233e-01
3.371000000000000000e+03 1.207469846401678382e+01 3.740897625766377854e-01 1.450294342389819510e-02 -5.676891882927933564e-01
3.372000000000000000e+03 1.204570707014582531e+01 3.732418893451405206e-01 1.449186003085618964e-02 -5.647945486885187494e-01
3.373000000000000000e+03 1.201673531083196700e+01 3.724038185930418909e-01 1.448078831043761970e-02 -5.619198624120280705e-01
3.374000000000000000e+03 1.198770511199397859e+01 3.715764221204969631e-01 1.446972824872361577e-02 -5.590660880141714584e-01
3.375000000000000000e+03 1.195861273660889346e+01 3.707590922581628368e-01 1.445867982342233411e-02 -5.562327188647741005e-01
3.376000000000000000e+03 1.192952878250129523e+01 3.699519702688591760e-01 1.444764300411723566e-02 -5.534200119097631987e-01
3.377000000000000000e+03 1.190044961245836497e+01 3.691552034070330612e-01 1.443661775261644194e-02 -5.506289879157250100e-01
3.378000000000000000e+03 1.187137163423145125e+01 3.683682019763118709e-01 1.442560402327043752e-02 -5.478599460368752672e-01
3.379000000000000000e+03 1.184221701296552887e+01 3.675911248900197714e-01 1.441460176351054730e-02 -5.451124640443696379e-01
3.380000000000000000e+03 1.181313080063317322e+01 3.668233938898219915e-01 1.440361091434083987e-02 -5.423876270524169430e-01
3.381000000000000000e+03 1.178396094649571424e+01 3.660659219376556361e-01 1.439263141090083367e-02 -5.396857992258953240e-01
3.382000000000000000e+03 1.175485255972352228e+01 3.653181417607177517e-01 1.438166318308859055e-02 -5.370066239845082690e-01
3.383000000000000000e+03 1.172565363566704200e+01 3.645794914049194091e-01 1.437070615623103897e-02 -5.343505098678961174e-01
3.384000000000000000e+03 1.169650931793047377e+01 3.638501569516829903e-01 1.435976025181191773e-02 -5.317186307215429064e-01
3.385000000000000000e+03 1.166741619124640117e+01 3.631303295632116734e-01 1.434882538815920698e-02 -5.291099545330515408e-01
3.386000000000000000e+03 1.163822227527488451e+01 3.624194625262166514e-01 1.433790148123544397e-02 -5.265257006089093528e-01
3.387000000000000000e+03 1.160907271940160079e+01 3.617170139643609006e-01 1.432698844538205819e-02 -5.239656255558995390e-01
3.388000000000000000e+03 1.157996409556298545e+01 3.610239323843763559e-01 1.431608619410568856e-02 -5.214295090972838054e-01
3.389000000000000000e+03 1.155089295922049608e+01 3.603396852107895176e-01 1.430519464085838917e-02 -5.189193827135913928e-01
3.390000000000000000e+03 1.152178156002641707e+01 3.596637443296585301e-01 1.429431369978876633e-02 -5.164335870871882284e-01
3.391000000000000000e+03 1.149270068676615608e+01 3.589963287961587257e-01 1.428344328650579809e-02 -5.139742005663159308e-01
3.392000000000000000e+03 1.146372109511820625e+01 3.583369190360903844e-01 1.427258331881471956e-02 -5.115403537524528810e-01
3.393000000000000000e+03 1.143469065230200776e+01 3.576864852215907442e-01 1.426173371739728087e-02 -5.091319437665662306e-01
3.394000000000000000e+03 1.140575431719655697e+01 3.570430301307054299e-01 1.425089440651346878e-02 -5.067503771637366095e-01
3.395000000000000000e+03 1.137683415192061531e+01 3.564082745315883538e-01 1.424006531461526580e-02 -5.043941129909546017e-01
3.396000000000000000e+03 1.134800073598469616e+01 3.557809715355005342e-01 1.422924637493625313e-02 -5.020646055233521921e-01
3.397000000000000000e+03 1.131910174599910590e+01 3.551613634745530157e-01 1.421843752602888408e-02 -4.997618472983292315e-01
3.398000000000000000e+03 1.129035622152911600e+01 3.545489532636345031e-01 1.420763871224799482e-02 -4.974858548179380557e-01
3.399000000000000000e+03 1.126161172854629378e+01 3.539439899369674625e-01 1.419684988416872184e-02 -4.952359257341513166e-01
3.400000000000000000e+03 1.123286434308466397e+01 3.533459828441300465e-01 1.418607099893281001e-02 -4.930128673624063484e-01
3.401000000000000000e+03 1.120418423917030282e+01 3.527544595484851109e-01 1.417530202059088043e-02 -4.908175375876378532e-01
3.402000000000000000e+03 1.117556673716765836e+01 3.521704969559095733e-01 1.416454292029367852e-02 -4.886486960823532844e-01
3.403000000000000000e+03 1.114708125710814102e+01 3.515922185764481789e-01 1.415379367651601987e-02 -4.865073815513077382e-01
3.404000000000000000e+03 1.111857431491553072e+01 3.510214647068209404e-01 1.414305427505034747e-02 -4.843931709379866168e-01
3.405000000000000000e+03 1.109011522593788612e+01 3.504563639448368684e-01 1.413232470919408706e-02 -4.823071507147534964e-01
3.406000000000000000e+03 1.106169897409705172e+01 3.498980185694917644e-01 1.412160497958020629e-02 -4.802489454811360026e-01
3.407000000000000000e+03 1.103339478267007578e+01 3.493460473954810852e-01 1.411089509414986329e-02 -4.782196892314984904e-01
3.408000000000000000e+03 1.100512326814363817e+01 3.488000713080407489e-01 1.410019506796394116e-02 -4.762183110964186006e-01
3.409000000000000000e+03 1.097695357913386616e+01 3.482604559627958118e-01 1.408950492301673865e-02 -4.742452494237759386e-01
3.410000000000000000e+03 1.094880626779240984e+01 3.477260831457403834e-01 1.407882468790644208e-02 -4.723017088393359764e-01
3.411000000000000000e+03 1.092075042969130116e+01 3.471980648135074010e-01 1.406815439753847721e-02 -4.703866887921024365e-01
3.412000000000000000e+03 1.089270657609628046e+01 3.466752859486417204e-01 1.405749409275063380e-02 -4.685014404401772747e-01
3.413000000000000000e+03 1.086474377461380847e+01 3.461588614354861315e-01 1.404684381985150769e-02 -4.666450095068377935e-01
3.414000000000000000e+03 1.083685680561665343e+01 3.456469360810318636e-01 1.403620363015308306e-02 -4.648186931476724904e-01
3.415000000000000000e+03 1.080904045291605442e+01 3.451406271614682053e-01 1.402557357951213050e-02 -4.630215827886980939e-01
3.416000000000000000e+03 1.078121522760347162e+01 3.446395672788890030e-01 1.401495372773617180e-02 -4.612542781411362869e-01
3.417000000000000000e+03 1.075352450951673511e+01 3.441433898985492013e-01 1.400434413806218512e-02 -4.595159156928834698e-01
3.418000000000000000e+03 1.072588885372971390e+01 3.436524720516393461e-01 1.399374487654887061e-02 -4.578078827072883938e-01
3.419000000000000000e+03 1.069837741555467936e+01 3.431664485334593451e-01 1.398315601151135269e-02 -4.561286171941769663e-01
3.420000000000000000e+03 1.067083654044226293e+01 3.426849546072520680e-01 1.397257761290431922e-02 -4.544795503991342356e-01
3.421000000000000000e+03 1.064340975577291637e+01 3.422076258736199694e-01 1.396200975169622181e-02 -4.528599067604137662e-01
3.422000000000000000e+03 1.061609207691791745e+01 3.417355838105107235e-01 1.395145249934377253e-02 -4.512696750448138561e-01
3.423000000000000000e+03 1.058880429756306718e+01 3.412677214688555338e-01 1.394090592710852360e-02 -4.497088653019440940e-01
3.424000000000000000e+03 1.056161584672876330e+01 3.408036746839679387e-01 1.393037010554784919e-02 -4.481775086478508863e-01
3.425000000000000000e+03 1.053444766091370965e+01 3.403438219476311311e-01 1.391984510394423877e-02 -4.466756570427836692e-01
3.426000000000000000e+03 1.050744360735590455e+01 3.398877986109188343e-01 1.390933098975170867e-02 -4.452026402286360929e-01
3.427000000000000000e+03 1.048045050481634277e+01 3.394352395927910382e-01 1.389882782814533257e-02 -4.437585511663489357e-01
3.428000000000000000e+03 1.045353811291339774e+01 3.389865220896228215e-01 1.388833568149669580e-02 -4.423442457982425524e-01
3.429000000000000000e+03 1.042670200241341938e+01 3.385412797804144280e-01 1.387785460897822398e-02 -4.409583714656402087e-01
3.430000000000000000e+03 1.039993784249042896e+01 3.380998883730232385e-01 1.386738466618094717e-02 -4.396010808370729994e-01
3.431000000000000000e+03 1.037324140391934257e+01 3.376612369762270749e-01 1.385692590472768944e-02 -4.382718031520732027e-01
3.432000000000000000e+03 1.034660856168903997e+01 3.372256993178399664e-01 1.384647837200939785e-02 -4.369707296357570048e-01
3.433000000000000000e+03 1.032010958052896576e+01 3.367929051186861478e-01 1.383604211092756553e-02 -4.356980704042684449e-01
3.434000000000000000e+03 1.029366626583240318e+01 3.363632256427148692e-01 1.382561715967569466e-02 -4.344525685312631835e-01
3.435000000000000000e+03 1.026727481500347494e+01 3.359362879080400321e-01 1.381520355161680591e-02 -4.332344711205606269e-01
3.436000000000000000e+03 1.024100581771341645e+01 3.355117174042211436e-01 1.380480131511789381e-02 -4.320433005298710549e-01
3.437000000000000000e+03 1.021478140507927534e+01 3.350891379755239208e-01 1.379441047356895489e-02 -4.308793397657516011e-01
3.438000000000000000e+03 1.018867238280870247e+01 3.346689145404912469e-01 1.378403104531663974e-02 -4.297421465347882052e-01
3.439000000000000000e+03 1.016267537929994980e+01 3.342506673075179568e-01 1.377366304377427436e-02 -4.286312957960735637e-01
3.440000000000000000e+03 1.013671284375045190e+01 3.338347573318952710e-01 1.376330647743781790e-02 -4.275463794748567969e-01
3.441000000000000000e+03 1.011085589430778597e+01 3.334200578988815167e-01 1.375296135007527537e-02 -4.264877490074779898e-01
3.442000000000000000e+03 1.008510146477695280e+01 3.330069257533299076e-01 1.374262766088140547e-02 -4.254550293774375658e-01
3.443000000000000000e+03 1.005944658495101329e+01 3.325949724854919132e-01 1.373230540468051153e-02 -4.244471188176653365e-01
3.444000000000000000e+03 1.003388837709596437e+01 3.321845500932779083e-01 1.372199457221849779e-02 -4.234636741788880276e-01
3.445000000000000000e+03 1.000834976863734660e+01 3.317752652059354213e-01 1.371169515039920642e-02 -4.225043677891264227e-01
3.446000000000000000e+03 9.982976622112582632e+00 3.313674646492471010e-01 1.370140712260384253e-02 -4.215696299790941959e-01
3.447000000000000000e+03 9.957692029902320385e+00 3.309600068370653347e-01 1.369113046908177270e-02 -4.206576774285534226e-01
3.448000000000000000e+03 9.932567727345555042e+00 3.305532330097036287e-01 1.368086516722792113e-02 -4.197697126936837941e-01
3.449000000000000000e+03 9.907452670738429390e+00 3.301474814636292665e-01 1.367061119202138408e-02 -4.189039812051582601e-01
3.450000000000000000e+03 9.882493017324375018e+00 3.297423446179081341e-01 1.366036851637167024e-02 -4.180602279520981845e-01
3.451000000000000000e+03 9.857612164654758757e+00 3.293374168934947166e-01 1.365013711152296937e-02 -4.172382589230852479e-01
3.452000000000000000e+03 9.832807965325244481e+00 3.289323100415324497e-01 1.363991694746823601e-02 -4.164380830957573054e-01
3.453000000000000000e+03 9.808152637465335388e+00 3.285273804614805004e-01 1.362970799329874839e-02 -4.156597697736799657e-01
3.454000000000000000e+03 9.783644165168009721e+00 3.281229811332109225e-01 1.361951021764533191e-02 -4.149019151319213727e-01
3.455000000000000000e+03 9.759206294523032454e+00 3.277179758571787116e-01 1.360932358901424666e-02 -4.141660988796141418e-01
3.456000000000000000e+03 9.734837096903385500e+00 3.273127105065098963e-01 1.359914807619399049e-02 -4.134509412280681362e-01
3.457000000000000000e+03 9.710608965533999992e+00 3.269075272709217606e-01 1.358898364856497669e-02 -4.127573023799571694e-01
3.458000000000000000e+03 9.686520045377024601e+00 3.265012789025160678e-01 1.357883027644058056e-02 -4.120838251590024370e-01
3.459000000000000000e+03 9.662494230374425896e+00 3.260950428087141528e-01 1.356868793139198032e-02 -4.114306488208895329e-01
3.460000000000000000e+03 9.638604011576715536e+00 3.256876639619427638e-01 1.355855658650759188e-02 -4.107979230150260452e-01
3.461000000000000000e+03 9.614847624657029357e+00 3.252794689966135855e-01 1.354843621664204856e-02 -4.101850645772723292e-01
3.462000000000000000e+03 9.591223331852081202e+00 3.248700376279394231e-01 1.353832679865069576e-02 -4.095929856593500396e-01
3.463000000000000000e+03 9.567655137327141901e+00 3.244596882479718891e-01 1.352822831158191283e-02 -4.090196363391848111e-01
3.464000000000000000e+03 9.544289920489257284e+00 3.240479921837018940e-01 1.351814073678932540e-02 -4.084659469183047342e-01
3.465000000000000000e+03 9.520977451210594467e+00 3.236352592973145703e-01 1.350806405808594075e-02 -4.079313705256941702e-01
3.466000000000000000e+03 9.497790374521144940e+00 3.232210522485251536e-01 1.349799826184948023e-02 -4.074153683989302777e-01
3.467000000000000000e+03 9.474727077199993630e+00 3.228056720992678597e-01 1.348794333701661304e-02 -4.069174094924093432e-01
3.468000000000000000e+03 9.451785972292553240e+00 3.223886725803895570e-01 1.347789927514485807e-02 -4.064384557532930708e-01
3.469000000000000000e+03 9.428965500520728682e+00 3.219696028657065279e-01 1.346786607036831208e-02 -4.059765047149339612e-01
3.470000000000000000e+03 9.406264132066706196e+00 3.215494931832859060e-01 1.345784371935669806e-02 -4.055325317788716633e-01
3.471000000000000000e+03 9.383680368704292007e+00 3.211263977487760490e-01 1.344783222124317293e-02 -4.051060328047785264e-01
3.472000000000000000e+03 9.361220174597988830e+00 3.207020802264208270e-01 1.343783157748036639e-02 -4.046965093793306600e-01
3.473000000000000000e+03 9.338874693985252051e+00 3.202753281618178072e-01 1.342784179173935749e-02 -4.043042112491487261e-01
3.474000000000000000e+03 9.316649967558038981e+00 3.198464099423893314e-01 1.341786286973299831e-02 -4.039279074129864533e-01
3.475000000000000000e+03 9.294537222251026520e+00 3.194155890799283415e-01 1.340789481902242460e-02 -4.035678570587539760e-01
3.476000000000000000e+03 9.272542587999105024e+00 3.189816384954276551e-01 1.339793764881991832e-02 -4.032243234905818485e-01
3.477000000000000000e+03 9.250672244517300413e+00 3.185448118163391462e-01 1.338799136978313653e-02 -4.028960880561822666e-01
3.478000000000000000e+03 9.228910139810945878e+00 3.181061005010737963e-01 1.337805599373106079e-02 -4.025826782500925294e-01
3.479000000000000000e+03 9.207269992222618882e+00 3.176650052956383474e-01 1.336813153345440749e-02 -4.022836244780234605e-01
3.480000000000000000e+03 9.185750723915710125e+00 3.172210218677555815e-01 1.335821800245655909e-02 -4.019992024926226093e-01
3.481000000000000000e+03 9.164343892754365228e+00 3.167743836082820286e-01 1.334831541465674593e-02 -4.017282044908669913e-01
3.482000000000000000e+03 9.143048552433592491e+00 3.163253187647560583e-01 1.333842378420193112e-02 -4.014701672238399355e-01
3.483000000000000000e+03 9.121878684116600411e+00 3.158740504123560000e-01 1.332854312516641021e-02 -4.012253716036968676e-01
3.484000000000000000e+03 9.100818629435837082e+00 3.154200535920522741e-01 1.331867345131284609e-02 -4.009926138084094482e-01
3.485000000000000000e+03 9.079882520174088256e+00 3.149627981210423866e-01 1.330881477589487480e-02 -4.007714333996190148e-01
3.486000000000000000e+03 9.059054854081464825e+00 3.145032342405154613e-01 1.329896711140872261e-02 -4.005621129385965040e-01
3.487000000000000000e+03 9.038342495651814801e+00 3.140400784204799289e-01 1.328913046936676737e-02 -4.003634491007933560e-01
3.488000000000000000e+03 9.017744964722531620e+00 3.135750131870265744e-01 1.327930486017638370e-02 -4.001757236392462502e-01
3.489000000000000000e+03 8.997254438123619025e+00 3.131060015915542727e-01 1.326949029289029025e-02 -3.999984745068584924e-01
3.490000000000000000e+03 8.976878036003865802e+00 3.126347155475182604e-01 1.325968677512300541e-02 -3.998312383227920486e-01
3.491000000000000000e+03 8.956608109312293564e+00 3.121598503040103889e-01 1.324989431287487002e-02 -3.996728071734154675e-01
3.492000000000000000e+03 8.936451953674710680e+00 3.116823242817914896e-01 1.324011291048599395e-02 -3.995241995925949974e-01
3.493000000000000000e+03 8.916409524401361253e+00 3.112008220562555438e-01 1.323034257051620803e-02 -3.993834603615085133e-01
3.494000000000000000e+03 8.896466007773225826e+00 3.107169941977835914e-01 1.322058329371128375e-02 -3.992501171684976202e-01
3.495000000000000000e+03 8.876643818707156797e+00 3.102295145888206429e-01 1.321083507902059105e-02 -3.991251802634752655e-01
3.496000000000000000e+03 8.856920887698240819e+00 3.097392802685416946e-01 1.320109792351496433e-02 -3.990066851071986664e-01
3.497000000000000000e+03 8.837312371057089777e+00 3.092456972591325903e-01 1.319137182250389520e-02 -3.988941490456014982e-01
3.498000000000000000e+03 8.817811222095778945e+00 3.087489090744308107e-01 1.318165676956591266e-02 -3.987885709790716104e-01
3.499000000000000000e+03 8.798417902137021684e+00 3.082490538905529043e-01 1.317195275656322072e-02 -3.986879740263070127e-01
3.500000000000000000e+03 8.779125521063654958e+00 3.077455217183669989e-01 1.316225977385287842e-02 -3.985926050486340300e-01
3.501000000000000000e+03 8.759942247859848763e+00 3.072384334046869836e-01 1.315257781030042782e-02 -3.985019889278105243e-01
3.502000000000000000e+03 8.740861979541767468e+00 3.067286206080472866e-01 1.314290685352262518e-02 -3.984164917272552398e-01
3.503000000000000000e+03 8.721886236833357842e+00 3.062146745079596943e-01 1.313324688995046348e-02 -3.983342712429696619e-01
3.504000000000000000e+03 8.703016603350407721e+00 3.056974095090548849e-01 1.312359790506723196e-02 -3.982564506128598025e-01
3.505000000000000000e+03 8.684247293158556147e+00 3.051768919184384421e-01 1.311395988354619770e-02 -3.981811753392859310e-01
3.506000000000000000e+03 8.665587431574119037e+00 3.046524399649879755e-01 1.310433280945645304e-02 -3.981102985115367865e-01
3.507000000000000000e+03 8.647031337396128947e+00 3.041241094905600129e-01 1.309471666649245601e-02 -3.980412093322494016e-01
3.508000000000000000e+03 8.628580803515777831e+00 3.035926939730752561e-01 1.308511143813396137e-02 -3.979750040185801030e-01
3.509000000000000000e+03 8.610237664093872922e+00 3.030574960463409129e-01 1.307551710784127241e-02 -3.979105428422161084e-01
3.510000000000000000e+03 8.591996361751148115e+00 3.025185560317993350e-01 1.306593365927815470e-02 -3.978481640286491428e-01
3.511000000000000000e+03 8.573866228215750951e+00 3.019759091320157185e-01 1.305636107648954630e-02 -3.977867121453175780e-01
3.512000000000000000e+03 8.555841766617618305e+00 3.014303282959725494e-01 1.304679934409201311e-02 -3.977265091738270697e-01
3.513000000000000000e+03 8.537924932375192455e+00 3.008803529110204988e-01 1.303724844741843691e-02 -3.976663829056202859e-01
3.514000000000000000e+03 8.520110272510741822e+00 3.003274886817881018e-01 1.302770837269944144e-02 -3.976073808567880952e-01
3.515000000000000000e+03 8.502392350234625695e+00 2.997702649854669388e-01 1.301817910719317746e-02 -3.975483130009936361e-01
3.516000000000000000e+03 8.484788026482915413e+00 2.992094347541506827e-01 1.300866063929805201e-02 -3.974894656914922386e-01
3.517000000000000000e+03 8.467284458237925193e+00 2.986442603385360828e-01 1.299915295865113410e-02 -3.974303729062703683e-01
3.518000000000000000e+03 8.449883665716486192e+00 2.980754848885115438e-01 1.298965605619264996e-02 -3.973698160018978021e-01
3.519000000000000000e+03 8.432580244745761178e+00 2.975031038901262970e-01 1.298016992426143969e-02 -3.973095376458756212e-01
3.520000000000000000e+03 8.415383649601713145e+00 2.969263652093726558e-01 1.297069455653393835e-02 -3.972468132271212982e-01
3.521000000000000000e+03 8.398288477774705996e+00 2.963459976424301923e-01 1.296122994812199877e-02 -3.971833646405604212e-01
3.522000000000000000e+03 8.381289325228264531e+00 2.957612396224766349e-01 1.295177609545807712e-02 -3.971179317046475976e-01
3.523000000000000000e+03 8.364395642057722569e+00 2.951735534431363384e-01 1.294233299626201643e-02 -3.970499861077992354e-01
3.524000000000000000e+03 8.347594590101746093e+00 2.945814254631132778e-01 1.293290064950853788e-02 -3.969804740185653991e-01
3.525000000000000000e+03 8.330888184459322332e+00 2.939855660027829165e-01 1.292347905523803797e-02 -3.969073588542800790e-01
3.526000000000000000e+03 8.314285865303189027e+00 2.933859380568349384e-01 1.291406821446290827e-02 -3.968315637438824539e-01
3.527000000000000000e+03 8.297774785030552991e+00 2.927825001835278051e-01 1.290466812900384862e-02 -3.967525143046242708e-01
3.528000000000000000e+03 8.281356950939009920e+00 2.921752065603365756e-01 1.289527880127922313e-02 -3.966696241028766501e-01
3.529000000000000000e+03 8.265034369804967085e+00 2.915640070409247220e-01 1.288590023413273104e-02 -3.965837801195331580e-01
3.530000000000000000e+03 8.248801621143574181e+00 2.909488472134979520e-01 1.287653243060996738e-02 -3.964936283745620349e-01
3.531000000000000000e+03 8.232653287472448511e+00 2.903304112955478744e-01 1.286717539367234625e-02 -3.963992879066379205e-01
3.532000000000000000e+03 8.216598813199235352e+00 2.897078936896980705e-01 1.285782912600312404e-02 -3.963008649124811766e-01
3.533000000000000000e+03 8.200625365295545421e+00 2.890812275510676321e-01 1.284849362969046546e-02 -3.961969668913774001e-01
3.534000000000000000e+03 8.184742406025673489e+00 2.884518276857471752e-01 1.283916890599228616e-02 -3.960891594752202760e-01
3.535000000000000000e+03 8.168944553983946477e+00 2.878181336053715622e-01 1.282985495503007230e-02 -3.959752807389280704e-01
3.536000000000000000e+03 8.153226443703825765e+00 2.871815522731971382e-01 1.282055177551202560e-02 -3.958568693819967677e-01
3.537000000000000000e+03 8.137590156992505541e+00 2.865420011609352002e-01 1.281125936450690402e-02 -3.957324790508946477e-01
3.538000000000000000e+03 8.122030369246157733e+00 2.858986511519838181e-01 1.280197771712491758e-02 -3.956028780280012591e-01
3.539000000000000000e+03 8.106556637501382667e+00 2.852528979507845119e-01 1.279270682625194624e-02 -3.954665920720010774e-01
3.540000000000000000e+03 8.091156261624330881e+00 2.846031623079157136e-01 1.278344668234700741e-02 -3.953243612852530564e-01
3.541000000000000000e+03 8.075831428895739350e+00 2.839515756067285124e-01 1.277419727315116937e-02 -3.951754258030152900e-01
3.542000000000000000e+03 8.060576931642701837e+00 2.832965515853629324e-01 1.276495858356123912e-02 -3.950197541702195614e-01
3.543000000000000000e+03 8.045395026426286123e+00 2.826387290903629723e-01 1.275573059534788195e-02 -3.948580432204465973e-01
3.544000000000000000e+03 8.030288007941551953e+00 2.819780008107468650e-01 1.274651328708542759e-02 -3.946887466228388708e-01
3.545000000000000000e+03 8.015250782640320537e+00 2.813142561882940873e-01 1.273730663393225250e-02 -3.945117889517197884e-01
3.546000000000000000e+03 8.000278298740523653e+00 2.806481243285211535e-01 1.272811060761989445e-02 -3.943278227544267933e-01
3.547000000000000000e+03 7.985372975887005786e+00 2.799787455725825103e-01 1.271892517630800537e-02 -3.941367427921307343e-01
3.548000000000000000e+03 7.970529849383445331e+00 2.793074857500732477e-01 1.270975030457674980e-02 -3.939376859590745239e-01
3.549000000000000000e+03 7.955751427419265553e+00 2.786334792473482702e-01 1.270058595344913076e-02 -3.937305168802420763e-01
3.550000000000000000e+03 7.941040262818138018e+00 2.779573432619155127e-01 1.269143208040553195e-02 -3.935158278475192062e-01
3.551000000000000000e+03 7.926384198858204222e+00 2.772789391665413938e-01 1.268228863946396605e-02 -3.932919565432347886e-01
3.552000000000000000e+03 7.911793818820626711e+00 2.765988276276302726e-01 1.267315558131998539e-02 -3.930608960304813326e-01
3.553000000000000000e+03 7.897257566009539431e+00 2.759160708137496920e-01 1.266403285348135024e-02 -3.928201561728146274e-01
3.554000000000000000e+03 7.882786209239998954e+00 2.752312140284299269e-01 1.265492040044722925e-02 -3.925709456708742495e-01
3.555000000000000000e+03 7.868368270520916141e+00 2.745440572875409990e-01 1.264581816397859250e-02 -3.923129721961716720e-01
3.556000000000000000e+03 7.854014592478841372e+00 2.738551410724443524e-01 1.263672608331895160e-02 -3.920459280483887254e-01
3.557000000000000000e+03 7.839713765127435785e+00 2.731642607434996428e-01 1.262764409550729515e-02 -3.917687473159793821e-01
3.558000000000000000e+03 7.825469264056332364e+00 2.724712094591376643e-01 1.261857213572735274e-02 -3.914833200551144921e-01
3.559000000000000000e+03 7.811284589756255947e+00 2.717765210954570243e-01 1.260951013761293406e-02 -3.911870639512459169e-01
3.560000000000000000e+03 7.797148406559022860e+00 2.710799846610525421e-01 1.260045803369023998e-02 -3.908818383590850210e-01
3.561000000000000000e+03 7.783079108025835247e+00 2.703813872174482547e-01 1.259141575571518651e-02 -3.905657731446931513e-01
3.562000000000000000e+03 7.769057956763039563e+00 2.696812567997584065e-01 1.258238323514345933e-02 -3.902399542354713091e-01
3.563000000000000000e+03 7.755088505913251495e+00 2.689793768326566581e-01 1.257336040356147981e-02 -3.899039666519589775e-01
3.564000000000000000e+03 7.741181736907537747e+00 2.682755290517706004e-01 1.256434719306636673e-02 -3.895566373916725667e-01
3.565000000000000000e+03 7.727318911976516880e+00 2.675694935901283267e-01 1.255534353682755816e-02 -3.891997496599164941e-01
3.566000000000000000e+03 7.713518423423324499e+00 2.668617919000558780e-01 1.254634936944459128e-02 -3.888306145812846504e-01
3.567000000000000000e+03 7.699761504150832714e+00 2.661522011700586110e-01 1.253736462743358301e-02 -3.884517281230674413e-01
3.568000000000000000e+03 7.686059076805286772e+00 2.654412400819861073e-01 1.252838924966776304e-02 -3.880611143136461494e-01
3.569000000000000000e+03 7.672407177681440871e+00 2.647279403932155661e-01 1.251942317778580518e-02 -3.876590108368672682e-01
3.570000000000000000e+03 7.658809235849576069e+00 2.640135611990913067e-01 1.251046635660447298e-02 -3.872463834464150434e-01
3.571000000000000000e+03 7.645253782304466839e+00 2.632978748451441087e-01 1.250151873452868580e-02 -3.868219547148248338e-01
3.572000000000000000e+03 7.631759014444564393e+00 2.625813955195581695e-01 1.249258026390166754e-02 -3.863874039724145004e-01
3.573000000000000000e+03 7.618313363877769362e+00 2.618631508354654081e-01 1.248365090131181750e-02 -3.859406818899098757e-01
3.574000000000000000e+03 7.604912633061881699e+00 2.611443960933381714e-01 1.247473060791884879e-02 -3.854834389305509257e-01
3.575000000000000000e+03 7.591559990524125112e+00 2.604241573580569624e-01 1.246581934969060064e-02 -3.850143399402928823e-01
3.576000000000000000e+03 7.578258538106731557e+00 2.597029457211094128e-01 1.245691709760109525e-02 -3.845342641018011376e-01
3.577000000000000000e+03 7.565003878632237999e+00 2.589812717173725631e-01 1.244802382786315033e-02 -3.840433337062685304e-01
3.578000000000000000e+03 7.551798969078362234e+00 2.582581597418001640e-01 1.243913952199266620e-02 -3.835401714331113654e-01
3.579000000000000000e+03 7.538639260845708456e+00 2.575348623109888768e-01 1.243026416688011726e-02 -3.830263574774761537e-01
3.580000000000000000e+03 7.525520125601040000e+00 2.568104031391283959e-01 1.242139775486347103e-02 -3.825012298249239606e-01
3.581000000000000000e+03 7.512444281671230684e+00 2.560852913989971058e-01 1.241254028365401663e-02 -3.819648557134942002e-01
3.582000000000000000e+03 7.499414364307794401e+00 2.553592933023559053e-01 1.240369175625557173e-02 -3.814172889228239494e-01
3.583000000000000000e+03 7.486418068187234987e+00 2.546329178550547634e-01 1.239485218083992077e-02 -3.808585699002809966e-01
3.584000000000000000e+03 7.473472717309664226e+00 2.539059312716414607e-01 1.238602157052930489e-02 -3.802887258888008049e-01
3.585000000000000000e+03 7.460558410242711602e+00 2.531788427295109667e-01 1.237719994321574875e-02 -3.797077710566373332e-01
3.586000000000000000e+03 7.447684876267514298e+00 2.524514187825683820e-01 1.236838732119412664e-02 -3.791164494637554450e-01
3.587000000000000000e+03 7.434854335209882592e+00 2.517241691143584092e-01 1.235958373082976514e-02 -3.785140066898227684e-01
3.588000000000000000e+03 7.422054071247655926e+00 2.509961181154363730e-01 1.235078920222504664e-02 -3.779011613091724509e-01
3.589000000000000000e+03 7.409286149023936119e+00 2.502692619754713910e-01 1.234200376870330657e-02 -3.772778765220619057e-01
3.590000000000000000e+03 7.396552560188125902e+00 2.495411404141387179e-01 1.233322746639568465e-02 -3.766433602930442381e-01
3.591000000000000000e+03 7.383847798785025063e+00 2.488137507819250804e-01 1.232446033372941452e-02 -3.759990368310754949e-01
3.592000000000000000e+03 7.371173722156383334e+00 2.480868626247077768e-01 1.231570241083892146e-02 -3.753448325564650578e-01
3.593000000000000000e+03 7.358532127211524276e+00 2.473602462677536307e-01 1.230695373905326892e-02 -3.746791762448525298e-01
3.594000000000000000e+03 7.345909898721966869e+00 2.466336728939456657e-01 1.229821436024881171e-02 -3.740041990186495080e-01
3.595000000000000000e+03 7.333316156391806118e+00 2.459069146210662582e-01 1.228948431627406059e-02 -3.733190489804691925e-01
3.596000000000000000e+03 7.320737690345263005e+00 2.451812302482652972e-01 1.228076364834996062e-02 -3.726236055393021829e-01
3.597000000000000000e+03 7.308183537030691568e+00 2.444563939915234130e-01 1.227205239640038505e-02 -3.719184795643246666e-01
3.598000000000000000e+03 7.295655271775361328e+00 2.437321812282430555e-01 1.226335059845384302e-02 -3.712042707065837943e-01
3.599000000000000000e+03 7.283147014832876742e+00 2.430091114058886004e-01 1.225465829000114276e-02 -3.704808247237736385e-01
3.600000000000000000e+03 7.270652865809699605e+00 2.422862196094257015e-01 1.224597550344926067e-02 -3.697479764783263012e-01
3.601000000000000000e+03 7.258174340497958177e+00 2.415655086145699071e-01 1.223730226746190530e-02 -3.690070057368042833e-01
3.602000000000000000e+03 7.245712955792804166e+00 2.408452483574359260e-01 1.222863860646351310e-02 -3.682568330534538026e-01
3.603000000000000000e+03 7.233270228141948976e+00 2.401274194397379214e-01 1.221998454005036525e-02 -3.674978242312187393e-01
3.604000000000000000e+03 7.220840248303249886e+00 2.394102898752248909e-01 1.221134008255873177e-02 -3.667310777022091406e-01
3.605000000000000000e+03 7.208417114956684024e+00 2.386943578370239183e-01 1.220270524257239565e-02 -3.659547105353106455e-01
3.606000000000000000e+03 7.196009796320052665e+00 2.379801232184769466e-01 1.219408002252791133e-02 -3.651705441384185402e-01
3.607000000000000000e+03 7.183612421259883973e+00 2.372673448628745685e-01 1.218546441833812805e-02 -3.643774189349939796e-01
3.608000000000000000e+03 7.171219140048934015e+00 2.365557834619435584e-01 1.217685841915585807e-02 -3.635756515706941028e-01
3.609000000000000000e+03 7.158831556269089624e+00 2.358466872882559184e-01 1.216826200707227940e-02 -3.627655494447977746e-01
3.610000000000000000e+03 7.146458729816654198e+00 2.351383352460896248e-01 1.215967515697944680e-02 -3.619459252464281018e-01
3.611000000000000000e+03 7.134087465919776605e+00 2.344319796114284482e-01 1.215109783644712123e-02 -3.611185541762866880e-01
3.612000000000000000e+03 7.121719458688299476e+00 2.337273890803492349e-01 1.214253000566301380e-02 -3.602829743179332689e-01
3.613000000000000000e+03 7.109356435564296639e+00 2.330250773312918244e-01 1.213397161748842705e-02 -3.594387153646888544e-01
3.614000000000000000e+03 7.097000157804449927e+00 2.323240745759432013e-01 1.212542261753221141e-02 -3.585867845163989154e-01
3.615000000000000000e+03 7.084644991928624513e+00 2.316248989539577696e-01 1.211688294432152098e-02 -3.577259525363063464e-01
3.616000000000000000e+03 7.072300193877347319e+00 2.309280709162175871e-01 1.210835252955143326e-02 -3.568579538330886036e-01
3.617000000000000000e+03 7.059952765674623265e+00 2.302333704418168259e-01 1.209983129837336434e-02 -3.559808011874772138e-01
3.618000000000000000e+03 7.047604594905317654e+00 2.295405799237658362e-01 1.209131916977035717e-02 -3.550969571841305350e-01
3.619000000000000000e+03 7.035265023416027219e+00 2.288502270533962213e-01 1.208281605696026779e-02 -3.542044204424575904e-01
3.620000000000000000e+03 7.022928558659732090e+00 2.281613563632672037e-01 1.207432186794877779e-02 -3.533041542225496268e-01
3.621000000000000000e+03 7.010589726161776447e+00 2.274752434490331932e-01 1.206583650603396639e-02 -3.523963725097567501e-01
3.622000000000000000e+03 6.998257921388868930e+00 2.267909380046566059e-01 1.205735987043330716e-02 -3.514812831133636850e-01
3.623000000000000000e+03 6.985927690958244618e+00 2.261097208766135735e-01 1.204889185693312423e-02 -3.505583450988928318e-01
3.624000000000000000e+03 6.973601011785013348e+00 2.254299042614717474e-01 1.204043235856806088e-02 -3.496277547287090504e-01
3.625000000000000000e+03 6.961272428015589320e+00 2.247527744274851191e-01 1.203198126637560796e-02 -3.486904457355268772e-01
3.626000000000000000e+03 6.948951329304674296e+00 2.240781347445557070e-01 1.202353847015329852e-02 -3.477458610935129646e-01
3.627000000000000000e+03 6.936632230293528600e+00 2.234057913930978800e-01 1.201510385922933966e-02 -3.467949246367361127e-01
3.628000000000000000e+03 6.924324476607483625e+00 2.227362962365724564e-01 1.200667732325566561e-02 -3.458370699991646924e-01
3.629000000000000000e+03 6.912022523836646393e+00 2.220694611875752289e-01 1.199825875307935705e-02 -3.448732122363435404e-01
3.630000000000000000e+03 6.899728214824299322e+00 2.214058439128772926e-01 1.198984804148223171e-02 -3.439035196028199515e-01
3.631000000000000000e+03 6.887435915133048425e+00 2.207445193619172463e-01 1.198144508404633962e-02 -3.429281566700861927e-01
3.632000000000000000e+03 6.875154790265972871e+00 2.200860511393046282e-01 1.197304977990661795e-02 -3.419465417748022151e-01
3.633000000000000000e+03 6.862886512865583377e+00 2.194302630307837787e-01 1.196466203256413459e-02 -3.409595758064092319e-01
3.634000000000000000e+03 6.850625255118017343e+00 2.187777247031415240e-01 1.195628175059527953e-02 -3.399674139839812259e-01
3.635000000000000000e+03 6.838372538087850394e+00 2.181275232276520537e-01 1.194790884841004201e-02 -3.389702089718611977e-01
3.636000000000000000e+03 6.826137224655766111e+00 2.174809772825750109e-01 1.193954324685293777e-02 -3.379681111585376985e-01
3.637000000000000000e+03 6.813905799430514776e+00 2.168371801689706058e-01 1.193118487392904464e-02 -3.369612689334127720e-01
3.638000000000000000e+03 6.801686932607473146e+00 2.161959711757225067e-01 1.192283366526680072e-02 -3.359498289609819111e-01
3.639000000000000000e+03 6.789474332483844243e+00 2.155579356030779825e-01 1.191448956466377614e-02 -3.349339364521543572e-01
3.640000000000000000e+03 6.777283882047478336e+00 2.149229191149659157e-01 1.190615252451294841e-02 -3.339144782671203404e-01
3.641000000000000000e+03 6.765101635990285800e+00 2.142915134301182634e-01 1.189782250621822593e-02 -3.328908546747154640e-01
3.642000000000000000e+03 6.752928386953411355e+00 2.136628278369751277e-01 1.188949948039773157e-02 -3.318639509526632447e-01
3.643000000000000000e+03 6.740772234045484979e+00 2.130374605523506770e-01 1.188118342719668950e-02 -3.308339091385872899e-01
3.644000000000000000e+03 6.728633723773723929e+00 2.124152702338943932e-01 1.187287433631727639e-02 -3.298008711164225892e-01
3.645000000000000000e+03 6.716498420121239654e+00 2.117961188312428300e-01 1.186457220715257839e-02 -3.287649788630946923e-01
3.646000000000000000e+03 6.704381473897118582e+00 2.111806144361011162e-01 1.185627704867564872e-02 -3.277271175251165736e-01
3.647000000000000000e+03 6.692275624372149956e+00 2.105686256258740841e-01 1.184798887938784580e-02 -3.266859443150772480e-01
3.648000000000000000e+03 6.680188341966069920e+00 2.099592814762699378e-01 1.183970772702410551e-02 -3.256438314229410658e-01
3.649000000000000000e+03 6.668104688284057779e+00 2.093539429126253237e-01 1.183143362831795553e-02 -3.245986950565696305e-01
3.650000000000000000e+03 6.656039317201150496e+00 2.087510028748102986e-01 1.182316662859326031e-02 -3.235529096824115158e-01
3.651000000000000000e+03 6.643976977914479498e+00 2.081525747959670491e-01 1.181490678131973636e-02 -3.225051163321741021e-01
3.652000000000000000e+03 6.631931725188159987e+00 2.075570731240186650e-01 1.180665414757385914e-02 -3.214561033235608933e-01
3.653000000000000000e+03 6.619895146789988694e+00 2.069644043089406693e-01 1.179840879542516825e-02 -3.204058972931810856e-01
3.654000000000000000e+03 6.607866156303670913e+00 2.063759638530639207e-01 1.179017079925245154e-02 -3.193552697882448554e-01
3.655000000000000000e+03 6.595843571279588424e+00 2.057909221397167254e-01 1.178194023899798056e-02 -3.183035089551403685e-01
3.656000000000000000e+03 6.583833548735369412e+00 2.052091957757873897e-01 1.177371719939536779e-02 -3.172513910680813676e-01
3.657000000000000000e+03 6.571827307847756039e+00 2.046314475929492671e-01 1.176550176909755586e-02 -3.161989522078682557e-01
3.658000000000000000e+03 6.559823423274433907e+00 2.040568581424603567e-01 1.175729403982329023e-02 -3.151469741110289879e-01
3.659000000000000000e+03 6.547827833885409454e+00 2.034868398689730629e-01 1.174909410536483997e-02 -3.140947558394788230e-01
3.660000000000000000e+03 6.535831566829937600e+00 2.029198372625898861e-01 1.174090206070951999e-02 -3.130423424563953394e-01
3.661000000000000000e+03 6.523847888714149335e+00 2.023565267001004031e-01 1.173271800100764498e-02 -3.119905251929434575e-01
3.662000000000000000e+03 6.511852888453164567e+00 2.017975879345233203e-01 1.172454202065758774e-02 -3.109393559416871455e-01
3.663000000000000000e+03 6.499867198921370992e+00 2.012422184184806950e-01 1.171637421225682832e-02 -3.098888902516813149e-01
3.664000000000000000e+03 6.487874294955211951e+00 2.006903618012337021e-01 1.170821466569964275e-02 -3.088384446507041470e-01
3.665000000000000000e+03 6.475879929981468663e+00 2.001427079194793013e-01 1.170006346712729184e-02 -3.077895681400923400e-01
3.666000000000000000e+03 6.463882432326085947e+00 1.995984642815119003e-01 1.169192069812294635e-02 -3.067408425020900498e-01
3.667000000000000000e+03 6.451880143070659379e+00 1.990575845604487248e-01 1.168378643470303901e-02 -3.056938251306232091e-01
3.668000000000000000e+03 6.439878853620379040e+00 1.985215114158881411e-01 1.167566074652280454e-02 -3.046485921702299926e-01
3.669000000000000000e+03 6.427862101147882257e+00 1.979887194691299923e-01 1.166754369606787071e-02 -3.036037386639720004e-01
3.670000000000000000e+03 6.415843175436990897e+00 1.974599151324037960e-01 1.165943533789065394e-02 -3.025615785454233708e-01
3.671000000000000000e+03 6.403813128293414536e+00 1.969350652514169631e-01 1.165133571797864059e-02 -3.015207164347982194e-01
3.672000000000000000e+03 6.391777922555670344e+00 1.964141399218004291e-01 1.164324487311651536e-02 -3.004819904650884999e-01
3.673000000000000000e+03 6.379736153634763873e+00 1.958963696341374516e-01 1.163516283036676417e-02 -2.994447582527154927e-01
3.674000000000000000e+03 6.367686483723728585e+00 1.953832165928028053e-01 1.162708960664729160e-02 -2.984106112186550308e-01
3.675000000000000000e+03 6.355627646870656733e+00 1.948739176832827713e-01 1.161902520837055676e-02 -2.973781748896122124e-01
3.676000000000000000e+03 6.343558453217758242e+00 1.943684557884724495e-01 1.161096963117059892e-02 -2.963483088898943296e-01
3.677000000000000000e+03 6.331477792365192592e+00 1.938668169285241161e-01 1.160292285977344851e-02 -2.953218785837838922e-01
3.678000000000000000e+03 6.319392064178433799e+00 1.933682473994889073e-01 1.159488486792686728e-02 -2.942975267187282751e-01
3.679000000000000000e+03 6.307300323612105686e+00 1.928742250858563323e-01 1.158685561842481143e-02 -2.932768734193001992e-01
3.680000000000000000e+03 6.295201709637622933e+00 1.923840024215907607e-01 1.157883506326577022e-02 -2.922593164920301856e-01
3.681000000000000000e+03 6.283095444865339552e+00 1.918975777002818184e-01 1.157082314386225982e-02 -2.912442600809486137e-01
3.682000000000000000e+03 6.270980834213967015e+00 1.914149522088969824e-01 1.156281979144991624e-02 -2.902333433242213490e-01
3.683000000000000000e+03 6.258864690987867796e+00 1.909361301956079005e-01 1.155482492740568870e-02 -2.892259834960308473e-01
3.684000000000000000e+03 6.246739048630743696e+00 1.904611188362773100e-01 1.154683846387839774e-02 -2.882216046643679142e-01
3.685000000000000000e+03 6.234610870036870978e+00 1.899899281999983813e-01 1.153886030437976939e-02 -2.872211235142474450e-01
3.686000000000000000e+03 6.222472329203053931e+00 1.895218283785513325e-01 1.153089034444992542e-02 -2.862247209959276617e-01
3.687000000000000000e+03 6.210337947220510912e+00 1.890575779548944180e-01 1.152292847245230817e-02 -2.852325853132242628e-01
3.688000000000000000e+03 6.198207444005316091e+00 1.885971954604795386e-01 1.151497457046966877e-02 -2.842441692416466936e-01
3.689000000000000000e+03 6.186073159431702884e+00 1.881407021718047023e-01 1.150702851517289294e-02 -2.832604187857916678e-01
3.690000000000000000e+03 6.173942330534739398e+00 1.876873792359541049e-01 1.149909017878629307e-02 -2.822808019909137101e-01
3.691000000000000000e+03 6.161814798053936393e+00 1.872379961352914346e-01 1.149115943016552725e-02 -2.813062804332889799e-01
3.692000000000000000e+03 6.149697854250259610e+00 1.867918393062510118e-01 1.148323613578589204e-02 -2.803363380287317019e-01
3.693000000000000000e+03 6.137591376928481779e+00 1.863496834373760125e-01 1.147532016091204130e-02 -2.793719525194000020e-01
3.694000000000000000e+03 6.125495248205313992e+00 1.859108200865039195e-01 1.146741137065211517e-02 -2.784126242777793525e-01
3.695000000000000000e+03 6.113409344714355598e+00 1.854752861422999111e-01 1.145950963112474415e-02 -2.774578621180366356e-01
3.696000000000000000e+03 6.101340956042977659e+00 1.850438637800790043e-01 1.145161481055840397e-02 -2.765094119390849037e-01
3.697000000000000000e+03 6.089282489746119076e+00 1.846151090768496927e-01 1.144372678039804955e-02 -2.755660570134913501e-01
3.698000000000000000e+03 6.077248603237284996e+00 1.841898089759475832e-01 1.143584541642764067e-02 -2.746280751276414245e-01
3.699000000000000000e+03 6.065231623998894150e+00 1.837680099008608958e-01 1.142797059983354652e-02 -2.736957530369517055e-01
3.700000000000000000e+03 6.053231253563397196e+00 1.833497605436472944e-01 1.142010221821619133e-02 -2.727686437509977968e-01
3.701000000000000000e+03 6.041247057869446380e+00 1.829343755395538007e-01 1.141224016657636092e-02 -2.718477978300731235e-01
3.702000000000000000e+03 6.029293098650803095e+00 1.825219407598544508e-01 1.140438434824084593e-02 -2.709328001844300005e-01
3.703000000000000000e+03 6.017361000330971876e+00 1.821132935933895414e-01 1.139653467569012868e-02 -2.700239906509511179e-01
3.704000000000000000e+03 6.005449728222816752e+00 1.817070450011242511e-01 1.138869107139337845e-02 -2.691209757418496218e-01
3.705000000000000000e+03 5.993573010144427116e+00 1.813047793125254770e-01 1.138085346842970629e-02 -2.682241144030741431e-01
3.706000000000000000e+03 5.981714760357935035e+00 1.809051114961120477e-01 1.137302181112768117e-02 -2.673345180954950218e-01
3.707000000000000000e+03 5.969888501251722879e+00 1.805088869550667274e-01 1.136519605559341457e-02 -2.664503366929669159e-01
3.708000000000000000e+03 5.958085360666673935e+00 1.801162101373494362e-01 1.135737617007097702e-02 -2.655727012279691657e-01
3.709000000000000000e+03 5.946311210373091072e+00 1.797264444855146137e-01 1.134956213531541566e-02 -2.647020097736179078e-01
3.710000000000000000e+03 5.934564378734529022e+00 1.793396980564929966e-01 1.134175394470584262e-02 -2.638379274924552154e-01
3.711000000000000000e+03 5.922850506144382798e+00 1.789560806359173639e-01 1.133395160439370879e-02 -2.629808723467233489e-01
3.712000000000000000e+03 5.911160259755732227e+00 1.785749608523797827e-01 1.132615513321334408e-02 -2.621305294600046465e-01
3.713000000000000000e+03 5.899499047721294964e+00 1.781979374664882099e-01 1.131836456261836599e-02 -2.612865939752699873e-01
3.714000000000000000e+03 5.887864736043924907e+00 1.778228966396129263e-01 1.131057993634525596e-02 -2.604502567390504786e-01
3.715000000000000000e+03 5.876262508234584736e+00 1.774514402328063178e-01 1.130280131009872222e-02 -2.596212329670930519e-01
3.716000000000000000e+03 5.864682584260073384e+00 1.770829430751997557e-01 1.129502875106032193e-02 -2.587985050764442518e-01
3.717000000000000000e+03 5.853129938957574829e+00 1.767175242525603207e-01 1.128726233731322699e-02 -2.579840368491480573e-01
3.718000000000000000e+03 5.841609451328751312e+00 1.763545613856324079e-01 1.127950215711949998e-02 -2.571760878973443631e-01
3.719000000000000000e+03 5.830111054769793633e+00 1.759949190833647037e-01 1.127174830823794542e-02 -2.563758991508497398e-01
3.720000000000000000e+03 5.818646886636963167e+00 1.756379775510601982e-01 1.126400089696459085e-02 -2.555832358113072078e-01
3.721000000000000000e+03 5.807199298430914425e+00 1.752838610434522548e-01 1.125626003725768015e-02 -2.547978729793103359e-01
3.722000000000000000e+03 5.795787720337671090e+00 1.749326949776977835e-01 1.124852584969106110e-02 -2.540203384390740671e-01
3.723000000000000000e+03 5.784394387790722014e+00 1.745838630462868135e-01 1.124079846035396131e-02 -2.532504269312452760e-01
3.724000000000000000e+03 5.773023778930092220e+00 1.742382356699399004e-01 1.123307799974599362e-02 -2.524886857594690337e-01
3.725000000000000000e+03 5.761672912361649246e+00 1.738951986053079435e-01 1.122536460157420868e-02 -2.517341862156665666e-01
3.726000000000000000e+03 5.750346215426630714e+00 1.735548813977461080e-01 1.121765840157185230e-02 -2.509867520100338423e-01
3.727000000000000000e+03 5.739040679380268628e+00 1.732174144940001603e-01 1.120995953621150773e-02 -2.502477020257225515e-01
3.728000000000000000e+03 5.727753299829264400e+00 1.728821863547900517e-01 1.120226814146178460e-02 -2.495168788938374738e-01
3.729000000000000000e+03 5.716488517272609649e+00 1.725493290724025297e-01 1.119458435156144537e-02 -2.487933917395359906e-01
3.730000000000000000e+03 5.705235944238802759e+00 1.722197183182432034e-01 1.118690829774258294e-02 -2.480778445943108979e-01
3.731000000000000000e+03 5.694000090765578115e+00 1.718920019502060692e-01 1.117924010701979928e-02 -2.473701077952571992e-01
3.732000000000000000e+03 5.682778091212361105e+00 1.715663141352654630e-01 1.117157990097043807e-02 -2.466700607216025520e-01
3.733000000000000000e+03 5.671567144153667250e+00 1.712435324618230281e-01 1.116392779463415072e-02 -2.459783345293055645e-01
3.734000000000000000e+03 5.660379380199873189e+00 1.709230493820794450e-01 1.115628389534773640e-02 -2.452933407088134787e-01
3.735000000000000000e+03 5.649197302494469497e+00 1.706050006644471428e-01 1.114864830174493518e-02 -2.446172136620010928e-01
3.736000000000000000e+03 5.638033223498294610e+00 1.702887796708152379e-01 1.114102110283800642e-02 -2.439483822480279507e-01
3.737000000000000000e+03 5.626877275813722434e+00 1.699752658090804835e-01 1.113340237703467489e-02 -2.432875123593503941e-01
3.738000000000000000e+03 5.615734562422155740e+00 1.696638531403175665e-01 1.112579219143687743e-02 -2.426345354777052765e-01
3.739000000000000000e+03 5.604602879252667869e+00 1.693539359962935031e-01 1.111819060107438473e-02 -2.419886485707077872e-01
3.740000000000000000e+03 5.593480150215693669e+00 1.690463945968330717e-01 1.111059764840615499e-02 -2.413505424945014688e-01
3.741000000000000000e+03 5.582364432889221462e+00 1.687406236572778218e-01 1.110301336274834363e-02 -2.407201733875301564e-01
3.742000000000000000e+03 5.571268779855831355e+00 1.684367608410212158e-01 1.109543775997379189e-02 -2.400975054059105163e-01
3.743000000000000000e+03 5.560176672145126453e+00 1.681356867071453487e-01 1.108787084223117336e-02 -2.394817677905778097e-01
3.744000000000000000e+03 5.549101448453751750e+00 1.678353104829962694e-01 1.108031259782541779e-02 -2.388736832765152585e-01
3.745000000000000000e+03 5.538034307962503178e+00 1.675372555272172659e-01 1.107276300122948115e-02 -2.382732394940498266e-01
3.746000000000000000e+03 5.526981452193997946e+00 1.672409165975344836e-01 1.106522201318927041e-02 -2.376804317124022181e-01
3.747000000000000000e+03 5.515934370554076871e+00 1.669456883039573680e-01 1.105768958096830200e-02 -2.370945199156647143e-01
3.748000000000000000e+03 5.504914408218997579e+00 1.666524507271262001e-01 1.105016563874451282e-02 -2.365155143861737419e-01
3.749000000000000000e+03 5.493905907631468466e+00 1.663613408618294653e-01 1.104265010804019592e-02 -2.359434327850809532e-01
3.750000000000000000e+03 5.482908202491848293e+00 1.660710097307308286e-01 1.103514289835552664e-02 -2.353790429054095634e-01
3.751000000000000000e+03 5.471935599723813048e+00 1.657823406655664078e-01 1.102764390789087202e-02 -2.348216521790201239e-01
3.752000000000000000e+03 5.460980193659203508e+00 1.654947475525256895e-01 1.102015302431340327e-02 -2.342706475446240388e-01
3.753000000000000000e+03 5.450041609440906321e+00 1.652091336509179664e-01 1.101267012571028291e-02 -2.337269267660601335e-01
3.754000000000000000e+03 5.439127007121543400e+00 1.649249160461832286e-01 1.100519508152766716e-02 -2.331899089257389868e-01
3.755000000000000000e+03 5.428236215738102111e+00 1.646415112703303318e-01 1.099772775373733351e-02 -2.326597628567681764e-01
3.756000000000000000e+03 5.417369151702298602e+00 1.643598209229854556e-01 1.099026799789888306e-02 -2.321366642357537979e-01
3.757000000000000000e+03 5.406525808195928207e+00 1.640792602826273705e-01 1.098281566442171377e-02 -2.316207955115486272e-01
3.758000000000000000e+03 5.395706244018093400e+00 1.637999867635612505e-01 1.097537059980927855e-02 -2.311116029991566456e-01
3.759000000000000000e+03 5.384925428686160309e+00 1.635221570333495189e-01 1.096793264793577589e-02 -2.306085396437499713e-01
3.760000000000000000e+03 5.374161232044298409e+00 1.632451841307404616e-01 1.096050165142012020e-02 -2.301125506192168990e-01
3.761000000000000000e+03 5.363436123945440670e+00 1.629692230893464433e-01 1.095307745294603861e-02 -2.296231019156822761e-01
3.762000000000000000e+03 5.352742878459100240e+00 1.626944280568790591e-01 1.094565989660672804e-02 -2.291411516060329612e-01
3.763000000000000000e+03 5.342089131677474789e+00 1.624202094150560272e-01 1.093824882922421818e-02 -2.286654355953563200e-01
3.764000000000000000e+03 5.331467656126871901e+00 1.621474622402634402e-01 1.093084410171984468e-02 -2.281961817186538011e-01
3.765000000000000000e+03 5.320886062202042410e+00 1.618763377548835536e-01 1.092344557036079369e-02 -2.277336239905926873e-01
3.766000000000000000e+03 5.310344501480598112e+00 1.616055004493833491e-01 1.091605309802170555e-02 -2.272780025224635514e-01
3.767000000000000000e+03 5.299843083878998939e+00 1.613350993803508993e-01 1.090866655536848299e-02 -2.268280777655716784e-01
3.768000000000000000e+03 5.289381867003335458e+00 1.610660252942338611e-01 1.090128582196555999e-02 -2.263848445959984468e-01
3.769000000000000000e+03 5.278960846145218433e+00 1.607976820818497465e-01 1.089391078733520021e-02 -2.259485608799373935e-01
3.770000000000000000e+03 5.268594801717348730e+00 1.605302152439076757e-01 1.088654135194428059e-02 -2.255180045395481780e-01
3.771000000000000000e+03 5.258261292363949124e+00 1.602637690174183172e-01 1.087917742799397215e-02 -2.250941876240741824e-01
3.772000000000000000e+03 5.247982359283148490e+00 1.599977435028559214e-01 1.087181894027603075e-02 -2.246758991905325742e-01
3.773000000000000000e+03 5.237750236173718932e+00 1.597322802974752709e-01 1.086446582676544453e-02 -2.242641621992958467e-01
3.774000000000000000e+03 5.227564485478664480e+00 1.594675196244305371e-01 1.085711803916406155e-02 -2.238585192185697514e-01
3.775000000000000000e+03 5.217424565624570576e+00 1.592036002978787779e-01 1.084977554332709586e-02 -2.234585179684855094e-01
3.776000000000000000e+03 5.207329827752083418e+00 1.589399168540362450e-01 1.084243831955261292e-02 -2.230651968590317002e-01
3.777000000000000000e+03 5.197286941972041774e+00 1.586766051882870232e-01 1.083510636275001812e-02 -2.226766278417728062e-01
3.778000000000000000e+03 5.187287611418191169e+00 1.584137996882205024e-01 1.082777968245226922e-02 -2.222946017808062336e-01
3.779000000000000000e+03 5.177338285961647024e+00 1.581516332026702831e-01 1.082045830271560760e-02 -2.219179427872103039e-01
3.780000000000000000e+03 5.167437878685054997e+00 1.578902370117062082e-01 1.081314226192708894e-02 -2.215477079078483347e-01
3.781000000000000000e+03 5.157577768607949587e+00 1.576289979626815385e-01 1.080583161239092801e-02 -2.211819871177432839e-01
3.782000000000000000e+03 5.147771517992862478e+00 1.573680441122798646e-01 1.079852641985511001e-02 -2.208218458321785926e-01
3.783000000000000000e+03 5.138010307296669410e+00 1.571075018644350063e-01 1.079122676295115983e-02 -2.204668677226911122e-01
3.784000000000000000e+03 5.128292654729374789e+00 1.568467531093168943e-01 1.078393273242969456e-02 -2.201173830430197265e-01
3.785000000000000000e+03 5.118624423463454143e+00 1.565874065383711100e-01 1.077664443032399187e-02 -2.197729827747014753e-01
3.786000000000000000e+03 5.109003973132392851e+00 1.563273549400039653e-01 1.076936196902260681e-02 -2.194340041081725146e-01
3.787000000000000000e+03 5.099414740595934248e+00 1.560682035266623413e-01 1.076208547025366870e-02 -2.190993017441675850e-01
3.788000000000000000e+03 5.089877248344349070e+00 1.558085843974316709e-01 1.075481506391498011e-02 -2.187692190364389777e-01
3.789000000000000000e+03 5.080374831695975146e+00 1.555500991968785940e-01 1.074755088693385950e-02 -2.184441021206558198e-01
3.790000000000000000e+03 5.070905648601385707e+00 1.552913764144964182e-01 1.074029308195891333e-02 -2.181228140403205784e-01
3.791000000000000000e+03 5.061475263195821306e+00 1.550325283752971850e-01 1.073304179609197752e-02 -2.178064487152539530e-01
3.792000000000000000e+03 5.052081801444671783e+00 1.547736655511717518e-01 1.072579717946803117e-02 -2.174938737226385366e-01
3.793000000000000000e+03 5.042723392170906926e+00 1.545148965430479804e-01 1.071855938391745068e-02 -2.171861870970683839e-01
3.794000000000000000e+03 5.033390751598720847e+00 1.542563280639551448e-01 1.071132856153516298e-02 -2.168815172740495012e-01
3.795000000000000000e+03 5.024096909747729711e+00 1.539980649229000242e-01 1.070410486324087362e-02 -2.165809655586525551e-01
3.796000000000000000e+03 5.014825224954983618e+00 1.537394671744629904e-01 1.069688843740594468e-02 -2.162841489039646903e-01
3.797000000000000000e+03 5.005581395162977287e+00 1.534813786093274235e-01 1.068967942843742844e-02 -2.159914282054989088e-01
3.798000000000000000e+03 4.996363757098878366e+00 1.532224125653426638e-01 1.068247797542428920e-02 -2.157016795867991998e-01
3.799000000000000000e+03 4.987178155184137651e+00 1.529641517596530831e-01 1.067528421080620599e-02 -2.154152655320348553e-01
3.800000000000000000e+03 4.978008239858596973e+00 1.527052055961129196e-01 1.066809825915715146e-02 -2.151318061760149336e-01
3.801000000000000000e+03 4.968860090501813431e+00 1.524464090978364939e-01 1.066092023594921931e-02 -2.148509372429793784e-01
3.802000000000000000e+03 4.959732637530332333e+00 1.521871060179831869e-01 1.065375024646726156e-02 -2.145738414356584411e-01
3.803000000000000000e+03 4.950624975329060540e+00 1.519281228727848709e-01 1.064658838473804200e-02 -2.142987453129875097e-01
3.804000000000000000e+03 4.941536329323013454e+00 1.516687984928666577e-01 1.063943473264683699e-02 -2.140268464743259325e-01
3.805000000000000000e+03 4.932458635419646242e+00 1.514092125194474447e-01 1.063228935907842808e-02 -2.137578563640251950e-01
3.806000000000000000e+03 4.923406260161810266e+00 1.511486997260058085e-01 1.062515231922219090e-02 -2.134907429263945000e-01
3.807000000000000000e+03 4.914364007922488398e+00 1.508888213507338094e-01 1.061802365400619716e-02 -2.132267017713038448e-01
3.808000000000000000e+03 4.905339123842811233e+00 1.506281652444514951e-01 1.061090338956459551e-02 -2.129646989953943026e-01
3.809000000000000000e+03 4.896331583712159485e+00 1.503668028743478657e-01 1.060379153695457585e-02 -2.127051851947782679e-01
3.810000000000000000e+03 4.887341524361353606e+00 1.501055464832439512e-01 1.059668809195515177e-02 -2.124478668038746743e-01
3.811000000000000000e+03 4.878361816093335968e+00 1.498437205794653782e-01 1.058959303495640367e-02 -2.121931916157224485e-01
3.812000000000000000e+03 4.869400347243110438e+00 1.495821332724533159e-01 1.058250633106562998e-02 -2.119401201340596341e-01
3.813000000000000000e+03 4.860457737363600650e+00 1.493193620938156607e-01 1.057542793030743014e-02 -2.116890967771019594e-01
3.814000000000000000e+03 4.851534762551858115e+00 1.490569538393434756e-01 1.056835776794355294e-02 -2.114405640778376505e-01
3.815000000000000000e+03 4.842624922838084878e+00 1.487934818862621245e-01 1.056129576493393743e-02 -2.111927340560814659e-01
3.816000000000000000e+03 4.833736721772226907e+00 1.485304888715107963e-01 1.055424182858429732e-02 -2.109475307822284429e-01
3.817000000000000000e+03 4.824863946401464432e+00 1.482658011753408833e-01 1.054719585319413046e-02 -2.107039047521950259e-01
3.818000000000000000e+03 4.816015372948236006e+00 1.480017001059843740e-01 1.054015772095121331e-02 -2.104608041238089366e-01
3.819000000000000000e+03 4.807185044650005068e+00 1.477360078795406928e-01 1.053312730280096463e-02 -2.102201459592305810e-01
3.820000000000000000e+03 4.798374547090667797e+00 1.474702588059913777e-01 1.052610445957290891e-02 -2.099801306179249205e-01
3.821000000000000000e+03 4.789585569254309227e+00 1.472044994456222777e-01 1.051908904304027156e-02 -2.097419271853627198e-01
3.822000000000000000e+03 4.780819892145421690e+00 1.469372886112247090e-01 1.051208089717524385e-02 -2.095044735466442820e-01
3.823000000000000000e+03 4.772079376723638688e+00 1.466701543812314046e-01 1.050507985943173808e-02 -2.092674476498922742e-01
3.824000000000000000e+03 4.763365951259395992e+00 1.464016514232977240e-01 1.049808576203891015e-02 -2.090320102691236581e-01
3.825000000000000000e+03 4.754681598221417005e+00 1.461333036789170259e-01 1.049109843347084854e-02 -2.087978335957059173e-01
3.826000000000000000e+03 4.746020912460222618e+00 1.458636616885934656e-01 1.048411769977185444e-02 -2.085638440084694734e-01
3.827000000000000000e+03 4.737400800909089327e+00 1.455942452780231156e-01 1.047714338609874105e-02 -2.083304505168717402e-01
3.828000000000000000e+03 4.728801041967574115e+00 1.453236008848350080e-01 1.047017531810174630e-02 -2.080973161964621010e-01
3.829000000000000000e+03 4.720245983548158719e+00 1.450525014114477373e-01 1.046321332340825749e-02 -2.078648438015049948e-01
3.830000000000000000e+03 4.711715389197031811e+00 1.447802320584811731e-01 1.045625723304350295e-02 -2.076326900389834640e-01
3.831000000000000000e+03 4.703218708171079676e+00 1.445075616742128866e-01 1.044930688286308147e-02 -2.074012511838843054e-01
3.832000000000000000e+03 4.694765348980712183e+00 1.442345142597993013e-01 1.044236211485470751e-02 -2.071694345197296616e-01
3.833000000000000000e+03 4.686342381767269138e+00 1.439603689803384545e-01 1.043542277848574264e-02 -2.069376296244538616e-01
3.834000000000000000e+03 4.677959096428389252e+00 1.436858886819394054e-01 1.042848873192281541e-02 -2.067062226458342422e-01
3.835000000000000000e+03 4.669617277941743971e+00 1.434103485644541709e-01 1.042155984321657507e-02 -2.064741105761028206e-01
3.836000000000000000e+03 4.661311195889934922e+00 1.431345075353343266e-01 1.041463599135760212e-02 -2.062424153705184060e-01
3.837000000000000000e+03 4.653049879928662591e+00 1.428576368841555366e-01 1.040771706724989872e-02 -2.060100268791140721e-01
3.838000000000000000e+03 4.644827397778905187e+00 1.425804916382007181e-01 1.040080297460140198e-02 -2.057773169618229980e-01
3.839000000000000000e+03 4.636645132722508222e+00 1.423030820738029889e-01 1.039389363065497916e-02 -2.055446537562306830e-01
3.840000000000000000e+03 4.628504348813164526e+00 1.420246737336015586e-01 1.038698896682893266e-02 -2.053109159428385400e-01
3.841000000000000000e+03 4.620406185610262284e+00 1.417452731147277600e-01 1.038008892922974609e-02 -2.050764640177200060e-01
3.842000000000000000e+03 4.612351654129200895e+00 1.414656276877863106e-01 1.037319347904271279e-02 -2.048423973872864901e-01
3.843000000000000000e+03 4.604334205692539150e+00 1.411857402466893951e-01 1.036630259274442384e-02 -2.046068401198028186e-01
3.844000000000000000e+03 4.596362015454727334e+00 1.409056117643436301e-01 1.035941626222622140e-02 -2.043701407141739756e-01
3.845000000000000000e+03 4.588428268759118467e+00 1.406244985791234858e-01 1.035253449477720709e-02 -2.041326435152500673e-01
3.846000000000000000e+03 4.580533447229588440e+00 1.403423980872474108e-01 1.034565731288593880e-02 -2.038946886312057727e-01
3.847000000000000000e+03 4.572677902730699628e+00 1.400607916008906051e-01 1.033878475394619037e-02 -2.036551261775462474e-01
3.848000000000000000e+03 4.564861860924979808e+00 1.397781873618838544e-01 1.033191686981336198e-02 -2.034142875285012975e-01
3.849000000000000000e+03 4.557085426040104359e+00 1.394945775764054874e-01 1.032505372627625859e-02 -2.031717567203085717e-01
3.850000000000000000e+03 4.549333730099847983e+00 1.392106956053178746e-01 1.031819540228970204e-02 -2.029285988619638215e-01
3.851000000000000000e+03 4.541621558819793236e+00 1.389265263615731827e-01 1.031134198923151953e-02 -2.026836468435279925e-01
3.852000000000000000e+03 4.533941507501344503e+00 1.386420372965364578e-01 1.030449358995241468e-02 -2.024372183525029734e-01
3.853000000000000000e+03 4.526293557205502083e+00 1.383571903025528349e-01 1.029765031775917682e-02 -2.021896271631495046e-01
3.854000000000000000e+03 4.518677607564750787e+00 1.380719456991955085e-01 1.029081229531738848e-02 -2.019396963844829473e-01
3.855000000000000000e+03 4.511093487485311471e+00 1.377862622617024024e-01 1.028397965337710281e-02 -2.016884725323158656e-01
3.856000000000000000e+03 4.503526109832339586e+00 1.374993544147076474e-01 1.027715252962139308e-02 -2.014355112506059919e-01
3.857000000000000000e+03 4.495990053493907013e+00 1.372126636018243528e-01 1.027033106720966725e-02 -2.011811057127044777e-01
3.858000000000000000e+03 4.488477577356400516e+00 1.369254013051895424e-01 1.026351541349526143e-02 -2.009240580129430798e-01
3.859000000000000000e+03 4.480988346480928364e+00 1.366375204158347401e-01 1.025670571854084279e-02 -2.006653932390702610e-01
3.860000000000000000e+03 4.473507160057202725e+00 1.363489724291829797e-01 1.024990213372478816e-02 -2.004046451959340391e-01
3.861000000000000000e+03 4.466055962967362625e+00 1.360604503110122432e-01 1.024310481024818045e-02 -2.001420848110306849e-01
3.862000000000000000e+03 4.458612147030514450e+00 1.357704171885433797e-01 1.023631389769555020e-02 -1.998764915324758862e-01
3.863000000000000000e+03 4.451190275815728015e+00 1.354810490621117525e-01 1.022952954258210707e-02 -1.996088674098348281e-01
3.864000000000000000e+03 4.443775242191843944e+00 1.351900636514970500e-01 1.022275188701719795e-02 -1.993394656633205586e-01
3.865000000000000000e+03 4.436374279104673413e+00 1.348996344481766807e-01 1.021598106725611285e-02 -1.990670477618960155e-01
3.866000000000000000e+03 4.428979829659575707e+00 1.346082195620608435e-01 1.020921721239710124e-02 -1.987925975158590930e-01
3.867000000000000000e+03 4.421591843403717803e+00 1.343165044338147929e-01 1.020246044316036778e-02 -1.985156068241524796e-01
3.868000000000000000e+03 4.414217786849945924e+00 1.340244305270233416e-01 1.019571087069492434e-02 -1.982363041071207865e-01
3.869000000000000000e+03 4.406842939794208824e+00 1.337319381954960029e-01 1.018896859551657839e-02 -1.979541685699442444e-01
3.870000000000000000e+03 4.399482402588091645e+00 1.334389667156785364e-01 1.018223370645771758e-02 -1.976701586472358607e-01
3.871000000000000000e+03 4.392114248827700074e+00 1.331454543189571071e-01 1.017550627983446199e-02 -1.973829977740178820e-01
3.872000000000000000e+03 4.384753815643064101e+00 1.328513382240273100e-01 1.016878637866136352e-02 -1.970936313487485492e-01
3.873000000000000000e+03 4.377394282564783801e+00 1.325572975042898227e-01 1.016207405194505947e-02 -1.968007696830831876e-01
3.874000000000000000e+03 4.370036389421150247e+00 1.322625246149715383e-01 1.015536933423832194e-02 -1.965060878143481404e-01
3.875000000000000000e+03 4.362681011268238152e+00 1.319676967654963284e-01 1.014867224517553533e-02 -1.962075399651143082e-01
3.876000000000000000e+03 4.355321732071740115e+00 1.316720046114962794e-01 1.014198278923451185e-02 -1.959067878758128378e-01
3.877000000000000000e+03 4.347967130521319667e+00 1.313761236269748445e-01 1.013530095557453083e-02 -1.956032581147767180e-01
3.878000000000000000e+03 4.340603637764229639e+00 1.310799856311303246e-01 1.012862671809562805e-02 -1.952963705811994466e-01
3.879000000000000000e+03 4.333247534066189566e+00 1.307835216552639679e-01 1.012196003552078179e-02 -1.949870241810103266e-01
3.880000000000000000e+03 4.325885518957184317e+00 1.304859191394434348e-01 1.011530085171466649e-02 -1.946746255001635117e-01
3.881000000000000000e+03 4.318526705394220677e+00 1.301893361392418569e-01 1.010864909607961902e-02 -1.943593173308047206e-01
3.882000000000000000e+03 4.311165472521905073e+00 1.298914730069821444e-01 1.010200468409321560e-02 -1.940412358648632152e-01
3.883000000000000000e+03 4.303811172433619880e+00 1.295937436083984817e-01 1.009536751795121756e-02 -1.937197678947578383e-01
3.884000000000000000e+03 4.296458409036912229e+00 1.292953326736565323e-01 1.008873748739422954e-02 -1.933957793613910736e-01
3.885000000000000000e+03 4.289101885995254548e+00 1.289969100036497951e-01 1.008211447057658604e-02 -1.930686440635729084e-01
3.886000000000000000e+03 4.281751253721878037e+00 1.286984019960154546e-01 1.007549833501778479e-02 -1.927384722190804145e-01
3.887000000000000000e+03 4.274408813760001813e+00 1.283997345110621524e-01 1.006888893873923718e-02 -1.924053676916657463e-01
3.888000000000000000e+03 4.267069507446227483e+00 1.281008329026128156e-01 1.006228613146479232e-02 -1.920694280587121050e-01
3.889000000000000000e+03 4.259735760606978339e+00 1.278016220489126276e-01 1.005568975574447875e-02 -1.917307446840595120e-01
3.890000000000000000e+03 4.252417470993753668e+00 1.275027692182549854e-01 1.004909964838319493e-02 -1.913894027956039856e-01
3.891000000000000000e+03 4.245094853518412314e+00 1.272034555946275070e-01 1.004251564174504611e-02 -1.910447387321840829e-01
3.892000000000000000e+03 4.237792710409413743e+00 1.269043476484588429e-01 1.003593756512862444e-02 -1.906968256991641297e-01
3.893000000000000000e+03 4.230498705798408032e+00 1.266046258270729363e-01 1.002936524621743895e-02 -1.903464738573939774e-01
3.894000000000000000e+03 4.223215350517948607e+00 1.263056987604183889e-01 1.002279851248464096e-02 -1.899930019096452705e-01
3.895000000000000000e+03 4.215945131774391008e+00 1.260060034464350609e-01 1.001623719264133593e-02 -1.896364656995074005e-01
3.896000000000000000e+03 4.208683071320132640e+00 1.257069479618287411e-01 1.000968111804377905e-02 -1.892776583068049578e-01
3.897000000000000000e+03 4.201446425645025684e+00 1.254069688124490045e-01 1.000313012408488890e-02 -1.889151388041035995e-01
3.898000000000000000e+03 4.194215246350100124e+00 1.251082164790832674e-01 9.996584051570178014e-03 -1.885504321990117138e-01
3.899000000000000000e+03 4.187006651324401751e+00 1.248083842628723988e-01 9.990042747957710717e-03 -1.881820868513303657e-01
3.900000000000000000e+03 4.179822814574515100e+00 1.245096223361951970e-01 9.983506068679280643e-03 -1.878116172501785863e-01
3.901000000000000000e+03 4.172650969915090435e+00 1.242111063157269879e-01 9.976973878252772682e-03 -1.874390365723135055e-01
3.902000000000000000e+03 4.165500586613863021e+00 1.239127421459845085e-01 9.970446051361558232e-03 -1.870628251942273723e-01
3.903000000000000000e+03 4.158373602589335860e+00 1.236144326173824887e-01 9.963922473901537860e-03 -1.866851622131882604e-01
3.904000000000000000e+03 4.151271829733406804e+00 1.233160805045701164e-01 9.957403043831252951e-03 -1.863037648805003776e-01
3.905000000000000000e+03 4.144189518280085416e+00 1.230183314323627514e-01 9.950887671943289478e-03 -1.859200598754426614e-01
3.906000000000000000e+03 4.137135635685725177e+00 1.227210882366139982e-01 9.944376282546081580e-03 -1.855339835459706155e-01
3.907000000000000000e+03 4.130104148220182125e+00 1.224242538302180577e-01 9.937868814018792352e-03 -1.851447248266788193e-01
3.908000000000000000e+03 4.123088873863329340e+00 1.221269883991230876e-01 9.931365219199043623e-03 -1.847529538235875290e-01
3.909000000000000000e+03 4.116098336435487504e+00 1.218306807734264308e-01 9.924865465713882118e-03 -1.843585933854793857e-01
3.910000000000000000e+03 4.109133479230546726e+00 1.215344914483366817e-01 9.918369536074809339e-03 -1.839608191766354539e-01
3.911000000000000000e+03 4.102187664960363023e+00 1.212390667902742136e-01 9.911877427768391383e-03 -1.835610310863599326e-01
3.912000000000000000e+03 4.095268962007621028e+00 1.209435677278887927e-01 9.905389153062587465e-03 -1.831576534492840302e-01
3.913000000000000000e+03 4.088363005118855753e+00 1.206478982880136025e-01 9.898904738867550512e-03 -1.827520777877454372e-01
3.914000000000000000e+03 4.081484997516045432e+00 1.203534484617139327e-01 9.892424226285057021e-03 -1.823434630250355681e-01
3.915000000000000000e+03 4.074620288933123113e+00 1.200586372249866918e-01 9.885947670123138367e-03 -1.819324497155498932e-01
3.916000000000000000e+03 4.067776380036481676e+00 1.197648552496763524e-01 9.879475138310334081e-03 -1.815181887564624175e-01
3.917000000000000000e+03 4.060953216064962845e+00 1.194712650889759864e-01 9.873006711125537072e-03 -1.811013127764391217e-01
3.918000000000000000e+03 4.054143194875431178e+00 1.191785153829715005e-01 9.866542480412954924e-03 -1.806809648412483760e-01
3.919000000000000000e+03 4.047346032616276013e+00 1.188857695489184685e-01 9.860082548560781049e-03 -1.802585126720721853e-01
3.920000000000000000e+03 4.040561345193297349e+00 1.185936771513550203e-01 9.853627027541927291e-03 -1.798330916761151643e-01
3.921000000000000000e+03 4.033788658835549157e+00 1.183021454269037598e-01 9.847176037764682893e-03 -1.794053191605107789e-01
3.922000000000000000e+03 4.027027421312948441e+00 1.180103393138377116e-01 9.840729706893045284e-03 -1.789743230295185450e-01
3.923000000000000000e+03 4.020277013699766755e+00 1.177196528214474319e-01 9.834288168602598953e-03 -1.785407131604604958e-01
3.924000000000000000e+03 4.013529334225656164e+00 1.174292520487794506e-01 9.827851561321834795e-03 -1.781043529338461051e-01
3.925000000000000000e+03 4.006783667500536161e+00 1.171397893884171398e-01 9.821420026810455742e-03 -1.776651021030460076e-01
3.926000000000000000e+03 4.000046697248087035e+00 1.168504322144421487e-01 9.814993708891908003e-03 -1.772228168289815275e-01
3.927000000000000000e+03 3.993310234078715659e+00 1.165618342503113442e-01 9.808572752038929171e-03 -1.767788353853579630e-01
3.928000000000000000e+03 3.986573513337585695e+00 1.162739070910353972e-01 9.802157300002415849e-03 -1.763322640195603697e-01
3.929000000000000000e+03 3.979835779407328467e+00 1.159858202299372670e-01 9.795747494458939553e-03 -1.758829483301498076e-01
3.930000000000000000e+03 3.973103726451662432e+00 1.156989724249936485e-01 9.789343473668665752e-03 -1.754314733059777476e-01
3.931000000000000000e+03 3.966361797035316883e+00 1.154132775493587199e-01 9.782945371213640912e-03 -1.749776776975055792e-01
3.932000000000000000e+03 3.959624192115170693e+00 1.151271646165301366e-01 9.776553314667674188e-03 -1.745213968957278483e-01
3.933000000000000000e+03 3.952875455191576126e+00 1.148427776499638953e-01 9.770167424458110761e-03 -1.740632058141227678e-01
3.934000000000000000e+03 3.946122481029089801e+00 1.145585473566683166e-01 9.763787812743620134e-03 -1.736029332688877047e-01
3.935000000000000000e+03 3.939364811747709805e+00 1.142751338306439157e-01 9.757414582327546271e-03 -1.731404048679595631e-01
3.936000000000000000e+03 3.932594645453792115e+00 1.139917124002497451e-01 9.751047825726298635e-03 -1.726761859040243097e-01
3.937000000000000000e+03 3.925811700633994317e+00 1.137096878251080828e-01 9.744687624339585380e-03 -1.722100957467044280e-01
3.938000000000000000e+03 3.919023222842727527e+00 1.134282373071488770e-01 9.738334047615891664e-03 -1.717412079094206012e-01
3.939000000000000000e+03 3.912221705275829464e+00 1.131480246860498695e-01 9.731987152452579309e-03 -1.712708214610650648e-01
3.940000000000000000e+03 3.905414606683884404e+00 1.128674862837263509e-01 9.725646982692402395e-03 -1.707987469272949643e-01
3.941000000000000000e+03 3.898594641333665400e+00 1.125887736034856396e-01 9.719313568641117090e-03 -1.703255348771461064e-01
3.942000000000000000e+03 3.891754637894577762e+00 1.123103249978365248e-01 9.712986926844737953e-03 -1.698502475045740867e-01
3.943000000000000000e+03 3.884909825481865919e+00 1.120328083661163848e-01 9.706667059863992655e-03 -1.693734300602473264e-01
3.944000000000000000e+03 3.878060691699841023e+00 1.117561498309155021e-01 9.700353956314605730e-03 -1.688956252784812317e-01
3.945000000000000000e+03 3.871192981243670950e+00 1.114802765889911645e-01 9.694047590899959946e-03 -1.684166306441080840e-01
3.946000000000000000e+03 3.864314835076655630e+00 1.112051169263345435e-01 9.687747924637122102e-03 -1.679362413345255600e-01
3.947000000000000000e+03 3.857427073307692300e+00 1.109313430674691292e-01 9.681454905229364485e-03 -1.674542503315180619e-01
3.948000000000000000e+03 3.850530618709387287e+00 1.106581426840027305e-01 9.675168467467049060e-03 -1.669719342076717572e-01
3.949000000000000000e+03 3.843626490824558761e+00 1.103861902474763679e-01 9.668888533872259383e-03 -1.664883390722745327e-01
3.950000000000000000e+03 3.836715799068841637e+00 1.101146757014243582e-01 9.662615015314755806e-03 -1.660039948714103208e-01
3.951000000000000000e+03 3.829792282117620683e+00 1.098442757453343549e-01 9.656347811832130187e-03 -1.655186759869809454e-01
3.952000000000000000e+03 3.822864510975741759e+00 1.095749251377969857e-01 9.650086813511836448e-03 -1.650321111296212950e-01
3.953000000000000000e+03 3.815926239387120944e+00 1.093058169089657777e-01 9.643831901440445137e-03 -1.645455022188870853e-01
3.954000000000000000e+03 3.808993559851423072e+00 1.090383737774616030e-01 9.637582948758906948e-03 -1.640578213713940470e-01
3.955000000000000000e+03 3.802045466066985124e+00 1.087717911489244765e-01 9.631339821747717661e-03 -1.635687823814842012e-01
3.956000000000000000e+03 3.795105553537057030e+00 1.085060084641341072e-01 9.625102381039217503e-03 -1.630795836989371306e-01
3.957000000000000000e+03 3.788160296085320677e+00 1.082417092065084546e-01 9.618870482788437551e-03 -1.625899372328314108e-01
3.958000000000000000e+03 3.781218460749157018e+00 1.079780924038469120e-01 9.612643979976569220e-03 -1.621002970015560929e-01
3.959000000000000000e+03 3.774281382304085053e+00 1.077158439748084756e-01 9.606422723622646057e-03 -1.616096307731286208e-01
3.960000000000000000e+03 3.767350379485610468e+00 1.074541653945288305e-01 9.600206564139540655e-03 -1.611183915507656550e-01
3.961000000000000000e+03 3.760419314569403593e+00 1.071937450400698988e-01 9.593995352534821774e-03 -1.606270320475467472e-01
3.962000000000000000e+03 3.753496866522081810e+00 1.069345296900031800e-01 9.587788941808575438e-03 -1.601352619954726775e-01
3.963000000000000000e+03 3.746584234330244900e+00 1.066764673639009481e-01 9.581587188058036941e-03 -1.596427911226503127e-01
3.964000000000000000e+03 3.739675125766191766e+00 1.064195073260670310e-01 9.575389951832794996e-03 -1.591508149639533631e-01
3.965000000000000000e+03 3.732778031693159360e+00 1.061636000890692350e-01 9.569197099227141901e-03 -1.586575579888281073e-01
3.966000000000000000e+03 3.725893930855589176e+00 1.059086974167494505e-01 9.563008503034287414e-03 -1.581642164167027520e-01
3.967000000000000000e+03 3.719016280399003893e+00 1.056547523268851069e-01 9.556824043801389820e-03 -1.576712441737934678e-01
3.968000000000000000e+03 3.712153292204919186e+00 1.054024619285473807e-01 9.550643610776678519e-03 -1.571776101864287289e-01
3.969000000000000000e+03 3.705298211616629978e+00 1.051510389189140859e-01 9.544467102874230890e-03 -1.566837698454590366e-01
3.970000000000000000e+03 3.698459023879832941e+00 1.049004400900224593e-01 9.538294429412586331e-03 -1.561901794562438328e-01
3.971000000000000000e+03 3.691636163106104096e+00 1.046513663300458752e-01 9.532125510861274090e-03 -1.556958106840490019e-01
3.972000000000000000e+03 3.684829935664203138e+00 1.044037769542380673e-01 9.525960279437703862e-03 -1.552026076748555528e-01
3.973000000000000000e+03 3.678033087940748569e+00 1.041568154221539644e-01 9.519798679589347792e-03 -1.547088016455516746e-01
3.974000000000000000e+03 3.671260516954700570e+00 1.039111864100855098e-01 9.513640668430465783e-03 -1.542148536646336110e-01
3.975000000000000000e+03 3.664497270244149174e+00 1.036667787391963719e-01 9.507486215930317786e-03 -1.537212262420207531e-01
3.976000000000000000e+03 3.657750543794085374e+00 1.034235567773332809e-01 9.501335305143826515e-03 -1.532283834186380089e-01
3.977000000000000000e+03 3.651019969250099084e+00 1.031814861551299395e-01 9.495187932216651513e-03 -1.527353051805722117e-01
3.978000000000000000e+03 3.644305044013540051e+00 1.029406080488467073e-01 9.489044106278068241e-03 -1.522424588776856713e-01
3.979000000000000000e+03 3.637605134097213977e+00 1.027009648958717436e-01 9.482903849272980926e-03 -1.517503136268730790e-01
3.980000000000000000e+03 3.630919478062510475e+00 1.024624518264869860e-01 9.476767195637433860e-03 -1.512578547099120707e-01
3.981000000000000000e+03 3.624247191998860362e+00 1.022251880798722562e-01 9.470634191859693407e-03 -1.507662978111944663e-01
3.982000000000000000e+03 3.617587275496792820e+00 1.019891455847694445e-01 9.464504895967439449e-03 -1.502753749003004624e-01
3.983000000000000000e+03 3.610946046907266727e+00 1.017542232408719938e-01 9.458379376901577054e-03 -1.497848199549159376e-01
3.984000000000000000e+03 3.604314866070271961e+00 1.015204697669613021e-01 9.452257713751925985e-03 -1.492951118439376779e-01
3.985000000000000000e+03 3.597692427941211690e+00 1.012879351311201104e-01 9.446139995000405951e-03 -1.488052458664059219e-01
3.986000000000000000e+03 3.591077343531981381e+00 1.010565962642324400e-01 9.440026317577777243e-03 -1.483171908013864171e-01
3.987000000000000000e+03 3.584475578181581579e+00 1.008264313400550061e-01 9.433916785926612508e-03 -1.478292034289749313e-01
3.988000000000000000e+03 3.577885605312022932e+00 1.005973454880002282e-01 9.427811510953043247e-03 -1.473417712432087967e-01
3.989000000000000000e+03 3.571298417324772156e+00 1.003695422064996984e-01 9.421710608973959608e-03 -1.468553839767967051e-01
3.990000000000000000e+03 3.564712393536161983e+00 1.001428548069833169e-01 9.415614200593242639e-03 -1.463705336283015468e-01
3.991000000000000000e+03 3.558140739998957969e+00 9.991734067705311528e-02 9.409522409499930518e-03 -1.458862288170099386e-01
3.992000000000000000e+03 3.551574359353142807e+00 9.969298414106760042e-02 9.403435361379811411e-03 -1.454029661461588296e-01
3.993000000000000000e+03 3.545011575854566832e+00 9.946984502146506701e-02 9.397353182672256444e-03 -1.449205017196361356e-01
3.994000000000000000e+03 3.538450718572290654e+00 9.924783578204900147e-02 9.391275999396906521e-03 -1.444400796676495735e-01
3.995000000000000000e+03 3.531890132752538936e+00 9.902701865534568881e-02 9.385203935983759196e-03 -1.439607179917912205e-01
3.996000000000000000e+03 3.525335619247273566e+00 9.880738278494108351e-02 9.379137114151120044e-03 -1.434829227600011858e-01
3.997000000000000000e+03 3.518778160156815549e+00 9.858891850141061897e-02 9.373075651742239847e-03 -1.430064596215165351e-01
3.998000000000000000e+03 3.512223642445734928e+00 9.837154303069059469e-02 9.367019661653871315e-03 -1.425318394975055303e-01
3.999000000000000000e+03 3.505670582537881774e+00 9.815524905237681119e-02 9.360969250895290888e-03 -1.420588329324856125e-01
4.000000000000000000e+03 3.499110135309531522e+00 9.794017897418222374e-02 9.354924519509245223e-03 -1.415872129519164802e-01
4.001000000000000000e+03 3.492548352883910745e+00 9.772618149146834743e-02 9.348885559749451138e-03 -1.411174953328866721e-01
4.002000000000000000e+03 3.485983803485675381e+00 9.751326408896197895e-02 9.342852455259394867e-03 -1.406494451943809676e-01
4.003000000000000000e+03 3.479422538297369361e+00 9.730151193557114164e-02 9.336825280327250981e-03 -1.401828276258074713e-01
4.004000000000000000e+03 3.472848418259485204e+00 9.709086275225752016e-02 9.330804099240468108e-03 -1.397188959755807369e-01
4.005000000000000000e+03 3.466275117241274462e+00 9.688132965066094393e-02 9.324788965746682798e-03 -1.392559348735946667e-01
4.006000000000000000e+03 3.459694127309256739e+00 9.667292683718299584e-02 9.318779922600786692e-03 -1.387959457813565389e-01
4.007000000000000000e+03 3.453104474822883407e+00 9.646566959998940927e-02 9.312777001240956504e-03 -1.383372186793695169e-01
4.008000000000000000e+03 3.446520150437245800e+00 9.625950001201111217e-02 9.306780221531906275e-03 -1.378810176227584505e-01
4.009000000000000000e+03 3.439925539604069105e+00 9.605450976740315117e-02 9.300789591620310312e-03 -1.374263809389695279e-01
4.010000000000000000e+03 3.433327420578894174e+00 9.585064303290080634e-02 9.294805107954884349e-03 -1.369738354487000931e-01
4.011000000000000000e+03 3.426717821190902846e+00 9.564784499974872400e-02 9.288826755332263777e-03 -1.365239108440695348e-01
4.012000000000000000e+03 3.420111158102462134e+00 9.544621043506165692e-02 9.282854507101584787e-03 -1.360756540693882632e-01
4.013000000000000000e+03 3.413499663234568882e+00 9.524568653169360188e-02 9.276888325457947546e-03 -1.356303435496029053e-01
4.014000000000000000e+03 3.406883092754048548e+00 9.504629574215799070e-02 9.270928161815107649e-03 -1.351870322354976339e-01
4.015000000000000000e+03 3.400268721767247815e+00 9.484798719454665128e-02 9.264973957299298124e-03 -1.347455190013504833e-01
4.016000000000000000e+03 3.393641624778368282e+00 9.465085952549931458e-02 9.259025643348054238e-03 -1.343070915392490516e-01
4.017000000000000000e+03 3.387024095579368677e+00 9.445478944476652650e-02 9.253083142357100555e-03 -1.338708122447526128e-01
4.018000000000000000e+03 3.380401356136650382e+00 9.425980313437885838e-02 9.247146368415485110e-03 -1.334364896191150285e-01
4.019000000000000000e+03 3.373780975160314721e+00 9.406592766292808105e-02 9.241215228103154961e-03 -1.330054211672706266e-01
4.020000000000000000e+03 3.367163145931348467e+00 9.387319096646483396e-02 9.235289621381740158e-03 -1.325766792863422028e-01
4.021000000000000000e+03 3.360548105428738275e+00 9.368154754557425634e-02 9.229369442529637355e-03 -1.321500826696152542e-01
4.022000000000000000e+03 3.353936124746135672e+00 9.349102701269169924e-02 9.223454581077776895e-03 -1.317261963703092731e-01
4.023000000000000000e+03 3.347334927592149345e+00 9.330158550510254944e-02 9.217544922814312203e-03 -1.313048461947020351e-01
4.024000000000000000e+03 3.340737395220007233e+00 9.311325423165864312e-02 9.211640350854683953e-03 -1.308858615996321140e-01
4.025000000000000000e+03 3.334151269735477374e+00 9.292599088533720630e-02 9.205740746648961859e-03 -1.304698185885580786e-01
4.026000000000000000e+03 3.327576858977189911e+00 9.273975390604619062e-02 9.199845991061399511e-03 -1.300565541011063087e-01
4.027000000000000000e+03 3.321007026568237208e+00 9.255457674331039886e-02 9.193955965395756574e-03 -1.296459089054312619e-01
4.028000000000000000e+03 3.314456895584077856e+00 9.237049355175583343e-02 9.188070552464643048e-03 -1.292384704883020874e-01
4.029000000000000000e+03 3.307919269024910403e+00 9.218746488654647187e-02 9.182189637565818172e-03 -1.288328246178213343e-01
4.030000000000000000e+03 3.301386905836937835e+00 9.200537768216962564e-02 9.176313109485726219e-03 -1.284302352531760394e-01
4.031000000000000000e+03 3.294874797413500200e+00 9.182441664869332720e-02 9.170440861453721046e-03 -1.280304104307483648e-01
4.032000000000000000e+03 3.288383017854700885e+00 9.164439569899762716e-02 9.164572791985604872e-03 -1.276332851100119570e-01
4.033000000000000000e+03 3.281904144961724334e+00 9.146535219542138717e-02 9.158708805784942023e-03 -1.272389469279616436e-01
4.034000000000000000e+03 3.275445538632851594e+00 9.128732407797500448e-02 9.152848814495377280e-03 -1.268472648151712789e-01
4.035000000000000000e+03 3.269007049918833285e+00 9.111027555964454350e-02 9.146992737321738010e-03 -1.264583347257582091e-01
4.036000000000000000e+03 3.262588444293339940e+00 9.093424567205889153e-02 9.141140501770138316e-03 -1.260721825276290287e-01
4.037000000000000000e+03 3.256181969081113348e+00 9.075912539385559696e-02 9.135292044150119042e-03 -1.256887640218856961e-01
4.038000000000000000e+03 3.249802063532456042e+00 9.058495476367652011e-02 9.129447309973988053e-03 -1.253081135239991206e-01
4.039000000000000000e+03 3.243448214667663976e+00 9.041170000861034617e-02 9.123606254389708334e-03 -1.249301953059975129e-01
4.040000000000000000e+03 3.237112384164214429e+00 9.023932780683439903e-02 9.117768842444503100e-03 -1.245549778837989202e-01
4.041000000000000000e+03 3.230793864545074445e+00 9.006780526691034183e-02 9.111935049220752300e-03 -1.241825825829180746e-01
4.042000000000000000e+03 3.224506707968036068e+00 8.989724847412992881e-02 9.106104859964233786e-03 -1.238129121142548944e-01
4.043000000000000000e+03 3.218235157506387001e+00 8.972747676903869429e-02 9.100278270060876279e-03 -1.234460962634201381e-01
4.044000000000000000e+03 3.211985647908713215e+00 8.955853271165616081e-02 9.094455284893712341e-03 -1.230819718891720121e-01
4.045000000000000000e+03 3.205757095405431745e+00 8.939038492725114027e-02 9.088635919688647577e-03 -1.227206028860814285e-01
4.046000000000000000e+03 3.199548330132164331e+00 8.922307665334643090e-02 9.082820199201051617e-03 -1.223620573072228129e-01
4.047000000000000000e+03 3.193365529375882250e+00 8.905657715280772269e-02 9.077008157379901770e-03 -1.220061844822455666e-01
4.048000000000000000e+03 3.187199938193228999e+00 8.889085597772145020e-02 9.071199836824630700e-03 -1.216530606824332145e-01
4.049000000000000000e+03 3.181065017547012985e+00 8.872580866623439033e-02 9.065395288355178674e-03 -1.213027662300775605e-01
4.050000000000000000e+03 3.174944452891717450e+00 8.856162814075482781e-02 9.059594570308219727e-03 -1.209551626039290367e-01
4.051000000000000000e+03 3.168844144733492296e+00 8.839813835166329681e-02 9.053797747951839933e-03 -1.206102695032503225e-01
4.052000000000000000e+03 3.162762456819566914e+00 8.823532088650785921e-02 9.048004892669015212e-03 -1.202681333128365199e-01
4.053000000000000000e+03 3.156697699587668104e+00 8.807330830724334481e-02 9.042216081247989728e-03 -1.199288099658466777e-01
4.054000000000000000e+03 3.150655582936362276e+00 8.791193621584617035e-02 9.036431395014766707e-03 -1.195922106255447731e-01
4.055000000000000000e+03 3.144626940344434018e+00 8.775126322007605062e-02 9.030650918996661197e-03 -1.192585473272095992e-01
4.056000000000000000e+03 3.138617451616582343e+00 8.759127378088711613e-02 9.024874741001749981e-03 -1.189275900820402493e-01
4.057000000000000000e+03 3.132617938914354028e+00 8.743202676085615188e-02 9.019102950781884842e-03 -1.185996324999317453e-01
4.058000000000000000e+03 3.126634089587130294e+00 8.727335827186032124e-02 9.013335639017808210e-03 -1.182745260399594295e-01
4.059000000000000000e+03 3.120671608811667053e+00 8.711540164117449747e-02 9.007572896494184592e-03 -1.179522742136623059e-01
4.060000000000000000e+03 3.114713943704992882e+00 8.695814169226449841e-02 9.001814813135718824e-03 -1.176329582361686915e-01
4.061000000000000000e+03 3.108766862328425251e+00 8.680148901006810858e-02 8.996061477151959945e-03 -1.173165883937076354e-01
4.062000000000000000e+03 3.102836177197065393e+00 8.664550277341609430e-02 8.990312974138329333e-03 -1.170031039782622184e-01
4.063000000000000000e+03 3.096912896719214103e+00 8.649009360292007897e-02 8.984569386274862332e-03 -1.166925960732765888e-01
4.064000000000000000e+03 3.091002946244621352e+00 8.633532067700566692e-02 8.978830791478849618e-03 -1.163850846391507182e-01
4.065000000000000000e+03 3.085104890099455321e+00 8.618116886336442406e-02 8.973097262715137162e-03 -1.160805184502865101e-01
4.066000000000000000e+03 3.079209938048653949e+00 8.602762298451908929e-02 8.967368867279782579e-03 -1.157789978840531170e-01
4.067000000000000000e+03 3.073324236130216214e+00 8.587466779991310972e-02 8.961645666153986861e-03 -1.154804777267872118e-01
4.068000000000000000e+03 3.067446586659727359e+00 8.572228798799251537e-02 8.955927713438531154e-03 -1.151849156825968251e-01
4.069000000000000000e+03 3.061568452516100436e+00 8.557039384481295030e-02 8.950215055870000547e-03 -1.148924208841812233e-01
4.070000000000000000e+03 3.055703674024330407e+00 8.541911840020996460e-02 8.944507732363568206e-03 -1.146029567047287534e-01
4.071000000000000000e+03 3.049843901506153809e+00 8.526837169888965007e-02 8.938805773711401559e-03 -1.143165635566410904e-01
4.072000000000000000e+03 3.043995738835583609e+00 8.511813791666499041e-02 8.933109202264385637e-03 -1.140332845585055876e-01
4.073000000000000000e+03 3.038143602634251206e+00 8.496840105910945240e-02 8.927418031781927249e-03 -1.137529426374978975e-01
4.074000000000000000e+03 3.032309149161409145e+00 8.481914494376870117e-02 8.921732267335219860e-03 -1.134756604692856857e-01
4.075000000000000000e+03 3.026476990046865545e+00 8.467042746598046898e-02 8.916051905221900400e-03 -1.132013404511781202e-01
4.076000000000000000e+03 3.020646689141451624e+00 8.452223201408370912e-02 8.910376933099381849e-03 -1.129299617963110264e-01
4.077000000000000000e+03 3.014832760100807807e+00 8.437446745179916219e-02 8.904707330081876315e-03 -1.126615804959973932e-01
4.078000000000000000e+03 3.009020093084818992e+00 8.422711666760217264e-02 8.899043066980463421e-03 -1.123961807173628757e-01
4.079000000000000000e+03 3.003223377613916778e+00 8.408031084070458072e-02 8.893384106572215300e-03 -1.121336004864563890e-01
4.080000000000000000e+03 2.997427671120844295e+00 8.393395800601455292e-02 8.887730404028839834e-03 -1.118739773579430358e-01
4.081000000000000000e+03 2.991647820456589280e+00 8.378796588735447359e-02 8.882081907254557943e-03 -1.116172284007478643e-01
4.082000000000000000e+03 2.985876457549800911e+00 8.364246473062593445e-02 8.876438557457816403e-03 -1.113632730205647986e-01
4.083000000000000000e+03 2.980121134739180722e+00 8.349728730214661665e-02 8.870800289686262691e-03 -1.111121814998656671e-01
4.084000000000000000e+03 2.974367176140241043e+00 8.335256313965551389e-02 8.865167033427767684e-03 -1.108638778381935835e-01
4.085000000000000000e+03 2.968629668823343781e+00 8.320827283442580602e-02 8.859538713253503270e-03 -1.106183625775598173e-01
4.086000000000000000e+03 2.962908885120598690e+00 8.306424801453013429e-02 8.853915249536624399e-03 -1.103755642111052676e-01
4.087000000000000000e+03 2.957205131494412331e+00 8.292069131288731798e-02 8.848296559118931995e-03 -1.101354877258083204e-01
4.088000000000000000e+03 2.951511312193147329e+00 8.277743351586640264e-02 8.842682556101436747e-03 -1.098980660113338254e-01
4.089000000000000000e+03 2.945827777875261511e+00 8.263452781519176060e-02 8.837073152620156941e-03 -1.096631598355066184e-01
4.090000000000000000e+03 2.940169745880655494e+00 8.249195265813390188e-02 8.831468259547340521e-03 -1.094308549531799873e-01
4.091000000000000000e+03 2.934522722127116623e+00 8.234968601535466726e-02 8.825867787312681456e-03 -1.092010163792695165e-01
4.092000000000000000e+03 2.928901920065094977e+00 8.220770536557128749e-02 8.820271646668251253e-03 -1.089736597790730982e-01
4.093000000000000000e+03 2.923292826258595767e+00 8.206606196405540066e-02 8.814679749400589071e-03 -1.087486543057731014e-01
4.094000000000000000e+03 2.917710619874105848e+00 8.192473226083588078e-02 8.809092009113873856e-03 -1.085260939876835640e-01
4.095000000000000000e+03 2.912148167288324707e+00 8.178361788632579343e-02 8.803508341899420053e-03 -1.083057777116173820e-01
4.096000000000000000e+03 2.906605728987062154e+00 8.164276848776183537e-02 8.797928667002184386e-03 -1.080877291730995143e-01
4.097000000000000000e+03 2.901083525211622494e+00 8.150223314845116140e-02 8.792352907478593813e-03 -1.078718997058261825e-01
4.098000000000000000e+03 2.895589158859307233e+00 8.136191180746674134e-02 8.786780990742121267e-03 -1.076581682423986691e-01
4.099000000000000000e+03 2.890115325586029016e+00 8.122177809713888863e-02 8.781212849145266300e-03 -1.074466384066951191e-01
4.100000000000000000e+03 2.884662094656506692e+00 8.108195361405934332e-02 8.775648420386640905e-03 -1.072371184845966469e-01
4.101000000000000000e+03 2.879236916501625831e+00 8.094226263289638901e-02 8.770087647992245994e-03 -1.070296489157862851e-01
4.102000000000000000e+03 2.873832368088061973e+00 8.080275336036149558e-02 8.764530481644531093e-03 -1.068241534900184614e-01
4.103000000000000000e+03 2.868455831017962865e+00 8.066347379222671421e-02 8.758976877454324392e-03 -1.066206394797335893e-01
4.104000000000000000e+03 2.863107194076230044e+00 8.052432270837060757e-02 8.753426798184587784e-03 -1.064191157451052361e-01
4.105000000000000000e+03 2.857778852659302427e+00 8.038534679628518698e-02 8.747880213450310791e-03 -1.062195926745169577e-01
4.106000000000000000e+03 2.852477994008862705e+00 8.024651779061921231e-02 8.742337099738256914e-03 -1.060220821217819215e-01
4.107000000000000000e+03 2.847196884740271994e+00 8.010780674708373184e-02 8.736797440444688673e-03 -1.058264487734205672e-01
4.108000000000000000e+03 2.841950014253306733e+00 7.996918403334285497e-02 8.731261225798175873e-03 -1.056327814977847668e-01
4.109000000000000000e+03 2.836722098648834400e+00 7.983076788732022810e-02 8.725728452764265619e-03 -1.054410218562478602e-01
4.110000000000000000e+03 2.831520082227036550e+00 7.969245299147187378e-02 8.720199124822591158e-03 -1.052511868798914063e-01
4.111000000000000000e+03 2.826343427775687811e+00 7.955428188245550203e-02 8.714673251774874424e-03 -1.050630718593600355e-01
4.112000000000000000e+03 2.821191549209736138e+00 7.941622209339799232e-02 8.709150849296295321e-03 -1.048768445343908201e-01
4.113000000000000000e+03 2.816063816413195475e+00 7.927824043030613776e-02 8.703631938738506935e-03 -1.046923764619529240e-01
4.114000000000000000e+03 2.810959560580126748e+00 7.914045153273976951e-02 8.698116546546123123e-03 -1.045097629185209320e-01
4.115000000000000000e+03 2.805878079996604324e+00 7.900274645008728558e-02 8.692604703933824034e-03 -1.043288028320461802e-01
4.116000000000000000e+03 2.800818646202729134e+00 7.886508977004232090e-02 8.687096446239203629e-03 -1.041496672485428404e-01
4.117000000000000000e+03 2.795780510468247826e+00 7.872751961325941128e-02 8.681591812482016349e-03 -1.039722306947936520e-01
4.118000000000000000e+03 2.790762910514613448e+00 7.859007334503524678e-02 8.676090844728869336e-03 -1.037965167929178478e-01
4.119000000000000000e+03 2.785765077413330015e+00 7.845256472029460415e-02 8.670593587533283186e-03 -1.036225496065864560e-01
4.120000000000000000e+03 2.780786242589015078e+00 7.831517814754132556e-02 8.665100087277333163e-03 -1.034502049871468404e-01
4.121000000000000000e+03 2.775825644855142382e+00 7.817780013355379864e-02 8.659610391588584352e-03 -1.032795819045878444e-01
4.122000000000000000e+03 2.770889965761413887e+00 7.804046498101716023e-02 8.654124548699770533e-03 -1.031106309440073532e-01
4.123000000000000000e+03 2.765963623079683131e+00 7.790305765152273632e-02 8.648642606757307380e-03 -1.029433027873498802e-01
4.124000000000000000e+03 2.761060775962984604e+00 7.776575946375474668e-02 8.643164613303788019e-03 -1.027775481294367632e-01
4.125000000000000000e+03 2.756165904604906292e+00 7.762845382315664011e-02 8.637690614578913753e-03 -1.026133918787819344e-01
4.126000000000000000e+03 2.751293243190907845e+00 7.749109763727310418e-02 8.632220654994958789e-03 -1.024507845096112590e-01
4.127000000000000000e+03 2.746427358874807823e+00 7.735379559745859945e-02 8.626754776566389685e-03 -1.022897505498765736e-01
4.128000000000000000e+03 2.741582583930174177e+00 7.721642875987234922e-02 8.621293018342033113e-03 -1.021301656537694780e-01
4.129000000000000000e+03 2.736751022167845715e+00 7.707910024515982061e-02 8.615835415992869131e-03 -1.019721279447616952e-01
4.130000000000000000e+03 2.731932266678369636e+00 7.694168953653272858e-02 8.610382001271557270e-03 -1.018155122425731807e-01
4.131000000000000000e+03 2.727125975255011436e+00 7.680422389643520864e-02 8.604932801715706875e-03 -1.016602671279328712e-01
4.132000000000000000e+03 2.722331873562682247e+00 7.666672979913112529e-02 8.599487840200575189e-03 -1.015064891595977153e-01
4.133000000000000000e+03 2.717542329324003525e+00 7.652915864686471448e-02 8.594047134711065711e-03 -1.013539771099816744e-01
4.134000000000000000e+03 2.712772067601124881e+00 7.639153533689473086e-02 8.588610698033769669e-03 -1.012028261727418721e-01
4.135000000000000000e+03 2.708013601904232015e+00 7.625380969462580705e-02 8.583178537619091941e-03 -1.010529079209965403e-01
4.136000000000000000e+03 2.703266948122780455e+00 7.611607932455753678e-02 8.577750655417834894e-03 -1.009043159542074575e-01
4.137000000000000000e+03 2.698524767674097546e+00 7.597829247684727283e-02 8.572327047851347262e-03 -1.007568458627357139e-01
4.138000000000000000e+03 2.693802080076574512e+00 7.584039661515405706e-02 8.566907705790305014e-03 -1.006105151645952517e-01
4.139000000000000000e+03 2.689084263006384923e+00 7.570256126823358966e-02 8.561492614546068955e-03 -1.004653404101251840e-01
4.140000000000000000e+03 2.684379048611557739e+00 7.556458376307066682e-02 8.556081754068273204e-03 -1.003211885732972347e-01
4.141000000000000000e+03 2.679694235703052652e+00 7.542663206142206922e-02 8.550675099022688255e-03 -1.001779998634768770e-01
4.142000000000000000e+03 2.675007973006255479e+00 7.528865049338910598e-02 8.545272619066807823e-03 -1.000358619728915904e-01
4.143000000000000000e+03 2.670343038763942634e+00 7.515065689333368104e-02 8.539874279062401041e-03 -9.989463862573451369e-02
4.144000000000000000e+03 2.665685124473840872e+00 7.501259403487546551e-02 8.534480039442907812e-03 -9.975426668133811903e-02
4.145000000000000000e+03 2.661042256819320606e+00 7.487447820020068368e-02 8.529089856534312342e-03 -9.961468182213946421e-02
4.146000000000000000e+03 2.656415078986356981e+00 7.473632489904800946e-02 8.523703682955728958e-03 -9.947596709409760318e-02
4.147000000000000000e+03 2.651796845027259764e+00 7.459814887140327200e-02 8.518321468044487421e-03 -9.933790718114889062e-02
4.148000000000000000e+03 2.647195698980338463e+00 7.445988980689893788e-02 8.512943158338476257e-03 -9.920058265029113587e-02
4.149000000000000000e+03 2.642604955303839986e+00 7.432156091499531048e-02 8.507568698035320592e-03 -9.906392422900464623e-02
4.150000000000000000e+03 2.638032805943178793e+00 7.418324892833141893e-02 8.502198029514212996e-03 -9.892786135192944974e-02
4.151000000000000000e+03 2.633472623356340581e+00 7.404489003028168204e-02 8.496831093823879050e-03 -9.879232516061821345e-02
4.152000000000000000e+03 2.628932736033049000e+00 7.390641474900698504e-02 8.491467831249654985e-03 -9.865740610938898703e-02
4.153000000000000000e+03 2.624406640051859974e+00 7.376797448883741504e-02 8.486108181827258998e-03 -9.852297347197508381e-02
4.154000000000000000e+03 2.619895254912350424e+00 7.362942277578476968e-02 8.480752085791118389e-03 -9.838904372168798262e-02
4.155000000000000000e+03 2.615399488988642052e+00 7.349090953002389293e-02 8.475399484237908232e-03 -9.825563194625697161e-02
4.156000000000000000e+03 2.610927661903427843e+00 7.335228680288673198e-02 8.470050319490642077e-03 -9.812260326245710040e-02
4.157000000000000000e+03 2.606465785431034909e+00 7.321355448293814794e-02 8.464704535665158042e-03 -9.798996993122621735e-02
4.158000000000000000e+03 2.602029556589217751e+00 7.307478601794555051e-02 8.459362079078203839e-03 -9.785781705458139468e-02
4.159000000000000000e+03 2.597612354216313868e+00 7.293597985357469504e-02 8.454022898665118288e-03 -9.772593113762012562e-02
4.160000000000000000e+03 2.593214947839074025e+00 7.279705943932994472e-02 8.448686946415982432e-03 -9.759439433521321927e-02
4.161000000000000000e+03 2.588830636919805528e+00 7.265802180182820424e-02 8.443354177720265724e-03 -9.746313872823464397e-02
4.162000000000000000e+03 2.584474960724908232e+00 7.251886326790124571e-02 8.438024551627204550e-03 -9.733209486674808397e-02
4.163000000000000000e+03 2.580133696893418094e+00 7.237965375486794806e-02 8.432698031179661907e-03 -9.720126602811217376e-02
4.164000000000000000e+03 2.575814857488484932e+00 7.224038821068738681e-02 8.427374583605901082e-03 -9.707065390673022542e-02
4.165000000000000000e+03 2.571518973796879770e+00 7.210098662136837921e-02 8.422054180495656614e-03 -9.694025858572939691e-02
4.166000000000000000e+03 2.567239095144463690e+00 7.196151686919116663e-02 8.416736797913297249e-03 -9.681000422360816482e-02
4.167000000000000000e+03 2.562983073386014610e+00 7.182189760666982115e-02 8.411422416480044892e-03 -9.667988758978546260e-02
4.168000000000000000e+03 2.558751277918000167e+00 7.168226968231253271e-02 8.406111021418095561e-03 -9.654982946467337290e-02
4.169000000000000000e+03 2.554536596361904000e+00 7.154255044821873633e-02 8.400802602457988627e-03 -9.641982317232848654e-02
4.170000000000000000e+03 2.550339292556801585e+00 7.140280518638351948e-02 8.395497153787422062e-03 -9.628993454453048384e-02
4.171000000000000000e+03 2.546159580090964436e+00 7.126294998377460943e-02 8.390194673926855418e-03 -9.616007903325593520e-02
4.172000000000000000e+03 2.542005053101628942e+00 7.112297459220456863e-02 8.384895165540171696e-03 -9.603024452282003798e-02
4.173000000000000000e+03 2.537868404209898454e+00 7.098294243793218383e-02 8.379598635221214425e-03 -9.590041700717644169e-02
4.174000000000000000e+03 2.533749713058957465e+00 7.084284206452953758e-02 8.374305093220617280e-03 -9.577050626609595607e-02
4.175000000000000000e+03 2.529649021912821372e+00 7.070258714300607650e-02 8.369014553104460810e-03 -9.564056867486173119e-02
4.176000000000000000e+03 2.525566340020552580e+00 7.056231361609599517e-02 8.363727031470721482e-03 -9.551058431245296187e-02
4.177000000000000000e+03 2.521501648347540758e+00 7.042185972434365782e-02 8.358442547519346483e-03 -9.538045691987630248e-02
4.178000000000000000e+03 2.517447476269836670e+00 7.028136028484191500e-02 8.353161122690029583e-03 -9.525031099262423750e-02
4.179000000000000000e+03 2.513418620276453019e+00 7.014072671768616096e-02 8.347882780220508905e-03 -9.511997175467168386e-02
4.180000000000000000e+03 2.509400151017354474e+00 7.000001847460517179e-02 8.342607544730063288e-03 -9.498955938550932010e-02
4.181000000000000000e+03 2.505391989041787060e+00 6.985922019979683151e-02 8.337335441732516422e-03 -9.485904327886644782e-02
4.182000000000000000e+03 2.501401482159936407e+00 6.971839030839488416e-02 8.332066497191665394e-03 -9.472831628689161454e-02
4.183000000000000000e+03 2.497428554466673223e+00 6.957743814756207901e-02 8.326800737084466900e-03 -9.459749181607816915e-02
4.184000000000000000e+03 2.493458283664561126e+00 6.943634685879000734e-02 8.321538186904533368e-03 -9.446645808950862588e-02
4.185000000000000000e+03 2.489505476726167288e+00 6.929524767327935320e-02 8.316278871219849600e-03 -9.433524952956623411e-02
4.186000000000000000e+03 2.485562676828938944e+00 6.915412278989947759e-02 8.311022813255556155e-03 -9.420389815784367682e-02
4.187000000000000000e+03 2.481637310260115026e+00 6.901287967078512109e-02 8.305770034482020184e-03 -9.407221071387644740e-02
4.188000000000000000e+03 2.477714549530166011e+00 6.887157390405744539e-02 8.300520554175773447e-03 -9.394036289468399303e-02
4.189000000000000000e+03 2.473801887995645821e+00 6.873018636550179417e-02 8.295274389125912098e-03 -9.380823077740485516e-02
4.190000000000000000e+03 2.469899430587320754e+00 6.858877179795958012e-02 8.290031553224306432e-03 -9.367583649730110151e-02
4.191000000000000000e+03 2.466007325851570897e+00 6.844723597313906449e-02 8.284792057213698213e-03 -9.354312537702386132e-02
4.192000000000000000e+03 2.462118340811936257e+00 6.830570712152737867e-02 8.279555908441692605e-03 -9.341018876012567584e-02
4.193000000000000000e+03 2.458240148717398377e+00 6.816416452736402676e-02 8.274323110588661587e-03 -9.327689257956865709e-02
4.194000000000000000e+03 2.454373046143786041e+00 6.802266139154017344e-02 8.269093663569976674e-03 -9.314332304827015185e-02
4.195000000000000000e+03 2.450509954576378657e+00 6.788110199363826813e-02 8.263867563330230814e-03 -9.300941523420060142e-02
4.196000000000000000e+03 2.446651278104665650e+00 6.773961312185171335e-02 8.258644801841122027e-03 -9.287517590720360816e-02
4.197000000000000000e+03 2.442804903816512496e+00 6.759809838447751462e-02 8.253425367041208188e-03 -9.274060925493288199e-02
4.198000000000000000e+03 2.438963916534552911e+00 6.745668392340173347e-02 8.248209242850813513e-03 -9.260579116946332512e-02
4.199000000000000000e+03 2.435128883048212955e+00 6.731527272553142205e-02 8.242996409253236165e-03 -9.247057211951857647e-02
4.200000000000000000e+03 2.431300422345648915e+00 6.717391605272943211e-02 8.237786842422078690e-03 -9.233494857772352182e-02
4.201000000000000000e+03 2.427471789222209964e+00 6.703266337880933734e-02 8.232580514870630264e-03 -9.219906040004960390e-02
4.202000000000000000e+03 2.423658626999148691e+00 6.689148359313752679e-02 8.227377395647005737e-03 -9.206281152381508293e-02
4.203000000000000000e+03 2.419854352421875188e+00 6.675026953819837572e-02 8.222177450673892954e-03 -9.192610073769554024e-02
4.204000000000000000e+03 2.416052423126020976e+00 6.660921094797155051e-02 8.216980642939221424e-03 -9.178897290391044295e-02
4.205000000000000000e+03 2.412261190242455111e+00 6.646812590860921854e-02 8.211786932917021845e-03 -9.165139613213893477e-02
4.206000000000000000e+03 2.408481608819158293e+00 6.632712942232130149e-02 8.206596278834967298e-03 -9.151341037337790141e-02
4.207000000000000000e+03 2.404707232908107617e+00 6.618618771845115323e-02 8.201408637203281768e-03 -9.137490459857261493e-02
4.208000000000000000e+03 2.400939067017939799e+00 6.604534111627891058e-02 8.196223963133800888e-03 -9.123591396365882122e-02
4.209000000000000000e+03 2.397185560584541797e+00 6.590455547016445259e-02 8.191042210793622949e-03 -9.109639699185154149e-02
4.210000000000000000e+03 2.393432888816721782e+00 6.576379646512765798e-02 8.185863333919907170e-03 -9.095630989142895750e-02
4.211000000000000000e+03 2.389696945230388447e+00 6.562317819600756164e-02 8.180687286230094168e-03 -9.081568087474937989e-02
4.212000000000000000e+03 2.385978765526311829e+00 6.548266604547474390e-02 8.175514021949197713e-03 -9.067446162775794072e-02
4.213000000000000000e+03 2.382264521529513068e+00 6.534215097967147057e-02 8.170343496194148319e-03 -9.053260163047072151e-02
4.214000000000000000e+03 2.378562656902566186e+00 6.520182097765273022e-02 8.165175665538784017e-03 -9.039019676170537143e-02
4.215000000000000000e+03 2.374874167793213697e+00 6.506149249192179351e-02 8.160010488415601893e-03 -9.024719220260761510e-02
4.216000000000000000e+03 2.371192597031700711e+00 6.492135329537492006e-02 8.154847925622054489e-03 -9.010353104127817592e-02
4.217000000000000000e+03 2.367533741939076730e+00 6.478129394185093426e-02 8.149687940632898905e-03 -8.995922859335396538e-02
4.218000000000000000e+03 2.363883650551199533e+00 6.464127919548828816e-02 8.144530500102971707e-03 -8.981429815514636872e-02
4.219000000000000000e+03 2.360243186722157827e+00 6.450142232623350125e-02 8.139375574161071894e-03 -8.966875103919685897e-02
4.220000000000000000e+03 2.356620597153809005e+00 6.436168798769309474e-02 8.134223136791204553e-03 -8.952252232545451771e-02
4.221000000000000000e+03 2.353016650503449103e+00 6.422196651263049894e-02 8.129073166043433024e-03 -8.937554517797904885e-02
4.222000000000000000e+03 2.349417205314836110e+00 6.408244534223421496e-02 8.123925644416531144e-03 -8.922789944396386508e-02
4.223000000000000000e+03 2.345837776914145412e+00 6.394301477010226609e-02 8.118780558936868064e-03 -8.907958883335419242e-02
4.224000000000000000e+03 2.342271536301333335e+00 6.380363937156990906e-02 8.113637901361802837e-03 -8.893046666387033339e-02
4.225000000000000000e+03 2.338719021472180692e+00 6.366435801553506357e-02 8.108497668298325634e-03 -8.878060730515102694e-02
4.226000000000000000e+03 2.335180707590666316e+00 6.352520959279361890e-02 8.103359861254724739e-03 -8.863008335302746676e-02
4.227000000000000000e+03 2.331657006130180676e+00 6.338623302786706992e-02 8.098224486612879552e-03 -8.847881708514275523e-02
4.228000000000000000e+03 2.328148264645109489e+00 6.324731872375111141e-02 8.093091555596978320e-03 -8.832680333215602031e-02
4.229000000000000000e+03 2.324654767176373760e+00 6.310857999115741801e-02 8.087961084183976912e-03 -8.817410949644043094e-02
4.230000000000000000e+03 2.321169306938973165e+00 6.296998164273583110e-02 8.082833092922946452e-03 -8.802080128515406277e-02
4.231000000000000000e+03 2.317699473034108504e+00 6.283148857171327872e-02 8.077707606757886932e-03 -8.786679415806870896e-02
4.232000000000000000e+03 2.314245367668070319e+00 6.269328861408912656e-02 8.072584654696424514e-03 -8.771207619067473982e-02
4.233000000000000000e+03 2.310799609008503452e+00 6.255519829207575877e-02 8.067464269610876912e-03 -8.755678236899604172e-02
4.234000000000000000e+03 2.307369619650161852e+00 6.241725709371934855e-02 8.062346487780550075e-03 -8.740082318132758044e-02
4.235000000000000000e+03 2.303947917154340441e+00 6.227957891720273254e-02 8.057231348627890213e-03 -8.724425604372886001e-02
4.236000000000000000e+03 2.300541831875783316e+00 6.214198066477043259e-02 8.052118894191063678e-03 -8.708698817268857584e-02
4.237000000000000000e+03 2.297143798429035488e+00 6.200465080548501345e-02 8.047009168696281703e-03 -8.692914800808991538e-02
4.238000000000000000e+03 2.293746217648408692e+00 6.186748083485941324e-02 8.041902218062875127e-03 -8.677071380029849346e-02
4.239000000000000000e+03 2.290371175586515484e+00 6.173051098689077282e-02 8.036798089426699931e-03 -8.661158789766938704e-02
4.240000000000000000e+03 2.286996165890564203e+00 6.159370739452186411e-02 8.031696830569918025e-03 -8.645189388401092190e-02
4.241000000000000000e+03 2.283628379404477826e+00 6.145718495092328953e-02 8.026598489403157996e-03 -8.629160516442636875e-02
4.242000000000000000e+03 2.280267568674060108e+00 6.132076161911991646e-02 8.021503113434063498e-03 -8.613084210275451236e-02
4.243000000000000000e+03 2.276913482646858888e+00 6.118470127757703880e-02 8.016410749168497926e-03 -8.596950060776861746e-02
4.244000000000000000e+03 2.273565873047403318e+00 6.104874804493199553e-02 8.011321441645772104e-03 -8.580769783868399947e-02
4.245000000000000000e+03 2.270224500712076487e+00 6.091309197579294205e-02 8.006235233823388170e-03 -8.564540079291010910e-02
4.246000000000000000e+03 2.266881713466323944e+00 6.077770051914060251e-02 8.001152166126046170e-03 -8.548272344635352016e-02
4.247000000000000000e+03 2.263544737228900150e+00 6.064261566219827926e-02 7.996072275902803977e-03 -8.531962962752313862e-02
4.248000000000000000e+03 2.260213396777096317e+00 6.050773108946794904e-02 7.990995597021086083e-03 -8.515608159386621467e-02
4.249000000000000000e+03 2.256880121261952254e+00 6.037308932620218810e-02 7.985922159375298882e-03 -8.499211432678620282e-02
4.250000000000000000e+03 2.253552234414029964e+00 6.023880746402376224e-02 7.980851988547612436e-03 -8.482783554523562475e-02
4.251000000000000000e+03 2.250229671147487398e+00 6.010470519701982539e-02 7.975785105413052412e-03 -8.466319806629249434e-02
4.252000000000000000e+03 2.246897544228300792e+00 5.997089743228095626e-02 7.970721525833871293e-03 -8.449813397617114696e-02
4.253000000000000000e+03 2.243570727380579388e+00 5.983742454700317903e-02 7.965661260493106868e-03 -8.433271763287619738e-02
4.254000000000000000e+03 2.240249291462663717e+00 5.970417866878374030e-02 7.960604314551018509e-03 -8.416687336087445848e-02
4.255000000000000000e+03 2.236918507064912465e+00 5.957120081751269419e-02 7.955550687621637182e-03 -8.400067261215060643e-02
4.256000000000000000e+03 2.233593416581038493e+00 5.943860662971246073e-02 7.950500373609160204e-03 -8.383403686214323247e-02
4.257000000000000000e+03 2.230266837073431763e+00 5.930628923194542629e-02 7.945453360767198991e-03 -8.366718334389014466e-02
4.258000000000000000e+03 2.226939074320134271e+00 5.917421638219098889e-02 7.940409631623712369e-03 -8.349988224932548830e-02
4.259000000000000000e+03 2.223610494427402440e+00 5.904257904371707638e-02 7.935369163212658075e-03 -8.333234817076669299e-02
4.260000000000000000e+03 2.220288951455260840e+00 5.891119712393911440e-02 7.930331927097277953e-03 -8.316442302489791827e-02
4.261000000000000000e+03 2.216960072606277254e+00 5.878018803234719841e-02 7.925297889681076624e-03 -8.299617036649847845e-02
4.262000000000000000e+03 2.213639254590877847e+00 5.864952098576793615e-02 7.920267012453139147e-03 -8.282757830309353531e-02
4.263000000000000000e+03 2.210312234079006899e+00 5.851923986487042595e-02 7.915239252316800395e-03 -8.265870811354686376e-02
4.264000000000000000e+03 2.206987082768699260e+00 5.838924036939883294e-02 7.910214561995247695e-03 -8.248939716830760993e-02
4.265000000000000000e+03 2.203664489994772602e+00 5.825956715771113403e-02 7.905192890447687928e-03 -8.231985325431982747e-02
4.266000000000000000e+03 2.200352614868261281e+00 5.813026528501152174e-02 7.900174183398160632e-03 -8.214983751575599680e-02
4.267000000000000000e+03 2.197029939435120482e+00 5.800138020848597670e-02 7.895158383781283873e-03 -8.197948163399641774e-02
4.268000000000000000e+03 2.193719546607793003e+00 5.787273494154679399e-02 7.890145432379938595e-03 -8.180876790637209295e-02
4.269000000000000000e+03 2.190414830664300094e+00 5.774452432651536876e-02 7.885135268370863440e-03 -8.163767787822479027e-02
4.270000000000000000e+03 2.187109204280351715e+00 5.761664648746557538e-02 7.880127829989992325e-03 -8.146626669274524557e-02
4.271000000000000000e+03 2.183810948553281062e+00 5.748914853552562071e-02 7.875123055095153632e-03 -8.129451459140391023e-02
4.272000000000000000e+03 2.180513492681629639e+00 5.736207800579427862e-02 7.870120881911465277e-03 -8.112247554922361048e-02
4.273000000000000000e+03 2.177225120272674896e+00 5.723533429423402485e-02 7.865121249631951486e-03 -8.095005449281590659e-02
4.274000000000000000e+03 2.173946677094825475e+00 5.710896579533749490e-02 7.860124099078805507e-03 -8.077730450326975342e-02
4.275000000000000000e+03 2.170678992199301494e+00 5.698294705508789859e-02 7.855129373380103502e-03 -8.060427831768006424e-02
4.276000000000000000e+03 2.167415442383517910e+00 5.685740162484290150e-02 7.850137018574660994e-03 -8.043095411363082592e-02
4.277000000000000000e+03 2.164164230169958181e+00 5.673215636342775203e-02 7.845146984298554879e-03 -8.025730985996107347e-02
4.278000000000000000e+03 2.160918663520996041e+00 5.660733570829458439e-02 7.840159224292455459e-03 -8.008332338259013805e-02
4.279000000000000000e+03 2.157679434263517049e+00 5.648284169384479303e-02 7.835173697015749769e-03 -7.990912099605547436e-02
4.280000000000000000e+03 2.154462040141004842e+00 5.635879965524291657e-02 7.830190366156236301e-03 -7.973453186511440804e-02
4.281000000000000000e+03 2.151244780457311823e+00 5.623511253003862093e-02 7.825209201116810342e-03 -7.955968233331188466e-02
4.282000000000000000e+03 2.148043034131262630e+00 5.611175799473267639e-02 7.820230177426241297e-03 -7.938462456362754827e-02
4.283000000000000000e+03 2.144857256312585836e+00 5.598886275071442847e-02 7.815253277099554544e-03 -7.920926231048862343e-02
4.284000000000000000e+03 2.141680402368706382e+00 5.586640539254397742e-02 7.810278488977378912e-03 -7.903364810647586780e-02
4.285000000000000000e+03 2.138512780840422067e+00 5.574429069363939088e-02 7.805305808992279645e-03 -7.885783474503185730e-02
4.286000000000000000e+03 2.135362050357289210e+00 5.562257245895937258e-02 7.800335240293483283e-03 -7.868187532672009377e-02
4.287000000000000000e+03 2.132220932200125763e+00 5.550123067643387975e-02 7.795366793426438887e-03 -7.850582330231122008e-02
4.288000000000000000e+03 2.129096922042430506e+00 5.538039436942495536e-02 7.790400486327669384e-03 -7.832958394528556634e-02
4.289000000000000000e+03 2.125982575640064987e+00 5.525989589747318242e-02 7.785436344336319620e-03 -7.815321152184194486e-02
4.290000000000000000e+03 2.122877793738639163e+00 5.513986522605173607e-02 7.780474400065334056e-03 -7.797683503953659057e-02
4.291000000000000000e+03 2.119789822703868509e+00 5.502020994364771600e-02 7.775514693220232816e-03 -7.780028685849621484e-02
4.292000000000000000e+03 2.116718399226265479e+00 5.490098668071016069e-02 7.770557270413521421e-03 -7.762377126797823101e-02
4.293000000000000000e+03 2.113648324143096779e+00 5.478210397707981849e-02 7.765602184774804753e-03 -7.744719595613523688e-02
4.294000000000000000e+03 2.110594035464550267e+00 5.466369370074758427e-02 7.760649495596278098e-03 -7.727054344545268572e-02
4.295000000000000000e+03 2.107555041927377193e+00 5.454573963142214654e-02 7.755699267930176756e-03 -7.709394539067228325e-02
4.296000000000000000e+03 2.104515927350008919e+00 5.442815174511247966e-02 7.750751572013664034e-03 -7.691738545601618793e-02
4.297000000000000000e+03 2.101490925753047634e+00 5.431091478197149630e-02 7.745806482732080916e-03 -7.674084789028348674e-02
4.298000000000000000e+03 2.098479356896308712e+00 5.419416253050642063e-02 7.740864079027191987e-03 -7.656439181558541418e-02
4.299000000000000000e+03 2.095473060837683477e+00 5.407780641072557071e-02 7.735924443145931334e-03 -7.638807694630896095e-02
4.300000000000000000e+03 2.092471261355831391e+00 5.396190689194302337e-02 7.730987660059719484e-03 -7.621196358942523841e-02
4.301000000000000000e+03 2.089480560107955132e+00 5.384637694868379260e-02 7.726053816619488264e-03 -7.603596143171593991e-02
4.302000000000000000e+03 2.086492620089492434e+00 5.373128096338142257e-02 7.721123000857875278e-03 -7.586019302269648990e-02
4.303000000000000000e+03 2.083506497610234209e+00 5.361661010708830555e-02 7.716195301174458114e-03 -7.568463028254310276e-02
4.304000000000000000e+03 2.080528663427793301e+00 5.350235603309431293e-02 7.711270805539188408e-03 -7.550924570633002486e-02
4.305000000000000000e+03 2.077558154327221462e+00 5.338851087639797516e-02 7.706349600692182986e-03 -7.533408664005061817e-02
4.306000000000000000e+03 2.074579153136197895e+00 5.327506725297603135e-02 7.701431771331981695e-03 -7.515912670572862109e-02
4.307000000000000000e+03 2.071605567195535791e+00 5.316209254228997094e-02 7.696517399353043631e-03 -7.498441436037918406e-02
4.308000000000000000e+03 2.068636466550069830e+00 5.304958031912067329e-02 7.691606563030293532e-03 -7.480992432112322510e-02
4.309000000000000000e+03 2.065663520432485356e+00 5.293745035209408006e-02 7.686699336311757919e-03 -7.463570612469404286e-02
4.310000000000000000e+03 2.062685861860045655e+00 5.282577145254548079e-02 7.681795788053202498e-03 -7.446173555397411770e-02
4.311000000000000000e+03 2.059710095213764802e+00 5.271446433845934643e-02 7.676895981450839422e-03 -7.428798891622433176e-02
4.312000000000000000e+03 2.056735446725422189e+00 5.260367304992485255e-02 7.671999973273894297e-03 -7.411459160614278230e-02
4.313000000000000000e+03 2.053753771200509171e+00 5.249331924554697520e-02 7.667107813391571373e-03 -7.394152096990351530e-02
4.314000000000000000e+03 2.050764414909132860e+00 5.238339933370921020e-02 7.662219544266813537e-03 -7.376875487214101801e-02
4.315000000000000000e+03 2.047774221179981424e+00 5.227391018615187152e-02 7.657335200425496868e-03 -7.359634598186504117e-02
4.316000000000000000e+03 2.044782678639518902e+00 5.216492341809492173e-02 7.652454808170901235e-03 -7.342434749393302040e-02
4.317000000000000000e+03 2.041781925444899226e+00 5.205628825075797605e-02 7.647578385201302641e-03 -7.325266456964468764e-02
4.318000000000000000e+03 2.038779037815265038e+00 5.194822577545697706e-02 7.642705940472810378e-03 -7.308142576502739407e-02
4.319000000000000000e+03 2.035773747670933886e+00 5.184051183106009458e-02 7.637837473975808006e-03 -7.291053734352800908e-02
4.320000000000000000e+03 2.032758444500887496e+00 5.173329411807737338e-02 7.632972976748701038e-03 -7.274005471042295501e-02
4.321000000000000000e+03 2.029740461435328491e+00 5.162649792607391930e-02 7.628112430839776442e-03 -7.256995958255946233e-02
4.322000000000000000e+03 2.026719790356216411e+00 5.152019754625240117e-02 7.623255809455812930e-03 -7.240030857882123749e-02
4.323000000000000000e+03 2.023689081190105377e+00 5.141431913233924372e-02 7.618403077132337997e-03 -7.223101039643112231e-02
4.324000000000000000e+03 2.020663353735349332e+00 5.130893782920008944e-02 7.613554190026785781e-03 -7.206219725863216574e-02
4.325000000000000000e+03 2.017627996779693511e+00 5.120398063317260773e-02 7.608709096327488479e-03 -7.189370496342015193e-02
4.326000000000000000e+03 2.014583334931856928e+00 5.109944923686732254e-02 7.603867736575764189e-03 -7.172574147134321010e-02
4.327000000000000000e+03 2.011544624539101545e+00 5.099542002300545829e-02 7.599030044296834971e-03 -7.155814411001772124e-02
4.328000000000000000e+03 2.008497478725101981e+00 5.089174692423897167e-02 7.594195946529578439e-03 -7.139104816759062055e-02
4.329000000000000000e+03 2.005457288594876708e+00 5.078858140122440717e-02 7.589365364502602407e-03 -7.122436695297448828e-02
4.330000000000000000e+03 2.002409790149279889e+00 5.068592673508538066e-02 7.584538214286490505e-03 -7.105816326033061181e-02
4.331000000000000000e+03 1.999363055823199842e+00 5.058363802057234959e-02 7.579714407664959498e-03 -7.089242656762451134e-02
4.332000000000000000e+03 1.996317773603559553e+00 5.048179357677989865e-02 7.574893852867674998e-03 -7.072722165452396959e-02
4.333000000000000000e+03 1.993282095750625427e+00 5.038039780609336604e-02 7.570076455473876732e-03 -7.056246580397093626e-02
4.334000000000000000e+03 1.990241916993474636e+00 5.027945547064418402e-02 7.565262119246603592e-03 -7.039815170614943662e-02
4.335000000000000000e+03 1.987205435882490212e+00 5.017889740157227552e-02 7.560450747087655438e-03 -7.023442179603518742e-02
4.336000000000000000e+03 1.984180860726449058e+00 5.007880334226808700e-02 7.555642241976203398e-03 -7.007112260681128135e-02
4.337000000000000000e+03 1.981154115352089295e+00 4.997917909058139513e-02 7.550836507864706025e-03 -6.990832480877968991e-02
4.338000000000000000e+03 1.978140828276557572e+00 4.987995649145560845e-02 7.546033450628291360e-03 -6.974610041289948381e-02
4.339000000000000000e+03 1.975134324975943878e+00 4.978114199655121752e-02 7.541232978989848533e-03 -6.958429997340795370e-02
4.340000000000000000e+03 1.972135332096053517e+00 4.968274237334038834e-02 7.536435005448018087e-03 -6.942307262426836156e-02
4.341000000000000000e+03 1.969144540090990159e+00 4.958476469780054990e-02 7.531639447075776268e-03 -6.926227186157736526e-02
4.342000000000000000e+03 1.966170022829378361e+00 4.948721634699394800e-02 7.526846226433679329e-03 -6.910204985991978688e-02
4.343000000000000000e+03 1.963197515803582149e+00 4.939003070827106823e-02 7.522055272342113852e-03 -6.894226325025241964e-02
4.344000000000000000e+03 1.960242406628671885e+00 4.929329002252114122e-02 7.517266520605547266e-03 -6.878299314787623964e-02
4.345000000000000000e+03 1.957305157505469628e+00 4.919692824298948358e-02 7.512479914663215685e-03 -6.862424805836976616e-02
4.346000000000000000e+03 1.954378726728108751e+00 4.910095387856728416e-02 7.507695406281001023e-03 -6.846596391459033870e-02
4.347000000000000000e+03 1.951463419204755967e+00 4.900537570330756876e-02 7.502912956009329462e-03 -6.830830124365921963e-02
4.348000000000000000e+03 1.948566881004814011e+00 4.891020274939703733e-02 7.498132533705339706e-03 -6.815112521169665316e-02
4.349000000000000000e+03 1.945681809640611215e+00 4.881537001684824878e-02 7.493354118833749078e-03 -6.799445134970281968e-02
4.350000000000000000e+03 1.942815663636036749e+00 4.872096131714724609e-02 7.488577700831572197e-03 -6.783844557416925103e-02
4.351000000000000000e+03 1.939968364445844085e+00 4.862691309778181120e-02 7.483803279228408434e-03 -6.768290518944458656e-02
4.352000000000000000e+03 1.937132264186443686e+00 4.853316589805811015e-02 7.479030863796379269e-03 -6.752807893036402720e-02
4.353000000000000000e+03 1.934314459814471698e+00 4.843988429773478377e-02 7.474260474514756412e-03 -6.737377265390463721e-02
4.354000000000000000e+03 1.931507089658027088e+00 4.834693596095169382e-02 7.469492141519580228e-03 -6.722001692142863527e-02
4.355000000000000000e+03 1.928724475989199716e+00 4.825433733101054667e-02 7.464725904867624585e-03 -6.706691842849496488e-02
4.356000000000000000e+03 1.925951128358841080e+00 4.816217934068364043e-02 7.459961814267566764e-03 -6.691443714619961514e-02
4.357000000000000000e+03 1.923193744789107207e+00 4.807033027215049797e-02 7.455199928661566076e-03 -6.676253487546920939e-02
4.358000000000000000e+03 1.920444073698688969e+00 4.797880716843580529e-02 7.450440315825459549e-03 -6.661124951295710472e-02
4.359000000000000000e+03 1.917716060238880971e+00 4.788770154403895751e-02 7.445683051747818519e-03 -6.646062074557196331e-02
4.360000000000000000e+03 1.914993853296736992e+00 4.779695652855280030e-02 7.440928219995067601e-03 -6.631061574063636110e-02
4.361000000000000000e+03 1.912291238577465524e+00 4.770658971135879195e-02 7.436175910995493181e-03 -6.616135196588207590e-02
4.362000000000000000e+03 1.909592218854978096e+00 4.761661885236597586e-02 7.431426221243177949e-03 -6.601265145416539137e-02
4.363000000000000000e+03 1.906903020186452968e+00 4.752691330924720126e-02 7.426679252463313542e-03 -6.586463503360129312e-02
4.364000000000000000e+03 1.904229815267147963e+00 4.743763973279129659e-02 7.421935110652023299e-03 -6.571735086887246780e-02
4.365000000000000000e+03 1.901556447352575230e+00 4.734874207666223828e-02 7.417193905124314784e-03 -6.557070013371164852e-02
4.366000000000000000e+03 1.898896438170406320e+00 4.726016444212758488e-02 7.412455747581825523e-03 -6.542480838192669956e-02
4.367000000000000000e+03 1.896240999330317756e+00 4.717192535594316727e-02 7.407720750949743811e-03 -6.527965408110933399e-02
4.368000000000000000e+03 1.893588755897742226e+00 4.708404348096987407e-02 7.402989028434706423e-03 -6.513521712925729457e-02
4.369000000000000000e+03 1.890938328434693227e+00 4.699646332693419026e-02 7.398260692366211491e-03 -6.499140451954743547e-02
4.370000000000000000e+03 1.888295771862716466e+00 4.690927809496849704e-02 7.393535853208008275e-03 -6.484842170528211380e-02
4.371000000000000000e+03 1.885652300949453020e+00 4.682243253772962188e-02 7.388814618401598651e-03 -6.470610399535441093e-02
4.372000000000000000e+03 1.883006585821867196e+00 4.673594580374586943e-02 7.384097091428125544e-03 -6.456458505274127735e-02
4.373000000000000000e+03 1.880357333906725659e+00 4.664976286436796349e-02 7.379383370679035853e-03 -6.442377685748816585e-02
4.374000000000000000e+03 1.877710728300736820e+00 4.656390307441600485e-02 7.374673548563795075e-03 -6.428374107256300263e-02
4.375000000000000000e+03 1.875058152375451037e+00 4.647838588234373680e-02 7.369967710518432989e-03 -6.414446614293614624e-02
4.376000000000000000e+03 1.872405912375685100e+00 4.639323082366789835e-02 7.365265934169616842e-03 -6.400594153056538005e-02
4.377000000000000000e+03 1.869745532670533672e+00 4.630830894734453557e-02 7.360568288477482846e-03 -6.386823195124133323e-02
4.378000000000000000e+03 1.867083477176399553e+00 4.622378850996156086e-02 7.355874833001396253e-03 -6.373125448013081118e-02
4.379000000000000000e+03 1.864418871620053819e+00 4.613961498421177004e-02 7.351185617283424560e-03 -6.359514992807305256e-02
4.380000000000000000e+03 1.861743510072103591e+00 4.605565961888068161e-02 7.346500680165833110e-03 -6.345976281878835945e-02
4.381000000000000000e+03 1.859064145686221803e+00 4.597209084894297859e-02 7.341820049452781917e-03 -6.332523562243846937e-02
4.382000000000000000e+03 1.856372782083035577e+00 4.588878002024543434e-02 7.337143741379541922e-03 -6.319148873993617188e-02
4.383000000000000000e+03 1.853683818934859451e+00 4.580582136636983381e-02 7.332471760395497563e-03 -6.305851760979909459e-02
4.384000000000000000e+03 1.850982056353873917e+00 4.572316058335858940e-02 7.327804098997177037e-03 -6.292631840158435796e-02
4.385000000000000000e+03 1.848274695159967118e+00 4.564074338886750515e-02 7.323140737622500958e-03 -6.279496228043628114e-02
4.386000000000000000e+03 1.845554195899009819e+00 4.555866408115667038e-02 7.318481644663987068e-03 -6.266437254181313199e-02
4.387000000000000000e+03 1.842835420304850702e+00 4.547686839688938609e-02 7.313826776644169816e-03 -6.253454745172451479e-02
4.388000000000000000e+03 1.840103631497739478e+00 4.539537635334275900e-02 7.309176078478343309e-03 -6.240548595711042923e-02
4.389000000000000000e+03 1.837373918382460003e+00 4.531413367304714529e-02 7.304529483795145148e-03 -6.227718768406282496e-02
4.390000000000000000e+03 1.834631765406532056e+00 4.523316034231621152e-02 7.299886915385047498e-03 -6.214965294015750014e-02
4.391000000000000000e+03 1.831885046563813679e+00 4.515247631913856668e-02 7.295248285802339965e-03 -6.202280843744599481e-02
4.392000000000000000e+03 1.829134306572710145e+00 4.507210152452258839e-02 7.290613498036371300e-03 -6.189673015324623218e-02
4.393000000000000000e+03 1.826387611230597896e+00 4.499198155041346514e-02 7.285982446167692077e-03 -6.177134621019488708e-02
4.394000000000000000e+03 1.823630826796009963e+00 4.491206193438865985e-02 7.281355016294158503e-03 -6.164673402758290288e-02
4.395000000000000000e+03 1.820872182065794709e+00 4.483243671800708763e-02 7.276731087379736951e-03 -6.152274892446253640e-02
4.396000000000000000e+03 1.818119974564351926e+00 4.475305130407580129e-02 7.272110532257428268e-03 -6.139946984410550590e-02
4.397000000000000000e+03 1.815360276075318247e+00 4.467392529853336097e-02 7.267493218617838979e-03 -6.127682796223812151e-02
4.398000000000000000e+03 1.812608921103797677e+00 4.459500393474952890e-02 7.262879010181340876e-03 -6.115490384913268435e-02
4.399000000000000000e+03 1.809859497953117735e+00 4.451638091557805210e-02 7.258267767756313056e-03 -6.103348179817702501e-02
4.400000000000000000e+03 1.807113051269165549e+00 4.443792698738927016e-02 7.253659350410214708e-03 -6.091279269186700845e-02
4.401000000000000000e+03 1.804378070908902787e+00 4.435973613314184161e-02 7.249053616656544498e-03 -6.079262550292600931e-02
4.402000000000000000e+03 1.801640767248575026e+00 4.428168136430035706e-02 7.244450425614171012e-03 -6.067307877526161020e-02
4.403000000000000000e+03 1.798917058196318974e+00 4.420393319622170636e-02 7.239849638263918738e-03 -6.055418062481668362e-02
4.404000000000000000e+03 1.796200559352939319e+00 4.412636487204940616e-02 7.235251118547600391e-03 -6.043581161631134124e-02
4.405000000000000000e+03 1.793499714522056143e+00 4.404907233956942975e-02 7.230654734582290383e-03 -6.031800192769611046e-02
4.406000000000000000e+03 1.790808071308186200e+00 4.397192854287794439e-02 7.226060359730285786e-03 -6.020085709597145646e-02
4.407000000000000000e+03 1.788126555510710425e+00 4.389502911625565301e-02 7.221467873694154861e-03 -6.008433519377956444e-02
4.408000000000000000e+03 1.785463460912444900e+00 4.381832095977285929e-02 7.216877163558180035e-03 -5.996839542144417196e-02
4.409000000000000000e+03 1.782812154559800355e+00 4.374182508324607477e-02 7.212288124716104490e-03 -5.985299812921229118e-02
4.410000000000000000e+03 1.780180781129873768e+00 4.366556231646692710e-02 7.207700661736544077e-03 -5.973817911963324317e-02
4.411000000000000000e+03 1.777562541217803771e+00 4.358955330315323479e-02 7.203114689224689518e-03 -5.962397537973861128e-02
4.412000000000000000e+03 1.774957968878954739e+00 4.351366992830559693e-02 7.198530132510544063e-03 -5.951027652576022092e-02
4.413000000000000000e+03 1.772374924996583001e+00 4.343800673038451798e-02 7.193946928249148227e-03 -5.939719622818548372e-02
4.414000000000000000e+03 1.769813734891637624e+00 4.336258376227772326e-02 7.189365024940878868e-03 -5.928470079741532395e-02
4.415000000000000000e+03 1.767267183631707539e+00 4.328727230309772217e-02 7.184784383355393919e-03 -5.917268346576772670e-02
4.416000000000000000e+03 1.764735369088322958e+00 4.321224055485827636e-02 7.180204976812489329e-03 -5.906126151514427824e-02
4.417000000000000000e+03 1.762233127729395221e+00 4.313735937041410923e-02 7.175626791389208559e-03 -5.895040484826279126e-02
4.418000000000000000e+03 1.759738034723976829e+00 4.306264795082896668e-02 7.171049825946443704e-03 -5.884008453919920695e-02
4.419000000000000000e+03 1.757272115483553998e+00 4.298812527499255159e-02 7.166474092098597780e-03 -5.873027281185735915e-02
4.420000000000000000e+03 1.754815677627996617e+00 4.291373581306402729e-02 7.161899614062364541e-03 -5.862094301326825629e-02
4.421000000000000000e+03 1.752380853618780598e+00 4.283957237433588805e-02 7.157326428284332791e-03 -5.851221814865053411e-02
4.422000000000000000e+03 1.749963319571518294e+00 4.276557897069804132e-02 7.152754583152998863e-03 -5.840399942713598441e-02
4.423000000000000000e+03 1.747563098825078765e+00 4.269177366510867877e-02 7.148184138379844177e-03 -5.829626335390815373e-02
4.424000000000000000e+03 1.745178624515108412e+00 4.261810000263926285e-02 7.143615164479916527e-03 -5.818913596715388770e-02
4.425000000000000000e+03 1.742809717187774110e+00 4.254464985950083544e-02 7.139047741924407255e-03 -5.808244708590300232e-02
4.426000000000000000e+03 1.740454620699922073e+00 4.247129202408814197e-02 7.134481960414799581e-03 -5.797625023930867011e-02
4.427000000000000000e+03 1.738112981702129245e+00 4.239811789690636767e-02 7.129917917927252810e-03 -5.787059975663463168e-02
4.428000000000000000e+03 1.735782887272470987e+00 4.232507007212209238e-02 7.125355719725208134e-03 -5.776547642095263696e-02
4.429000000000000000e+03 1.733464588816261198e+00 4.225216518729965620e-02 7.120795477322413441e-03 -5.766086168629135783e-02
4.430000000000000000e+03 1.731155312608677610e+00 4.217941963930868510e-02 7.116237307359476495e-03 -5.755673760858872473e-02
4.431000000000000000e+03 1.728855213433129423e+00 4.210677530044254491e-02 7.111681330342702750e-03 -5.745308677411671561e-02
4.432000000000000000e+03 1.726562186163365320e+00 4.203432236849222875e-02 7.107127669526990682e-03 -5.734996650946076052e-02
4.433000000000000000e+03 1.724274848897813239e+00 4.196200223252677386e-02 7.102576449617273302e-03 -5.724736023952602115e-02
4.434000000000000000e+03 1.721992555010861903e+00 4.188983032321487443e-02 7.098027795499562732e-03 -5.714525169492234297e-02
4.435000000000000000e+03 1.719713919681910674e+00 4.181774754564700214e-02 7.093481830992173949e-03 -5.704362483544713619e-02
4.436000000000000000e+03 1.717436832128790725e+00 4.174584312980833545e-02 7.088938677486974864e-03 -5.694253805694689252e-02
4.437000000000000000e+03 1.715160696267761686e+00 4.167398321283893176e-02 7.084398452789293470e-03 -5.684197554825531212e-02
4.438000000000000000e+03 1.712884214171530584e+00 4.160233082344994698e-02 7.079861269843700129e-03 -5.674184721604948883e-02
4.439000000000000000e+03 1.710605397729658028e+00 4.153082589723915141e-02 7.075327235512785667e-03 -5.664228574531165322e-02
4.440000000000000000e+03 1.708323808401252197e+00 4.145940812688523464e-02 7.070796449491557542e-03 -5.654312654314284925e-02
4.441000000000000000e+03 1.706038339440344220e+00 4.138809124535759720e-02 7.066269003186386941e-03 -5.644450193764475460e-02
4.442000000000000000e+03 1.703747968841529792e+00 4.131688874199753586e-02 7.061744978684936919e-03 -5.634632112720307229e-02
4.443000000000000000e+03 1.701451025901188130e+00 4.124581386192140847e-02 7.057224447878364566e-03 -5.624864153499446046e-02
4.444000000000000000e+03 1.699146685479091534e+00 4.117487960539745195e-02 7.052707471580865577e-03 -5.615144589935142094e-02
4.445000000000000000e+03 1.696835718538294957e+00 4.110402444357158513e-02 7.048194098754025604e-03 -5.605464221863180885e-02
4.446000000000000000e+03 1.694515299043801271e+00 4.103333516794082508e-02 7.043684365962274950e-03 -5.595828655110262478e-02
4.447000000000000000e+03 1.692187180864846319e+00 4.096267547185511448e-02 7.039178296739950422e-03 -5.586236011844096516e-02
4.448000000000000000e+03 1.689849531223292844e+00 4.089220593376335922e-02 7.034675901213239234e-03 -5.576684354821354050e-02
4.449000000000000000e+03 1.687502134042570212e+00 4.082178974780369812e-02 7.030177175803660992e-03 -5.567171683813498806e-02
4.450000000000000000e+03 1.685145649451032179e+00 4.075151270677415671e-02 7.025682103066662951e-03 -5.557695932549807510e-02
4.451000000000000000e+03 1.682780136653829528e+00 4.068131156090665224e-02 7.021190651622161681e-03 -5.548255167668119520e-02
4.452000000000000000e+03 1.680404333226484415e+00 4.061127048387557642e-02 7.016702776275764684e-03 -5.538855619473335989e-02
4.453000000000000000e+03 1.678020831502576860e+00 4.054125031953167979e-02 7.012218418150482739e-03 -5.529496219466099871e-02
4.454000000000000000e+03 1.675627897520725496e+00 4.047140878628746608e-02 7.007737505112254101e-03 -5.520168398044409536e-02
4.455000000000000000e+03 1.673227638555515817e+00 4.040160620700393446e-02 7.003259952124677237e-03 -5.510878369222041440e-02
4.456000000000000000e+03 1.670820055629463452e+00 4.033192549115287989e-02 6.998785661882522303e-03 -5.501624845797850605e-02
4.457000000000000000e+03 1.668406008932951101e+00 4.026230071494154433e-02 6.994314525494867846e-03 -5.492406468422895288e-02
4.458000000000000000e+03 1.665985725172108634e+00 4.019281425296898635e-02 6.989846423198302870e-03 -5.483229235157844467e-02
4.459000000000000000e+03 1.663561760926284272e+00 4.012339964160360761e-02 6.985381225402610347e-03 -5.474076789737471194e-02
4.460000000000000000e+03 1.661133051054875631e+00 4.005406442716721166e-02 6.980918793511660045e-03 -5.464962422108458895e-02
4.461000000000000000e+03 1.658703070118505485e+00 3.998481587983809815e-02 6.976458981105842887e-03 -5.455869644122130629e-02
4.462000000000000000e+03 1.656270907830681427e+00 3.991566099125271744e-02 6.972001635040424999e-03 -5.446819047521404833e-02
4.463000000000000000e+03 1.653838686210836295e+00 3.984660647213302681e-02 6.967546596623572404e-03 -5.437786595244022136e-02
4.464000000000000000e+03 1.651407833643002032e+00 3.977758446635999701e-02 6.963093702999459053e-03 -5.428785336712014381e-02
4.465000000000000000e+03 1.648979815483369693e+00 3.970860111590161085e-02 6.958642788307520081e-03 -5.419805984656631687e-02
4.466000000000000000e+03 1.646555378646280321e+00 3.963973655865900975e-02 6.954193685099515319e-03 -5.410854060705556912e-02
4.467000000000000000e+03 1.644137510129166424e+00 3.957099635951278477e-02 6.949746225728604780e-03 -5.401927614280166434e-02
4.468000000000000000e+03 1.641726224232449072e+00 3.950223722515674996e-02 6.945300243625525741e-03 -5.393017226602451336e-02
4.469000000000000000e+03 1.639323006633926827e+00 3.943368698702128666e-02 6.940855574732673026e-03 -5.384135728148733285e-02
4.470000000000000000e+03 1.636930058735286408e+00 3.936512748149297025e-02 6.936412058792439973e-03 -5.375266204201096382e-02
4.471000000000000000e+03 1.634548056573807306e+00 3.929663738388197020e-02 6.931969540676785960e-03 -5.366421425579159799e-02
4.472000000000000000e+03 1.632178367095705074e+00 3.922829507361680346e-02 6.927527871688893973e-03 -5.357591853991607034e-02
4.473000000000000000e+03 1.629823036388469149e+00 3.915995578335613320e-02 6.923086910693857302e-03 -5.348775359044252026e-02
4.474000000000000000e+03 1.627481064311198766e+00 3.909169729974942831e-02 6.918646525378149489e-03 -5.339977221632909860e-02
4.475000000000000000e+03 1.625155079492333510e+00 3.902352282972817304e-02 6.914206593213125321e-03 -5.331187852001108979e-02
4.476000000000000000e+03 1.622846129741607468e+00 3.895543528446505921e-02 6.909767002529519815e-03 -5.322412505944559835e-02
4.477000000000000000e+03 1.620553673173265485e+00 3.888743728033073471e-02 6.905327653353713312e-03 -5.313649002202096988e-02
4.478000000000000000e+03 1.618279284452835087e+00 3.881945685661283840e-02 6.900888458254984294e-03 -5.304895152858322971e-02
4.479000000000000000e+03 1.616023676552090338e+00 3.875157032775369825e-02 6.896449342963963461e-03 -5.296148764966815414e-02
4.480000000000000000e+03 1.613786694932917376e+00 3.868370515131538956e-02 6.892010246990523149e-03 -5.287407641739010761e-02
4.481000000000000000e+03 1.611569541379431092e+00 3.861593706446698332e-02 6.887571124037224386e-03 -5.278677011589991835e-02
4.482000000000000000e+03 1.609371056339326422e+00 3.854819295280168673e-02 6.883131942305643035e-03 -5.269954671646242400e-02
4.483000000000000000e+03 1.607192916507603986e+00 3.848054798749965533e-02 6.878692684739110517e-03 -5.261230987454575125e-02
4.484000000000000000e+03 1.605034433965478735e+00 3.841292849500665962e-02 6.874253348983780550e-03 -5.252518605569161253e-02
4.485000000000000000e+03 1.602895527761332373e+00 3.834540909486898463e-02 6.869813947448131022e-03 -5.243807882106819862e-02
4.486000000000000000e+03 1.600774496902881427e+00 3.827798985369107454e-02 6.865374506956452121e-03 -5.235104022647592281e-02
4.487000000000000000e+03 1.598672480108945804e+00 3.821052200621732897e-02 6.860935068497592444e-03 -5.226397366461457000e-02
4.488000000000000000e+03 1.596588259927196773e+00 3.814322794489983376e-02 6.856495686712450570e-03 -5.217700525383754673e-02
4.489000000000000000e+03 1.594520496388753150e+00 3.807595839013901834e-02 6.852056429369810138e-03 -5.209003810352295233e-02
4.490000000000000000e+03 1.592469218968170175e+00 3.800871238045507028e-02 6.847617376602142120e-03 -5.200312369323887435e-02
4.491000000000000000e+03 1.590432862618238685e+00 3.794148871137568296e-02 6.843178620088704450e-03 -5.191623897953728112e-02
4.492000000000000000e+03 1.588410504667896683e+00 3.787436022501344118e-02 6.838740262173204423e-03 -5.182936063266292692e-02
4.493000000000000000e+03 1.586400388486967294e+00 3.780732524940849659e-02 6.834302414853232061e-03 -5.174246498583331966e-02
4.494000000000000000e+03 1.584402162184161078e+00 3.774030760509286542e-02 6.829865198631755209e-03 -5.165567654825369004e-02
4.495000000000000000e+03 1.582414661059159178e+00 3.767337946228960927e-02 6.825428741345646033e-03 -5.156897081397346372e-02
4.496000000000000000e+03 1.580435176389616281e+00 3.760653849720862335e-02 6.820993176930890099e-03 -5.148224848587086566e-02
4.497000000000000000e+03 1.578464667457507575e+00 3.753978218245194315e-02 6.816558644143490622e-03 -5.139555826441662145e-02
4.498000000000000000e+03 1.576498860156235304e+00 3.747303351051489706e-02 6.812125285193300003e-03 -5.130894821737001787e-02
4.499000000000000000e+03 1.574538659639971527e+00 3.740643813484964553e-02 6.807693244335083493e-03 -5.122239143187070493e-02
4.500000000000000000e+03 1.572581249474828802e+00 3.733991867581120533e-02 6.803262666535934977e-03 -5.113586023305720374e-02
4.501000000000000000e+03 1.570626054292260543e+00 3.727347128187693398e-02 6.798833696031801425e-03 -5.104947448062880505e-02
4.502000000000000000e+03 1.568670316144362253e+00 3.720708961358520223e-02 6.794406474949547803e-03 -5.096305518746770818e-02
4.503000000000000000e+03 1.566713544456756813e+00 3.714076658987932461e-02 6.789981141901850134e-03 -5.087671934006864072e-02
4.504000000000000000e+03 1.564753807945385544e+00 3.707449497456447030e-02 6.785557830727379468e-03 -5.079050862477449413e-02
4.505000000000000000e+03 1.562789975531639231e+00 3.700834166650996543e-02 6.781136669067966936e-03 -5.070431508421514161e-02
4.506000000000000000e+03 1.560820985410382722e+00 3.694229913891346195e-02 6.776717777243513284e-03 -5.061817819437719468e-02
4.507000000000000000e+03 1.558845856334641011e+00 3.687621116202793869e-02 6.772301267035817605e-03 -5.053213624338626780e-02
4.508000000000000000e+03 1.556862955341938415e+00 3.681029279369622126e-02 6.767887240546071985e-03 -5.044607771397558588e-02
4.509000000000000000e+03 1.554871493164321494e+00 3.674438754998153589e-02 6.763475789248792752e-03 -5.036018693792257417e-02
4.510000000000000000e+03 1.552870790221162034e+00 3.667856167862995620e-02 6.759066993101078141e-03 -5.027434978583296410e-02
4.511000000000000000e+03 1.550860284451540227e+00 3.661280703029930889e-02 6.754660919671088420e-03 -5.018852504716671270e-02
4.512000000000000000e+03 1.548838795243245192e+00 3.654711534692049041e-02 6.750257623483004767e-03 -5.010281868131111205e-02
4.513000000000000000e+03 1.546806014734331880e+00 3.648155254977987483e-02 6.745857145447722511e-03 -5.001718665642527345e-02
4.514000000000000000e+03 1.544761769423748765e+00 3.641596160977647600e-02 6.741459512425835264e-03 -4.993158349493043852e-02
4.515000000000000000e+03 1.542705280553808178e+00 3.635048253587997574e-02 6.737064736928475780e-03 -4.984603654129002304e-02
4.516000000000000000e+03 1.540636651737672391e+00 3.628510667781489202e-02 6.732672816888315981e-03 -4.976057166846588331e-02
4.517000000000000000e+03 1.538556126802818280e+00 3.621975101284954923e-02 6.728283735647660677e-03 -4.967513899051545501e-02
4.518000000000000000e+03 1.536464089181790449e+00 3.615448099936388604e-02 6.723897462013851169e-03 -4.958968714815885359e-02
4.519000000000000000e+03 1.534359574349672073e+00 3.608921344545548693e-02 6.719513950582555253e-03 -4.950431188387507953e-02
4.520000000000000000e+03 1.532244723674186515e+00 3.602408792899981782e-02 6.715133141970561041e-03 -4.941895892173200217e-02
4.521000000000000000e+03 1.530118837334922155e+00 3.595894681524837433e-02 6.710754963341129288e-03 -4.933357255412376685e-02
4.522000000000000000e+03 1.527983568566778860e+00 3.589392952671002779e-02 6.706379329039410461e-03 -4.924816995068590636e-02
4.523000000000000000e+03 1.525838459896609267e+00 3.582895256027950753e-02 6.702006141315933717e-03 -4.916284118902117251e-02
4.524000000000000000e+03 1.523686135144389775e+00 3.576408090621440578e-02 6.697635291140924263e-03 -4.907745215648247339e-02
4.525000000000000000e+03 1.521527090714005492e+00 3.569923091531695264e-02 6.693266659175719883e-03 -4.899209029194425552e-02
4.526000000000000000e+03 1.519362657129378569e+00 3.563454171750029403e-02 6.688900116818567200e-03 -4.890669321337709485e-02
4.527000000000000000e+03 1.517193502709557551e+00 3.556985523820629241e-02 6.684535527313729270e-03 -4.882127161763120948e-02
4.528000000000000000e+03 1.515021107829574998e+00 3.550531046716585287e-02 6.680172746995527780e-03 -4.873576076618543057e-02
4.529000000000000000e+03 1.512847010025730965e+00 3.544082347461131183e-02 6.675811626546173695e-03 -4.865031767533388452e-02
4.530000000000000000e+03 1.510672791395634595e+00 3.537638454592088172e-02 6.671452012324645235e-03 -4.856472690677907100e-02
4.531000000000000000e+03 1.508499322737345993e+00 3.531205818223754483e-02 6.667093747738760470e-03 -4.847906918020282452e-02
4.532000000000000000e+03 1.506328235886935651e+00 3.524776025053618506e-02 6.662736674690432695e-03 -4.839335001825346289e-02
4.533000000000000000e+03 1.504161167365931639e+00 3.518355511837404498e-02 6.658380634915049556e-03 -4.830757409389720147e-02
4.534000000000000000e+03 1.501999001967400771e+00 3.511943280401981504e-02 6.654025471492383374e-03 -4.822174529474391319e-02
4.535000000000000000e+03 1.499844087744887089e+00 3.505545754435521882e-02 6.649671030196696933e-03 -4.813579250385565528e-02
4.536000000000000000e+03 1.497697251342817948e+00 3.499147066174400356e-02 6.645317160961372246e-03 -4.804971823076639031e-02
4.537000000000000000e+03 1.495560013480298656e+00 3.492768483322016004e-02 6.640963719190576611e-03 -4.796359867419813794e-02
4.538000000000000000e+03 1.493433833523030607e+00 3.486386697323875378e-02 6.636610567096653743e-03 -4.787736093297554479e-02
4.539000000000000000e+03 1.491320097432606184e+00 3.480022963719930917e-02 6.632257574979273304e-03 -4.779093163214116063e-02
4.540000000000000000e+03 1.489219363534873608e+00 3.473661390472101984e-02 6.627904622361343451e-03 -4.770445983010020152e-02
4.541000000000000000e+03 1.487132837551107034e+00 3.467315793313697353e-02 6.623551599137909515e-03 -4.761787137131554687e-02
4.542000000000000000e+03 1.485061619979118674e+00 3.460977697531703035e-02 6.619198406549036372e-03 -4.753116607040541036e-02
4.543000000000000000e+03 1.483006697255024431e+00 3.454646051615578584e-02 6.614844958210585463e-03 -4.744434347497757110e-02
4.544000000000000000e+03 1.480968933940347787e+00 3.448327227560553376e-02 6.610491180788228595e-03 -4.735740290773952227e-02
4.545000000000000000e+03 1.478947580337216738e+00 3.442020164481793959e-02 6.606137014776943331e-03 -4.727041778748484330e-02
4.546000000000000000e+03 1.476944723942201554e+00 3.435716368975558904e-02 6.601782415025565613e-03 -4.718323852784758049e-02
4.547000000000000000e+03 1.474959342419713160e+00 3.429429628904826638e-02 6.597427351233578138e-03 -4.709593826608683698e-02
4.548000000000000000e+03 1.472992500350482459e+00 3.423151443728079946e-02 6.593071808207864176e-03 -4.700859003492924987e-02
4.549000000000000000e+03 1.471043633236799986e+00 3.416888166704230151e-02 6.588715786088495709e-03 -4.692111821280474382e-02
4.550000000000000000e+03 1.469113518317802347e+00 3.410631291987228919e-02 6.584359300365378101e-03 -4.683352138591887620e-02
4.551000000000000000e+03 1.467201304808665396e+00 3.404387129832049663e-02 6.580002381795689408e-03 -4.674587066999887769e-02
4.552000000000000000e+03 1.465306746889126543e+00 3.398154405943638184e-02 6.575645076201234313e-03 -4.665815609045692591e-02
4.553000000000000000e+03 1.463428718950949614e+00 3.391931806576801295e-02 6.571287444048958502e-03 -4.657036591481513582e-02
4.554000000000000000e+03 1.461568190709163773e+00 3.385725446213124629e-02 6.566929560048478075e-03 -4.648248832751943060e-02
4.555000000000000000e+03 1.459723033132192871e+00 3.379526583164730452e-02 6.562571512436459267e-03 -4.639451141507715259e-02
4.556000000000000000e+03 1.457893225208131360e+00 3.373341333637588230e-02 6.558213402306984838e-03 -4.630649742967975907e-02
4.557000000000000000e+03 1.456076404936004209e+00 3.367168387372614785e-02 6.553855342754931132e-03 -4.621835991458553977e-02
4.558000000000000000e+03 1.454273078179500578e+00 3.361006436706045347e-02 6.549497457934208393e-03 -4.613023509295383073e-02
4.559000000000000000e+03 1.452481428755067583e+00 3.354861605653914475e-02 6.545139881939932708e-03 -4.604196185094795724e-02
4.560000000000000000e+03 1.450700300536637677e+00 3.348725165591284747e-02 6.540782757776509269e-03 -4.595367596979364755e-02
4.561000000000000000e+03 1.448927723283914615e+00 3.342595821063574363e-02 6.536426236057665297e-03 -4.586536438566402030e-02
4.562000000000000000e+03 1.447163153272692737e+00 3.336487138891561233e-02 6.532070473754850518e-03 -4.577701371514543427e-02
4.563000000000000000e+03 1.445404514595217460e+00 3.330382978830479651e-02 6.527715632868977616e-03 -4.568853592787193441e-02
4.564000000000000000e+03 1.443650440705003257e+00 3.324296921131033450e-02 6.523361879071337514e-03 -4.560013971857192205e-02
4.565000000000000000e+03 1.441899544900029806e+00 3.318220268846509835e-02 6.519009380273346754e-03 -4.551166190904912950e-02
4.566000000000000000e+03 1.440149690962710061e+00 3.312151761984331866e-02 6.514658305178333553e-03 -4.542316166893596574e-02
4.567000000000000000e+03 1.438400978007299047e+00 3.306097578234980933e-02 6.510308821943305325e-03 -4.533462333456077242e-02
4.568000000000000000e+03 1.436649811215048533e+00 3.300056477000108679e-02 6.505961096677882922e-03 -4.524610492912053278e-02
4.569000000000000000e+03 1.434896343385475559e+00 3.294027228440634530e-02 6.501615292103983881e-03 -4.515758954992205726e-02
4.570000000000000000e+03 1.433138545120195673e+00 3.288008614160631282e-02 6.497271566150956620e-03 -4.506905960772752268e-02
4.571000000000000000e+03 1.431375931408611857e+00 3.282006856209186696e-02 6.492930070667924693e-03 -4.498057106806969963e-02
4.572000000000000000e+03 1.429605859295098869e+00 3.276013332653916754e-02 6.488590950175935138e-03 -4.489203056103529405e-02
4.573000000000000000e+03 1.427827996055172299e+00 3.270034291574470953e-02 6.484254340689147092e-03 -4.480356676229089313e-02
4.574000000000000000e+03 1.426040615407857759e+00 3.264061138222638936e-02 6.479920368581981033e-03 -4.471515894226762988e-02
4.575000000000000000e+03 1.424244321204991115e+00 3.258107577293105350e-02 6.475589149587132956e-03 -4.462678550391842303e-02
4.576000000000000000e+03 1.422436113304952565e+00 3.252165043297416264e-02 6.471260787939144866e-03 -4.453842395768474460e-02
4.577000000000000000e+03 1.420616823438804133e+00 3.246232414415110845e-02 6.466935375462891725e-03 -4.445012518442335164e-02
4.578000000000000000e+03 1.418785178939931502e+00 3.240316012882810820e-02 6.462612990957453639e-03 -4.436179056935722620e-02
4.579000000000000000e+03 1.416940779329477706e+00 3.234407320294632737e-02 6.458293699629418134e-03 -4.427354340910513719e-02
4.580000000000000000e+03 1.415082614680952977e+00 3.228520119661865834e-02 6.453977552622425749e-03 -4.418535748902576582e-02
4.581000000000000000e+03 1.413211296911913495e+00 3.222638497222201498e-02 6.449664586696522012e-03 -4.409720565055057911e-02
4.582000000000000000e+03 1.411326089959282104e+00 3.216768841099627851e-02 6.445354824093417132e-03 -4.400905979723986755e-02
4.583000000000000000e+03 1.409427881350610257e+00 3.210910128075370601e-02 6.441048272431778958e-03 -4.392096518977648550e-02
4.584000000000000000e+03 1.407516209809377861e+00 3.205068780402425821e-02 6.436744924860748202e-03 -4.383289189640290906e-02
4.585000000000000000e+03 1.405591491432018003e+00 3.199236380836281701e-02 6.432444760210345898e-03 -4.374488338267964321e-02
4.586000000000000000e+03 1.403655016108368514e+00 3.193419386061160242e-02 6.428147743393659505e-03 -4.365698225655397641e-02
4.587000000000000000e+03 1.401707457055202610e+00 3.187616841629279524e-02 6.423853825865222765e-03 -4.356908173505029402e-02
4.588000000000000000e+03 1.399748864848484153e+00 3.181827810254564404e-02 6.419562946239444623e-03 -4.348137138434331889e-02
4.589000000000000000e+03 1.397780888845336911e+00 3.176051371725583522e-02 6.415275030960276674e-03 -4.339366861211046283e-02
4.590000000000000000e+03 1.395804540547914474e+00 3.170286622767837237e-02 6.410989995210563015e-03 -4.330601298415794054e-02
4.591000000000000000e+03 1.393820927334288529e+00 3.164540105234465300e-02 6.406707743792430625e-03 -4.321851771021534283e-02
4.592000000000000000e+03 1.391830499632441764e+00 3.158803520864324893e-02 6.402428172127062542e-03 -4.313107256680692031e-02
4.593000000000000000e+03 1.389835268640207566e+00 3.153083444452305789e-02 6.398151167430694668e-03 -4.304371537509227991e-02
4.594000000000000000e+03 1.387835823505674693e+00 3.147379038557145819e-02 6.393876609837012212e-03 -4.295640921379087485e-02
4.595000000000000000e+03 1.385834290601368535e+00 3.141689481578080478e-02 6.389604373689165666e-03 -4.286926533578655496e-02
4.596000000000000000e+03 1.383831349642251629e+00 3.136006539120880093e-02 6.385334328808165046e-03 -4.278209753535552190e-02
4.597000000000000000e+03 1.381828449290568805e+00 3.130344277098075917e-02 6.381066341827969918e-03 -4.269509076955849830e-02
4.598000000000000000e+03 1.379827051180416042e+00 3.124694491315168840e-02 6.376800277581082428e-03 -4.260813267760725498e-02
4.599000000000000000e+03 1.377829359494639805e+00 3.119063848903534664e-02 6.372536000486642670e-03 -4.252125935354282571e-02
4.600000000000000000e+03 1.375836079205346341e+00 3.113444174605319026e-02 6.368273375884839563e-03 -4.243443256722596868e-02
4.601000000000000000e+03 1.373848626829746955e+00 3.107834740478348026e-02 6.364012271421238404e-03 -4.234768692572061372e-02
4.602000000000000000e+03 1.371869103684406399e+00 3.102249708850896015e-02 6.359752558426349199e-03 -4.226105122951392956e-02
4.603000000000000000e+03 1.369898811565313235e+00 3.096673547000057883e-02 6.355494113197403434e-03 -4.217447868787106702e-02
4.604000000000000000e+03 1.367937502499824154e+00 3.091113020339527825e-02 6.351236818266029274e-03 -4.208799702903200796e-02
4.605000000000000000e+03 1.365987824313158239e+00 3.085574907095922637e-02 6.346980563586655105e-03 -4.200163428051410103e-02
4.606000000000000000e+03 1.364050852869706842e+00 3.080043712999945213e-02 6.342725247703737308e-03 -4.191527026310824106e-02
4.607000000000000000e+03 1.362126824952999637e+00 3.074533669510356657e-02 6.338470778760859313e-03 -4.182893378215938457e-02
4.608000000000000000e+03 1.360217357699710750e+00 3.069029306795590870e-02 6.334217075554012324e-03 -4.174272839777313365e-02
4.609000000000000000e+03 1.358322469154859435e+00 3.063552308722202952e-02 6.329964068239615771e-03 -4.165653534001693969e-02
4.610000000000000000e+03 1.356442799711303104e+00 3.058087229188514306e-02 6.325711699243408322e-03 -4.157038497120423004e-02
4.611000000000000000e+03 1.354580348982481919e+00 3.052633490465071070e-02 6.321459923833026330e-03 -4.148430825886097878e-02
4.612000000000000000e+03 1.352734013986201633e+00 3.047197954760207800e-02 6.317208710658187183e-03 -4.139826252692945657e-02
4.613000000000000000e+03 1.350904042546788197e+00 3.041780067469820534e-02 6.312958042146047527e-03 -4.131228005237469469e-02
4.614000000000000000e+03 1.349092030917356855e+00 3.036379285512699408e-02 6.308707914799234831e-03 -4.122639380571994916e-02
4.615000000000000000e+03 1.347297208476674779e+00 3.030987649004703022e-02 6.304458339324162282e-03 -4.114056318600427253e-02
4.616000000000000000e+03 1.345520152033671923e+00 3.025619494718682564e-02 6.300209340644755650e-03 -4.105474831725988011e-02
4.617000000000000000e+03 1.343759073036980389e+00 3.020266886075157267e-02 6.295960957816869839e-03 -4.096905862280429689e-02
4.618000000000000000e+03 1.342015020043499707e+00 3.014929326677787819e-02 6.291713243752078411e-03 -4.088345569299419585e-02
4.619000000000000000e+03 1.340287425545395594e+00 3.009606332125068159e-02 6.287466264880373946e-03 -4.079797613203935136e-02
4.620000000000000000e+03 1.338574853817452004e+00 3.004304858560994176e-02 6.283220100638093296e-03 -4.071250869848565268e-02
4.621000000000000000e+03 1.336876492726593035e+00 2.999017017855509781e-02 6.278974842844129226e-03 -4.062716570862899557e-02
4.622000000000000000e+03 1.335192160939734807e+00 2.993742362912157895e-02 6.274730595017845823e-03 -4.054191160006304778e-02
4.623000000000000000e+03 1.333520830461352169e+00 2.988487887952537281e-02 6.270487471569110953e-03 -4.045678575868231347e-02
4.624000000000000000e+03 1.331860635763401080e+00 2.983253172141465612e-02 6.266245596738359395e-03 -4.037175392375449284e-02
4.625000000000000000e+03 1.330210369421428229e+00 2.978022951549723352e-02 6.262005103788990598e-03 -4.028693100688952866e-02
4.626000000000000000e+03 1.328570235658194543e+00 2.972819117977578904e-02 6.257766133720293195e-03 -4.020213535573403246e-02
4.627000000000000000e+03 1.326937404684635835e+00 2.967626435806548085e-02 6.253528834236668846e-03 -4.011755726729010485e-02
4.628000000000000000e+03 1.325311224432328627e+00 2.962451969186039036e-02 6.249293358475173539e-03 -4.003301611202980670e-02
4.629000000000000000e+03 1.323690261526309753e+00 2.957287940668583068e-02 6.245059863744327651e-03 -3.994870312589129946e-02
4.630000000000000000e+03 1.322073056744297981e+00 2.952148873353922093e-02 6.240828510206386168e-03 -3.986458709758813196e-02
4.631000000000000000e+03 1.320458880669846957e+00 2.947019592829221504e-02 6.236599459549458171e-03 -3.978056288980811456e-02
4.632000000000000000e+03 1.318844775245874956e+00 2.941907226007405701e-02 6.232372873658276712e-03 -3.969674852676986082e-02
4.633000000000000000e+03 1.317231509304946924e+00 2.936811488104843632e-02 6.228148913286723348e-03 -3.961311373017916554e-02
4.634000000000000000e+03 1.315615420071932995e+00 2.931724683009440807e-02 6.223927736733593161e-03 -3.952970272355602055e-02
4.635000000000000000e+03 1.313996596758897351e+00 2.926661417040993945e-02 6.219709498466772547e-03 -3.944648561984459567e-02
4.636000000000000000e+03 1.312373692736839681e+00 2.921614029172601296e-02 6.215494347955425984e-03 -3.936350694466298622e-02
4.637000000000000000e+03 1.310745422720845266e+00 2.916574876391366325e-02 6.211282428428364227e-03 -3.928066274375199840e-02
4.638000000000000000e+03 1.309109830842799749e+00 2.911551190687452703e-02 6.207073875656958853e-03 -3.919814624426619376e-02
4.639000000000000000e+03 1.307467272193139074e+00 2.906542794244631675e-02 6.202868816951563093e-03 -3.911577926641297831e-02
4.640000000000000000e+03 1.305815965214112584e+00 2.901556956364054890e-02 6.198667370070331736e-03 -3.903375502465585706e-02
4.641000000000000000e+03 1.304154971559967180e+00 2.896578680235261521e-02 6.194469642387441174e-03 -3.895189526263875129e-02
4.642000000000000000e+03 1.302484203658278439e+00 2.891615273185036208e-02 6.190275729968144382e-03 -3.887031877837195115e-02
4.643000000000000000e+03 1.300802945574315306e+00 2.886666633367665491e-02 6.186085716918283441e-03 -3.878906998461605082e-02
4.644000000000000000e+03 1.299110601297515988e+00 2.881732678169317968e-02 6.181899674743931983e-03 -3.870804460775997130e-02
4.645000000000000000e+03 1.297407441896514024e+00 2.876813344211063411e-02 6.177717661878622327e-03 -3.862721252540465833e-02
4.646000000000000000e+03 1.295692380166826974e+00 2.871908587310091979e-02 6.173539723286944683e-03 -3.854676632521442103e-02
4.647000000000000000e+03 1.293965201095779172e+00 2.867010954042443008e-02 6.169365890158240093e-03 -3.846652703375853105e-02
4.648000000000000000e+03 1.292226562614567698e+00 2.862135294996114715e-02 6.165196179857815664e-03 -3.838661266994018023e-02
4.649000000000000000e+03 1.290476509469941968e+00 2.857274194483415061e-02 6.161030595874614907e-03 -3.830699255093286681e-02
4.650000000000000000e+03 1.288715214398083342e+00 2.852420255351637013e-02 6.156869127943048227e-03 -3.822763587124438506e-02
4.651000000000000000e+03 1.286943713159615088e+00 2.847580988552139009e-02 6.152711752259192382e-03 -3.814866012678852503e-02
4.652000000000000000e+03 1.285160914334939841e+00 2.842764055570520809e-02 6.148558431864643153e-03 -3.806988495648028215e-02
4.653000000000000000e+03 1.283368808926704352e+00 2.837947455168608746e-02 6.144409117134985721e-03 -3.799142691615110812e-02
4.654000000000000000e+03 1.281568012134227219e+00 2.833153773304418824e-02 6.140263746333924320e-03 -3.791325396835973360e-02
4.655000000000000000e+03 1.279758499016972140e+00 2.828368470808639151e-02 6.136122246264080239e-03 -3.783540836817125830e-02
4.656000000000000000e+03 1.277942567733105772e+00 2.823599309663830242e-02 6.131984533148949514e-03 -3.775778385192708753e-02
4.657000000000000000e+03 1.276119630740297328e+00 2.818846639052914604e-02 6.127850513474255960e-03 -3.768049709759239974e-02
4.658000000000000000e+03 1.274292147756455718e+00 2.814103394776524408e-02 6.123720084894649501e-03 -3.760344206980362897e-02
4.659000000000000000e+03 1.272461158356898991e+00 2.809377383677855167e-02 6.119593137329184911e-03 -3.752673576989170451e-02
4.660000000000000000e+03 1.270627013843388609e+00 2.804668997941246050e-02 6.115469554062796624e-03 -3.745027258620442501e-02
4.661000000000000000e+03 1.268791594313454452e+00 2.799963786073396757e-02 6.111349212851567396e-03 -3.737409576504525932e-02
4.662000000000000000e+03 1.266956068357586895e+00 2.795284450656585970e-02 6.107231987152066111e-03 -3.729817461501755416e-02
4.663000000000000000e+03 1.265122366681644683e+00 2.790609135786493999e-02 6.103117747329745747e-03 -3.722247884661080558e-02
4.664000000000000000e+03 1.263290941417135382e+00 2.785953138198381598e-02 6.099006361931153149e-03 -3.714712719562703047e-02
4.665000000000000000e+03 1.261462982418027456e+00 2.781309479741174082e-02 6.094897698856931688e-03 -3.707201606226614293e-02
4.666000000000000000e+03 1.259640405144302866e+00 2.776686048385015176e-02 6.090791626701553413e-03 -3.699719098478546075e-02
4.667000000000000000e+03 1.257824353078623281e+00 2.772068455740035048e-02 6.086688015944438299e-03 -3.692262384430239353e-02
4.668000000000000000e+03 1.256015928962897599e+00 2.767472034780316462e-02 6.082586740147617743e-03 -3.684828720207042330e-02
4.669000000000000000e+03 1.254216183621175373e+00 2.762882412323548059e-02 6.078487677119231818e-03 -3.677422863493158556e-02
4.670000000000000000e+03 1.252426848142258020e+00 2.758307506774982168e-02 6.074390710066420417e-03 -3.670042221794850984e-02
4.671000000000000000e+03 1.250648838179756250e+00 2.753755242393163966e-02 6.070295728630084944e-03 -3.662691713833604590e-02
4.672000000000000000e+03 1.248882987471165995e+00 2.749211263576361794e-02 6.066202629865367901e-03 -3.655354060502846725e-02
4.673000000000000000e+03 1.247130039320409889e+00 2.744683504323165019e-02 6.062111319191740115e-03 -3.648049215695041425e-02
4.674000000000000000e+03 1.245391381791425056e+00 2.740165045876160471e-02 6.058021711189739283e-03 -3.640767514773131375e-02
4.675000000000000000e+03 1.243666812505212604e+00 2.735663829546721229e-02 6.053933730363334105e-03 -3.633514247876867137e-02
4.676000000000000000e+03 1.241957504286040681e+00 2.731180371126898723e-02 6.049847311750186987e-03 -3.626279949278806564e-02
4.677000000000000000e+03 1.240263772015634425e+00 2.726707760384333018e-02 6.045762401522248274e-03 -3.619070113068725836e-02
4.678000000000000000e+03 1.238585069085447188e+00 2.722253945663142410e-02 6.041678957312695240e-03 -3.611890338260318606e-02
4.679000000000000000e+03 1.236922956311884869e+00 2.717804591710650322e-02 6.037596948602760687e-03 -3.604731473374889889e-02
4.680000000000000000e+03 1.235276643642498007e+00 2.713375077758199000e-02 6.033516356918201644e-03 -3.597591902274339254e-02
4.681000000000000000e+03 1.233646704197129518e+00 2.708958498752607469e-02 6.029437175843394003e-03 -3.590484972771708361e-02
4.682000000000000000e+03 1.232032103940476020e+00 2.704555378470427027e-02 6.025359411079068452e-03 -3.583401854614189086e-02
4.683000000000000000e+03 1.230433175168245574e+00 2.700166240943801046e-02 6.021283080227853544e-03 -3.576341252117502811e-02
4.684000000000000000e+03 1.228849391257529788e+00 2.695791610274527947e-02 6.017208212571446141e-03 -3.569301974521772725e-02
4.685000000000000000e+03 1.227279370996998020e+00 2.691424582152656189e-02 6.013134848659218261e-03 -3.562290362564296542e-02
4.686000000000000000e+03 1.225723855287986552e+00 2.687073108814998917e-02 6.009063039857587100e-03 -3.555305429535524087e-02
4.687000000000000000e+03 1.224181999307027979e+00 2.682737713951328234e-02 6.004992847755668411e-03 -3.548346286902751695e-02
4.688000000000000000e+03 1.222651379757403456e+00 2.678411492701053900e-02 6.000924343526331875e-03 -3.541412141186552065e-02
4.689000000000000000e+03 1.221133202809000950e+00 2.674102396754694452e-02 5.996857607058777781e-03 -3.534502290409291536e-02
4.690000000000000000e+03 1.219625627441550897e+00 2.669803521023490778e-02 5.992792726209005515e-03 -3.527623548546224980e-02
4.691000000000000000e+03 1.218127489156395349e+00 2.665515388808754188e-02 5.988729795865278989e-03 -3.520767956233245705e-02
4.692000000000000000e+03 1.216637567264908348e+00 2.661238523604752063e-02 5.984668916924330145e-03 -3.513935061296036277e-02
4.693000000000000000e+03 1.215155338336276758e+00 2.656973449277192853e-02 5.980610195286336500e-03 -3.507131913960312430e-02
4.694000000000000000e+03 1.213679501528644344e+00 2.652720690273513426e-02 5.976553740726543371e-03 -3.500358205169416120e-02
4.695000000000000000e+03 1.212208732709189274e+00 2.648480771849834672e-02 5.972499665812748722e-03 -3.493606261428388454e-02
4.696000000000000000e+03 1.210741695916285776e+00 2.644254220316319751e-02 5.968448084789294839e-03 -3.486883324591701083e-02
4.697000000000000000e+03 1.209277054890688818e+00 2.640034134960172682e-02 5.964399112328606922e-03 -3.480189261471687556e-02
4.698000000000000000e+03 1.207814227402559171e+00 2.635821045007473787e-02 5.960352862489773536e-03 -3.473523986825202692e-02
4.699000000000000000e+03 1.206350425256625059e+00 2.631622909913595987e-02 5.956309447458625617e-03 -3.466887458018178686e-02
4.700000000000000000e+03 1.204886608065206755e+00 2.627432834583431909e-02 5.952268976515732134e-03 -3.460287098108592169e-02
4.701000000000000000e+03 1.203419321165873912e+00 2.623258810804299582e-02 5.948231554836745129e-03 -3.453708170681937112e-02
4.702000000000000000e+03 1.201949615021226769e+00 2.619086658987820893e-02 5.944197282511133433e-03 -3.447158625133810161e-02
4.703000000000000000e+03 1.200475631505656615e+00 2.614924515300642502e-02 5.940166253508159105e-03 -3.440639098302529508e-02
4.704000000000000000e+03 1.198996328810298273e+00 2.610773090762195589e-02 5.936138554713474465e-03 -3.434150244888287823e-02
4.705000000000000000e+03 1.197510746982955121e+00 2.606633099816947630e-02 5.932114265036141088e-03 -3.427700161517184541e-02
4.706000000000000000e+03 1.196018758341327537e+00 2.602505260527399403e-02 5.928093454643952424e-03 -3.421274669399741730e-02
4.707000000000000000e+03 1.194520331352396658e+00 2.598382866397307839e-02 5.924076184181072645e-03 -3.414881880811082571e-02
4.708000000000000000e+03 1.193014050753341992e+00 2.594266643206897746e-02 5.920062504153515183e-03 -3.408522482456774472e-02
4.709000000000000000e+03 1.191499350874082541e+00 2.590164749111941930e-02 5.916052454414500589e-03 -3.402189732621527241e-02
4.710000000000000000e+03 1.189975776604841551e+00 2.586070489661196001e-02 5.912046063671450719e-03 -3.395899172154148715e-02
4.711000000000000000e+03 1.188444471822953430e+00 2.581984602870791151e-02 5.908043349143663608e-03 -3.389636624014905064e-02
4.712000000000000000e+03 1.186902981237529797e+00 2.577907830846792522e-02 5.904044316390355540e-03 -3.383410190183168409e-02
4.713000000000000000e+03 1.185353422186507855e+00 2.573840919730398941e-02 5.900048959091228930e-03 -3.377213108809215547e-02
4.714000000000000000e+03 1.183794312983857955e+00 2.569777191225016896e-02 5.896057259134598015e-03 -3.371053466969699958e-02
4.715000000000000000e+03 1.182227256898365608e+00 2.565732255852192639e-02 5.892069186567270092e-03 -3.364931915436603083e-02
4.716000000000000000e+03 1.180650996886448478e+00 2.561692014281427565e-02 5.888084699910329373e-03 -3.358841668930025171e-02
4.717000000000000000e+03 1.179067354665026990e+00 2.557657227183614268e-02 5.884103746371201725e-03 -3.352783363520882992e-02
4.718000000000000000e+03 1.177476026277199717e+00 2.553628658224070883e-02 5.880126262283242276e-03 -3.346757629395845368e-02
4.719000000000000000e+03 1.175877547909018883e+00 2.549614502062166888e-02 5.876152173587220057e-03 -3.340772520748083035e-02
4.720000000000000000e+03 1.174274032324665873e+00 2.545608098907176792e-02 5.872181396373200510e-03 -3.334813804266961723e-02
4.721000000000000000e+03 1.172664704643504363e+00 2.541610219118752359e-02 5.868213837627695231e-03 -3.328889531526980222e-02
4.722000000000000000e+03 1.171051837067473622e+00 2.537614206028046202e-02 5.864249395901684030e-03 -3.323000328172528300e-02
4.723000000000000000e+03 1.169435540421712938e+00 2.533635688803889327e-02 5.860287962211298100e-03 -3.317139396818097330e-02
4.724000000000000000e+03 1.167816726303806174e+00 2.529660583450608208e-02 5.856329420766877465e-03 -3.311314805242633608e-02
4.725000000000000000e+03 1.166197097406226124e+00 2.525697090640950312e-02 5.852373650092430532e-03 -3.305519776387200181e-02
4.726000000000000000e+03 1.164576908941291400e+00 2.521731124994219808e-02 5.848420523886207860e-03 -3.299762405304992180e-02
4.727000000000000000e+03 1.162957186781005570e+00 2.517785741215453413e-02 5.844469912052014347e-03 -3.294028521135308751e-02
4.728000000000000000e+03 1.161340459731759145e+00 2.513839421555636583e-02 5.840521681768109409e-03 -3.288326261004582279e-02
4.729000000000000000e+03 1.159726291869943582e+00 2.509907786963008411e-02 5.836575698495580049e-03 -3.282656360510854965e-02
4.730000000000000000e+03 1.158115728905248387e+00 2.505976741205320421e-02 5.832631827092179914e-03 -3.277012157604140136e-02
4.731000000000000000e+03 1.156511287643209318e+00 2.502054468591823067e-02 5.828689932838736557e-03 -3.271401881503718800e-02
4.732000000000000000e+03 1.154912488645855939e+00 2.498141719832130611e-02 5.824749882501060669e-03 -3.265818943088281273e-02
4.733000000000000000e+03 1.153321788888732824e+00 2.494239239648209441e-02 5.820811545324837757e-03 -3.260264223624584345e-02
4.734000000000000000e+03 1.151739372292506669e+00 2.490340337680004359e-02 5.816874794081325524e-03 -3.254731221597512852e-02
4.735000000000000000e+03 1.150165369094030998e+00 2.486453172818488613e-02 5.812939505896637556e-03 -3.249228341083992833e-02
4.736000000000000000e+03 1.148602818626846434e+00 2.482571039076359939e-02 5.809005563260812889e-03 -3.243749181461798303e-02
4.737000000000000000e+03 1.147050233063813707e+00 2.478694649940014344e-02 5.805072854851268428e-03 -3.238287396949168784e-02
4.738000000000000000e+03 1.145510504256108897e+00 2.474832137699053622e-02 5.801141276234406119e-03 -3.232858984185159323e-02
4.739000000000000000e+03 1.143981983320746076e+00 2.470976767736756535e-02 5.797210730643429996e-03 -3.227450285994475088e-02
4.740000000000000000e+03 1.142467389116367915e+00 2.467121794617999422e-02 5.793281129521841120e-03 -3.222062563342622393e-02
4.741000000000000000e+03 1.140965632408821984e+00 2.463282746550146673e-02 5.789352393114369395e-03 -3.216697882947425896e-02
4.742000000000000000e+03 1.139477754838466694e+00 2.459445426388763220e-02 5.785424450875933759e-03 -3.211353918517791811e-02
4.743000000000000000e+03 1.138003954833292086e+00 2.455617909582776329e-02 5.781497241856445486e-03 -3.206032122607771484e-02
4.744000000000000000e+03 1.136544328685036742e+00 2.451793401969801570e-02 5.777570714931847332e-03 -3.200729555674865917e-02
4.745000000000000000e+03 1.135098869790457599e+00 2.447979952767495235e-02 5.773644828958405910e-03 -3.195447057077376030e-02
4.746000000000000000e+03 1.133667468894324681e+00 2.444178169161173586e-02 5.769719552891675561e-03 -3.190184044610773484e-02
4.747000000000000000e+03 1.132249915327188994e+00 2.440373787653822221e-02 5.765794865703270655e-03 -3.184938513449648428e-02
4.748000000000000000e+03 1.130846642055422402e+00 2.436582243920047686e-02 5.761870756239856860e-03 -3.179711491665519751e-02
4.749000000000000000e+03 1.129455757508298186e+00 2.432796674157052669e-02 5.757947223038939119e-03 -3.174501838488568567e-02
4.750000000000000000e+03 1.128078249506011099e+00 2.429017628354595768e-02 5.754024273981962062e-03 -3.169312927490403053e-02
4.751000000000000000e+03 1.126712792606685998e+00 2.425245644000780312e-02 5.750101925932941081e-03 -3.164131205150982201e-02
4.752000000000000000e+03 1.125358731932792899e+00 2.421481252487135694e-02 5.746180204200834231e-03 -3.158976268157306228e-02
4.753000000000000000e+03 1.124015340162211718e+00 2.417724972726303240e-02 5.742259141967915280e-03 -3.153835922899492911e-02
4.754000000000000000e+03 1.122682565356441620e+00 2.413977309095628396e-02 5.738338779753416295e-03 -3.148712876835331465e-02
4.755000000000000000e+03 1.121358810306924303e+00 2.410231323242721657e-02 5.734419164623110431e-03 -3.143602449413177707e-02
4.756000000000000000e+03 1.120043912268082531e+00 2.406487490989321978e-02 5.730500349405374776e-03 -3.138514852806267158e-02
4.757000000000000000e+03 1.118736180468721475e+00 2.402753702574061262e-02 5.726582391957889782e-03 -3.133452902350579439e-02
4.758000000000000000e+03 1.117434633839961444e+00 2.399030406254380049e-02 5.722665354274566324e-03 -3.128404583470260208e-02
4.759000000000000000e+03 1.116139010517139374e+00 2.395303180295146189e-02 5.718749301649222495e-03 -3.123380188574237729e-02
4.760000000000000000e+03 1.114848291859331431e+00 2.391587303461510661e-02 5.714834301698551791e-03 -3.118367741971646290e-02
4.761000000000000000e+03 1.113560712230967642e+00 2.387875756985525372e-02 5.710920423477138311e-03 -3.113384993276304205e-02
4.762000000000000000e+03 1.112275997286171103e+00 2.384176366774384132e-02 5.707007736534777664e-03 -3.108419985539299241e-02
4.763000000000000000e+03 1.110993145145888983e+00 2.380474662140755551e-02 5.703096310022860195e-03 -3.103475620282031278e-02
4.764000000000000000e+03 1.109710435890302049e+00 2.376778446422384353e-02 5.699186211698134899e-03 -3.098554795779809995e-02
4.765000000000000000e+03 1.108427669275000804e+00 2.373095512453128261e-02 5.695277507106934894e-03 -3.093652973792814648e-02
4.766000000000000000e+03 1.107143202233713097e+00 2.369411358056109154e-02 5.691370258730449674e-03 -3.088773031484407308e-02
4.767000000000000000e+03 1.105856928608797363e+00 2.365733756711242003e-02 5.687464525047301357e-03 -3.083910400091915971e-02
4.768000000000000000e+03 1.104568058505321693e+00 2.362063044698401934e-02 5.683560359910636711e-03 -3.079075345566676183e-02
4.769000000000000000e+03 1.103275868380320546e+00 2.358392121672578390e-02 5.679657811668947613e-03 -3.074263250983735873e-02
4.770000000000000000e+03 1.101978964790228055e+00 2.354728736262582875e-02 5.675756922563971081e-03 -3.069476897694174006e-02
4.771000000000000000e+03 1.100676775910830685e+00 2.351065773212035817e-02 5.671857728160241939e-03 -3.064711605003253223e-02
4.772000000000000000e+03 1.099369556601339282e+00 2.347410967318139599e-02 5.667960256727081099e-03 -3.059970083584253459e-02
4.773000000000000000e+03 1.098056906968259083e+00 2.343764618884744064e-02 5.664064528849108507e-03 -3.055247575836856841e-02
4.774000000000000000e+03 1.096738518565758547e+00 2.340119594208216885e-02 5.660170557046272782e-03 -3.050554138352033415e-02
4.775000000000000000e+03 1.095413434031059063e+00 2.336476182739826227e-02 5.656278345427646383e-03 -3.045877497966496816e-02
4.776000000000000000e+03 1.094081534308281478e+00 2.332834669155832430e-02 5.652387889519500629e-03 -3.041227620054669581e-02
4.777000000000000000e+03 1.092743539276976650e+00 2.329202762089385703e-02 5.648499176201914572e-03 -3.036606993722946318e-02
4.778000000000000000e+03 1.091399521782605575e+00 2.325573309439685557e-02 5.644612183544128921e-03 -3.032003202456043031e-02
4.779000000000000000e+03 1.090048906417052210e+00 2.321946583714640244e-02 5.640726880980140821e-03 -3.027426065271327307e-02
4.780000000000000000e+03 1.088692695900945751e+00 2.318322853945076548e-02 5.636843229374107270e-03 -3.022870494772404715e-02
4.781000000000000000e+03 1.087330496742251906e+00 2.314702385887594527e-02 5.632961181310702260e-03 -3.018331354050543189e-02
4.782000000000000000e+03 1.085963486730596061e+00 2.311085442191831291e-02 5.629080681311530478e-03 -3.013825742316126113e-02
4.783000000000000000e+03 1.084590696112837538e+00 2.307472282501321290e-02 5.625201666287564864e-03 -3.009333569054265661e-02
4.784000000000000000e+03 1.083214944871147445e+00 2.303863163499887332e-02 5.621324066060176886e-03 -3.004871838831782091e-02
4.785000000000000000e+03 1.081834665437513054e+00 2.300250910578805624e-02 5.617447803734539231e-03 -3.000427797778505018e-02
4.786000000000000000e+03 1.080451324310436778e+00 2.296650631171787138e-02 5.613572796409543181e-03 -2.995996077280848463e-02
4.787000000000000000e+03 1.079066443415417575e+00 2.293047716199759709e-02 5.609698955803229733e-03 -2.991593552912607049e-02
4.788000000000000000e+03 1.077680106644842040e+00 2.289449838368590867e-02 5.605826188912693166e-03 -2.987214776807674624e-02
4.789000000000000000e+03 1.076292437325275797e+00 2.285857238549240944e-02 5.601954398848325162e-03 -2.982846837054985156e-02
4.790000000000000000e+03 1.074905818189777484e+00 2.282270153880254851e-02 5.598083485512483741e-03 -2.978499073980899955e-02
4.791000000000000000e+03 1.073520425589630900e+00 2.278681389105395236e-02 5.594213346476191277e-03 -2.974173369786156651e-02
4.792000000000000000e+03 1.072136449063817665e+00 2.275098601276485250e-02 5.590343877790078693e-03 -2.969856723346738989e-02
4.793000000000000000e+03 1.070755568003586955e+00 2.271514585961687330e-02 5.586474974834329706e-03 -2.965565823548647201e-02
4.794000000000000000e+03 1.069378714160855282e+00 2.267944418569819640e-02 5.582606533153100167e-03 -2.961287625757254988e-02
4.795000000000000000e+03 1.068006062769175868e+00 2.264373455437820176e-02 5.578738449284526869e-03 -2.957023925198726949e-02
4.796000000000000000e+03 1.066639252362787893e+00 2.260801903440350438e-02 5.574870621598355253e-03 -2.952769075158813428e-02
4.797000000000000000e+03 1.065279147863964937e+00 2.257244819473588210e-02 5.571002951100148537e-03 -2.948532275211568007e-02
4.798000000000000000e+03 1.063925089699029769e+00 2.253687539812179383e-02 5.567135342260866315e-03 -2.944307860899581658e-02
4.799000000000000000e+03 1.062580086031290394e+00 2.250130249668425009e-02 5.563267703659819860e-03 -2.940097591709302238e-02
4.800000000000000000e+03 1.061242634472411295e+00 2.246580554273749572e-02 5.559399948743809668e-03 -2.935895797153893760e-02
4.801000000000000000e+03 1.059914890413935940e+00 2.243038603398908593e-02 5.555531996498296043e-03 -2.931704267528605426e-02
4.802000000000000000e+03 1.058596729477664367e+00 2.239497036165891825e-02 5.551663771986225897e-03 -2.927524922390432882e-02
4.803000000000000000e+03 1.057288702639245237e+00 2.235963320161762566e-02 5.547795206892857343e-03 -2.923352289802271312e-02
4.804000000000000000e+03 1.055990542428562273e+00 2.232430055693283150e-02 5.543926240019684051e-03 -2.919188333333627358e-02
4.805000000000000000e+03 1.054703387759028832e+00 2.228904688654962524e-02 5.540056817660924011e-03 -2.915035025207578928e-02
4.806000000000000000e+03 1.053427552559369262e+00 2.225379796614275485e-02 5.536186893930882674e-03 -2.910886919150098076e-02
4.807000000000000000e+03 1.052163266583166612e+00 2.221862801725527775e-02 5.532316431010013934e-03 -2.906746007938771151e-02
4.808000000000000000e+03 1.050909931401012409e+00 2.218353685224905281e-02 5.528445399307744743e-03 -2.902621723920742122e-02
4.809000000000000000e+03 1.049667605757819810e+00 2.214844987007107829e-02 5.524573777583766110e-03 -2.898493797431964808e-02
4.810000000000000000e+03 1.048437006119691928e+00 2.211344090305237403e-02 5.520701552890707429e-03 -2.894379111764328050e-02
4.811000000000000000e+03 1.047217279564843562e+00 2.207850936298945063e-02 5.516828720565841032e-03 -2.890272275827048334e-02
4.812000000000000000e+03 1.046008234515857227e+00 2.204358023831690452e-02 5.512955284059957786e-03 -2.886175336672669456e-02
4.813000000000000000e+03 1.044809600937427252e+00 2.200865265877727933e-02 5.509081254717710339e-03 -2.882075493218902093e-02
4.814000000000000000e+03 1.043621034139657011e+00 2.197387417706975904e-02 5.505206651541823433e-03 -2.877989664803733832e-02
4.815000000000000000e+03 1.042442119311026927e+00 2.193909506674007748e-02 5.501331500724781012e-03 -2.873912490847822451e-02
4.816000000000000000e+03 1.041272376731951166e+00 2.190431402251048765e-02 5.497455835282716308e-03 -2.869838613752587198e-02
4.817000000000000000e+03 1.040110524779022105e+00 2.186967816027069605e-02 5.493579694579732442e-03 -2.865777533149116083e-02
4.818000000000000000e+03 1.038957457668340689e+00 2.183503731675330226e-02 5.489703123720878451e-03 -2.861716461431347558e-02
4.819000000000000000e+03 1.037810309676403087e+00 2.180046403522072074e-02 5.485826173051853299e-03 -2.857672319274712214e-02
4.820000000000000000e+03 1.036669890817742301e+00 2.176588214991054260e-02 5.481948897460616615e-03 -2.853624877338175464e-02
4.821000000000000000e+03 1.035535494678162527e+00 2.173143820608906818e-02 5.478071355692688132e-03 -2.849591036440793021e-02
4.822000000000000000e+03 1.034404906365866905e+00 2.169698147860969414e-02 5.474193609732666728e-03 -2.845565397301597077e-02
4.823000000000000000e+03 1.033278867664451539e+00 2.166258396028132929e-02 5.470315723992119628e-03 -2.841549970354227336e-02
4.824000000000000000e+03 1.032155885440027454e+00 2.162824323212702779e-02 5.466437764664371091e-03 -2.837539315394019268e-02
4.825000000000000000e+03 1.031034468424059103e+00 2.159395675191516650e-02 5.462559798883989855e-03 -2.833535394565823290e-02
4.826000000000000000e+03 1.029915363939547079e+00 2.155972185951639253e-02 5.458681894091424978e-03 -2.829540140304347487e-02
4.827000000000000000e+03 1.028796366137028295e+00 2.152553578296679745e-02 5.454804117222525686e-03 -2.825555451643836993e-02
4.828000000000000000e+03 1.027677523700663231e+00 2.149139564484432025e-02 5.450926534067744057e-03 -2.821583190575917624e-02
4.829000000000000000e+03 1.026558176070686335e+00 2.145729846923374526e-02 5.447049208490875420e-03 -2.817610321813913965e-02
4.830000000000000000e+03 1.025436217797717431e+00 2.142324118891836271e-02 5.443172201858010803e-03 -2.813653479465448581e-02
4.831000000000000000e+03 1.024313305132622309e+00 2.138922065302611975e-02 5.439295572372581863e-03 -2.809706965328681236e-02
4.832000000000000000e+03 1.023186691075530952e+00 2.135523363491772381e-02 5.435419374510814215e-03 -2.805765030849683914e-02
4.833000000000000000e+03 1.022056659389174449e+00 2.132127684035784940e-02 5.431543658458668281e-03 -2.801836730961657085e-02
4.834000000000000000e+03 1.020923558295040001e+00 2.128742119928166490e-02 5.427668469686824232e-03 -2.797923636414225909e-02
4.835000000000000000e+03 1.019785576330089372e+00 2.125358902377944351e-02 5.423793848489093759e-03 -2.794012403044348128e-02
4.836000000000000000e+03 1.018643203001427633e+00 2.121977686706311497e-02 5.419919829681492385e-03 -2.790119339802953763e-02
4.837000000000000000e+03 1.017496260340657210e+00 2.118598124854679382e-02 5.416046442239190462e-03 -2.786230980171195901e-02
4.838000000000000000e+03 1.016343905020405280e+00 2.115227294574872907e-02 5.412173709154969280e-03 -2.782356079141441729e-02
4.839000000000000000e+03 1.015186115344548945e+00 2.111857415220202636e-02 5.408301647227407860e-03 -2.778488470336973326e-02
4.840000000000000000e+03 1.014022948926672552e+00 2.108488133608819176e-02 5.404430267035733801e-03 -2.774636778611917765e-02
4.841000000000000000e+03 1.012854542394051593e+00 2.105126524825711234e-02 5.400559572889346294e-03 -2.770787277835906615e-02
4.842000000000000000e+03 1.011681110287228957e+00 2.101772236286241283e-02 5.396689562926617299e-03 -2.766955889252480441e-02
4.843000000000000000e+03 1.010502943169665269e+00 2.098417488473089745e-02 5.392820229229435339e-03 -2.763128754894603190e-02
4.844000000000000000e+03 1.009319662133622009e+00 2.095069360679726461e-02 5.388951558065154315e-03 -2.759321664979876368e-02
4.845000000000000000e+03 1.008132443906169184e+00 2.091720078263971730e-02 5.385083530131660502e-03 -2.755520632000187445e-02
4.846000000000000000e+03 1.006941045407309776e+00 2.088384155008091853e-02 5.381216120861753195e-03 -2.751726462064995118e-02
4.847000000000000000e+03 1.005746770329197570e+00 2.085038966860140383e-02 5.377349300903248516e-03 -2.747947328090397795e-02
4.848000000000000000e+03 1.004548749590046475e+00 2.081706464287835789e-02 5.373483036536784961e-03 -2.744176486589810365e-02
4.849000000000000000e+03 1.003348392420783775e+00 2.078378889218273490e-02 5.369617290126836757e-03 -2.740414564818416041e-02
4.850000000000000000e+03 1.002147151444512163e+00 2.075048488810267086e-02 5.365752020725617077e-03 -2.736662134794948589e-02
4.851000000000000000e+03 1.000944288966572726e+00 2.071729781377679505e-02 5.361887184603811481e-03 -2.732927099844109642e-02
4.852000000000000000e+03 9.997413316974258501e-01 2.068407499837573993e-02 5.358022735989603075e-03 -2.729194850815771026e-02
4.853000000000000000e+03 9.985390870276323882e-01 2.065096077041101916e-02 5.354158627563142432e-03 -2.725465543976701363e-02
4.854000000000000000e+03 9.973376337110404499e-01 2.061787666872150551e-02 5.350294811193373988e-03 -2.721746720160861041e-02
4.855000000000000000e+03 9.961385425627249379e-01 2.058481857690233618e-02 5.346431238626808864e-03 -2.718038451312902032e-02
4.856000000000000000e+03 9.949426401007139820e-01 2.055185672311168887e-02 5.342567862134815250e-03 -2.714333343789336953e-02
4.857000000000000000e+03 9.937492578909484786e-01 2.051891282864403906e-02 5.338704635204812032e-03 -2.710631398431838715e-02
4.858000000000000000e+03 9.925606818505059437e-01 2.048598295691676785e-02 5.334841513195659468e-03 -2.706940013954577465e-02
4.859000000000000000e+03 9.913762020509782058e-01 2.045313751122686263e-02 5.330978454048129929e-03 -2.703251705272424754e-02
4.860000000000000000e+03 9.901980481494415676e-01 2.042037266506591467e-02 5.327115418815584966e-03 -2.699566391877691873e-02
4.861000000000000000e+03 9.890254397985668300e-01 2.038761035870528121e-02 5.323252372338398500e-03 -2.695883972762710967e-02
4.862000000000000000e+03 9.878590371569282436e-01 2.035484686233869286e-02 5.319389283771090715e-03 -2.692204329566236579e-02
4.863000000000000000e+03 9.867001920285923822e-01 2.032222705516557176e-02 5.315526127149981621e-03 -2.688527329602872010e-02
4.864000000000000000e+03 9.855487138682496040e-01 2.028959871959843536e-02 5.311662881807384905e-03 -2.684852828738388403e-02
4.865000000000000000e+03 9.844058362211302038e-01 2.025703252048722744e-02 5.307799532855202868e-03 -2.681180674058626992e-02
4.866000000000000000e+03 9.832712411215425163e-01 2.022452486558928494e-02 5.303936071479653340e-03 -2.677510706345234345e-02
4.867000000000000000e+03 9.821452840178379606e-01 2.019207218314397062e-02 5.300072495295824609e-03 -2.673842762325745123e-02
4.868000000000000000e+03 9.810282480734527910e-01 2.015967091573364622e-02 5.296208808609799944e-03 -2.670176676671470392e-02
4.869000000000000000e+03 9.799203420470976589e-01 2.012739179758080837e-02 5.292345022504062364e-03 -2.666504855383844061e-02
4.870000000000000000e+03 9.788216989377659383e-01 2.009508271400426913e-02 5.288481155067147749e-03 -2.662841990650028148e-02
4.871000000000000000e+03 9.777323754071503004e-01 2.006288867959447886e-02 5.284617231316910205e-03 -2.659173063562164305e-02
4.872000000000000000e+03 9.766516091485381024e-01 2.003073184715083513e-02 5.280753283260719577e-03 -2.655505343458291687e-02
4.873000000000000000e+03 9.755800483750316499e-01 1.999860863538755612e-02 5.276889349725336249e-03 -2.651838675092714828e-02
4.874000000000000000e+03 9.745160393948421040e-01 1.996658972260764373e-02 5.273025476284990375e-03 -2.648172907280283220e-02
4.875000000000000000e+03 9.734608289556622163e-01 1.993459719032255467e-02 5.269161714873009383e-03 -2.644507892861842901e-02
4.876000000000000000e+03 9.724133676209361088e-01 1.990262736783685038e-02 5.265298123637798637e-03 -2.640836060068600666e-02
4.877000000000000000e+03 9.713725421847689834e-01 1.987082511037363899e-02 5.261434766525831253e-03 -2.637172125327779879e-02
4.878000000000000000e+03 9.703386658993812253e-01 1.983903809299731452e-02 5.257571712876440116e-03 -2.633501093940604498e-02
4.879000000000000000e+03 9.693112551278560973e-01 1.980726250701882532e-02 5.253709036934652889e-03 -2.629837685767159178e-02
4.880000000000000000e+03 9.682897778839645309e-01 1.977564305587169169e-02 5.249846817339177095e-03 -2.626174335402004303e-02
4.881000000000000000e+03 9.672729171898433176e-01 1.974402725047461060e-02 5.245985136588092283e-03 -2.622503475642031304e-02
4.882000000000000000e+03 9.662608061983589680e-01 1.971255967424269395e-02 5.242124080442295969e-03 -2.618839820734222834e-02
4.883000000000000000e+03 9.652528066611245627e-01 1.968108771268222215e-02 5.238263737293621936e-03 -2.615175794301337689e-02
4.884000000000000000e+03 9.642475161863666155e-01 1.964972610626931210e-02 5.234404197505700823e-03 -2.611511240604524539e-02
4.885000000000000000e+03 9.632450042116936784e-01 1.961843353335735243e-02 5.230545552822712593e-03 -2.607853422290021955e-02
4.886000000000000000e+03 9.622431054298971054e-01 1.958720574706144732e-02 5.226687895558529938e-03 -2.604187304604187875e-02
4.887000000000000000e+03 9.612433701255366225e-01 1.955606071879046476e-02 5.222831318048669694e-03 -2.600527551415229496e-02
4.888000000000000000e+03 9.602429006225692287e-01 1.952497921259611219e-02 5.218975911923190436e-03 -2.596873952617852893e-02
4.889000000000000000e+03 9.592417871660774420e-01 1.949397907049415374e-02 5.215121767468117349e-03 -2.593218849979271948e-02
4.890000000000000000e+03 9.582394010998493972e-01 1.946304093157109547e-02 5.211268972938442288e-03 -2.589569419696381367e-02
4.891000000000000000e+03 9.572351447998661556e-01 1.943217509044135871e-02 5.207417613948431799e-03 -2.585925384893783194e-02
4.892000000000000000e+03 9.562284584457225733e-01 1.940138435946197823e-02 5.203567772939100833e-03 -2.582279013251317576e-02
4.893000000000000000e+03 9.552180835599336506e-01 1.937066407354465572e-02 5.199719528543935397e-03 -2.578637399758905782e-02
4.894000000000000000e+03 9.542042974259890009e-01 1.934001695217565583e-02 5.195872955159296959e-03 -2.575007607876394003e-02
4.895000000000000000e+03 9.531859471373311798e-01 1.930943082049315501e-02 5.192028122405778663e-03 -2.571374382469712727e-02
4.896000000000000000e+03 9.521634257485708241e-01 1.927892318595230900e-02 5.188185094806123561e-03 -2.567752146438159744e-02
4.897000000000000000e+03 9.511357051180397981e-01 1.924848924718891574e-02 5.184343931339404146e-03 -2.564133000624955333e-02
4.898000000000000000e+03 9.501025679238260802e-01 1.921811675839731753e-02 5.180504685213231479e-03 -2.560523864160287391e-02
4.899000000000000000e+03 9.490638676317872946e-01 1.918781575093539415e-02 5.176667403640965517e-03 -2.556924188229989930e-02
4.900000000000000000e+03 9.480195305610512602e-01 1.915758140021546138e-02 5.172832127652701381e-03 -2.553325955144433029e-02
4.901000000000000000e+03 9.469695564920479480e-01 1.912741627008524709e-02 5.168998891997706770e-03 -2.549735896533533372e-02
4.902000000000000000e+03 9.459140171039873701e-01 1.909731531639699206e-02 5.165167725165349666e-03 -2.546153009345971177e-02
4.903000000000000000e+03 9.448530578234051180e-01 1.906728833051120342e-02 5.161338649394977586e-03 -2.542576182651233932e-02
4.904000000000000000e+03 9.437868974973036007e-01 1.903731542845077396e-02 5.157511680809890274e-03 -2.539004264004537936e-02
4.905000000000000000e+03 9.427158265995810860e-01 1.900740648747933220e-02 5.153686829538473707e-03 -2.535436059909821141e-02
4.906000000000000000e+03 9.416394618514583037e-01 1.897756401392130740e-02 5.149864100106397655e-03 -2.531877764920111365e-02
4.907000000000000000e+03 9.405589714554826175e-01 1.894779058133806704e-02 5.146043491575305953e-03 -2.528328105966860806e-02
4.908000000000000000e+03 9.394740997908618274e-01 1.891806655487614924e-02 5.142224998037899647e-03 -2.524778343673441186e-02
4.909000000000000000e+03 9.383861341346856344e-01 1.888841695577868351e-02 5.138408608982274021e-03 -2.521234558978574514e-02
4.910000000000000000e+03 9.372949280950173545e-01 1.885882233019330750e-02 5.134594309796035316e-03 -2.517695369900153218e-02
4.911000000000000000e+03 9.362018671685082838e-01 1.882929304133278137e-02 5.130782082298443632e-03 -2.514166790323826145e-02
4.912000000000000000e+03 9.351068911209029499e-01 1.879981727926484728e-02 5.126971905309903564e-03 -2.510639947229242885e-02
4.913000000000000000e+03 9.340107157782472358e-01 1.877041306718124289e-02 5.123163755210599808e-03 -2.507113368230434736e-02
4.914000000000000000e+03 9.329140831122120225e-01 1.874106141341722737e-02 5.119357606598818645e-03 -2.503600412605153785e-02
4.915000000000000000e+03 9.318184967008912301e-01 1.871176574484190169e-02 5.115553432974265062e-03 -2.500084704027188964e-02
4.916000000000000000e+03 9.307232427947127462e-01 1.868252962778726989e-02 5.111751207356009415e-03 -2.496572131978606890e-02
4.917000000000000000e+03 9.296305824253078276e-01 1.865335677322271443e-02 5.107950903023519666e-03 -2.493061141429045793e-02
4.918000000000000000e+03 9.285398009249775653e-01 1.862423618463923680e-02 5.104152494081515105e-03 -2.489550164350476727e-02
4.919000000000000000e+03 9.274531428225200047e-01 1.859517930335380376e-02 5.100355956262060848e-03 -2.486045051270887457e-02
4.920000000000000000e+03 9.263698614738281600e-01 1.856617544132881104e-02 5.096561267502938523e-03 -2.482544217816807022e-02
4.921000000000000000e+03 9.252921542270143851e-01 1.853722892495790822e-02 5.092768408564022145e-03 -2.479038647950156452e-02
4.922000000000000000e+03 9.242192124783566998e-01 1.850834423937428377e-02 5.088977363743894117e-03 -2.475541610594900882e-02
4.923000000000000000e+03 9.231524145795547698e-01 1.847951117210227742e-02 5.085188121343632225e-03 -2.472044092666115730e-02
4.924000000000000000e+03 9.220930907920418251e-01 1.845074195406732828e-02 5.081400674291287542e-03 -2.468544515566356221e-02
4.925000000000000000e+03 9.210402887070617828e-01 1.842203411640568056e-02 5.077615020524529725e-03 -2.465041309766916391e-02
4.926000000000000000e+03 9.199952247093892144e-01 1.839338534461298566e-02 5.073831163550358153e-03 -2.461547774373628802e-02
4.927000000000000000e+03 9.189575648422340093e-01 1.836480090371446494e-02 5.070049112699504326e-03 -2.458047509664186558e-02
4.928000000000000000e+03 9.179291346613851488e-01 1.833627877728964337e-02 5.066268883589255222e-03 -2.454546418052733908e-02
4.929000000000000000e+03 9.169087157536974786e-01 1.830781709094324652e-02 5.062490498280647865e-03 -2.451050421325031911e-02
4.930000000000000000e+03 9.158964998347142172e-01 1.827941410660648483e-02 5.058713985427266101e-03 -2.447543177668095107e-02
4.931000000000000000e+03 9.148940865919460430e-01 1.825108307261660151e-02 5.054939380530178161e-03 -2.444045510318500550e-02
4.932000000000000000e+03 9.138992824628553446e-01 1.822281507489207850e-02 5.051166725878589170e-03 -2.440541125669075731e-02
4.933000000000000000e+03 9.129142712401370208e-01 1.819460874249814383e-02 5.047396070542866688e-03 -2.437036041410031370e-02
4.934000000000000000e+03 9.119374431112183821e-01 1.816647023927664070e-02 5.043627470262330124e-03 -2.433528874219341442e-02
4.935000000000000000e+03 9.109685955340235397e-01 1.813840582654025965e-02 5.039860987322948398e-03 -2.430025697282620772e-02
4.936000000000000000e+03 9.100081922303622228e-01 1.811040699711067431e-02 5.036096690236894872e-03 -2.426517755783373295e-02
4.937000000000000000e+03 9.090558801261081623e-01 1.808248760729909074e-02 5.032334653487457142e-03 -2.423003752237364375e-02
4.938000000000000000e+03 9.081104927201718580e-01 1.805463929682898233e-02 5.028574957131078452e-03 -2.419497274852545898e-02
4.939000000000000000e+03 9.071715398505008077e-01 1.802686119205392651e-02 5.024817686319709396e-03 -2.415989655524644272e-02
4.940000000000000000e+03 9.062399553129698582e-01 1.799915989558976623e-02 5.021062930838939529e-03 -2.412479682730422209e-02
4.941000000000000000e+03 9.053129024424947380e-01 1.797154204760053470e-02 5.017310784530829709e-03 -2.408966172435406117e-02
4.942000000000000000e+03 9.043919513148259703e-01 1.794399203043690189e-02 5.013561344657893951e-03 -2.405455395468224233e-02
4.943000000000000000e+03 9.034741712733584951e-01 1.791652395685454022e-02 5.009814711286973352e-03 -2.401953647973200517e-02
4.944000000000000000e+03 9.025603091291282132e-01 1.788913708992151408e-02 5.006070986590322076e-03 -2.398444964979854280e-02
4.945000000000000000e+03 9.016495967285558244e-01 1.786183069003453167e-02 5.002330274116314861e-03 -2.394935688931248280e-02
4.946000000000000000e+03 9.007405015260629977e-01 1.783460400557758396e-02 4.998592678071597621e-03 -2.391432182920338531e-02
4.947000000000000000e+03 8.998322202398615355e-01 1.780745626411580490e-02 4.994858302513519033e-03 -2.387925972128778981e-02
4.948000000000000000e+03 8.989246870067137962e-01 1.778038666404185494e-02 4.991127250613318009e-03 -2.384423455269057621e-02
4.949000000000000000e+03 8.980163531183049663e-01 1.775340179522173073e-02 4.987399623885673157e-03 -2.380923617475261614e-02
4.950000000000000000e+03 8.971071666079927232e-01 1.772650077525217069e-02 4.983675521436080856e-03 -2.377425456551223934e-02
4.951000000000000000e+03 8.961956073200144646e-01 1.769967531960665516e-02 4.979955039144280150e-03 -2.373935375976863466e-02
4.952000000000000000e+03 8.952809181469901789e-01 1.767293967851205419e-02 4.976238269065145180e-03 -2.370444798138775927e-02
4.953000000000000000e+03 8.943631180698642380e-01 1.764628583325964298e-02 4.972525298596015310e-03 -2.366959975158799967e-02
4.954000000000000000e+03 8.934407828553084796e-01 1.761971312938251377e-02 4.968816209938962079e-03 -2.363479734963658610e-02
4.955000000000000000e+03 8.925140234428300401e-01 1.759322827397011291e-02 4.965111079377959417e-03 -2.360002907595597568e-02
4.956000000000000000e+03 8.915815211822304409e-01 1.756682304872255601e-02 4.961409976770177720e-03 -2.356535751645372212e-02
4.957000000000000000e+03 8.906427623789633374e-01 1.754050402251593199e-02 4.957712965040354455e-03 -2.353069667385234917e-02
4.958000000000000000e+03 8.896980437339102599e-01 1.751427026652789543e-02 4.954020099714169165e-03 -2.349603480142244821e-02
4.959000000000000000e+03 8.887469914557182271e-01 1.748811335541414214e-02 4.950331428549805540e-03 -2.346150867133352247e-02
4.960000000000000000e+03 8.877893081704528733e-01 1.746204708291885024e-02 4.946646991204253947e-03 -2.342695786006190189e-02
4.961000000000000000e+03 8.868232905736975757e-01 1.743605546663944822e-02 4.942966818983705532e-03 -2.339250414843880438e-02
4.962000000000000000e+03 8.858510318098813396e-01 1.741015217893578798e-02 4.939290934753814109e-03 -2.335809095427185747e-02
4.963000000000000000e+03 8.848709948383695068e-01 1.738432112533776913e-02 4.935619352799183561e-03 -2.332372103239306257e-02
4.964000000000000000e+03 8.838832131573478579e-01 1.735856844906264601e-02 4.931952078813425268e-03 -2.328939704278975426e-02
4.965000000000000000e+03 8.828885479966764871e-01 1.733290025286279498e-02 4.928289110037504910e-03 -2.325512897636054788e-02
4.966000000000000000e+03 8.818872018212432495e-01 1.730730032183329381e-02 4.924630435333448263e-03 -2.322091186952186803e-02
4.967000000000000000e+03 8.808779738189607134e-01 1.728178213032896537e-02 4.920976035521946144e-03 -2.318674809143242768e-02
4.968000000000000000e+03 8.798627143966316622e-01 1.725632942450529630e-02 4.917325883604182178e-03 -2.315263249180587318e-02
4.969000000000000000e+03 8.788418648396889576e-01 1.723094823057818442e-02 4.913679945247832921e-03 -2.311857469288179992e-02
4.970000000000000000e+03 8.778151960303984813e-01 1.720563715198403926e-02 4.910038179147263246e-03 -2.308455452843048705e-02
4.971000000000000000e+03 8.767840320867825721e-01 1.718040223689883128e-02 4.906400537654100925e-03 -2.305059633881547873e-02
4.972000000000000000e+03 8.757490162876837569e-01 1.715522727628060462e-02 4.902766967245729933e-03 -2.301667984415191673e-02
4.973000000000000000e+03 8.747101048507078813e-01 1.713011838542016080e-02 4.899137409332545746e-03 -2.298280701509760118e-02
4.974000000000000000e+03 8.736687886222380683e-01 1.710507430247259347e-02 4.895511800822128189e-03 -2.294898723335871832e-02
4.975000000000000000e+03 8.726258572295347848e-01 1.708009382863987999e-02 4.891890074930223785e-03 -2.291521502571553306e-02
4.976000000000000000e+03 8.715821341150821189e-01 1.705517584008813675e-02 4.888272161934097138e-03 -2.288148494111193892e-02
4.977000000000000000e+03 8.705384683539731938e-01 1.703031187139687069e-02 4.884657989976235251e-03 -2.284779900065583499e-02
4.978000000000000000e+03 8.694949833339165046e-01 1.700550841213805189e-02 4.881047485925494624e-03 -2.281415186373468226e-02
4.979000000000000000e+03 8.684540393898956268e-01 1.698076463310992448e-02 4.877440576201018570e-03 -2.278053827986445054e-02
4.980000000000000000e+03 8.674150251197185746e-01 1.695606496885061418e-02 4.873837187595818875e-03 -2.274696796944199531e-02
4.981000000000000000e+03 8.663802911771425475e-01 1.693142369803296923e-02 4.870237248145489750e-03 -2.271342850644465783e-02
4.982000000000000000e+03 8.653491987450278033e-01 1.690683295471368669e-02 4.866640687975870919e-03 -2.267992248471626185e-02
4.983000000000000000e+03 8.643240534973412048e-01 1.688229245073347845e-02 4.863047440104971246e-03 -2.264644525709298001e-02
4.984000000000000000e+03 8.633048972511995212e-01 1.685779462727346467e-02 4.859457441178592976e-03 -2.261299238769555464e-02
4.985000000000000000e+03 8.622917282694748664e-01 1.683334694716143859e-02 4.855870632275796801e-03 -2.257955967505275580e-02
4.986000000000000000e+03 8.612874647815309537e-01 1.680894218786399899e-02 4.852286959584757066e-03 -2.254615060271820265e-02
4.987000000000000000e+03 8.602905092768236006e-01 1.678458816019821193e-02 4.848706375064838064e-03 -2.251276150372294449e-02
4.988000000000000000e+03 8.593029128706862751e-01 1.676027057082677199e-02 4.845128837029610315e-03 -2.247938900857450462e-02
4.989000000000000000e+03 8.583236835776892892e-01 1.673599759544902241e-02 4.841554310666683000e-03 -2.244603006349352170e-02
4.990000000000000000e+03 8.573554662874803833e-01 1.671177016726482084e-02 4.837982768516663722e-03 -2.241268937512314735e-02
4.991000000000000000e+03 8.563963667698148985e-01 1.668758940600223104e-02 4.834414190821083313e-03 -2.237937199667081045e-02
4.992000000000000000e+03 8.554481188320308682e-01 1.666344918891380505e-02 4.830848565857365738e-03 -2.234607591194679929e-02
4.993000000000000000e+03 8.545101384352927765e-01 1.663935843393878761e-02 4.827285890143481230e-03 -2.231281433064167749e-02
4.994000000000000000e+03 8.535832355277468420e-01 1.661531881143759465e-02 4.823726168586007536e-03 -2.227957112600904149e-02
4.995000000000000000e+03 8.526666412500378822e-01 1.659133216811784634e-02 4.820169414447609060e-03 -2.224636769559960175e-02
4.996000000000000000e+03 8.517602358935668638e-01 1.656738566441991536e-02 4.816615649443280189e-03 -2.221318868076516823e-02
4.997000000000000000e+03 8.508645492710931180e-01 1.654349633768325417e-02 4.813064903503425432e-03 -2.218004139405011302e-02
4.998000000000000000e+03 8.499785335002378872e-01 1.651965166706482677e-02 4.809517214562103460e-03 -2.214691124715777171e-02
4.999000000000000000e+03 8.491025365432071093e-01 1.649585413415514956e-02 4.805972628283534942e-03 -2.211380631668659336e-02
5.000000000000000000e+03 8.482353339598018849e-01 1.647210635570390408e-02 4.802431197652802346e-03 -2.208071276726452509e-02
